ror,legal_name,country_code,country_name,count,italian_institution,year_block,direction
https://ror.org/00013q465,Pontificia Universidad Católica del Perú,PE,Peru,220,SNS,2011-2015,outgoing
https://ror.org/0001fmy77,University of Macerata,IT,Italy,4,SNS,2011-2015,outgoing
https://ror.org/0001h1y25,Mary Lyon Centre at MRC Harwell,GB,United Kingdom,1,SNS,2011-2015,outgoing
https://ror.org/0001ke483,St George's Hospital,GB,United Kingdom,1,SNS,2011-2015,outgoing
https://ror.org/0003e4m70,Hull York Medical School,GB,United Kingdom,4,SNS,2011-2015,outgoing
https://ror.org/0003ege03,Centre de Recherches sur les Macromolécules Végétales,FR,France,3,SNS,2011-2015,outgoing
https://ror.org/0003en535,Quark Pharmaceuticals (United States),US,United States,1,SNS,2011-2015,outgoing
https://ror.org/0005w8d69,Università di Camerino,IT,Italy,400,SNS,2011-2015,outgoing
https://ror.org/0006swh35,First Affiliated Hospital of Xiamen University,CN,China,1,SNS,2011-2015,outgoing
https://ror.org/00088z429,Kobe Pharmaceutical University,JP,Japan,11,SNS,2011-2015,outgoing
https://ror.org/0008nva35,The Urology Center of Colorado,US,United States,1,SNS,2011-2015,outgoing
https://ror.org/0008s4w86,Piedmont Atlanta Hospital,US,United States,1,SNS,2011-2015,outgoing
https://ror.org/0008wzh48,Royal Marsden NHS Foundation Trust,GB,United Kingdom,6,SNS,2011-2015,outgoing
https://ror.org/0008xqs48,Institut d'Investigació Biomédica de Bellvitge,ES,Spain,10,SNS,2011-2015,outgoing
https://ror.org/0008zj958,JPT Peptide Technologies (Germany),DE,Germany,1,SNS,2011-2015,outgoing
https://ror.org/000917t60,Autonomous University of San Luis Potosí,MX,Mexico,2176,SNS,2011-2015,outgoing
https://ror.org/00097mb19,Japan Science and Technology Agency,JP,Japan,159,SNS,2011-2015,outgoing
https://ror.org/0009s9p66,BioMed Central (United Kingdom),GB,United Kingdom,1,SNS,2011-2015,outgoing
https://ror.org/0009wsb17,A N Bach Institute of Biochemistry,RU,Russia,1,SNS,2011-2015,outgoing
https://ror.org/000a2sx58,Centre for European Policy Studies,BE,Belgium,7,SNS,2011-2015,outgoing
https://ror.org/000axn811,Audencia Business School,FR,France,2,SNS,2011-2015,outgoing
https://ror.org/000bjk220,Public Higher Medical Professional School in Opole,PL,Poland,2,SNS,2011-2015,outgoing
https://ror.org/000bp7q73,Open Targets,GB,United Kingdom,1,SNS,2011-2015,outgoing
https://ror.org/000bxzc63,Max Planck Institute for Medical Research,DE,Germany,9,SNS,2011-2015,outgoing
https://ror.org/000cyem11,Donald Danforth Plant Science Center,US,United States,3,SNS,2011-2015,outgoing
https://ror.org/000cytz87,Weatherford (Switzerland),CH,Switzerland,1,SNS,2011-2015,outgoing
https://ror.org/000d5zy28,Institut de Chimie Radicalaire,FR,France,24,SNS,2011-2015,outgoing
https://ror.org/000ed3w25,St Vincent's Hospital Sydney,AU,Australia,11,SNS,2011-2015,outgoing
https://ror.org/000ehr937,Laboratoire de Météorologie Dynamique,FR,France,9,SNS,2011-2015,outgoing
https://ror.org/000fxgx19,SUNY Polytechnic Institute,US,United States,2,SNS,2011-2015,outgoing
https://ror.org/000h6jb29,Helmholtz Centre for Environmental Research,DE,Germany,5,SNS,2011-2015,outgoing
https://ror.org/000j1tr86,Qinghai University Affiliated Hospital,CN,China,1,SNS,2011-2015,outgoing
https://ror.org/000k1q888,Netherlands Institute for Radio Astronomy,NL,The Netherlands,387,SNS,2011-2015,outgoing
https://ror.org/000nbq540,State Key Laboratory of Surface Physics,CN,China,3,SNS,2011-2015,outgoing
https://ror.org/000nhpy59,Instituto de Neurociencias,ES,Spain,11,SNS,2011-2015,outgoing
https://ror.org/000ph9k36,Universitäts-Kinderklinik Würzburg,DE,Germany,12,SNS,2011-2015,outgoing
https://ror.org/000pvc513,Institut de Chimie de Nice,FR,France,2,SNS,2011-2015,outgoing
https://ror.org/000q4gm66,Instituto de Biocomputación y Física de Sistemas Complejos,ES,Spain,23,SNS,2011-2015,outgoing
https://ror.org/000qjjz95,Park Centre for Mental Health,AU,Australia,1,SNS,2011-2015,outgoing
https://ror.org/000qzf213,Korea University of Science and Technology,KR,South Korea,22,SNS,2011-2015,outgoing
https://ror.org/000rdbk18,Max Planck Institute for Empirical Aesthetics,DE,Germany,3,SNS,2011-2015,outgoing
https://ror.org/000rgm762,VA Connecticut Healthcare System,US,United States,2,SNS,2011-2015,outgoing
https://ror.org/000rr7w48,Research Institute for Fisheries and Aquaculture,HU,Hungary,1,SNS,2011-2015,outgoing
https://ror.org/000sfad56,Institute of Physics,PL,Poland,325,SNS,2011-2015,outgoing
https://ror.org/000sg7415,Centro Universitario del Sur,MX,Mexico,1,SNS,2011-2015,outgoing
https://ror.org/000t0f062,Education University of Hong Kong,CN,China,1,SNS,2011-2015,outgoing
https://ror.org/000w57b95,Institute of Public Health,AL,Albania,1,SNS,2011-2015,outgoing
https://ror.org/000wh6t45,Welsh Government,GB,United Kingdom,3,SNS,2011-2015,outgoing
https://ror.org/000xsnr85,University of the Basque Country,ES,Spain,628,SNS,2011-2015,outgoing
https://ror.org/000ywep40,NHS Tayside,GB,United Kingdom,3,SNS,2011-2015,outgoing
https://ror.org/000zhpw23,Institut de la Vision,FR,France,42,SNS,2011-2015,outgoing
https://ror.org/0010b6s72,Tianjin Agricultural University,CN,China,2,SNS,2011-2015,outgoing
https://ror.org/0010mjy66,Byurakan Astrophysical Observatory,AM,Armenia,10,SNS,2011-2015,outgoing
https://ror.org/0011qv509,University of Tennessee Health Science Center,US,United States,15,SNS,2011-2015,outgoing
https://ror.org/0013zhk30,Institute of Food Science,IT,Italy,7,SNS,2011-2015,outgoing
https://ror.org/0015qa126,International Centre for Theoretical Sciences,IN,India,98,SNS,2011-2015,outgoing
https://ror.org/0015ws592,Institut de génétique et de biologie moléculaire et cellulaire,FR,France,41,SNS,2011-2015,outgoing
https://ror.org/001695n52,Institut des Maladies Neurodégénératives,FR,France,23,SNS,2011-2015,outgoing
https://ror.org/001805t51,Royal Museum for Central Africa,BE,Belgium,1,SNS,2011-2015,outgoing
https://ror.org/00183pc12,Kharkiv Institute of Physics and Technology,UA,Ukraine,3836,SNS,2011-2015,outgoing
https://ror.org/0019bf448,University of Pittsburgh at Bradford,US,United States,343,SNS,2011-2015,outgoing
https://ror.org/0019x5d05,Institut de Biologie et de Chimie des Protéines,FR,France,5,SNS,2011-2015,outgoing
https://ror.org/001anga17,Université Bordeaux-I,FR,France,4,SNS,2011-2015,outgoing
https://ror.org/001aqnf71,UK Research and Innovation,GB,United Kingdom,5,SNS,2011-2015,outgoing
https://ror.org/001bvc968,Canadian Light Source (Canada),CA,Canada,3,SNS,2011-2015,outgoing
https://ror.org/001emy730,Embry-Riddle Aeronautical University Daytona Beach Florida Campus,US,United States,2,SNS,2011-2015,outgoing
https://ror.org/001et4e78,Hiroshima City University,JP,Japan,13,SNS,2011-2015,outgoing
https://ror.org/001g2fj96,American University of Sharjah,AE,United Arab Emirates,6,SNS,2011-2015,outgoing
https://ror.org/001ggbx22,National Institute of Infectious Diseases,JP,Japan,1,SNS,2011-2015,outgoing
https://ror.org/001ghdf98,Baldwin Wallace University,US,United States,1,SNS,2011-2015,outgoing
https://ror.org/001gmya32,John Carroll University,US,United States,1,SNS,2011-2015,outgoing
https://ror.org/001gpfp45,California Polytechnic State University,US,United States,241,SNS,2011-2015,outgoing
https://ror.org/001hv0k59,Toyota Technological Institute,JP,Japan,1,SNS,2011-2015,outgoing
https://ror.org/001hz7s79,Emory University School of Medicine,US,United States,8,SNS,2011-2015,outgoing
https://ror.org/001jx2139,Hospital Sant Joan de Déu Barcelona,ES,Spain,16,SNS,2011-2015,outgoing
https://ror.org/001kjn539,St Vincent's Hospital Melbourne,AU,Australia,4,SNS,2011-2015,outgoing
https://ror.org/001m1hv61,Grand Valley State University,US,United States,4,SNS,2011-2015,outgoing
https://ror.org/001m9wh67,Taiyo Yuden (Japan),JP,Japan,1,SNS,2011-2015,outgoing
https://ror.org/001n0zm21,Edinboro University,US,United States,1,SNS,2011-2015,outgoing
https://ror.org/001n36p86,Norwegian Meteorological Institute,NO,Norway,21,SNS,2011-2015,outgoing
https://ror.org/001n7ee52,Institut de Chimie des Milieux et des Matériaux de Poitiers,FR,France,3,SNS,2011-2015,outgoing
https://ror.org/001p3jz28,"Birla Institute of Technology and Science, Pilani",IN,India,3,SNS,2011-2015,outgoing
https://ror.org/001pe5g24,University of North Georgia,US,United States,1,SNS,2011-2015,outgoing
https://ror.org/001qst305,Kalamazoo College,US,United States,1,SNS,2011-2015,outgoing
https://ror.org/001r73k91,AMA Computer University,PH,Philippines,1,SNS,2011-2015,outgoing
https://ror.org/001rdaz60,Bavarian Academy of Sciences and Humanities,DE,Germany,11,SNS,2011-2015,outgoing
https://ror.org/001swhm52,Shimon Peres Negev Nuclear Research Center,IL,Israel,3,SNS,2011-2015,outgoing
https://ror.org/001tmjg57,University of Kansas,US,United States,2897,SNS,2011-2015,outgoing
https://ror.org/001w7jn25,Charité - Universitätsmedizin Berlin,DE,Germany,80,SNS,2011-2015,outgoing
https://ror.org/001wpa366,HIA du Val-de-Grâce à Paris,FR,France,1,SNS,2011-2015,outgoing
https://ror.org/001wtjx27,Tata Steel (India),IN,India,1,SNS,2011-2015,outgoing
https://ror.org/001xhss06,Directorate for Biological Sciences,US,United States,2,SNS,2011-2015,outgoing
https://ror.org/001xkv632,Southern Cross University,AU,Australia,3,SNS,2011-2015,outgoing
https://ror.org/001yc7927,Hyogo Medical University,JP,Japan,3,SNS,2011-2015,outgoing
https://ror.org/001ycj259,China Astronaut Research and Training Center,CN,China,3,SNS,2011-2015,outgoing
https://ror.org/001yedb91,Actelion (Switzerland),CH,Switzerland,1,SNS,2011-2015,outgoing
https://ror.org/00200ya62,National Ageing Research Institute,AU,Australia,2,SNS,2011-2015,outgoing
https://ror.org/0020snb74,École de Technologie Supérieure,CA,Canada,1,SNS,2011-2015,outgoing
https://ror.org/0020x6414,Hunter Medical Research Institute,AU,Australia,5,SNS,2011-2015,outgoing
https://ror.org/0021fvv57,ICTP South American Institute for Fundamental Research,BR,Brazil,89,SNS,2011-2015,outgoing
https://ror.org/00222yk13,Institut des Sciences Analytiques et de Physico-Chimie pour l'Environnement et les Matériaux,FR,France,7,SNS,2011-2015,outgoing
https://ror.org/0022nd079,Indian Institute of Technology Guwahati,IN,India,1130,SNS,2011-2015,outgoing
https://ror.org/0022qva30,Ponce Health Sciences University,US,United States,5,SNS,2011-2015,outgoing
https://ror.org/00235nr42,Universidade Federal de Itajubá,BR,Brazil,1,SNS,2011-2015,outgoing
https://ror.org/0023asr12,Singapore Science Park,SG,Singapore,1,SNS,2011-2015,outgoing
https://ror.org/00240q980,University of Padua,IT,Italy,7244,SNS,2011-2015,outgoing
https://ror.org/0025g8755,Luigi Sacco Hospital,IT,Italy,1,SNS,2011-2015,outgoing
https://ror.org/0025ww868,National Cancer Centre Japan,JP,Japan,4,SNS,2011-2015,outgoing
https://ror.org/00265c946,Public Health Wales,GB,United Kingdom,1,SNS,2011-2015,outgoing
https://ror.org/0026m8b31,Ospedale San Paolo,IT,Italy,3,SNS,2011-2015,outgoing
https://ror.org/0027d9x02,Suzhou Institute of Nano-tech and Nano-bionics,CN,China,11,SNS,2011-2015,outgoing
https://ror.org/0027frf26,Kaiser Permanente Washington Health Research Institute,US,United States,9,SNS,2011-2015,outgoing
https://ror.org/0028etb62,Calar Alto Observatory,ES,Spain,17,SNS,2011-2015,outgoing
https://ror.org/0028p8r67,Laboratoire Hubert Curien,FR,France,2,SNS,2011-2015,outgoing
https://ror.org/0028r9r35,Akureyri Hospital,IS,Iceland,2,SNS,2011-2015,outgoing
https://ror.org/0029n1t76,Southern Taiwan University of Science and Technology,TW,Taiwan,2,SNS,2011-2015,outgoing
https://ror.org/002a3ss66,Centro de Tecnologias Estratégicas do Nordeste,BR,Brazil,1,SNS,2011-2015,outgoing
https://ror.org/002b5je16,Centro de Estudos Florestais,PT,Portugal,1,SNS,2011-2015,outgoing
https://ror.org/002b7nr53,Dalian Maritime University,CN,China,1,SNS,2011-2015,outgoing
https://ror.org/002c9p632,Institut für Geschichtliche Landeskunde Rheinland-Pfalz e.V.,DE,Germany,1454,SNS,2011-2015,outgoing
https://ror.org/002cp4060,Assistance Publique Hôpitaux de Marseille,FR,France,12,SNS,2011-2015,outgoing
https://ror.org/002g3cb31,Queen Margaret University,GB,United Kingdom,3,SNS,2011-2015,outgoing
https://ror.org/002ghjd91,National Institute of Materials Physics,RO,Romania,13,SNS,2011-2015,outgoing
https://ror.org/002h8g185,University of Bath,GB,United Kingdom,307,SNS,2011-2015,outgoing
https://ror.org/002hc6y19,Osservatorio astronomico di Bologna,IT,Italy,32,SNS,2011-2015,outgoing
https://ror.org/002hsbm82,Tufts Medical Center,US,United States,4,SNS,2011-2015,outgoing
https://ror.org/002jdaq33,Division of Molecular & Cellular Biosciences,US,United States,2,SNS,2011-2015,outgoing
https://ror.org/002jq3415,Mercator Research Institute on Global Commons and Climate Change,DE,Germany,3,SNS,2011-2015,outgoing
https://ror.org/002jy7w74,Zhejiang Research Institute of Chemical Industry,CN,China,1,SNS,2011-2015,outgoing
https://ror.org/002kje223,iThemba Laboratory,ZA,South Africa,1,SNS,2011-2015,outgoing
https://ror.org/002ksg449,Mary Crowley Cancer Research Center,US,United States,1,SNS,2011-2015,outgoing
https://ror.org/002n09z45,SIB Swiss Institute of Bioinformatics,CH,Switzerland,44,SNS,2011-2015,outgoing
https://ror.org/002pa9318,East Lancashire Hospitals NHS Trust,GB,United Kingdom,1,SNS,2011-2015,outgoing
https://ror.org/002pd6e78,Massachusetts General Hospital,US,United States,200,SNS,2011-2015,outgoing
https://ror.org/002rjbv21,Université du Québec à Montréal,CA,Canada,36,SNS,2011-2015,outgoing
https://ror.org/002rw7y37,Aoyama Gakuin University,JP,Japan,12,SNS,2011-2015,outgoing
https://ror.org/002shna07,OHSU Knight Cancer Institute,US,United States,3,SNS,2011-2015,outgoing
https://ror.org/002smyt64,Instituto de Síntesis Química y Catálisis Homogénea,ES,Spain,8,SNS,2011-2015,outgoing
https://ror.org/002t25c44,Université Paris 1 Panthéon-Sorbonne,FR,France,30,SNS,2011-2015,outgoing
https://ror.org/002tx1f22,Cleveland State University,US,United States,2,SNS,2011-2015,outgoing
https://ror.org/002v2kq79,Universidade Tecnológica Federal do Paraná,BR,Brazil,2,SNS,2011-2015,outgoing
https://ror.org/002v40q27,Institut des Neurosciences Paris-Saclay,FR,France,16,SNS,2011-2015,outgoing
https://ror.org/002w4zy91,University of West Florida,US,United States,1,SNS,2011-2015,outgoing
https://ror.org/002wydw38,St. Luke's International Hospital,JP,Japan,1,SNS,2011-2015,outgoing
https://ror.org/002x06r10,Agios Pharmaceuticals (United States),US,United States,3,SNS,2011-2015,outgoing
https://ror.org/002x1sg85,Research Institute Hospital 12 de Octubre,ES,Spain,5,SNS,2011-2015,outgoing
https://ror.org/002xn4752,Western Oregon University,US,United States,1,SNS,2011-2015,outgoing
https://ror.org/002xnzp34,Rostov State Transport University,RU,Russia,1,SNS,2011-2015,outgoing
https://ror.org/002ygss10,Utica College,US,United States,1,SNS,2011-2015,outgoing
https://ror.org/002yp7f20,Thammasat University,TH,Thailand,8,SNS,2011-2015,outgoing
https://ror.org/002yzpx87,BASF (United States),US,United States,5,SNS,2011-2015,outgoing
https://ror.org/002zef647,"Instituto de Óptica ""Daza de Valdés""",ES,Spain,10,SNS,2011-2015,outgoing
https://ror.org/002zrf773,Qualcomm (United States),US,United States,1,SNS,2011-2015,outgoing
https://ror.org/0030f2a11,Universitätsklinikum Erlangen,DE,Germany,19,SNS,2011-2015,outgoing
https://ror.org/003109y17,University of Cagliari,IT,Italy,4110,SNS,2011-2015,outgoing
https://ror.org/00319zh75,Advanced Light Source,US,United States,8,SNS,2011-2015,outgoing
https://ror.org/0031nsg68,Hankyong National University,KR,South Korea,1,SNS,2011-2015,outgoing
https://ror.org/0031wrj91,European University Institute,IT,Italy,180,SNS,2011-2015,outgoing
https://ror.org/0032jvj22,Regenerative NanoMedicine,FR,France,1,SNS,2011-2015,outgoing
https://ror.org/0032sc770,Laboratoire de Biophotonique et Pharmacologie,FR,France,5,SNS,2011-2015,outgoing
https://ror.org/0032wgp28,Islamic Azad University Sari Branch,IR,Iran,1,SNS,2011-2015,outgoing
https://ror.org/0033hxy10,Vaisala (United States),US,United States,1,SNS,2011-2015,outgoing
https://ror.org/0033vhx30,Université Paris-Seine,FR,France,6,SNS,2011-2015,outgoing
https://ror.org/00340yn33,Keele University,GB,United Kingdom,121,SNS,2011-2015,outgoing
https://ror.org/003412r28,Centre de Recherche en Cancérologie de Toulouse,FR,France,4,SNS,2011-2015,outgoing
https://ror.org/0034eay46,Texas A&M University System,US,United States,133,SNS,2011-2015,outgoing
https://ror.org/0034eez47,Utkal University,IN,India,48,SNS,2011-2015,outgoing
https://ror.org/0036ate90,Nuffield Orthopaedic Centre,GB,United Kingdom,1,SNS,2011-2015,outgoing
https://ror.org/0036p5w23,Indian Institute of Technology Gandhinagar,IN,India,127,SNS,2011-2015,outgoing
https://ror.org/0036rpn28,Michigan Technological University,US,United States,16,SNS,2011-2015,outgoing
https://ror.org/00372qc85,National Institute of Biomedical Imaging and Bioengineering,US,United States,4,SNS,2011-2015,outgoing
https://ror.org/00390t168,College of Charleston,US,United States,18,SNS,2011-2015,outgoing
https://ror.org/0039d5757,Universidade Federal de Goiás,BR,Brazil,6,SNS,2011-2015,outgoing
https://ror.org/003bsdh42,Binnig and Rohrer Nanotechnology Center,CH,Switzerland,1,SNS,2011-2015,outgoing
https://ror.org/003ckn545,Laboratoire d'Économie Mathématique et de Microéconomie Appliquée,FR,France,1,SNS,2011-2015,outgoing
https://ror.org/003d3xx08,University of Almería,ES,Spain,2,SNS,2011-2015,outgoing
https://ror.org/003dfhs04,Institut de Physique Nucléaire d’Orsay,FR,France,972,SNS,2011-2015,outgoing
https://ror.org/003dqcp70,Fujirebio (Belgium),BE,Belgium,1,SNS,2011-2015,outgoing
https://ror.org/003f21n80,Institute of Geosciences,AL,Albania,1,SNS,2011-2015,outgoing
https://ror.org/003fvp964,Institute of Computer Science,PL,Poland,8,SNS,2011-2015,outgoing
https://ror.org/003g0xf19,VA New Jersey Health Care System,US,United States,1,SNS,2011-2015,outgoing
https://ror.org/003g1aw90,Centre de Recherche en Cancérologie et Immunologie Intégrée Nantes Angers,FR,France,1,SNS,2011-2015,outgoing
https://ror.org/003gx4r22,University of Georgia Press,US,United States,84,SNS,2011-2015,outgoing
https://ror.org/003hb2249,Health Research Board,IE,Ireland,1,SNS,2011-2015,outgoing
https://ror.org/003j5cv40,Haskins Laboratories,US,United States,2,SNS,2011-2015,outgoing
https://ror.org/003n8re58,Shanghai Astronomical Observatory,CN,China,95,SNS,2011-2015,outgoing
https://ror.org/003nvpm64,Christchurch Hospital,NZ,New Zealand,1,SNS,2011-2015,outgoing
https://ror.org/003pb1s55,South West London and St George's Mental Health NHS Trust,GB,United Kingdom,1,SNS,2011-2015,outgoing
https://ror.org/003qdfg20,Soka University,JP,Japan,3923,SNS,2011-2015,outgoing
https://ror.org/003qeh975,Chinese Academy of Tropical Agricultural Sciences,CN,China,2,SNS,2011-2015,outgoing
https://ror.org/003qhrc72,Unité de Nutrition Humaine,FR,France,3,SNS,2011-2015,outgoing
https://ror.org/003qt4p19,Universidade Federal do Pampa,BR,Brazil,5,SNS,2011-2015,outgoing
https://ror.org/003rfsp33,Nationwide Children's Hospital,US,United States,13,SNS,2011-2015,outgoing
https://ror.org/003s89n44,MacEwan University,CA,Canada,1,SNS,2011-2015,outgoing
https://ror.org/003sav189,Oldenburger Institut für Informatik,DE,Germany,1,SNS,2011-2015,outgoing
https://ror.org/003sav965,Tianjin Medical University General Hospital,CN,China,1,SNS,2011-2015,outgoing
https://ror.org/003shpf72,Institute of Public Health Bengaluru,IN,India,1,SNS,2011-2015,outgoing
https://ror.org/003smky23,Sanford Health,US,United States,1,SNS,2011-2015,outgoing
https://ror.org/003tmp461,Schiller International University,FR,France,22,SNS,2011-2015,outgoing
https://ror.org/003v3fz65,Centro de Astropartículas y Física de Altas Energías,ES,Spain,10,SNS,2011-2015,outgoing
https://ror.org/003v6nj12,State Key Laboratory of Environmental Chemistry and Ecotoxicology,CN,China,5,SNS,2011-2015,outgoing
https://ror.org/003vet424,Centro Científico Tecnológico - Santa Fe,AR,Argentina,2,SNS,2011-2015,outgoing
https://ror.org/003vg9w96,"Institut National de Recherche pour l'Agriculture, l'Alimentation et l'Environnement",FR,France,505,SNS,2011-2015,outgoing
https://ror.org/003xyzq10,Henan University,CN,China,6,SNS,2011-2015,outgoing
https://ror.org/003y0kg83,Centre de Gestion Scientifique,FR,France,1,SNS,2011-2015,outgoing
https://ror.org/003zecf96,Hospital Universitario San Agustín,ES,Spain,1,SNS,2011-2015,outgoing
https://ror.org/0040axw97,Yunnan University,CN,China,6,SNS,2011-2015,outgoing
https://ror.org/0040r6f76,Victoria University of Wellington,NZ,New Zealand,196,SNS,2011-2015,outgoing
https://ror.org/0040zx077,Research Institute for Geo-Hydrological Protection,IT,Italy,1,SNS,2011-2015,outgoing
https://ror.org/00412ts95,Children's Hospital of Los Angeles,US,United States,15,SNS,2011-2015,outgoing
https://ror.org/00414dg76,Rady Children's Hospital-San Diego,US,United States,1,SNS,2011-2015,outgoing
https://ror.org/0041qmd21,SUNY Downstate Health Sciences University,US,United States,7,SNS,2011-2015,outgoing
https://ror.org/0042e5975,Istituto Nanoscienze,IT,Italy,1433,SNS,2011-2015,outgoing
https://ror.org/0043h8f16,University of South Dakota,US,United States,48,SNS,2011-2015,outgoing
https://ror.org/00445hv47,Yulin Normal University,CN,China,1,SNS,2011-2015,outgoing
https://ror.org/00453a208,City University of New York,US,United States,244,SNS,2011-2015,outgoing
https://ror.org/0045x2741,Agency for Toxic Substances and Disease Registry,US,United States,1,SNS,2011-2015,outgoing
https://ror.org/0046gcs23,Max Planck Institute for Infection Biology,DE,Germany,4,SNS,2011-2015,outgoing
https://ror.org/0046mja08,An-Najah National University,PS,Palestine,1,SNS,2011-2015,outgoing
https://ror.org/0046r4y62,Complete Genomics (United States),US,United States,3,SNS,2011-2015,outgoing
https://ror.org/0046rz373,Institute of Experimental Physics of the Slovak Academy of Sciences,SK,Slovakia,2067,SNS,2011-2015,outgoing
https://ror.org/0048j1p96,Janssen (France),FR,France,1,SNS,2011-2015,outgoing
https://ror.org/0048jxt15,Veneto Institute of Molecular Medicine,IT,Italy,13,SNS,2011-2015,outgoing
https://ror.org/0049erg63,Kookmin University,KR,South Korea,5,SNS,2011-2015,outgoing
https://ror.org/004a2wv92,National Institute of Dental and Craniofacial Research,US,United States,16,SNS,2011-2015,outgoing
https://ror.org/004b7qy98,Friends of the National Library of Medicine,US,United States,9,SNS,2011-2015,outgoing
https://ror.org/004dan487,Centre Hospitalier Universitaire de La Réunion,FR,France,2,SNS,2011-2015,outgoing
https://ror.org/004fa0x02,University of Bamberg Press,DE,Germany,9,SNS,2011-2015,outgoing
https://ror.org/004fze387,Scuola Internazionale Superiore di Studi Avanzati,IT,Italy,1299,SNS,2011-2015,outgoing
https://ror.org/004gfgx38,Eszterhazy Karoly Catholic University,HU,Hungary,2,SNS,2011-2015,outgoing
https://ror.org/004gzqz66,Institut de physique du globe de Paris,FR,France,4,SNS,2011-2015,outgoing
https://ror.org/004kyan19,Maricopa County Community College District,US,United States,1,SNS,2011-2015,outgoing
https://ror.org/004majf41,Hobart and William Smith Colleges,US,United States,170,SNS,2011-2015,outgoing
https://ror.org/004mbaj56,Yarmouk University,JO,Jordan,501,SNS,2011-2015,outgoing
https://ror.org/004n2nr09,Fraunhofer Institute for Physical Measurement Techniques,DE,Germany,4,SNS,2011-2015,outgoing
https://ror.org/004nnf780,Hôpital Louis-Mourier,FR,France,1,SNS,2011-2015,outgoing
https://ror.org/004pc5924,ITM University,IN,India,1,SNS,2011-2015,outgoing
https://ror.org/004qj2391,Hospital General De Segovia,ES,Spain,1,SNS,2011-2015,outgoing
https://ror.org/004r2j822,RIKEN Center for Developmental Biology,JP,Japan,2,SNS,2011-2015,outgoing
https://ror.org/004r9h172,University College Copenhagen,DK,Denmark,4,SNS,2011-2015,outgoing
https://ror.org/004raaa70,Université Fédérale de Toulouse Midi-Pyrénées,FR,France,659,SNS,2011-2015,outgoing
https://ror.org/004rbbw49,Hebei Normal University,CN,China,6,SNS,2011-2015,outgoing
https://ror.org/004rej139,Centre National de Recherches Météorologiques,FR,France,1,SNS,2011-2015,outgoing
https://ror.org/004rs4477,Masonic Medical Research Laboratory,US,United States,1,SNS,2011-2015,outgoing
https://ror.org/004rtk039,Japan Agency for Medical Research and Development,JP,Japan,6,SNS,2011-2015,outgoing
https://ror.org/004srrf86,Abilene Christian University,US,United States,171,SNS,2011-2015,outgoing
https://ror.org/004srxn73,Shanghai Institute for Science of Science,CN,China,1,SNS,2011-2015,outgoing
https://ror.org/004swtw80,Instituto de Catálisis y Petroleoquímica,ES,Spain,5,SNS,2011-2015,outgoing
https://ror.org/004vn8r55,Centro Médico Nacional La Raza,MX,Mexico,1,SNS,2011-2015,outgoing
https://ror.org/004wefe19,Centre de RMN à Très Hauts Champs de Lyon,FR,France,1,SNS,2011-2015,outgoing
https://ror.org/004y8wk30,QIMR Berghofer Medical Research Institute,AU,Australia,15,SNS,2011-2015,outgoing
https://ror.org/004yvak38,Équipe de Recherche sur les Relations Matrice Extracellulaire-Cellules,FR,France,1,SNS,2011-2015,outgoing
https://ror.org/004yvsb77,Centre National de Recherche en Génomique Humaine,FR,France,1,SNS,2011-2015,outgoing
https://ror.org/004zpe866,Beltsville Human Nutrition Research Center,US,United States,2,SNS,2011-2015,outgoing
https://ror.org/0050vmv35,German Institute for Economic Research,DE,Germany,5,SNS,2011-2015,outgoing
https://ror.org/0051xhq65,Chinese Academy of Science South America Center for Astronomy,CL,Chile,7,SNS,2011-2015,outgoing
https://ror.org/00520ey40,Institute of Numerical Mathematics,RU,Russia,3,SNS,2011-2015,outgoing
https://ror.org/00520ze08,South Carolina State University,US,United States,29,SNS,2011-2015,outgoing
https://ror.org/0052svj16,Abbott (United States),US,United States,1,SNS,2011-2015,outgoing
https://ror.org/0053ctp29,Ospedale Maggiore,IT,Italy,3,SNS,2011-2015,outgoing
https://ror.org/0053n5071,West Chester University,US,United States,5,SNS,2011-2015,outgoing
https://ror.org/005535379,Blanchette Rockefeller Neurosciences Institute,US,United States,1,SNS,2011-2015,outgoing
https://ror.org/00560h931,Tio Business School,NL,The Netherlands,4,SNS,2011-2015,outgoing
https://ror.org/0056pyw12,Shanghai University of Sport,CN,China,1,SNS,2011-2015,outgoing
https://ror.org/005781934,Baylor University,US,United States,3324,SNS,2011-2015,outgoing
https://ror.org/0057ax056,King Mongkut's University of Technology Thonburi,TH,Thailand,1,SNS,2011-2015,outgoing
https://ror.org/00582g326,Indian Institute of Technology Roorkee,IN,India,9,SNS,2011-2015,outgoing
https://ror.org/0058wy590,Universidade Católica de Brasília,BR,Brazil,1,SNS,2011-2015,outgoing
https://ror.org/0059hys23,Hôpital Farhat Hached,TN,Tunisia,1,SNS,2011-2015,outgoing
https://ror.org/005bk2339,Max Planck Institute for Solid State Research,DE,Germany,43,SNS,2011-2015,outgoing
https://ror.org/005bvs909,The Royal Melbourne Hospital,AU,Australia,9,SNS,2011-2015,outgoing
https://ror.org/005cybj21,Valongo Observatory,BR,Brazil,94,SNS,2011-2015,outgoing
https://ror.org/005dkht93,Instituto de Biologia Molecular e Celular,PT,Portugal,15,SNS,2011-2015,outgoing
https://ror.org/005dvqh91,NYU Langone Health,US,United States,31,SNS,2011-2015,outgoing
https://ror.org/005e8tf31,Centro de Desenvolvimento da Tecnologia Nuclear,BR,Brazil,3,SNS,2011-2015,outgoing
https://ror.org/005edt527,Capital Normal University,CN,China,7,SNS,2011-2015,outgoing
https://ror.org/005f5hv41,"California State University, Northridge",US,United States,4,SNS,2011-2015,outgoing
https://ror.org/005h6qd35,Government Medical College,IN,India,4,SNS,2011-2015,outgoing
https://ror.org/005k7hp45,Medical University of Silesia,PL,Poland,8,SNS,2011-2015,outgoing
https://ror.org/005kw6t15,Infineon Technologies (Germany),DE,Germany,2,SNS,2011-2015,outgoing
https://ror.org/005n3yy14,Institute of Physics and Technology,RU,Russia,14,SNS,2011-2015,outgoing
https://ror.org/005nteb15,Gachon University Gil Medical Center,KR,South Korea,1,SNS,2011-2015,outgoing
https://ror.org/005p9kw61,New Mexico Institute of Mining and Technology,US,United States,113,SNS,2011-2015,outgoing
https://ror.org/005qv5373,Wakayama Medical University,JP,Japan,1,SNS,2011-2015,outgoing
https://ror.org/005r3tp02,South African National Biodiversity Institute,ZA,South Africa,1,SNS,2011-2015,outgoing
https://ror.org/005rpmt10,Korea Institute of Oriental Medicine,KR,South Korea,1,SNS,2011-2015,outgoing
https://ror.org/005ta0471,Istituto Nazionale di Fisica Nucleare,IT,Italy,4857,SNS,2011-2015,outgoing
https://ror.org/005teat46,Institut de Recerca Sant Pau,ES,Spain,4,SNS,2011-2015,outgoing
https://ror.org/005tx0y19,Research Institute of Industrial Science and Technology,KR,South Korea,1,SNS,2011-2015,outgoing
https://ror.org/005w8dd04,IBM Research - Almaden,US,United States,8,SNS,2011-2015,outgoing
https://ror.org/005w9jb47,Lawrence University,US,United States,1,SNS,2011-2015,outgoing
https://ror.org/005x56091,Tezpur University,IN,India,2,SNS,2011-2015,outgoing
https://ror.org/005x9g035,Colorado School of Public Health,US,United States,2,SNS,2011-2015,outgoing
https://ror.org/005xgxx88,World Health Organization - Morocco,MA,Morocco,1,SNS,2011-2015,outgoing
https://ror.org/005y2ap84,Office National d'Études et de Recherches Aérospatiales,FR,France,1,SNS,2011-2015,outgoing
https://ror.org/005ypkf75,University of Reunion Island,FR,France,62,SNS,2011-2015,outgoing
https://ror.org/005ywxj74,Yobe State University,NG,Nigeria,1,SNS,2011-2015,outgoing
https://ror.org/005zah758,Southern Nazarene University,US,United States,3,SNS,2011-2015,outgoing
https://ror.org/005zfy155,Kayseri Üniversitesi,TR,Turkey,4,SNS,2011-2015,outgoing
https://ror.org/0060avh92,Sutter Health,US,United States,3,SNS,2011-2015,outgoing
https://ror.org/0060pja03,Institute for Chemistry and Biology of the Marine Environment,DE,Germany,12,SNS,2011-2015,outgoing
https://ror.org/0060t0j89,United States National Library of Medicine,US,United States,25,SNS,2011-2015,outgoing
https://ror.org/0060wre92,Troitsk Institute for Innovation and Fusion Research,RU,Russia,2,SNS,2011-2015,outgoing
https://ror.org/0060x3y55,Rutgers Cancer Institute,US,United States,10,SNS,2011-2015,outgoing
https://ror.org/00613ak93,University of Wuppertal,DE,Germany,1855,SNS,2011-2015,outgoing
https://ror.org/0061msm67,Max Planck Digital Library,DE,Germany,28,SNS,2011-2015,outgoing
https://ror.org/0061s4v88,BioCruces Health research Institute,ES,Spain,1,SNS,2011-2015,outgoing
https://ror.org/0061x0487,University System of New Hampshire,US,United States,1,SNS,2011-2015,outgoing
https://ror.org/0062dz060,Norwich Research Park,GB,United Kingdom,16,SNS,2011-2015,outgoing
https://ror.org/0064kty71,Sun Yat-sen University,CN,China,673,SNS,2011-2015,outgoing
https://ror.org/0064zg438,Izaak Walton Killam Health Centre,CA,Canada,5,SNS,2011-2015,outgoing
https://ror.org/0066fxv63,British University in Egypt,EG,Egypt,558,SNS,2011-2015,outgoing
https://ror.org/0066qbn28,Inter-University Accelerator Centre,IN,India,3,SNS,2011-2015,outgoing
https://ror.org/00671me87,Max Planck Institute for Psycholinguistics,NL,The Netherlands,3,SNS,2011-2015,outgoing
https://ror.org/00675rp98,Centre National pour la Recherche Scientifique et Technique (CNRST),MA,Morocco,40,SNS,2011-2015,outgoing
https://ror.org/00681ts17,German Institute for Global and Area Studies,DE,Germany,1,SNS,2011-2015,outgoing
https://ror.org/0068m0j38,Cancer Research UK Cambridge Center,GB,United Kingdom,11,SNS,2011-2015,outgoing
https://ror.org/0068n3903,Guangzhou Xinhua University,CN,China,3,SNS,2011-2015,outgoing
https://ror.org/0068r0y33,University of Wisconsin–Eau Claire – Barron County,US,United States,9,SNS,2011-2015,outgoing
https://ror.org/0068xq694,Hospital of Southern Norway,NO,Norway,1,SNS,2011-2015,outgoing
https://ror.org/0068yc133,RainDance Technologies (United States),US,United States,2,SNS,2011-2015,outgoing
https://ror.org/0068yvd12,Center for Global Development,US,United States,2,SNS,2011-2015,outgoing
https://ror.org/0069bkg23,Lithuanian University of Health Sciences,LT,Lithuania,3,SNS,2011-2015,outgoing
https://ror.org/0069kqw53,Environmental Research Institute of Michigan,US,United States,4,SNS,2011-2015,outgoing
https://ror.org/006a4jj40,Mount Stromlo Observatory,AU,Australia,419,SNS,2011-2015,outgoing
https://ror.org/006a7pj43,Centre hospitalier universitaire de Québec,CA,Canada,1,SNS,2011-2015,outgoing
https://ror.org/006ae1882,Institute of Polymers,BG,Bulgaria,1,SNS,2011-2015,outgoing
https://ror.org/006ak0b38,Quanzhou Normal University,CN,China,1,SNS,2011-2015,outgoing
https://ror.org/006bvjm48,Hengyang Normal University,CN,China,2,SNS,2011-2015,outgoing
https://ror.org/006bxqs05,Institute of Astrophysics and Space Sciences,PT,Portugal,68,SNS,2011-2015,outgoing
https://ror.org/006dmc180,Joint Institute for VLBI ERIC,NL,The Netherlands,1,SNS,2011-2015,outgoing
https://ror.org/006e5kg04,Vrije Universiteit Brussel,BE,Belgium,2474,SNS,2011-2015,outgoing
https://ror.org/006evg656,Hôpital de la Croix-Rousse,FR,France,3,SNS,2011-2015,outgoing
https://ror.org/006f2dx14,(ISC)²,US,United States,18,SNS,2011-2015,outgoing
https://ror.org/006gksa02,Universidad de Oviedo,ES,Spain,2804,SNS,2011-2015,outgoing
https://ror.org/006hf6230,University of Twente,NL,The Netherlands,163,SNS,2011-2015,outgoing
https://ror.org/006jb1a24,Bangor University,GB,United Kingdom,5,SNS,2011-2015,outgoing
https://ror.org/006je8v76,Institut de Biochimie et Biophysique Moléculaire et Cellulaire,FR,France,3,SNS,2011-2015,outgoing
https://ror.org/006jjmw19,University of Colorado Hospital,US,United States,1,SNS,2011-2015,outgoing
https://ror.org/006jxzx88,Bond University,AU,Australia,2,SNS,2011-2015,outgoing
https://ror.org/006k2kk72,Düsseldorf University Hospital,DE,Germany,11,SNS,2011-2015,outgoing
https://ror.org/006kxhp52,United Nations,US,United States,1,SNS,2011-2015,outgoing
https://ror.org/006m4q736,Azerbaijan National Academy of Sciences,AZ,Azerbaijan,1448,SNS,2011-2015,outgoing
https://ror.org/006nc8n95,Universidade Presbiteriana Mackenzie,BR,Brazil,1,SNS,2011-2015,outgoing
https://ror.org/006pq9r08,Centro Cardiologico Monzino,IT,Italy,3,SNS,2011-2015,outgoing
https://ror.org/006pshn89,Seojeong University,KR,South Korea,1,SNS,2011-2015,outgoing
https://ror.org/006pyvd89,Arkansas State University,US,United States,66,SNS,2011-2015,outgoing
https://ror.org/006qkqr45,Institute for Coastal Marine Environment,IT,Italy,4,SNS,2011-2015,outgoing
https://ror.org/006shqv80,Centre d'Économie de la Sorbonne,FR,France,14,SNS,2011-2015,outgoing
https://ror.org/006teas31,Shanghai University,CN,China,119,SNS,2011-2015,outgoing
https://ror.org/006thab72,MSH Medical School Hamburg – University of Applied Sciences and Medical University,DE,Germany,2,SNS,2011-2015,outgoing
https://ror.org/006v7bf86,Harvard University Press,US,United States,7313,SNS,2011-2015,outgoing
https://ror.org/006vxbq87,HUN-REN Institute for Nuclear Research,HU,Hungary,1573,SNS,2011-2015,outgoing
https://ror.org/006vyay97,Lions Eye Institute,AU,Australia,2,SNS,2011-2015,outgoing
https://ror.org/006w34k90,Howard Hughes Medical Institute,US,United States,457,SNS,2011-2015,outgoing
https://ror.org/006x48140,Istituto di Ricovero e Cura a Carattere Scientifico San Raffaele,IT,Italy,11,SNS,2011-2015,outgoing
https://ror.org/006x4sc24,Gdańsk University of Technology,PL,Poland,13,SNS,2011-2015,outgoing
https://ror.org/006xbp572,College of Law,LV,Latvia,1,SNS,2011-2015,outgoing
https://ror.org/006yspz11,Hôpital Femme Mère Enfant,FR,France,6,SNS,2011-2015,outgoing
https://ror.org/006z80t96,Trinity Health,US,United States,3,SNS,2011-2015,outgoing
https://ror.org/006zn3t30,National Institute of Arthritis and Musculoskeletal and Skin Diseases,US,United States,3,SNS,2011-2015,outgoing
https://ror.org/00708jp83,International Hellenic University,GR,Greece,1,SNS,2011-2015,outgoing
https://ror.org/00726et14,West China Second University Hospital of Sichuan University,CN,China,1,SNS,2011-2015,outgoing
https://ror.org/0072zz521,University of Massachusetts Amherst,US,United States,2781,SNS,2011-2015,outgoing
https://ror.org/0073twa91,Interdisciplinary Scientific Center J.-V. Poncelet,RU,Russia,1,SNS,2011-2015,outgoing
https://ror.org/0074grg94,Pomona College,US,United States,3,SNS,2011-2015,outgoing
https://ror.org/0075gfd51,Universidad Loyola Andalucía,ES,Spain,8,SNS,2011-2015,outgoing
https://ror.org/0076kfe04,University of Chicago Medical Center,US,United States,2,SNS,2011-2015,outgoing
https://ror.org/0077k1j32,Malaviya National Institute of Technology Jaipur,IN,India,1,SNS,2011-2015,outgoing
https://ror.org/0078bd381,University College London Qatar,QA,Qatar,119,SNS,2011-2015,outgoing
https://ror.org/0078xmk34,University of Montana,US,United States,40,SNS,2011-2015,outgoing
https://ror.org/0079jgp14,College of Europe,BE,Belgium,1,SNS,2011-2015,outgoing
https://ror.org/0079jjr10,Max Planck Institute for Physics,DE,Germany,1827,SNS,2011-2015,outgoing
https://ror.org/007c88108,Tokyo Institute of Psychiatry,JP,Japan,4,SNS,2011-2015,outgoing
https://ror.org/007cnf143,Western New England University,US,United States,2,SNS,2011-2015,outgoing
https://ror.org/007cx7r28,Chizhou University,CN,China,1,SNS,2011-2015,outgoing
https://ror.org/007czgh25,CT University,IN,India,8,SNS,2011-2015,outgoing
https://ror.org/007e0tk18,AOSense (United States),US,United States,3,SNS,2011-2015,outgoing
https://ror.org/007e71662,Miyagi Children's Hospital,JP,Japan,1,SNS,2011-2015,outgoing
https://ror.org/007ecwd34,Tyndall National Institute,IE,Ireland,5,SNS,2011-2015,outgoing
https://ror.org/007f1da21,University of Baghdad,IQ,Iraq,2,SNS,2011-2015,outgoing
https://ror.org/007ffzr57,Lanzhou Institute of Chemical Physics,CN,China,6,SNS,2011-2015,outgoing
https://ror.org/007fyq698,VA Salt Lake City Healthcare System,US,United States,1,SNS,2011-2015,outgoing
https://ror.org/007ge8322,Kumamoto City Hospital,JP,Japan,1,SNS,2011-2015,outgoing
https://ror.org/007gerq75,AIMST University,MY,Malaysia,1,SNS,2011-2015,outgoing
https://ror.org/007gfwn20,HES-SO Genève,CH,Switzerland,5,SNS,2011-2015,outgoing
https://ror.org/007gj5v75,Kanagawa Institute of Technology,JP,Japan,1,SNS,2011-2015,outgoing
https://ror.org/007h1g065,University of Tampa,US,United States,3,SNS,2011-2015,outgoing
https://ror.org/007h4qe29,Tri-Service General Hospital,TW,Taiwan,2,SNS,2011-2015,outgoing
https://ror.org/007m3p006,Pratt Institute,US,United States,14,SNS,2011-2015,outgoing
https://ror.org/007mjr682,Fiber Optics Research Center,RU,Russia,1,SNS,2011-2015,outgoing
https://ror.org/007mntk44,Changchun University of Science and Technology,CN,China,5,SNS,2011-2015,outgoing
https://ror.org/007mrxy13,West China Hospital of Sichuan University,CN,China,3,SNS,2011-2015,outgoing
https://ror.org/007nf8q70,State Key Laboratory of Artificial Microstructure and Mesoscopic Physics,CN,China,22,SNS,2011-2015,outgoing
https://ror.org/007ps6h72,Fred Hutch Cancer Center,US,United States,31,SNS,2011-2015,outgoing
https://ror.org/007rxxd52,Brest State Technical University,BY,Belarus,1,SNS,2011-2015,outgoing
https://ror.org/007sts724,New Mexico State University Alamogordo,US,United States,35,SNS,2011-2015,outgoing
https://ror.org/007t1w466,Orthopaedic Research Laboratories,US,United States,1,SNS,2011-2015,outgoing
https://ror.org/007vkej58,Isaac Newton Institute for Mathematical Sciences,GB,United Kingdom,16,SNS,2011-2015,outgoing
https://ror.org/007vzmy24,South Eastern University of Sri Lanka,LK,Sri Lanka,1,SNS,2011-2015,outgoing
https://ror.org/007wh4e50,Centre de Spectrométrie Nucléaire et de Spectrométrie de Masse,FR,France,4,SNS,2011-2015,outgoing
https://ror.org/007wpch15,Institute for Stem Cell Biology and Regenerative Medicine,IN,India,3,SNS,2011-2015,outgoing
https://ror.org/007xckb65,Institute for Neurodegenerative Diseases,US,United States,8,SNS,2011-2015,outgoing
https://ror.org/007ygn379,Graduate Institute of International and Development Studies,CH,Switzerland,2,SNS,2011-2015,outgoing
https://ror.org/007yvyg13,Reproductive Science Center,US,United States,1,SNS,2011-2015,outgoing
https://ror.org/0080acb59,John Radcliffe Hospital,GB,United Kingdom,26,SNS,2011-2015,outgoing
https://ror.org/0080fxk18,"California State University, Long Beach",US,United States,2,SNS,2011-2015,outgoing
https://ror.org/0081fs513,Universidad de Buenos Aires,AR,Argentina,1722,SNS,2011-2015,outgoing
https://ror.org/00822yn93,Instituto de Física de Buenos Aires,AR,Argentina,1,SNS,2011-2015,outgoing
https://ror.org/0082wq496,Secretaria de Salud,MX,Mexico,8,SNS,2011-2015,outgoing
https://ror.org/0082ybm03,Texas Tech University System,US,United States,7024,SNS,2011-2015,outgoing
https://ror.org/00839we02,Acadia University,CA,Canada,1,SNS,2011-2015,outgoing
https://ror.org/0083mf965,Hudson Institute of Medical Research,AU,Australia,2,SNS,2011-2015,outgoing
https://ror.org/0084njv03,Texas A&M University – San Antonio,US,United States,1,SNS,2011-2015,outgoing
https://ror.org/0084te143,Centre Hospitalier Universitaire de Besançon,FR,France,5,SNS,2011-2015,outgoing
https://ror.org/0084x3h80,Centre de Recherche Astrophysique de Lyon,FR,France,399,SNS,2011-2015,outgoing
https://ror.org/0085d9t86,Xavier University of Louisiana,US,United States,4,SNS,2011-2015,outgoing
https://ror.org/0086b8v72,International Neuroscience Institute,DE,Germany,1,SNS,2011-2015,outgoing
https://ror.org/00874hx02,National Oceanography Centre,GB,United Kingdom,3,SNS,2011-2015,outgoing
https://ror.org/0087djs12,Max Planck Institute for Dynamics and Self-Organization,DE,Germany,9,SNS,2011-2015,outgoing
https://ror.org/0088v6m32,Banque de France,FR,France,3,SNS,2011-2015,outgoing
https://ror.org/0089bg420,Daresbury Laboratory,GB,United Kingdom,131,SNS,2011-2015,outgoing
https://ror.org/008a6s711,California University of Science and Medicine,US,United States,3,SNS,2011-2015,outgoing
https://ror.org/008b1vj68,Instituto de Astronomía Teórica y Experimental,AR,Argentina,15,SNS,2011-2015,outgoing
https://ror.org/008bwpw24,Ecole d'Ingénieurs de PURPAN,FR,France,1,SNS,2011-2015,outgoing
https://ror.org/008cfmj78,Wyss Institute for Biologically Inspired Engineering,US,United States,16,SNS,2011-2015,outgoing
https://ror.org/008ebms37,Institute of Theoretical and Experimental Biophysics,RU,Russia,27,SNS,2011-2015,outgoing
https://ror.org/008encc97,East–West Center,US,United States,2,SNS,2011-2015,outgoing
https://ror.org/008fyn775,Wrocław University of Science and Technology,PL,Poland,26,SNS,2011-2015,outgoing
https://ror.org/008g9p546,United States Postal Service,US,United States,7,SNS,2011-2015,outgoing
https://ror.org/008gjgb19,Department of Agriculture Food and the Marine,IE,Ireland,12,SNS,2011-2015,outgoing
https://ror.org/008h1f725,"Interfaces, Confinement, Matériaux et Nanostructures",FR,France,8,SNS,2011-2015,outgoing
https://ror.org/008hxwy89,Institut de recherches arctiques Jean Malaurie,FR,France,42,SNS,2011-2015,outgoing
https://ror.org/008hybe55,Joint Institute for Laboratory Astrophysics,US,United States,9,SNS,2011-2015,outgoing
https://ror.org/008kn4z11,Délégation Ile-de-France Villejuif,FR,France,2,SNS,2011-2015,outgoing
https://ror.org/008ms5s18,Lamar University,US,United States,2,SNS,2011-2015,outgoing
https://ror.org/008mx9f83,Institute for Particle and Nuclear Physics,HU,Hungary,1306,SNS,2011-2015,outgoing
https://ror.org/008n78156,Laboratoire de neurosciences fonctionnelles et pathologies,FR,France,1,SNS,2011-2015,outgoing
https://ror.org/008n7pv89,University of Plymouth,GB,United Kingdom,10,SNS,2011-2015,outgoing
https://ror.org/008nkqk13,"Ministry of Trade, Industry and Energy",KR,South Korea,1,SNS,2011-2015,outgoing
https://ror.org/008q4kt04,The Royal Victorian Eye & Ear Hospital,AU,Australia,1,SNS,2011-2015,outgoing
https://ror.org/008qp6e21,Rehabilitation Research and Development Service,US,United States,2,SNS,2011-2015,outgoing
https://ror.org/008rmbt77,Binghamton University,US,United States,13,SNS,2011-2015,outgoing
https://ror.org/008rwh029,Gene Therapy Laboratory,FR,France,1,SNS,2011-2015,outgoing
https://ror.org/008rywf59,Centre d'Écologie Fonctionnelle et Évolutive,FR,France,4,SNS,2011-2015,outgoing
https://ror.org/008s83205,University of Alabama at Birmingham,US,United States,99,SNS,2011-2015,outgoing
https://ror.org/008td3p62,Institute for Cosmic Ray Research,JP,Japan,391,SNS,2011-2015,outgoing
https://ror.org/008te2062,St Michael’s Hospital,IE,Ireland,1,SNS,2011-2015,outgoing
https://ror.org/008vgd385,International Association for Dental Research,US,United States,1,SNS,2011-2015,outgoing
https://ror.org/008w1vb37,Binzhou Medical University,CN,China,3,SNS,2011-2015,outgoing
https://ror.org/008x57b05,University of Antwerp,BE,Belgium,2745,SNS,2011-2015,outgoing
https://ror.org/008xxew50,Vrije Universiteit Amsterdam,NL,The Netherlands,3425,SNS,2011-2015,outgoing
https://ror.org/008yzrs90,Instituto de Plasmas e Fusão Nuclear,PT,Portugal,2,SNS,2011-2015,outgoing
https://ror.org/008zgvp64,Public Library of Science,US,United States,1,SNS,2011-2015,outgoing
https://ror.org/008zj0x80,Hackensack University Medical Center,US,United States,1,SNS,2011-2015,outgoing
https://ror.org/008zs3103,Rice University,US,United States,2929,SNS,2011-2015,outgoing
https://ror.org/008zvz098,New America,US,United States,1,SNS,2011-2015,outgoing
https://ror.org/0090r4d87,Institute of Computing Technology,CN,China,1,SNS,2011-2015,outgoing
https://ror.org/0090zs177,London School of Economics and Political Science,GB,United Kingdom,92,SNS,2011-2015,outgoing
https://ror.org/0091vmj44,Shahid Beheshti University,IR,Iran,2,SNS,2011-2015,outgoing
https://ror.org/00944ve71,National Central University,TW,Taiwan,2600,SNS,2011-2015,outgoing
https://ror.org/009543z50,Northwestern Memorial Hospital,US,United States,1,SNS,2011-2015,outgoing
https://ror.org/0095r2297,Shawnee State University,US,United States,4,SNS,2011-2015,outgoing
https://ror.org/0095xwr23,Max Planck Institute of Microstructure Physics,DE,Germany,14,SNS,2011-2015,outgoing
https://ror.org/00965ax52,Kyoto Institute of Technology,JP,Japan,1,SNS,2011-2015,outgoing
https://ror.org/00965bg92,University of Nis,RS,Serbia,6,SNS,2011-2015,outgoing
https://ror.org/0097e1k27,Wright-Patterson Air Force Base,US,United States,3,SNS,2011-2015,outgoing
https://ror.org/0097wyf31,Hitachi (United Kingdom),GB,United Kingdom,3,SNS,2011-2015,outgoing
https://ror.org/00987cb86,Universidade Estadual Paulista (Unesp),BR,Brazil,2945,SNS,2011-2015,outgoing
https://ror.org/0098gnz32,Norwegian Defence Research Establishment,NO,Norway,18,SNS,2011-2015,outgoing
https://ror.org/0098kke80,Rakuten (Japan),JP,Japan,3,SNS,2011-2015,outgoing
https://ror.org/0099d6q96,Beijing Institute of Optoelectronic Technology,CN,China,4,SNS,2011-2015,outgoing
https://ror.org/009avj582,Oregon Health & Science University,US,United States,100,SNS,2011-2015,outgoing
https://ror.org/009axkg17,Indian Council of Social Science Research,IN,India,2,SNS,2011-2015,outgoing
https://ror.org/009bsy196,Edinburgh Royal Infirmary,GB,United Kingdom,1,SNS,2011-2015,outgoing
https://ror.org/009e9eq52,Newcastle University Medicine Malaysia,MY,Malaysia,1,SNS,2011-2015,outgoing
https://ror.org/009eqmr18,Centro de Investigación y de Estudios Avanzados del Instituto Politécnico Nacional,MX,Mexico,617,SNS,2011-2015,outgoing
https://ror.org/009ey6w22,Texas State University System,US,United States,14,SNS,2011-2015,outgoing
https://ror.org/009fk3b63,Portsmouth Hospitals NHS Trust,GB,United Kingdom,2,SNS,2011-2015,outgoing
https://ror.org/009fw8j44,Hebei Agricultural University,CN,China,3,SNS,2011-2015,outgoing
https://ror.org/009g6xd12,Taichung Municipal Taichung First Senior High School,TW,Taiwan,1,SNS,2011-2015,outgoing
https://ror.org/009g8rq41,"Ministry of Agriculture, Food and Rural Affairs",KR,South Korea,1,SNS,2011-2015,outgoing
https://ror.org/009gmrj52,École de management de Lyon,FR,France,1,SNS,2011-2015,outgoing
https://ror.org/009gyvm78,The Abdus Salam International Centre for Theoretical Physics (ICTP),IT,Italy,1175,SNS,2011-2015,outgoing
https://ror.org/009h5ks85,National Yang Ming University,TW,Taiwan,11,SNS,2011-2015,outgoing
https://ror.org/009kr6r15,Western General Hospital,GB,United Kingdom,6,SNS,2011-2015,outgoing
https://ror.org/009kx9832,University of Jos,NG,Nigeria,1,SNS,2011-2015,outgoing
https://ror.org/009mk5659,American College of Surgeons,US,United States,1,SNS,2011-2015,outgoing
https://ror.org/009nfym65,Post Graduate Institute of Medical Education and Research,IN,India,2,SNS,2011-2015,outgoing
https://ror.org/009nz6031,Central European Institute of Technology – Masaryk University,CZ,Czechia,3,SNS,2011-2015,outgoing
https://ror.org/009py3f05,Center for Child and Family Health,US,United States,1,SNS,2011-2015,outgoing
https://ror.org/009rhnd12,"National Institute of Technology, Asahikawa College",JP,Japan,1,SNS,2011-2015,outgoing
https://ror.org/009rw8n36,Institute of Microelectronics,SG,Singapore,1,SNS,2011-2015,outgoing
https://ror.org/009szpe27,Armed Forces Health Surveillance Center,US,United States,1,SNS,2011-2015,outgoing
https://ror.org/009vheq40,Churchill Hospital,GB,United Kingdom,12,SNS,2011-2015,outgoing
https://ror.org/009wnjh50,"Istituto Nazionale di Fisica Nucleare, Sezione di Roma Tre",IT,Italy,40,SNS,2011-2015,outgoing
https://ror.org/009wseg80,Instituto de Física Fundamental,ES,Spain,24,SNS,2011-2015,outgoing
https://ror.org/009wx7055,USA Mitchell Cancer Institute,US,United States,1,SNS,2011-2015,outgoing
https://ror.org/009xwd568,University of the Free State,ZA,South Africa,3,SNS,2011-2015,outgoing
https://ror.org/009ywjj88,Clinical Research Institute,US,United States,5,SNS,2011-2015,outgoing
https://ror.org/009z39p97,St. Joseph’s Healthcare Hamilton,CA,Canada,2,SNS,2011-2015,outgoing
https://ror.org/009ztd224,Re-shaping Development Institute,KR,South Korea,3,SNS,2011-2015,outgoing
https://ror.org/00a0jsq62,London School of Hygiene & Tropical Medicine,GB,United Kingdom,12,SNS,2011-2015,outgoing
https://ror.org/00a0n9e72,University of Limerick,IE,Ireland,19,SNS,2011-2015,outgoing
https://ror.org/00a208s56,Chemnitz University of Technology,DE,Germany,31,SNS,2011-2015,outgoing
https://ror.org/00a2syk23,Ludwig Boltzmann Institute for Digital Health and Prevention,AT,Austria,1,SNS,2011-2015,outgoing
https://ror.org/00a2xv884,Zhejiang University,CN,China,20,SNS,2011-2015,outgoing
https://ror.org/00a45v709,Tomsk Polytechnic University,RU,Russia,18,SNS,2011-2015,outgoing
https://ror.org/00a4kqq17,Cochin University of Science and Technology,IN,India,2,SNS,2011-2015,outgoing
https://ror.org/00a5pe906,University of Western Macedonia,GR,Greece,1,SNS,2011-2015,outgoing
https://ror.org/00a6cxf28,OU Health,US,United States,1,SNS,2011-2015,outgoing
https://ror.org/00a6ram87,Reed College,US,United States,4,SNS,2011-2015,outgoing
https://ror.org/00a72jq18,Laboratoire de Physique et d’Étude des Matériaux,FR,France,5,SNS,2011-2015,outgoing
https://ror.org/00a7vgh58,Max-Planck-Institut für Kohlenforschung,DE,Germany,57,SNS,2011-2015,outgoing
https://ror.org/00a8hpd04,Niigata University of Rehabilitation,JP,Japan,1,SNS,2011-2015,outgoing
https://ror.org/00a8p0m24,Centre de sociologie de l'innovation,FR,France,759,SNS,2011-2015,outgoing
https://ror.org/00a8tg325,Korea Institute of Radiological and Medical Sciences,KR,South Korea,1,SNS,2011-2015,outgoing
https://ror.org/00a9eka65,University of Science and Technologies,UZ,Uzbekistan,2,SNS,2011-2015,outgoing
https://ror.org/00aamz256,Georgian Technical University,GE,Georgia,79,SNS,2011-2015,outgoing
https://ror.org/00aapa202,Kanagawa Cancer Center,JP,Japan,1,SNS,2011-2015,outgoing
https://ror.org/00ab7ks98,W.M. Keck Observatory,US,United States,19,SNS,2011-2015,outgoing
https://ror.org/00ad27c73,A. Alikhanyan National Laboratory,AM,Armenia,3039,SNS,2011-2015,outgoing
https://ror.org/00adh9b73,National Institute of Diabetes and Digestive and Kidney Diseases,US,United States,33,SNS,2011-2015,outgoing
https://ror.org/00adwkx90,Institut des Sciences Chimiques de Rennes,FR,France,75,SNS,2011-2015,outgoing
https://ror.org/00ae33288,London Metropolitan University,GB,United Kingdom,2,SNS,2011-2015,outgoing
https://ror.org/00aeyav11,Foundation for Biomedical Research,US,United States,3,SNS,2011-2015,outgoing
https://ror.org/00af3sa43,Isfahan University of Technology,IR,Iran,599,SNS,2011-2015,outgoing
https://ror.org/00afp2z80,University of Liège,BE,Belgium,139,SNS,2011-2015,outgoing
https://ror.org/00afsp483,United States Army,US,United States,1,SNS,2011-2015,outgoing
https://ror.org/00aft1q37,Sejong University,KR,South Korea,278,SNS,2011-2015,outgoing
https://ror.org/00ag5y002,Istituto Nazionale per Studi ed Esperienze di Architettura Navale,IT,Italy,1,SNS,2011-2015,outgoing
https://ror.org/00ah3j950,Fountain University,NG,Nigeria,1,SNS,2011-2015,outgoing
https://ror.org/00aj26w03,Paint Research Association,GB,United Kingdom,1,SNS,2011-2015,outgoing
https://ror.org/00ajckn66,European Central Bank,DE,Germany,19,SNS,2011-2015,outgoing
https://ror.org/00amjd520,Saint Vincent College,US,United States,1,SNS,2011-2015,outgoing
https://ror.org/00anb1726,Vertex Pharmaceuticals (United States),US,United States,7,SNS,2011-2015,outgoing
https://ror.org/00angvn73,"Czech Academy of Sciences, Institute of Biophysics",CZ,Czechia,3,SNS,2011-2015,outgoing
https://ror.org/00apb0c64,All-Russian Research Institute Fisheries and Oceanography,RU,Russia,1,SNS,2011-2015,outgoing
https://ror.org/00apj8t60,Bandung Institute of Technology,ID,Indonesia,1,SNS,2011-2015,outgoing
https://ror.org/00aps1a34,NIHR Oxford Musculoskeletal Biomedical Research Centre,GB,United Kingdom,2,SNS,2011-2015,outgoing
https://ror.org/00aq42n63,Salem College,US,United States,1,SNS,2011-2015,outgoing
https://ror.org/00arpt780,Institute for Marine and Antarctic Studies,AU,Australia,1,SNS,2011-2015,outgoing
https://ror.org/00avqt683,Cégep de Baie-Comeau,CA,Canada,1,SNS,2011-2015,outgoing
https://ror.org/00awbw743,Swedish Veterinary Agency,SE,Sweden,1,SNS,2011-2015,outgoing
https://ror.org/00awd9g61,"The Graduate Center, CUNY",US,United States,14,SNS,2011-2015,outgoing
https://ror.org/00ax83b61,Triangle Universities Nuclear Laboratory,US,United States,2,SNS,2011-2015,outgoing
https://ror.org/00ay7va13,Bowling Green State University,US,United States,33,SNS,2011-2015,outgoing
https://ror.org/00ay9v204,University of Shanghai for Science and Technology,CN,China,3,SNS,2011-2015,outgoing
https://ror.org/00ayhx656,University of Sussex,GB,United Kingdom,2251,SNS,2011-2015,outgoing
https://ror.org/00az5dt38,Carnegie Mellon University Qatar,QA,Qatar,1,SNS,2011-2015,outgoing
https://ror.org/00az7j379,Laboratoire des Maladies Neurodégénératives,FR,France,1,SNS,2011-2015,outgoing
https://ror.org/00b0m1444,Loewenstein Hospital Rehabilitation Center,IL,Israel,1,SNS,2011-2015,outgoing
https://ror.org/00b1c9541,University of Hohenheim,DE,Germany,5,SNS,2011-2015,outgoing
https://ror.org/00b252v89,Mitsubishi Electric (China) Corporation (China),CN,China,1,SNS,2011-2015,outgoing
https://ror.org/00b25kb57,EDP Sciences,FR,France,198,SNS,2011-2015,outgoing
https://ror.org/00b31g692,Barts Health NHS Trust,GB,United Kingdom,2,SNS,2011-2015,outgoing
https://ror.org/00b3mhg89,Tamil Nadu Dr. M.G.R. Medical University,IN,India,1,SNS,2011-2015,outgoing
https://ror.org/00b47n070,Computer Sciences Corporation (Australia),AU,Australia,10,SNS,2011-2015,outgoing
https://ror.org/00b5m4j81,Shell (Netherlands),NL,The Netherlands,10,SNS,2011-2015,outgoing
https://ror.org/00b6h0x02,State Key Laboratory of Structural Analysis for Industrial Equipment,CN,China,1,SNS,2011-2015,outgoing
https://ror.org/00b7ckn36,Bellevue University,US,United States,2,SNS,2011-2015,outgoing
https://ror.org/00b7djk73,Centre de Mathématiques Laurent Schwartz,FR,France,50,SNS,2011-2015,outgoing
https://ror.org/00b93bs30,American Astronomical Society,US,United States,1,SNS,2011-2015,outgoing
https://ror.org/00b9pg524,National Solar Observatory,US,United States,7,SNS,2011-2015,outgoing
https://ror.org/00baak391,National Human Genome Research Institute,US,United States,42,SNS,2011-2015,outgoing
https://ror.org/00baer621,Bon Secours Health System,US,United States,1,SNS,2011-2015,outgoing
https://ror.org/00bardy64,Leidos Biomedical Research Inc. (United States),US,United States,3,SNS,2011-2015,outgoing
https://ror.org/00bas1c41,AGH University of Krakow,PL,Poland,2341,SNS,2011-2015,outgoing
https://ror.org/00baskk38,Institute for Biomedical Engineering,CH,Switzerland,2,SNS,2011-2015,outgoing
https://ror.org/00bb88176,Institute of Public Health,IE,Ireland,1,SNS,2011-2015,outgoing
https://ror.org/00bbkr059,Signal and Information Processing Laboratory,CH,Switzerland,1,SNS,2011-2015,outgoing
https://ror.org/00bbtde36,Laboratoire Univers et Théories,FR,France,19,SNS,2011-2015,outgoing
https://ror.org/00bc51d88,Istituto di Nanotecnologia,IT,Italy,59,SNS,2011-2015,outgoing
https://ror.org/00bc6bw85,Ministry of Economic Affairs and Climate Policy,NL,The Netherlands,1,SNS,2011-2015,outgoing
https://ror.org/00bdqav06,Cooperative Institute for Research in Environmental Sciences,US,United States,17,SNS,2011-2015,outgoing
https://ror.org/00be3zh53,Institute of Applied Science and Intelligent Systems,IT,Italy,8,SNS,2011-2015,outgoing
https://ror.org/00berct97,NTT (Japan),JP,Japan,42,SNS,2011-2015,outgoing
https://ror.org/00bfgxv06,South African Institute for Aquatic Biodiversity,ZA,South Africa,1,SNS,2011-2015,outgoing
https://ror.org/00bfrk915,Seminar for Applied Mathematics,CH,Switzerland,1,SNS,2011-2015,outgoing
https://ror.org/00bg9m975,Astro Space Center,RU,Russia,1317,SNS,2011-2015,outgoing
https://ror.org/00bgk9508,Politecnico di Torino,IT,Italy,363,SNS,2011-2015,outgoing
https://ror.org/00bgtad15,St. John's University,US,United States,10,SNS,2011-2015,outgoing
https://ror.org/00bjck208,Glasgow Royal Infirmary,GB,United Kingdom,4,SNS,2011-2015,outgoing
https://ror.org/00bjjqs38,Délégation Rhône Auvergne,FR,France,8,SNS,2011-2015,outgoing
https://ror.org/00bmj0a71,University of Greenwich,GB,United Kingdom,4,SNS,2011-2015,outgoing
https://ror.org/00bmxak18,Fukuoka Institute of Technology,JP,Japan,16,SNS,2011-2015,outgoing
https://ror.org/00bp00b85,Instituto Geográfico Nacional,AR,Argentina,1,SNS,2011-2015,outgoing
https://ror.org/00bpmmc63,"National Institute of Astrophysics, Optics and Electronics",MX,Mexico,62,SNS,2011-2015,outgoing
https://ror.org/00bqvf857,Cardiff Metropolitan University,GB,United Kingdom,1,SNS,2011-2015,outgoing
https://ror.org/00bt9we26,Ministry of Public Security of the People's Republic of China,CN,China,2,SNS,2011-2015,outgoing
https://ror.org/00bv64a69,Japanese Foundation For Cancer Research,JP,Japan,1,SNS,2011-2015,outgoing
https://ror.org/00bvhmc43,Spanish National Cancer Research Centre,ES,Spain,27,SNS,2011-2015,outgoing
https://ror.org/00bvysh61,"Islamic Azad University, Mashhad",IR,Iran,2,SNS,2011-2015,outgoing
https://ror.org/00bw5n526,Délégation Paris 7,FR,France,2,SNS,2011-2015,outgoing
https://ror.org/00bw8d226,National University of Malaysia,MY,Malaysia,1,SNS,2011-2015,outgoing
https://ror.org/00bx3rb98,China Meteorological Administration,CN,China,8,SNS,2011-2015,outgoing
https://ror.org/00bx6dj65,Hosei University,JP,Japan,9,SNS,2011-2015,outgoing
https://ror.org/00by1q217,Roche (Switzerland),CH,Switzerland,215,SNS,2011-2015,outgoing
https://ror.org/00by9f077,Food Research Institute,JP,Japan,2,SNS,2011-2015,outgoing
https://ror.org/00byczw08,Penrose Hospital,US,United States,1,SNS,2011-2015,outgoing
https://ror.org/00byxdz40,Institut de Recherche Interdisciplinaire de Grenoble,FR,France,66,SNS,2011-2015,outgoing
https://ror.org/00bzgd159,Instituto de Ciencia y Tecnología de Polímeros,ES,Spain,2,SNS,2011-2015,outgoing
https://ror.org/00bzsst90,Institute for Advanced Studies in Basic Sciences,IR,Iran,1,SNS,2011-2015,outgoing
https://ror.org/00c00ys31,Centre de Bio-Informatique,FR,France,1,SNS,2011-2015,outgoing
https://ror.org/00c01js51,The Ohio State University Wexner Medical Center,US,United States,5,SNS,2011-2015,outgoing
https://ror.org/00c0zxf82,National Wildlife Federation,US,United States,1,SNS,2011-2015,outgoing
https://ror.org/00c1dt378,Queensland Health,AU,Australia,11,SNS,2011-2015,outgoing
https://ror.org/00c32gy34,Universidad de Sonora,MX,Mexico,5,SNS,2011-2015,outgoing
https://ror.org/00c4e7y75,Wichita State University,US,United States,3,SNS,2011-2015,outgoing
https://ror.org/00c5s4m23,State Scientific Center of Coloproctology,RU,Russia,2,SNS,2011-2015,outgoing
https://ror.org/00c7kvd80,"Christian Medical College, Vellore",IN,India,4,SNS,2011-2015,outgoing
https://ror.org/00c8v4891,Long Island Jewish Medical Center,US,United States,1,SNS,2011-2015,outgoing
https://ror.org/00c9gth79,Trieste Astronomical Observatory,IT,Italy,44,SNS,2011-2015,outgoing
https://ror.org/00ca2c886,Instituto de Salud Carlos III,ES,Spain,32,SNS,2011-2015,outgoing
https://ror.org/00ca6fy54,National Kaohsiung Marine University,TW,Taiwan,1,SNS,2011-2015,outgoing
https://ror.org/00cagf561,State Key Laboratory of Reproductive Medicine,CN,China,1,SNS,2011-2015,outgoing
https://ror.org/00caq9197,Euskadiko Parke Teknologikoa,ES,Spain,5,SNS,2011-2015,outgoing
https://ror.org/00carf720,Royal Adelaide Hospital,AU,Australia,1,SNS,2011-2015,outgoing
https://ror.org/00cb23x68,Kwame Nkrumah University of Science and Technology,GH,Ghana,1,SNS,2011-2015,outgoing
https://ror.org/00cb3km46,Seoul National University Bundang Hospital,KR,South Korea,4,SNS,2011-2015,outgoing
https://ror.org/00cb9w016,Ain Shams University,EG,Egypt,513,SNS,2011-2015,outgoing
https://ror.org/00cbts945,Zhengzhou Normal University,CN,China,18,SNS,2011-2015,outgoing
https://ror.org/00cch2r34,Institut Rayonnement-Matière de Saclay,FR,France,24,SNS,2011-2015,outgoing
https://ror.org/00cckeg37,Southern Polytechnic State University,US,United States,2,SNS,2011-2015,outgoing
https://ror.org/00cd9s024,Shanghai Children's Medical Center,CN,China,2,SNS,2011-2015,outgoing
https://ror.org/00cdrtq48,Alfaisal University,SA,Saudi Arabia,1,SNS,2011-2015,outgoing
https://ror.org/00cfam450,Helmholtz Zentrum München,DE,Germany,57,SNS,2011-2015,outgoing
https://ror.org/00ch7yk27,South Dakota School of Mines and Technology,US,United States,35,SNS,2011-2015,outgoing
https://ror.org/00chfja07,Seoul National University of Science and Technology,KR,South Korea,4,SNS,2011-2015,outgoing
https://ror.org/00ckxt310,Synchrotron Light Research Institute,TH,Thailand,1,SNS,2011-2015,outgoing
https://ror.org/00cm2cb35,Virginia Mason Medical Center,US,United States,2,SNS,2011-2015,outgoing
https://ror.org/00cm8nm15,"University of California, Irvine Medical Center",US,United States,8,SNS,2011-2015,outgoing
https://ror.org/00cmhce21,Huawei Technologies (China),CN,China,5,SNS,2011-2015,outgoing
https://ror.org/00cn3vx82,Novartis Institute For Tropical Diseases,SG,Singapore,1,SNS,2011-2015,outgoing
https://ror.org/00cn92c09,National Taipei University of Technology,TW,Taiwan,1,SNS,2011-2015,outgoing
https://ror.org/00cpb6264,Istituto Neurologico Mediterraneo,IT,Italy,19,SNS,2011-2015,outgoing
https://ror.org/00cpdar66,Laboratoire d'Étude de l'Univers et des Phénomènes Extrêmes,FR,France,368,SNS,2011-2015,outgoing
https://ror.org/00cqpd580,Institut des Matériaux Jean Rouxel,FR,France,20,SNS,2011-2015,outgoing
https://ror.org/00cr96696,Center for Clinical Research and Prevention,DK,Denmark,1,SNS,2011-2015,outgoing
https://ror.org/00crteh33,Université Rennes 1,FR,France,3,SNS,2011-2015,outgoing
https://ror.org/00csw7971,Instytut Hematologii i Transfuzjologi,PL,Poland,1,SNS,2011-2015,outgoing
https://ror.org/00ct9cz38,Eastern Institute of Technology,NZ,New Zealand,1,SNS,2011-2015,outgoing
https://ror.org/00cty0112,Takasago (Japan),JP,Japan,3,SNS,2011-2015,outgoing
https://ror.org/00cv4n034,Royal Brompton Hospital,GB,United Kingdom,1,SNS,2011-2015,outgoing
https://ror.org/00cv9y106,Ghent University,BE,Belgium,3261,SNS,2011-2015,outgoing
https://ror.org/00cvxb145,University of Washington,US,United States,2906,SNS,2011-2015,outgoing
https://ror.org/00cwqg982,Biotechnology and Biological Sciences Research Council,GB,United Kingdom,33,SNS,2011-2015,outgoing
https://ror.org/00cxy0s05,Hôpital Charles-Nicolle,FR,France,1,SNS,2011-2015,outgoing
https://ror.org/00cyydd11,University of Eastern Finland,FI,Finland,32,SNS,2011-2015,outgoing
https://ror.org/00cz47042,National Museum of Natural History,US,United States,1,SNS,2011-2015,outgoing
https://ror.org/00czkns73,St Mary's Hospital,JP,Japan,1,SNS,2011-2015,outgoing
https://ror.org/00d062t77,Bank for International Settlements,CH,Switzerland,24,SNS,2011-2015,outgoing
https://ror.org/00d0nc645,Microsoft (United States),US,United States,134,SNS,2011-2015,outgoing
https://ror.org/00d0rke27,Institut d’Optique Graduate School,FR,France,23,SNS,2011-2015,outgoing
https://ror.org/00d1dhh09,Dartmouth–Hitchcock Medical Center,US,United States,12,SNS,2011-2015,outgoing
https://ror.org/00d2v4e22,Barnet Enfield and Haringey Mental Health Trust,GB,United Kingdom,2,SNS,2011-2015,outgoing
https://ror.org/00d3pnh21,Horia Hulubei National Institute for R and D in Physics and Nuclear Engineering,RO,Romania,1411,SNS,2011-2015,outgoing
https://ror.org/00d6pe324,Neurobehavioral Research Laboratory and Clinic,US,United States,1,SNS,2011-2015,outgoing
https://ror.org/00d7f8730,Shenyang University of Technology,CN,China,1,SNS,2011-2015,outgoing
https://ror.org/00d7xrm67,Graz University of Technology,AT,Austria,34,SNS,2011-2015,outgoing
https://ror.org/00d80zx46,Chang Gung University,TW,Taiwan,8,SNS,2011-2015,outgoing
https://ror.org/00d8n5w16,Bioscientifica (United Kingdom),GB,United Kingdom,2,SNS,2011-2015,outgoing
https://ror.org/00d973h41,Södertörn University,SE,Sweden,11,SNS,2011-2015,outgoing
https://ror.org/00d9ah105,"University of California, Merced",US,United States,25,SNS,2011-2015,outgoing
https://ror.org/00dbd8b73,Dokuz Eylül University,TR,Turkey,1,SNS,2011-2015,outgoing
https://ror.org/00dcrfk74,ARMINES,FR,France,765,SNS,2011-2015,outgoing
https://ror.org/00dcv1019,Allen Institute for Brain Science,US,United States,14,SNS,2011-2015,outgoing
https://ror.org/00df3z122,Comprehensive Cancer Center Vienna,AT,Austria,1,SNS,2011-2015,outgoing
https://ror.org/00df5yc52,Beijing University of Chemical Technology,CN,China,7,SNS,2011-2015,outgoing
https://ror.org/00dg2xc09,Balsillie School of International Affairs,CA,Canada,2,SNS,2011-2015,outgoing
https://ror.org/00djv2c17,Indian Institute of Science Education and Research Kolkata,IN,India,58,SNS,2011-2015,outgoing
https://ror.org/00djwmt25,University Grants Committee,CN,China,4,SNS,2011-2015,outgoing
https://ror.org/00dkye506,Boehringer Ingelheim Fonds,DE,Germany,12,SNS,2011-2015,outgoing
https://ror.org/00dmdt028,Universidad UTE,EC,Ecuador,13,SNS,2011-2015,outgoing
https://ror.org/00dmm3k75,State Key Laboratory of Veterinary Biotechnology,CN,China,1,SNS,2011-2015,outgoing
https://ror.org/00dmms154,Centre de Recherche des Cordeliers,FR,France,23,SNS,2011-2015,outgoing
https://ror.org/00dmrtm29,New York City Health and Hospitals Corporation,US,United States,1,SNS,2011-2015,outgoing
https://ror.org/00dn4t376,Brunel University of London,GB,United Kingdom,3255,SNS,2011-2015,outgoing
https://ror.org/00dna7t83,Universidade Federal de Alagoas,BR,Brazil,2,SNS,2011-2015,outgoing
https://ror.org/00dncgb07,Notre Dame of Maryland University,US,United States,2,SNS,2011-2015,outgoing
https://ror.org/00dpztj76,Institute of Cancer Research,CA,Canada,4,SNS,2011-2015,outgoing
https://ror.org/00dqega85,Nello Carrara Institute of Applied Physics,IT,Italy,50,SNS,2011-2015,outgoing
https://ror.org/00dr28g20,University of Crete,GR,Greece,309,SNS,2011-2015,outgoing
https://ror.org/00dt2y198,Malta Information Technology Agency,MT,Malta,1,SNS,2011-2015,outgoing
https://ror.org/00dt6a694,Centre Hospitalier de Perpignan,FR,France,1,SNS,2011-2015,outgoing
https://ror.org/00dt9qb91,Illawarra Health and Medical Research Institute,AU,Australia,1,SNS,2011-2015,outgoing
https://ror.org/00dv9q566,Campbell University,US,United States,16,SNS,2011-2015,outgoing
https://ror.org/00dvg7y05,Boston Children's Hospital,US,United States,263,SNS,2011-2015,outgoing
https://ror.org/00dwgct76,Centro de Investigación Biomédica en Red Diabetes y Enfermedades Metabólicas Asociadas,ES,Spain,2,SNS,2011-2015,outgoing
https://ror.org/00dwz8y55,Sheppard Pratt Health System,US,United States,2,SNS,2011-2015,outgoing
https://ror.org/00dxbgs74,Centre de Mathématiques Appliquées - CMA,FR,France,12,SNS,2011-2015,outgoing
https://ror.org/00dxw4v18,Hôpital Couple Enfant,FR,France,1,SNS,2011-2015,outgoing
https://ror.org/00dyead60,Research and Technology Center of Energy,TN,Tunisia,1,SNS,2011-2015,outgoing
https://ror.org/00dyt5s15,Center for Infection and Immunity of Lille,FR,France,1,SNS,2011-2015,outgoing
https://ror.org/00dzbg839,Royal Astronomical Society,GB,United Kingdom,1,SNS,2011-2015,outgoing
https://ror.org/00e4bwe12,Max Planck Institute for Extraterrestrial Physics,DE,Germany,2127,SNS,2011-2015,outgoing
https://ror.org/00e4fz088,Institut de recherches philosophiques,FR,France,1,SNS,2011-2015,outgoing
https://ror.org/00e5k0821,New York University Abu Dhabi,AE,United Arab Emirates,7,SNS,2011-2015,outgoing
https://ror.org/00e7dfm13,Centre for Medical Systems Biology,NL,The Netherlands,2,SNS,2011-2015,outgoing
https://ror.org/00e87hq62,Taichung Veterans General Hospital,TW,Taiwan,4,SNS,2011-2015,outgoing
https://ror.org/00e8ar137,Vejle Sygehus,DK,Denmark,1,SNS,2011-2015,outgoing
https://ror.org/00e96v939,Université d'Évry Val-d'Essonne,FR,France,36,SNS,2011-2015,outgoing
https://ror.org/00eae9z71,University of Newcastle Australia,AU,Australia,58,SNS,2011-2015,outgoing
https://ror.org/00eaqry86,Centre for Microscopy and Microanalysis,AU,Australia,6,SNS,2011-2015,outgoing
https://ror.org/00edrn755,Hvidovre Hospital,DK,Denmark,1,SNS,2011-2015,outgoing
https://ror.org/00edvg943,Hochschule Bielefeld,DE,Germany,1,SNS,2011-2015,outgoing
https://ror.org/00edzht24,Laboratoire de génétique et biologie cellulaire,FR,France,6,SNS,2011-2015,outgoing
https://ror.org/00ee40h97,The Barbara Ann Karmanos Cancer Institute,US,United States,4,SNS,2011-2015,outgoing
https://ror.org/00ee9xb13,Fafo Foundation,NO,Norway,2,SNS,2011-2015,outgoing
https://ror.org/00eeef580,State Key Laboratory of Stem Cell and Reproductive Biology,CN,China,3,SNS,2011-2015,outgoing
https://ror.org/00eftnx64,Universidade Federal de Campina Grande,BR,Brazil,1,SNS,2011-2015,outgoing
https://ror.org/00eg2e012,American Economic Association,US,United States,2,SNS,2011-2015,outgoing
https://ror.org/00egdv862,Hongik University,KR,South Korea,3,SNS,2011-2015,outgoing
https://ror.org/00eh7f421,E-Da Hospital,TW,Taiwan,2,SNS,2011-2015,outgoing
https://ror.org/00emz0366,Woosuk University,KR,South Korea,1,SNS,2011-2015,outgoing
https://ror.org/00epner96,Bellvitge University Hospital,ES,Spain,14,SNS,2011-2015,outgoing
https://ror.org/00eqwze33,Basque Centre for Climate Change,ES,Spain,1,SNS,2011-2015,outgoing
https://ror.org/00ettzs98,Ascent Bio-Nano Technologies (United States),US,United States,1,SNS,2011-2015,outgoing
https://ror.org/00ew7rg06,MorphoSys (Germany),DE,Germany,1,SNS,2011-2015,outgoing
https://ror.org/00ew8c753,St. Mary's Hospital Lacor,UG,Uganda,3,SNS,2011-2015,outgoing
https://ror.org/00ex2fc97,Kyushu University Hospital,JP,Japan,1,SNS,2011-2015,outgoing
https://ror.org/00ey0ed83,Odense University Hospital,DK,Denmark,8,SNS,2011-2015,outgoing
https://ror.org/00ey54k21,Universidade de Ribeirão Preto,BR,Brazil,1,SNS,2011-2015,outgoing
https://ror.org/00ez2he07,Max Planck Institute for Mathematics in the Sciences,DE,Germany,23,SNS,2011-2015,outgoing
https://ror.org/00ez32163,GeoScienceWorld,US,United States,2,SNS,2011-2015,outgoing
https://ror.org/00ez5eh91,Center for Advanced Biomaterials for Healthcare,IT,Italy,13,SNS,2011-2015,outgoing
https://ror.org/00ezjkn15,Osipyan Institute of Solid State Physics RAS,RU,Russia,14,SNS,2011-2015,outgoing
https://ror.org/00ezvft90,Laboratory of Excellence GR-Ex,FR,France,1,SNS,2011-2015,outgoing
https://ror.org/00f1zfq44,Central South University,CN,China,17,SNS,2011-2015,outgoing
https://ror.org/00f200z37,Chonnam National University Hospital,KR,South Korea,1,SNS,2011-2015,outgoing
https://ror.org/00f2txz25,Kitasato University,JP,Japan,11,SNS,2011-2015,outgoing
https://ror.org/00f2yqf98,Medizinische Hochschule Hannover,DE,Germany,21,SNS,2011-2015,outgoing
https://ror.org/00f2z7n96,RAND Corporation,US,United States,1,SNS,2011-2015,outgoing
https://ror.org/00f378f80,Akademiska Barnsjukhuset,SE,Sweden,2,SNS,2011-2015,outgoing
https://ror.org/00f3x4340,Instituto Español de Oceanografía,ES,Spain,1,SNS,2011-2015,outgoing
https://ror.org/00f44np30,Singapore Institute of Manufacturing Technology,SG,Singapore,9,SNS,2011-2015,outgoing
https://ror.org/00f4mz521,Institute of Strength Physics and Materials Science,RU,Russia,3,SNS,2011-2015,outgoing
https://ror.org/00f54p054,Stanford University,US,United States,3707,SNS,2011-2015,outgoing
https://ror.org/00f6a9h42,National Institute of Animal Biotechnology,IN,India,1,SNS,2011-2015,outgoing
https://ror.org/00f6b3992,The 451 Group (United States),US,United States,5,SNS,2011-2015,outgoing
https://ror.org/00f7hpc57,Friedrich-Alexander-Universität Erlangen-Nürnberg,DE,Germany,234,SNS,2011-2015,outgoing
https://ror.org/00f7kfd14,Dulbecco Telethon Institute,IT,Italy,59,SNS,2011-2015,outgoing
https://ror.org/00f809463,Institute for Advanced Study,US,United States,383,SNS,2011-2015,outgoing
https://ror.org/00f8man71,Indiana State University,US,United States,15,SNS,2011-2015,outgoing
https://ror.org/00f945z63,Institut Pytheas,FR,France,14,SNS,2011-2015,outgoing
https://ror.org/00f9tz983,National Institute for Subatomic Physics,NL,The Netherlands,3793,SNS,2011-2015,outgoing
https://ror.org/00fa9v295,Medway School of Pharmacy,GB,United Kingdom,1,SNS,2011-2015,outgoing
https://ror.org/00fadxs59,National Institute of Aerospace,US,United States,37,SNS,2011-2015,outgoing
https://ror.org/00fb35g87,Third Affiliated Hospital of Guangzhou Medical University,CN,China,1,SNS,2011-2015,outgoing
https://ror.org/00fb7yx07,Institute of High Pressure Physics,PL,Poland,5,SNS,2011-2015,outgoing
https://ror.org/00fbnyb24,University of Würzburg,DE,Germany,1535,SNS,2011-2015,outgoing
https://ror.org/00fbx7096,LGC,GB,United Kingdom,4,SNS,2011-2015,outgoing
https://ror.org/00fbze943,Arcetri Astrophysical Observatory,IT,Italy,37,SNS,2011-2015,outgoing
https://ror.org/00fc1qt65,Bucknell University,US,United States,11,SNS,2011-2015,outgoing
https://ror.org/00fcszb13,Pacific Biosciences (United States),US,United States,1,SNS,2011-2015,outgoing
https://ror.org/00ff5f522,Toulouse School of Economics,FR,France,14,SNS,2011-2015,outgoing
https://ror.org/00fgmmg43,UniCredit (Italy),IT,Italy,2,SNS,2011-2015,outgoing
https://ror.org/00fhcxc56,Ibb University,YE,Yemen,1,SNS,2011-2015,outgoing
https://ror.org/00fhk4582,Sri Lanka Institute of Information Technology,LK,Sri Lanka,1,SNS,2011-2015,outgoing
https://ror.org/00fj73d18,University of Texas Institute for Geophysics,US,United States,1,SNS,2011-2015,outgoing
https://ror.org/00fj8a872,Office of the Director,US,United States,2,SNS,2011-2015,outgoing
https://ror.org/00fkqwx76,HAW Hamburg,DE,Germany,2,SNS,2011-2015,outgoing
https://ror.org/00fkwx227,Instituto de la Grasa,ES,Spain,2,SNS,2011-2015,outgoing
https://ror.org/00fn3pa80,Nasional University,ID,Indonesia,1,SNS,2011-2015,outgoing
https://ror.org/00fn7gb05,Wilfrid Laurier University,CA,Canada,4,SNS,2011-2015,outgoing
https://ror.org/00fp3ce15,The Gurdon Institute,GB,United Kingdom,10,SNS,2011-2015,outgoing
https://ror.org/00fpj7t66,China General Nuclear Power Corporation (China),CN,China,2,SNS,2011-2015,outgoing
https://ror.org/00fpjq451,Case Comprehensive Cancer Center,US,United States,5,SNS,2011-2015,outgoing
https://ror.org/00fpvte21,Arts University Plymouth,GB,United Kingdom,1,SNS,2011-2015,outgoing
https://ror.org/00fq5cm18,National Institute on Drug Abuse,US,United States,3,SNS,2011-2015,outgoing
https://ror.org/00fqdfs68,Kuopio University Hospital,FI,Finland,13,SNS,2011-2015,outgoing
https://ror.org/00frst980,University of British Columbia Hospital,CA,Canada,2,SNS,2011-2015,outgoing
https://ror.org/00ft6nj33,Shenyang Institute of Automation,CN,China,3,SNS,2011-2015,outgoing
https://ror.org/00fthae95,Daping Hospital,CN,China,2,SNS,2011-2015,outgoing
https://ror.org/00fts7a69,Zhangqiu City People's Hospital,CN,China,1,SNS,2011-2015,outgoing
https://ror.org/00ftv8552,Center for Research in Environmental Epidemiology,ES,Spain,3,SNS,2011-2015,outgoing
https://ror.org/00ftx0026,Hochschule Düsseldorf University of Applied Sciences,DE,Germany,2,SNS,2011-2015,outgoing
https://ror.org/00fv61j67,MRC Laboratory for Molecular Cell Biology,GB,United Kingdom,5,SNS,2011-2015,outgoing
https://ror.org/00fvyjk73,Colby College,US,United States,119,SNS,2011-2015,outgoing
https://ror.org/00fw8bp86,Centre de physique des particules de Marseille,FR,France,3268,SNS,2011-2015,outgoing
https://ror.org/00fwjkb59,Laboratoire d'Economie Appliquée de Grenoble,FR,France,3,SNS,2011-2015,outgoing
https://ror.org/00fxgea47,Novartis (China),CN,China,1,SNS,2011-2015,outgoing
https://ror.org/00fy7kr67,Institute for Integrative and Experimental Genomics,DE,Germany,1,SNS,2011-2015,outgoing
https://ror.org/00fycgp36,Ural State Medical University,RU,Russia,1,SNS,2011-2015,outgoing
https://ror.org/00fyemf28,Materials innovation institute,NL,The Netherlands,1,SNS,2011-2015,outgoing
https://ror.org/00fzmm222,University of Massachusetts Dartmouth,US,United States,5,SNS,2011-2015,outgoing
https://ror.org/00g0aq541,Cancer Research Malaysia,MY,Malaysia,3,SNS,2011-2015,outgoing
https://ror.org/00g0p6g84,University of Pretoria,ZA,South Africa,16,SNS,2011-2015,outgoing
https://ror.org/00g102351,State Key Laboratory on Integrated Optoelectronics,CN,China,1,SNS,2011-2015,outgoing
https://ror.org/00g1d7b60,Indiana University Melvin and Bren Simon Comprehensive Cancer Center,US,United States,1,SNS,2011-2015,outgoing
https://ror.org/00g1x4v36,European Federation of Pharmaceutical Industries and Associations,BE,Belgium,1,SNS,2011-2015,outgoing
https://ror.org/00g2fk805,Washington State University Vancouver,US,United States,2,SNS,2011-2015,outgoing
https://ror.org/00g2pnp92,Zunyi Normal College,CN,China,2,SNS,2011-2015,outgoing
https://ror.org/00g2qdz89,Universidad de la Ciudad de Buenos Aires,AR,Argentina,38,SNS,2011-2015,outgoing
https://ror.org/00g2tkw06,Ford Motor Company (United States),US,United States,4,SNS,2011-2015,outgoing
https://ror.org/00g2xk477,Hunter College,US,United States,13,SNS,2011-2015,outgoing
https://ror.org/00g2ypp58,Dalian University,CN,China,3,SNS,2011-2015,outgoing
https://ror.org/00g30e956,Universität Hamburg,DE,Germany,3211,SNS,2011-2015,outgoing
https://ror.org/00g3pqv36,First Affiliated Hospital of Jiangxi Medical College,CN,China,2,SNS,2011-2015,outgoing
https://ror.org/00g4bcb66,Kazan Scientific Center,RU,Russia,1,SNS,2011-2015,outgoing
https://ror.org/00g51hv48,State Key Laboratory of Metastable Materials Science and Technology,CN,China,2,SNS,2011-2015,outgoing
https://ror.org/00g5sqv46,Universitat Rovira i Virgili,ES,Spain,30,SNS,2011-2015,outgoing
https://ror.org/00g635h87,Methodist Hospital,US,United States,47,SNS,2011-2015,outgoing
https://ror.org/00g656d67,Leibniz-Institute for New Materials,DE,Germany,7,SNS,2011-2015,outgoing
https://ror.org/00g669j87,Laboratoire de Mathématiques et de leurs Applications,FR,France,1,SNS,2011-2015,outgoing
https://ror.org/00g6ka752,Ferdowsi University of Mashhad,IR,Iran,3,SNS,2011-2015,outgoing
https://ror.org/00g6mre77,American Astronautical Society,US,United States,2,SNS,2011-2015,outgoing
https://ror.org/00g700j37,Université Bourgogne Europe,FR,France,61,SNS,2011-2015,outgoing
https://ror.org/00g76w893,ARC Centre for Nanoscale BioPhotonics,AU,Australia,7,SNS,2011-2015,outgoing
https://ror.org/00g7xqw85,Universitatea Ecologica din Bucuresti,RO,Romania,1137,SNS,2011-2015,outgoing
https://ror.org/00g8nr938,Barnes-Jewish West County Hospital,US,United States,3,SNS,2011-2015,outgoing
https://ror.org/00garhy75,National Epilepsy Center,JP,Japan,2,SNS,2011-2015,outgoing
https://ror.org/00gban551,Biomedical Research Foundation of the Academy of Athens,GR,Greece,7,SNS,2011-2015,outgoing
https://ror.org/00gby0d64,Universidade Municipal de São Caetano do Sul,BR,Brazil,2,SNS,2011-2015,outgoing
https://ror.org/00gdrb321,Research Center for Chronic Inflammatory Diseases,IR,Iran,1,SNS,2011-2015,outgoing
https://ror.org/00gffbx54,Hôpital La Rabta,TN,Tunisia,5,SNS,2011-2015,outgoing
https://ror.org/00gg87355,Department of Behavioral Health,US,United States,1,SNS,2011-2015,outgoing
https://ror.org/00ggpsq73,Otto-von-Guericke-Universität Magdeburg,DE,Germany,16,SNS,2011-2015,outgoing
https://ror.org/00ghzk478,INSEAD,FR,France,2,SNS,2011-2015,outgoing
https://ror.org/00gm7ct78,Centre d'études internationales et européennes,FR,France,7,SNS,2011-2015,outgoing
https://ror.org/00gmyvv50,Alberta Children's Hospital Research Institute,CA,Canada,4,SNS,2011-2015,outgoing
https://ror.org/00gmz2d02,Institute of Chemical Biology and Fundamental Medicine,RU,Russia,4,SNS,2011-2015,outgoing
https://ror.org/00gnnx384,kassel university press,DE,Germany,23,SNS,2011-2015,outgoing
https://ror.org/00gpmb873,Kantonsspital St. Gallen,CH,Switzerland,1,SNS,2011-2015,outgoing
https://ror.org/00gprdj76,Latin American Institute,RU,Russia,1,SNS,2011-2015,outgoing
https://ror.org/00gqsp710,Osservatorio di Astrofisica e Scienza dello Spazio,IT,Italy,153,SNS,2011-2015,outgoing
https://ror.org/00gqx0331,Research Complex at Harwell,GB,United Kingdom,6,SNS,2011-2015,outgoing
https://ror.org/00grd1h17,Medtronic (United States),US,United States,3,SNS,2011-2015,outgoing
https://ror.org/00gt5xe03,Hartford Hospital,US,United States,2,SNS,2011-2015,outgoing
https://ror.org/00gt6pp04,University of Health Sciences Lahore,PK,Pakistan,1,SNS,2011-2015,outgoing
https://ror.org/00gtcbp88,Universidade de Pernambuco,BR,Brazil,1,SNS,2011-2015,outgoing
https://ror.org/00gtfax65,International Atomic Energy Agency,IT,Italy,1,SNS,2011-2015,outgoing
https://ror.org/00gtg0p11,Centre Île-de-France - Jouy-en-Josas - Antony,FR,France,1,SNS,2011-2015,outgoing
https://ror.org/00gtmwv55,Bristol-Myers Squibb (United States),US,United States,9,SNS,2011-2015,outgoing
https://ror.org/00gvw6327,King George's Medical University,IN,India,3,SNS,2011-2015,outgoing
https://ror.org/00gw6fh23,Klinikum Hanau,DE,Germany,1,SNS,2011-2015,outgoing
https://ror.org/00gx3j908,Northwest Normal University,CN,China,11,SNS,2011-2015,outgoing
https://ror.org/00gxyk415,Center for Language Studies,NL,The Netherlands,2,SNS,2011-2015,outgoing
https://ror.org/00gzx6s15,Johns Hopkins Berman Institute of Bioethics,US,United States,1,SNS,2011-2015,outgoing
https://ror.org/00h04da97,McNeese State University,US,United States,84,SNS,2011-2015,outgoing
https://ror.org/00h0my365,Fraunhofer Chile Research Foundation,CL,Chile,1,SNS,2011-2015,outgoing
https://ror.org/00h14e570,Massachusetts Clean Energy Center,US,United States,1,SNS,2011-2015,outgoing
https://ror.org/00h1x4t21,Weierstrass Institute for Applied Analysis and Stochastics,DE,Germany,22,SNS,2011-2015,outgoing
https://ror.org/00h25w961,"University of Puerto Rico, Medical Sciences Campus",US,United States,1,SNS,2011-2015,outgoing
https://ror.org/00h2vm590,University of the Western Cape,ZA,South Africa,322,SNS,2011-2015,outgoing
https://ror.org/00h3d0p13,King’s University College,CA,Canada,3,SNS,2011-2015,outgoing
https://ror.org/00h4spn88,Mahatma Gandhi University,IN,India,2,SNS,2011-2015,outgoing
https://ror.org/00h52n341,Changchun Institute of Applied Chemistry,CN,China,36,SNS,2011-2015,outgoing
https://ror.org/00h533452,Ottawa Heart Institute,CA,Canada,2,SNS,2011-2015,outgoing
https://ror.org/00h55v928,Helwan University,EG,Egypt,43,SNS,2011-2015,outgoing
https://ror.org/00h6set76,Utah State University,US,United States,47,SNS,2011-2015,outgoing
https://ror.org/00h9jrb69,University of Valparaíso,CL,Chile,30,SNS,2011-2015,outgoing
https://ror.org/00h9jx107,Institute of Applied Mathematics,RU,Russia,8,SNS,2011-2015,outgoing
https://ror.org/00ha1f767,Instituto de Investigaciones Biomédicas Sols-Morreale,ES,Spain,1,SNS,2011-2015,outgoing
https://ror.org/00hfbva78,General Hospital of Guangzhou Military Command,CN,China,1,SNS,2011-2015,outgoing
https://ror.org/00hfj7g70,National Kaohsiung University of Science and Technology,TW,Taiwan,1,SNS,2011-2015,outgoing
https://ror.org/00hg9t388,Campus Science Support Facilities,AT,Austria,1,SNS,2011-2015,outgoing
https://ror.org/00hgmwb30,Institute of Macromolecular Compounds,RU,Russia,1,SNS,2011-2015,outgoing
https://ror.org/00hgy8d33,Defence Research and Development Canada,CA,Canada,2,SNS,2011-2015,outgoing
https://ror.org/00hhkn466,Japan Society for the Promotion of Science,JP,Japan,3,SNS,2011-2015,outgoing
https://ror.org/00hj54h04,The University of Texas at Austin,US,United States,2469,SNS,2011-2015,outgoing
https://ror.org/00hj8s172,Columbia University,US,United States,3040,SNS,2011-2015,outgoing
https://ror.org/00hjks330,Royal Observatory of Belgium,BE,Belgium,10,SNS,2011-2015,outgoing
https://ror.org/00hjz7x27,Georgetown University Medical Center,US,United States,16,SNS,2011-2015,outgoing
https://ror.org/00hm77b03,Community College of Philadelphia,US,United States,3,SNS,2011-2015,outgoing
https://ror.org/00hmyb194,Accenture (Ireland),IE,Ireland,2,SNS,2011-2015,outgoing
https://ror.org/00hn7w693,Southwest Jiaotong University,CN,China,19,SNS,2011-2015,outgoing
https://ror.org/00hn92440,Broomfield Hospital,GB,United Kingdom,1,SNS,2011-2015,outgoing
https://ror.org/00hpz7z43,New Mexico State University,US,United States,192,SNS,2011-2015,outgoing
https://ror.org/00hrmgq26,Hospital Universitário Pedro Ernesto,BR,Brazil,1,SNS,2011-2015,outgoing
https://ror.org/00hs7dr46,Ural Federal University,RU,Russia,10,SNS,2011-2015,outgoing
https://ror.org/00hshrf16,Jaypee University of Information Technology,IN,India,1,SNS,2011-2015,outgoing
https://ror.org/00hswnk62,Queen's University Belfast,GB,United Kingdom,135,SNS,2011-2015,outgoing
https://ror.org/00htrxv69,Azienda Socio Sanitaria Territoriale Grande Ospedale Metropolitano Niguarda,IT,Italy,5,SNS,2011-2015,outgoing
https://ror.org/00hwfqh10,Harbin Institute of Technology Shenzhen Graduate School,CN,China,1,SNS,2011-2015,outgoing
https://ror.org/00hwfrn96,Laboratory for Solid State Physics,CH,Switzerland,10,SNS,2011-2015,outgoing
https://ror.org/00hx26749,Q Therapeutics (United States),US,United States,2,SNS,2011-2015,outgoing
https://ror.org/00hx57361,Princeton University,US,United States,1390,SNS,2011-2015,outgoing
https://ror.org/00hx6zz33,École Normale Supérieure Paris-Saclay,FR,France,34,SNS,2011-2015,outgoing
https://ror.org/00hy22508,Délégation Paris Michel-Ange,FR,France,759,SNS,2011-2015,outgoing
https://ror.org/00j0rk173,Marconi University,IT,Italy,888,SNS,2011-2015,outgoing
https://ror.org/00j0w4q23,African Institute for Mathematical Sciences Senegal,SN,Senegal,1,SNS,2011-2015,outgoing
https://ror.org/00j161312,Guy's and St Thomas' NHS Foundation Trust,GB,United Kingdom,17,SNS,2011-2015,outgoing
https://ror.org/00j1y9t40,Laboratoire d'Enzymologie et Biochimie Structurales,FR,France,15,SNS,2011-2015,outgoing
https://ror.org/00j39nx61,Collegium Budapest,HU,Hungary,2,SNS,2011-2015,outgoing
https://ror.org/00j4k1h63,National Institute of Environmental Health Sciences,US,United States,15,SNS,2011-2015,outgoing
https://ror.org/00j5we857,Bremer Institut für Produktion und Logistik GmbH,DE,Germany,1,SNS,2011-2015,outgoing
https://ror.org/00j62qv07,Royal Swedish Academy of Sciences,SE,Sweden,9,SNS,2011-2015,outgoing
https://ror.org/00j83wy46,Monsanto (United States),US,United States,2,SNS,2011-2015,outgoing
https://ror.org/00j9b6f88,Instituto Maimónides de Investigación Biomédica de Córdoba,ES,Spain,2,SNS,2011-2015,outgoing
https://ror.org/00j9c2840,Oslo University Hospital,NO,Norway,27,SNS,2011-2015,outgoing
https://ror.org/00j9qag85,Linnaeus University,SE,Sweden,2,SNS,2011-2015,outgoing
https://ror.org/00ja2ye75,Salisbury NHS Foundation Trust,GB,United Kingdom,1,SNS,2011-2015,outgoing
https://ror.org/00jaard37,Nagaoka National College of Technology,JP,Japan,1,SNS,2011-2015,outgoing
https://ror.org/00jaxam28,Guangzhou Marine Geological Survey,CN,China,1,SNS,2011-2015,outgoing
https://ror.org/00jb9vg53,Universidad del Valle,CO,Colombia,2,SNS,2011-2015,outgoing
https://ror.org/00jbx2e92,Institute of Organic Chemistry with Centre of Phytochemistry,BG,Bulgaria,4,SNS,2011-2015,outgoing
https://ror.org/00jc20583,University of Colorado System,US,United States,1481,SNS,2011-2015,outgoing
https://ror.org/00jc2kw33,National Center for Environmental Health,US,United States,1,SNS,2011-2015,outgoing
https://ror.org/00jcx1769,Konkuk University Medical Center,KR,South Korea,1,SNS,2011-2015,outgoing
https://ror.org/00je4t102,National Academy of Sciences of Ukraine,UA,Ukraine,839,SNS,2011-2015,outgoing
https://ror.org/00jeqjx33,Kennesaw State University,US,United States,143,SNS,2011-2015,outgoing
https://ror.org/00jet1p36,Indian Institute of Forest Management,IN,India,1,SNS,2011-2015,outgoing
https://ror.org/00jfgw542,Hospital Sultanah Nur Zahirah,MY,Malaysia,1,SNS,2011-2015,outgoing
https://ror.org/00jh2w590,New Mexico Department of Health,US,United States,1,SNS,2011-2015,outgoing
https://ror.org/00jhf9987,State Key Laboratory of Soil and Sustainable Agriculture,CN,China,2,SNS,2011-2015,outgoing
https://ror.org/00jjeh629,Harvard–MIT Division of Health Sciences and Technology,US,United States,36,SNS,2011-2015,outgoing
https://ror.org/00jjkh886,Zhoukou Normal University,CN,China,1,SNS,2011-2015,outgoing
https://ror.org/00jjx8s55,Commissariat à l'Énergie Atomique et aux Énergies Alternatives,FR,France,20,SNS,2011-2015,outgoing
https://ror.org/00jkprj19,John Paul the Great Catholic University,US,United States,4,SNS,2011-2015,outgoing
https://ror.org/00jkr8r49,Programa de Desarrollo de las Ciencias Básicas,UY,Uruguay,1,SNS,2011-2015,outgoing
https://ror.org/00jmfr291,University of Michigan,US,United States,3855,SNS,2011-2015,outgoing
https://ror.org/00jmxvy70,Délégation Régionale Nord Ouest,FR,France,1,SNS,2011-2015,outgoing
https://ror.org/00jp6wj61,Instituto Nacional de Metrologia,CU,Cuba,10,SNS,2011-2015,outgoing
https://ror.org/00jp83f12,Bochum University of Applied Sciences Health Campus,DE,Germany,101,SNS,2011-2015,outgoing
https://ror.org/00jpq0w62,Centre Hospitalier Universitaire de Tours,FR,France,3,SNS,2011-2015,outgoing
https://ror.org/00jr9ks41,Techniserv (Czechia),CZ,Czechia,20,SNS,2011-2015,outgoing
https://ror.org/00jrmky87,Puglia Salute,IT,Italy,1,SNS,2011-2015,outgoing
https://ror.org/00jrtvk29,Wilmington University,US,United States,2,SNS,2011-2015,outgoing
https://ror.org/00js3aw79,Jilin University,CN,China,59,SNS,2011-2015,outgoing
https://ror.org/00jsgkx16,Lille School of Management Research Center,FR,France,1,SNS,2011-2015,outgoing
https://ror.org/00jsr1632,University of Providence,US,United States,7,SNS,2011-2015,outgoing
https://ror.org/00jsv7j98,Electrophysiology and Heart Modeling Institute,FR,France,1,SNS,2011-2015,outgoing
https://ror.org/00jtmb277,University of Wollongong,AU,Australia,32,SNS,2011-2015,outgoing
https://ror.org/00jyx0v10,Alfred I. duPont Hospital for Children,US,United States,1,SNS,2011-2015,outgoing
https://ror.org/00jzv1t04,Université catholique de l'ouest,FR,France,1,SNS,2011-2015,outgoing
https://ror.org/00jzwgz36,Koç University,TR,Turkey,13,SNS,2011-2015,outgoing
https://ror.org/00jzxnz73,The Third Institute of the Ministry of Public Security,CN,China,1,SNS,2011-2015,outgoing
https://ror.org/00k01kt20,DSM (Netherlands),NL,The Netherlands,709,SNS,2011-2015,outgoing
https://ror.org/00k194y12,Kaohsiung Chang Gung Memorial Hospital,TW,Taiwan,2,SNS,2011-2015,outgoing
https://ror.org/00k1qja49,Institut Català de Nanociència i Nanotecnologia,ES,Spain,35,SNS,2011-2015,outgoing
https://ror.org/00k206f19,École Nationale de la Statistique et de l'Analyse de l'Information,FR,France,4,SNS,2011-2015,outgoing
https://ror.org/00k27aj44,University of the Philippines Open University,PH,Philippines,1,SNS,2011-2015,outgoing
https://ror.org/00k3smk02,Instituto de Fisiología Vegetal,AR,Argentina,1,SNS,2011-2015,outgoing
https://ror.org/00k4cwq24,Ministry of Higher Education and Scientific Research,EG,Egypt,2,SNS,2011-2015,outgoing
https://ror.org/00k4h2615,Schloss Dagstuhl – Leibniz Center for Informatics,DE,Germany,4,SNS,2011-2015,outgoing
https://ror.org/00k4n6c32,European Commission,BE,Belgium,17,SNS,2011-2015,outgoing
https://ror.org/00k575643,National Synchrotron Radiation Research Center,TW,Taiwan,6,SNS,2011-2015,outgoing
https://ror.org/00k5j5c86,Tokyo Medical University,JP,Japan,2,SNS,2011-2015,outgoing
https://ror.org/00k63dq23,Meharry Medical College,US,United States,1,SNS,2011-2015,outgoing
https://ror.org/00k6njn28,Institut d'Estudis Espacials de Catalunya,ES,Spain,5,SNS,2011-2015,outgoing
https://ror.org/00k6r3f30,Unidade Local de Saúde de São José,PT,Portugal,1,SNS,2011-2015,outgoing
https://ror.org/00k6tx165,Ball State University,US,United States,3,SNS,2011-2015,outgoing
https://ror.org/00k7r7f88,Xuan Wu Hospital of the Capital Medical University,CN,China,2,SNS,2011-2015,outgoing
https://ror.org/00k8zt527,KIIT University,IN,India,1,SNS,2011-2015,outgoing
https://ror.org/00ka6rp58,Sir Run Run Shaw Hospital,CN,China,1,SNS,2011-2015,outgoing
https://ror.org/00kd5se19,"National Institute of Technology, Nagano College",JP,Japan,1,SNS,2011-2015,outgoing
https://ror.org/00kg66g91,Women & Children's Hospital of Buffalo,US,United States,1,SNS,2011-2015,outgoing
https://ror.org/00kgrkn83,University of Lucerne,CH,Switzerland,2,SNS,2011-2015,outgoing
https://ror.org/00khh5r84,Tokyo Gakugei University,JP,Japan,7,SNS,2011-2015,outgoing
https://ror.org/00kj4ev13,Servicio de Salud del Principado de Asturias,ES,Spain,2,SNS,2011-2015,outgoing
https://ror.org/00kjr3917,Ideon Science Park,SE,Sweden,7,SNS,2011-2015,outgoing
https://ror.org/00kmde975,"Instituto de Ciências Ambientais, Químicas e Farmacêuticas",BR,Brazil,1,SNS,2011-2015,outgoing
https://ror.org/00kn4eb29,CEA DAM Île-de-France,FR,France,1,SNS,2011-2015,outgoing
https://ror.org/00kpb0908,Global Down Syndrome Foundation,US,United States,1,SNS,2011-2015,outgoing
https://ror.org/00kqye711,W.E. Upjohn Institute for Employment Research,US,United States,3,SNS,2011-2015,outgoing
https://ror.org/00kr24y60,Institut Langevin,FR,France,11,SNS,2011-2015,outgoing
https://ror.org/00krab219,Nippon Medical School,JP,Japan,2,SNS,2011-2015,outgoing
https://ror.org/00krbh354,Jan Kochanowski University,PL,Poland,24,SNS,2011-2015,outgoing
https://ror.org/00ks66431,University of Surrey,GB,United Kingdom,103,SNS,2011-2015,outgoing
https://ror.org/00kt3nk56,University of Hawaii Cancer Center,US,United States,1,SNS,2011-2015,outgoing
https://ror.org/00ktqrd38,Kyoto Prefectural University,JP,Japan,2,SNS,2011-2015,outgoing
https://ror.org/00kv63439,Institut National de Santé Publique du Québec,CA,Canada,2,SNS,2011-2015,outgoing
https://ror.org/00kw1sm04,European Space Astronomy Centre,ES,Spain,215,SNS,2011-2015,outgoing
https://ror.org/00kwm3d29,Centro Científico Tecnológico - San Juan,AR,Argentina,7,SNS,2011-2015,outgoing
https://ror.org/00kx1jb78,Temple University,US,United States,275,SNS,2011-2015,outgoing
https://ror.org/00kxqbw45,Hospital Virgen del Valle,ES,Spain,1,SNS,2011-2015,outgoing
https://ror.org/00kybxq39,Université de Sherbrooke,CA,Canada,51,SNS,2011-2015,outgoing
https://ror.org/00kz6qq24,S.N. Bose National Centre for Basic Sciences,IN,India,5,SNS,2011-2015,outgoing
https://ror.org/00kztq733,Isaac Newton Institute,CL,Chile,16,SNS,2011-2015,outgoing
https://ror.org/00kztt736,The Kavli Foundation,US,United States,76,SNS,2011-2015,outgoing
https://ror.org/00kzzgw26,Kennedy Center,DK,Denmark,1,SNS,2011-2015,outgoing
https://ror.org/00m02ap37,CT Group Of Institutions,IN,India,8,SNS,2011-2015,outgoing
https://ror.org/00m0j3d84,Daimler (Germany),DE,Germany,3,SNS,2011-2015,outgoing
https://ror.org/00m0k5p91,Centro Científico Tecnológico de Valparaíso,CL,Chile,5,SNS,2011-2015,outgoing
https://ror.org/00m129932,Center for Research and Technology Thessaly,GR,Greece,2,SNS,2011-2015,outgoing
https://ror.org/00m1mwc36,Brooke Army Medical Center,US,United States,1,SNS,2011-2015,outgoing
https://ror.org/00m2ag473,Archbold Biological Station,US,United States,2,SNS,2011-2015,outgoing
https://ror.org/00m2s0z68,Pennsylvania State System of Higher Education,US,United States,7,SNS,2011-2015,outgoing
https://ror.org/00m2x0g47,Intel (Germany),DE,Germany,6,SNS,2011-2015,outgoing
https://ror.org/00m2xfz17,Bioengineering (Switzerland),CH,Switzerland,1,SNS,2011-2015,outgoing
https://ror.org/00m31ft63,University of Split,HR,Croatia,2184,SNS,2011-2015,outgoing
https://ror.org/00m3k3802,Cross Cancer Institute,CA,Canada,2,SNS,2011-2015,outgoing
https://ror.org/00m44rf61,New Tokyo Hospital,JP,Japan,1,SNS,2011-2015,outgoing
https://ror.org/00m4rwq02,Christopher Newport University,US,United States,6,SNS,2011-2015,outgoing
https://ror.org/00m4rxj18,"Arènes: politique, santé publique, environnement, médias",FR,France,4,SNS,2011-2015,outgoing
https://ror.org/00m5rzv47,Austrian Center for Medical Innovation and Technology,AT,Austria,1,SNS,2011-2015,outgoing
https://ror.org/00m6w7z96,Northwestern University,PH,Philippines,20,SNS,2011-2015,outgoing
https://ror.org/00m7gmp97,Los Rios Community College District,US,United States,5,SNS,2011-2015,outgoing
https://ror.org/00m7gt169,Thomson Reuters (United States),US,United States,1,SNS,2011-2015,outgoing
https://ror.org/00m7w8s72,Wellcome Centre for Molecular Parasitology,GB,United Kingdom,2,SNS,2011-2015,outgoing
https://ror.org/00m8d6786,Karolinska University Hospital,SE,Sweden,31,SNS,2011-2015,outgoing
https://ror.org/00m8prc86,Deutsche Telekom (Germany),DE,Germany,1,SNS,2011-2015,outgoing
https://ror.org/00m96vp86,Queensland Eye Institute,AU,Australia,1,SNS,2011-2015,outgoing
https://ror.org/00m9c2804,Philadelphia College of Osteopathic Medicine,US,United States,1,SNS,2011-2015,outgoing
https://ror.org/00m9dbm09,Public Health Department,IN,India,3,SNS,2011-2015,outgoing
https://ror.org/00m9ydx43,National Hospital Organization Mito Medical Center,JP,Japan,1,SNS,2011-2015,outgoing
https://ror.org/00ma0mg56,NHS Grampian,GB,United Kingdom,2,SNS,2011-2015,outgoing
https://ror.org/00mbfhq81,Newcastle University Singapore,SG,Singapore,9,SNS,2011-2015,outgoing
https://ror.org/00mcjh785,Xiamen University,CN,China,88,SNS,2011-2015,outgoing
https://ror.org/00mczdx43,National University of San Luis,AR,Argentina,2,SNS,2011-2015,outgoing
https://ror.org/00md77g41,Casa Sollievo della Sofferenza,IT,Italy,9,SNS,2011-2015,outgoing
https://ror.org/00me37y22,Centro de Ciências do Mar do Algarve,PT,Portugal,1,SNS,2011-2015,outgoing
https://ror.org/00men8398,Infant,IE,Ireland,2,SNS,2011-2015,outgoing
https://ror.org/00mfpxb84,Université d'Avignon et des Pays de Vaucluse,FR,France,20,SNS,2011-2015,outgoing
https://ror.org/00mh9zx15,Field Museum of Natural History,US,United States,4,SNS,2011-2015,outgoing
https://ror.org/00mj90n62,Qingdao Mental Health Center,CN,China,1,SNS,2011-2015,outgoing
https://ror.org/00mj9k629,Children's Hospital Colorado,US,United States,5,SNS,2011-2015,outgoing
https://ror.org/00mjaaf25,National School of Public Health,GR,Greece,1,SNS,2011-2015,outgoing
https://ror.org/00mjawt10,National Sun Yat-sen University,TW,Taiwan,5,SNS,2011-2015,outgoing
https://ror.org/00mjfew53,David Geffen School of Medicine at UCLA,US,United States,6,SNS,2011-2015,outgoing
https://ror.org/00mkhxb43,University of Notre Dame,US,United States,4232,SNS,2011-2015,outgoing
https://ror.org/00mmfs450,Universities UK,GB,United Kingdom,3,SNS,2011-2015,outgoing
https://ror.org/00mmn6b08,Office of Science,US,United States,17,SNS,2011-2015,outgoing
https://ror.org/00mng9617,National Dong Hwa University,TW,Taiwan,24,SNS,2011-2015,outgoing
https://ror.org/00mp6e841,Rose–Hulman Institute of Technology,US,United States,1,SNS,2011-2015,outgoing
https://ror.org/00mpz5a50,Quinnipiac University,US,United States,54,SNS,2011-2015,outgoing
https://ror.org/00mr84n67,Johann Heinrich von Thünen-Institut,DE,Germany,1,SNS,2011-2015,outgoing
https://ror.org/00ms48f15,Air Force Medical University,CN,China,16,SNS,2011-2015,outgoing
https://ror.org/00msqp585,University of Fukui,JP,Japan,546,SNS,2011-2015,outgoing
https://ror.org/00mt8k932,"State Secretariat for Education, Research and Innovation",CH,Switzerland,5,SNS,2011-2015,outgoing
https://ror.org/00mthsf17,Centre Hospitalier Universitaire de Montpellier,FR,France,8,SNS,2011-2015,outgoing
https://ror.org/00mv6sv71,University of Zagreb,HR,Croatia,329,SNS,2011-2015,outgoing
https://ror.org/00mvwb842,Neuropsychiatric Research Institute,US,United States,2,SNS,2011-2015,outgoing
https://ror.org/00mw0tw28,University of Nova Gorica,SI,Slovenia,373,SNS,2011-2015,outgoing
https://ror.org/00mw3br24,Institute for Environmental Research,IR,Iran,1,SNS,2011-2015,outgoing
https://ror.org/00mxe0976,Toronto Rehabilitation Institute,CA,Canada,1,SNS,2011-2015,outgoing
https://ror.org/00my0hg66,Barwon Health,AU,Australia,3,SNS,2011-2015,outgoing
https://ror.org/00my25942,Fudan University Shanghai Cancer Center,CN,China,6,SNS,2011-2015,outgoing
https://ror.org/00my6s217,ScienceSouth,US,United States,4,SNS,2011-2015,outgoing
https://ror.org/00myn0z94,Institut de Recherche en Informatique et Systèmes Aléatoires,FR,France,1695,SNS,2011-2015,outgoing
https://ror.org/00myw9y39,Achucarro Basque Center for Neuroscience,ES,Spain,7,SNS,2011-2015,outgoing
https://ror.org/00mz6ad23,University of Jiroft,IR,Iran,4,SNS,2011-2015,outgoing
https://ror.org/00mz87608,Institut Interdisciplinaire de l'Innovation,FR,France,769,SNS,2011-2015,outgoing
https://ror.org/00mzz1w90,Alexandria University,EG,Egypt,12,SNS,2011-2015,outgoing
https://ror.org/00n1nz186,Kurchatov Institute,RU,Russia,1139,SNS,2011-2015,outgoing
https://ror.org/00n2kc060,Weinan Normal University,CN,China,34,SNS,2011-2015,outgoing
https://ror.org/00n2w1t65,Presbyterian Hospital,US,United States,4,SNS,2011-2015,outgoing
https://ror.org/00n3pea85,GlaxoSmithKline (Belgium),BE,Belgium,1,SNS,2011-2015,outgoing
https://ror.org/00n3w3b69,University of Strathclyde,GB,United Kingdom,329,SNS,2011-2015,outgoing
https://ror.org/00n4jbh84,"Institute of Electronics, Computer and Telecommunication Engineering",IT,Italy,6,SNS,2011-2015,outgoing
https://ror.org/00n5re093,College of the Atlantic,US,United States,1,SNS,2011-2015,outgoing
https://ror.org/00n6tay20,École nationale d'Ingénieurs de Sfax,TN,Tunisia,1,SNS,2011-2015,outgoing
https://ror.org/00n6v1c97,Bayer (Belgium),BE,Belgium,1,SNS,2011-2015,outgoing
https://ror.org/00n7gwn90,Supélec,FR,France,5,SNS,2011-2015,outgoing
https://ror.org/00n87rr37,Danish Technological Institute,DK,Denmark,18,SNS,2011-2015,outgoing
https://ror.org/00n8d6z93,Centre Inria de l'Université Grenoble Alpes,FR,France,32,SNS,2011-2015,outgoing
https://ror.org/00n8pjn35,National Bernstein Network Computational Neuroscience,DE,Germany,1,SNS,2011-2015,outgoing
https://ror.org/00n8ttd98,Institute of Atmospheric Sciences and Climate,IT,Italy,4,SNS,2011-2015,outgoing
https://ror.org/00nb5xj61,St. Andrews University,US,United States,190,SNS,2011-2015,outgoing
https://ror.org/00nb6mq69,Chulabhorn Research Institute,TH,Thailand,1,SNS,2011-2015,outgoing
https://ror.org/00ndhrx30,Suez University,EG,Egypt,47,SNS,2011-2015,outgoing
https://ror.org/00ndrvk93,Xinjiang Normal University,CN,China,1,SNS,2011-2015,outgoing
https://ror.org/00ndx3g44,Hamamatsu University School of Medicine,JP,Japan,3,SNS,2011-2015,outgoing
https://ror.org/00new7409,New York Structural Biology Center,US,United States,2,SNS,2011-2015,outgoing
https://ror.org/00ng6k310,Chapel Allerton Hospital,GB,United Kingdom,1,SNS,2011-2015,outgoing
https://ror.org/00ngv8j44,Information Technology University,PK,Pakistan,24,SNS,2011-2015,outgoing
https://ror.org/00nh9x179,St Bartholomew's Hospital,GB,United Kingdom,2,SNS,2011-2015,outgoing
https://ror.org/00nhs3j29,"Istituto Nazionale di Fisica Nucleare, Trento Institute for Fundamental Physics And Applications",IT,Italy,70,SNS,2011-2015,outgoing
https://ror.org/00nhtcg76,University of Monastir,TN,Tunisia,8,SNS,2011-2015,outgoing
https://ror.org/00njsd438,Google (United States),US,United States,82,SNS,2011-2015,outgoing
https://ror.org/00nk7p507,Riau University,ID,Indonesia,1,SNS,2011-2015,outgoing
https://ror.org/00nmgny79,Bundeswehr,DE,Germany,2,SNS,2011-2015,outgoing
https://ror.org/00nn53y54,State Key Laboratory of Medical Neurobiology,CN,China,3,SNS,2011-2015,outgoing
https://ror.org/00nqb1v70,University of Tennessee at Chattanooga,US,United States,1,SNS,2011-2015,outgoing
https://ror.org/00nqqvk19,COMSATS University Islamabad,PK,Pakistan,279,SNS,2011-2015,outgoing
https://ror.org/00nqz4988,Centro Universitario de la Defensa en San Javier,ES,Spain,3,SNS,2011-2015,outgoing
https://ror.org/00nr17z89,VA Palo Alto Health Care System,US,United States,4,SNS,2011-2015,outgoing
https://ror.org/00nrbzg90,Laboratoire Univers et Particules de Montpellier,FR,France,48,SNS,2011-2015,outgoing
https://ror.org/00nrgkr20,Ospedale di Cattinara,IT,Italy,1,SNS,2011-2015,outgoing
https://ror.org/00nrtez23,Azienda Ospedaliero Universitaria San Giovanni Battista,IT,Italy,1,SNS,2011-2015,outgoing
https://ror.org/00ns9pc83,Physical Sciences Division,RU,Russia,7487,SNS,2011-2015,outgoing
https://ror.org/00nt41z93,University of Aveiro,PT,Portugal,71,SNS,2011-2015,outgoing
https://ror.org/00nt6ka44,Çağ University,TR,Turkey,121,SNS,2011-2015,outgoing
https://ror.org/00ntfnx83,Waseda University,JP,Japan,2728,SNS,2011-2015,outgoing
https://ror.org/00nthx533,Geological Survey of India,IN,India,1,SNS,2011-2015,outgoing
https://ror.org/00ntrnw83,General Department of Preventive Medicine,VN,Vietnam,1,SNS,2011-2015,outgoing
https://ror.org/00nvjgv40,Laboratoire de Biochimie Théorique,FR,France,26,SNS,2011-2015,outgoing
https://ror.org/00nvxt968,Universitätsklinikum des Saarlandes,DE,Germany,1,SNS,2011-2015,outgoing
https://ror.org/00nwp9g54,Institute of Particle and Nuclear Studies,JP,Japan,57,SNS,2011-2015,outgoing
https://ror.org/00nwtj239,Laboratoire de Minéralogie & Cosmochimie du Muséum,FR,France,2,SNS,2011-2015,outgoing
https://ror.org/00nx7n658,Osaka Women's and Children's Hospital,JP,Japan,1,SNS,2011-2015,outgoing
https://ror.org/00nyxxr91,Peking University Cancer Hospital,CN,China,4,SNS,2011-2015,outgoing
https://ror.org/00nzsxq20,National Centre for Nuclear Research,PL,Poland,2312,SNS,2011-2015,outgoing
https://ror.org/00p03yg71,Superconducting and other Innovative Materials and Devices Institute,IT,Italy,110,SNS,2011-2015,outgoing
https://ror.org/00p2tmy87,Instituto Superior de Espinho,PT,Portugal,290,SNS,2011-2015,outgoing
https://ror.org/00p4k0j84,Kyushu University,JP,Japan,891,SNS,2011-2015,outgoing
https://ror.org/00p55jd14,Scripps College,US,United States,6,SNS,2011-2015,outgoing
https://ror.org/00p5prq49,Advanced Institute of Materials Science,JP,Japan,127,SNS,2011-2015,outgoing
https://ror.org/00p6sn362,Laboratoire Réactions et Génie des Procédés,FR,France,55,SNS,2011-2015,outgoing
https://ror.org/00p7p3302,Poznań University of Technology,PL,Poland,1,SNS,2011-2015,outgoing
https://ror.org/00p991c53,Huazhong University of Science and Technology,CN,China,37,SNS,2011-2015,outgoing
https://ror.org/00p9vpz11,Universidade Federal da Paraíba,BR,Brazil,11,SNS,2011-2015,outgoing
https://ror.org/00pamm417,Centre intégré universitaire de santé et de services sociaux de la Capitale-Nationale,CA,Canada,2,SNS,2011-2015,outgoing
https://ror.org/00pb8h375,Bauman Moscow State Technical University,RU,Russia,2,SNS,2011-2015,outgoing
https://ror.org/00pc48d59,Swiss Federal Institute of Aquatic Science and Technology,CH,Switzerland,4,SNS,2011-2015,outgoing
https://ror.org/00pcqj134,"Biologie Computationnelle, Quantitative et Synthétique",FR,France,4,SNS,2011-2015,outgoing
https://ror.org/00pcrxq11,National Nanotechnology Research Center,TR,Turkey,3,SNS,2011-2015,outgoing
https://ror.org/00pd74e08,University of Münster,DE,Germany,671,SNS,2011-2015,outgoing
https://ror.org/00pdd0432,Centre de Recherche en Neurosciences de Lyon,FR,France,8,SNS,2011-2015,outgoing
https://ror.org/00pdej676,Cracow University of Technology,PL,Poland,20,SNS,2011-2015,outgoing
https://ror.org/00pe0tf51,Food and Agriculture Organization of the United Nations,IT,Italy,2,SNS,2011-2015,outgoing
https://ror.org/00pfxsh56,Institute for Cross-Disciplinary Physics and Complex Systems,ES,Spain,37,SNS,2011-2015,outgoing
https://ror.org/00pg5jh14,Assistance Publique – Hôpitaux de Paris,FR,France,94,SNS,2011-2015,outgoing
https://ror.org/00pg6eq24,Université de Strasbourg,FR,France,3893,SNS,2011-2015,outgoing
https://ror.org/00ph8tk69,Hôpital Cochin,FR,France,7,SNS,2011-2015,outgoing
https://ror.org/00pjcpb77,Ente Regionale per i Servizi all'Agricoltura e alle Foreste,IT,Italy,1,SNS,2011-2015,outgoing
https://ror.org/00pjgxh97,Universitätsklinikum Tübingen,DE,Germany,2,SNS,2011-2015,outgoing
https://ror.org/00pjqzf38,Centre Georges François Leclerc,FR,France,2,SNS,2011-2015,outgoing
https://ror.org/00pm7rm97,IBM (Germany),DE,Germany,1,SNS,2011-2015,outgoing
https://ror.org/00pnhhv55,Jamia Millia Islamia,IN,India,3,SNS,2011-2015,outgoing
https://ror.org/00prkya54,Dalian Institute of Chemical Physics,CN,China,56,SNS,2011-2015,outgoing
https://ror.org/00prsav78,Polytechnic Institute of Bragança,PT,Portugal,3,SNS,2011-2015,outgoing
https://ror.org/00prvqp73,Institut Rhônalpin des Systèmes Complexes,FR,France,7,SNS,2011-2015,outgoing
https://ror.org/00pt8r998,Universidad Nacional del Litoral,AR,Argentina,16,SNS,2011-2015,outgoing
https://ror.org/00pvqk557,State Key Laboratory of Oral Diseases,CN,China,4,SNS,2011-2015,outgoing
https://ror.org/00pwgnh47,Max Planck Institute of Colloids and Interfaces,DE,Germany,7,SNS,2011-2015,outgoing
https://ror.org/00pwny267,European Telecommunications Standards Institute,FR,France,1,SNS,2011-2015,outgoing
https://ror.org/00pwqz914,Kavli Institute for Particle Astrophysics and Cosmology,US,United States,449,SNS,2011-2015,outgoing
https://ror.org/00py81415,Duke University,US,United States,2891,SNS,2011-2015,outgoing
https://ror.org/00pyqav47,University of Ostrava,CZ,Czechia,19,SNS,2011-2015,outgoing
https://ror.org/00pz2fp31,Basque Government,ES,Spain,7,SNS,2011-2015,outgoing
https://ror.org/00pzxxx15,India Diabetes Research Foundation,IN,India,1,SNS,2011-2015,outgoing
https://ror.org/00q09pe49,National Taiwan University of Science and Technology,TW,Taiwan,4,SNS,2011-2015,outgoing
https://ror.org/00q16t150,University of Texas Health Science Center at Dallas,US,United States,2,SNS,2011-2015,outgoing
https://ror.org/00q1fsf04,University Medical Center of the Johannes Gutenberg University Mainz,DE,Germany,29,SNS,2011-2015,outgoing
https://ror.org/00q2w1j53,Indian Statistical Institute,IN,India,9,SNS,2011-2015,outgoing
https://ror.org/00q32j219,Boehringer Ingelheim (Germany),DE,Germany,8,SNS,2011-2015,outgoing
https://ror.org/00q3c5d02,Universidade Paulista Campinas,BR,Brazil,2,SNS,2011-2015,outgoing
https://ror.org/00q3jak84,Instituto do Coração - HCFMUSP,BR,Brazil,3,SNS,2011-2015,outgoing
https://ror.org/00q3psk33,Institute of Biophysics and Cell Engineering,BY,Belarus,2,SNS,2011-2015,outgoing
https://ror.org/00q4sx826,Office of the Secretary of Defense,US,United States,3,SNS,2011-2015,outgoing
https://ror.org/00q4vv597,Hong Kong University of Science and Technology,CN,China,1403,SNS,2011-2015,outgoing
https://ror.org/00q523p52,National Formosa University,TW,Taiwan,1,SNS,2011-2015,outgoing
https://ror.org/00q6h8f30,Amsterdam UMC Location Vrije Universiteit Amsterdam,NL,The Netherlands,189,SNS,2011-2015,outgoing
https://ror.org/00q6ynx29,Stiftung Mercator,DE,Germany,3,SNS,2011-2015,outgoing
https://ror.org/00q7d9z06,NILU,NO,Norway,1,SNS,2011-2015,outgoing
https://ror.org/00q7fqf35,California NanoSystems Institute,US,United States,6,SNS,2011-2015,outgoing
https://ror.org/00qa63322,Atal Bihari Vajpayee Institute of Medical Sciences and Dr. Ram Manohar Lohia Hospital,IN,India,1,SNS,2011-2015,outgoing
https://ror.org/00qa9vw67,Combat Capabilities Development Command Soldier Center,US,United States,1,SNS,2011-2015,outgoing
https://ror.org/00qcnss81,Mongolian National University,MN,Mongolia,1,SNS,2011-2015,outgoing
https://ror.org/00qd31w11,King Abdullah Petroleum Studies and Research Center,SA,Saudi Arabia,1,SNS,2011-2015,outgoing
https://ror.org/00qdc6m37,Universidade Federal de São Carlos,BR,Brazil,25,SNS,2011-2015,outgoing
https://ror.org/00qfke340,Institute of Molecular Functional Materials,CN,China,14,SNS,2011-2015,outgoing
https://ror.org/00qg0kr10,Tokyo University of Agriculture and Technology,JP,Japan,327,SNS,2011-2015,outgoing
https://ror.org/00qh9dx40,Shoklo Malaria Research Unit,TH,Thailand,2,SNS,2011-2015,outgoing
https://ror.org/00qjgza05,University of Chieti-Pescara,IT,Italy,58,SNS,2011-2015,outgoing
https://ror.org/00qk1f078,Oles Honchar Dnipro National University,UA,Ukraine,2,SNS,2011-2015,outgoing
https://ror.org/00qk1xk35,Plexxikon (United States),US,United States,3,SNS,2011-2015,outgoing
https://ror.org/00qps9a02,Istituto Nazionale di Geofisica e Vulcanologia,IT,Italy,28,SNS,2011-2015,outgoing
https://ror.org/00qqv6244,Medical College of Wisconsin,US,United States,39,SNS,2011-2015,outgoing
https://ror.org/00qrf6g60,"Istituto Nazionale di Fisica Nucleare, Sezione di Lecce",IT,Italy,34,SNS,2011-2015,outgoing
https://ror.org/00qrpt643,Bankstown Lidcombe Hospital,AU,Australia,4,SNS,2011-2015,outgoing
https://ror.org/00qryer39,International Institute of Information Technology,IN,India,2,SNS,2011-2015,outgoing
https://ror.org/00qsdn986,Academy of Athens,GR,Greece,31,SNS,2011-2015,outgoing
https://ror.org/00qsh5z35,Centro de Física,PT,Portugal,1,SNS,2011-2015,outgoing
https://ror.org/00qsm3z32,B.I. Stepanov Institute of Physics,BY,Belarus,930,SNS,2011-2015,outgoing
https://ror.org/00qsxq433,Santhera Pharmaceuticals (Switzerland),CH,Switzerland,2,SNS,2011-2015,outgoing
https://ror.org/00qsyw664,Istanbul Aydın University,TR,Turkey,292,SNS,2011-2015,outgoing
https://ror.org/00qv0tw17,SUNY College of Environmental Science and Forestry,US,United States,1,SNS,2011-2015,outgoing
https://ror.org/00qv2zm13,Agricultural Research Service - Pacific West Area,US,United States,4,SNS,2011-2015,outgoing
https://ror.org/00qvx5329,Doheny Eye Institute,US,United States,4,SNS,2011-2015,outgoing
https://ror.org/00qy3dp86,Wuhan Institute of Bioengineering,CN,China,1,SNS,2011-2015,outgoing
https://ror.org/00qy6se24,Asociación de Amigos de la Universidad de Navarra,ES,Spain,1,SNS,2011-2015,outgoing
https://ror.org/00qyh5r35,Hospital Universitario 12 De Octubre,ES,Spain,1,SNS,2011-2015,outgoing
https://ror.org/00qz24g20,University of North Carolina Health Care,US,United States,1,SNS,2011-2015,outgoing
https://ror.org/00qz2t575,Centro de Investigação em Ciências da Saúde,PT,Portugal,1,SNS,2011-2015,outgoing
https://ror.org/00r1edq15,Universität Greifswald,DE,Germany,14,SNS,2011-2015,outgoing
https://ror.org/00r348449,Office of the Assistant Secretary for Health,US,United States,1,SNS,2011-2015,outgoing
https://ror.org/00r4sry34,Murdoch University,AU,Australia,8,SNS,2011-2015,outgoing
https://ror.org/00r4vsg44,Texas Heart Institute,US,United States,1,SNS,2011-2015,outgoing
https://ror.org/00r5yyv69,European Trade Union Institute,BE,Belgium,2,SNS,2011-2015,outgoing
https://ror.org/00r67fz39,Second Affiliated Hospital of Chongqing Medical University,CN,China,1,SNS,2011-2015,outgoing
https://ror.org/00r71zw23,Institute of Materials and Environmental Chemistry,HU,Hungary,2,SNS,2011-2015,outgoing
https://ror.org/00r7b5b77,Instituto Português de Oncologia Francisco Gentil,PT,Portugal,1,SNS,2011-2015,outgoing
https://ror.org/00r8jkk54,Institut des Sciences Moléculaires,FR,France,40,SNS,2011-2015,outgoing
https://ror.org/00r8w8f84,Mohammed V University,MA,Morocco,174,SNS,2011-2015,outgoing
https://ror.org/00r9vb833,University Hospital Centre Zagreb,HR,Croatia,1,SNS,2011-2015,outgoing
https://ror.org/00rafd796,Instituto de Ciencia de Materiales de Sevilla,ES,Spain,3,SNS,2011-2015,outgoing
https://ror.org/00ramkd50,Southern Connecticut State University,US,United States,2,SNS,2011-2015,outgoing
https://ror.org/00rca3h04,Our Lady of the Lake Children's Hospital,US,United States,1,SNS,2011-2015,outgoing
https://ror.org/00rcxh774,University of Cologne,DE,Germany,196,SNS,2011-2015,outgoing
https://ror.org/00rd5t069,Wenzhou Medical University,CN,China,16,SNS,2011-2015,outgoing
https://ror.org/00rev1511,Australian Bureau of Agricultural and Resource Economics,AU,Australia,1,SNS,2011-2015,outgoing
https://ror.org/00rfccx09,"Groupe de Recherche en Droit, Économie, Gestion",FR,France,2,SNS,2011-2015,outgoing
https://ror.org/00rg70c39,Agostino Gemelli University Polyclinic,IT,Italy,1,SNS,2011-2015,outgoing
https://ror.org/00rhzk043,Institute of Biosciences & Applications,GR,Greece,2,SNS,2011-2015,outgoing
https://ror.org/00rkrv905,La Ligue Contre le Cancer,FR,France,1,SNS,2011-2015,outgoing
https://ror.org/00rmv5n97,Direction des Sciences de la Matière,FR,France,1940,SNS,2011-2015,outgoing
https://ror.org/00rmvjy83,Ministry of Civil Affairs,CN,China,1,SNS,2011-2015,outgoing
https://ror.org/00rnbty21,Centre for Quantum Computation and Communication Technology,AU,Australia,76,SNS,2011-2015,outgoing
https://ror.org/00rncr820,International Institute for Nanotechnology,US,United States,4,SNS,2011-2015,outgoing
https://ror.org/00rnw4e09,Magee-Womens Research Institute,US,United States,2,SNS,2011-2015,outgoing
https://ror.org/00rqy9422,The University of Queensland,AU,Australia,553,SNS,2011-2015,outgoing
https://ror.org/00rs6vg23,The Ohio State University,US,United States,6614,SNS,2011-2015,outgoing
https://ror.org/00rt27171,Laboratory of Pathogens and Host Immunity,FR,France,1,SNS,2011-2015,outgoing
https://ror.org/00rt8gn18,Institute of Technology Tralee,IE,Ireland,1,SNS,2011-2015,outgoing
https://ror.org/00rwtwt20,Northeast Catholic College,US,United States,1,SNS,2011-2015,outgoing
https://ror.org/00rxdng69,Centre universitaire de recherches sur l'Action Publique et le Politique Épistémologie & Sciences Sociales,FR,France,1,SNS,2011-2015,outgoing
https://ror.org/00rxpqe74,Providence College,US,United States,1,SNS,2011-2015,outgoing
https://ror.org/00rydyx93,Institut des Sciences Biologiques,FR,France,323,SNS,2011-2015,outgoing
https://ror.org/00rytkh49,Shanghai Institute of Nutrition and Health,CN,China,15,SNS,2011-2015,outgoing
https://ror.org/00rz5xc38,Mississippi Valley State University,US,United States,20,SNS,2011-2015,outgoing
https://ror.org/00rzr5v92,Centre for Catalysis Research and Innovation,CA,Canada,1,SNS,2011-2015,outgoing
https://ror.org/00rzspn62,University of Malaya,MY,Malaysia,746,SNS,2011-2015,outgoing
https://ror.org/00s05em53,RIKEN BioResource Research Center,JP,Japan,3,SNS,2011-2015,outgoing
https://ror.org/00s13br28,Henan Normal University,CN,China,95,SNS,2011-2015,outgoing
https://ror.org/00s147322,Science and Technology Policy Institute,KR,South Korea,6,SNS,2011-2015,outgoing
https://ror.org/00s19x989,CNRS Ingénierie,FR,France,2521,SNS,2011-2015,outgoing
https://ror.org/00s1jty20,Biotechnology Institute,US,United States,2,SNS,2011-2015,outgoing
https://ror.org/00s1q1t70,Institute of Earthquake Prediction Theory and Mathematical Geophysics,RU,Russia,1,SNS,2011-2015,outgoing
https://ror.org/00s2j5046,Institute of Molecular Bioimaging and Physiology,IT,Italy,3,SNS,2011-2015,outgoing
https://ror.org/00s409261,University of Insubria,IT,Italy,321,SNS,2011-2015,outgoing
https://ror.org/00s61s029,VA New England Healthcare System,US,United States,5,SNS,2011-2015,outgoing
https://ror.org/00s6t1f81,University of Pavia,IT,Italy,5406,SNS,2011-2015,outgoing
https://ror.org/00s7tkw17,Minjiang University,CN,China,11,SNS,2011-2015,outgoing
https://ror.org/00s8fpf52,Lodz University of Technology,PL,Poland,4,SNS,2011-2015,outgoing
https://ror.org/00s8hq550,Centre d'Etudes Biologiques de Chizé,FR,France,18,SNS,2011-2015,outgoing
https://ror.org/00s8vne50,Yerevan State University,AM,Armenia,14,SNS,2011-2015,outgoing
https://ror.org/00s9dpb54,Myongji University,KR,South Korea,68,SNS,2011-2015,outgoing
https://ror.org/00s9v1h75,European Centre for Disease Prevention and Control,SE,Sweden,3,SNS,2011-2015,outgoing
https://ror.org/00sa8g751,NYU Langone’s Laura and Isaac Perlmutter Cancer Center,US,United States,1,SNS,2011-2015,outgoing
https://ror.org/00sad8321,Centre d'Écologie et des Sciences de la Conservation,FR,France,1,SNS,2011-2015,outgoing
https://ror.org/00saywf64,Gyeongsang National University,KR,South Korea,242,SNS,2011-2015,outgoing
https://ror.org/00sb7hc59,Max Planck Institute for Polymer Research,DE,Germany,54,SNS,2011-2015,outgoing
https://ror.org/00sbth994,"Laboratoire Pluridisciplinaire de Recherche en Ingénierie des Systèmes, Mécanique et Energétique",FR,France,1,SNS,2011-2015,outgoing
https://ror.org/00sbttv49,Délégation Paris 12,FR,France,1,SNS,2011-2015,outgoing
https://ror.org/00sc9n023,Yunnan Normal University,CN,China,5,SNS,2011-2015,outgoing
https://ror.org/00scwqd12,Missouri University of Science and Technology,US,United States,7,SNS,2011-2015,outgoing
https://ror.org/00sda2672,Edward Via College of Osteopathic Medicine,US,United States,1,SNS,2011-2015,outgoing
https://ror.org/00sde4n60,University of Maryland Medical Center,US,United States,3,SNS,2011-2015,outgoing
https://ror.org/00se2k293,National Yang Ming Chiao Tung University,TW,Taiwan,45,SNS,2011-2015,outgoing
https://ror.org/00se7bf12,Institut de Chimie de Strasbourg,FR,France,2,SNS,2011-2015,outgoing
https://ror.org/00sec1m50,Universidade Estadual do Ceará,BR,Brazil,1,SNS,2011-2015,outgoing
https://ror.org/00sfmx060,Pontifícia Universidade Católica de São Paulo,BR,Brazil,13,SNS,2011-2015,outgoing
https://ror.org/00sfn8y78,Sanford Research,US,United States,1,SNS,2011-2015,outgoing
https://ror.org/00sgdxg36,Millennium Institute of Astrophysics,CL,Chile,60,SNS,2011-2015,outgoing
https://ror.org/00sh19a92,Ente Ospedaliero Cantonale,CH,Switzerland,13,SNS,2011-2015,outgoing
https://ror.org/00shc0s02,Sobolev Institute of Mathematics,RU,Russia,14,SNS,2011-2015,outgoing
https://ror.org/00shsf120,National University of Ireland,IE,Ireland,96,SNS,2011-2015,outgoing
https://ror.org/00sjd5653,Ibaraki University,JP,Japan,23,SNS,2011-2015,outgoing
https://ror.org/00skw9v43,Laboratoire des signaux et systèmes,FR,France,2,SNS,2011-2015,outgoing
https://ror.org/00smdp487,Munich Leukemia Laboratory (Germany),DE,Germany,2,SNS,2011-2015,outgoing
https://ror.org/00smn7825,Dubna State University,RU,Russia,4,SNS,2011-2015,outgoing
https://ror.org/00smq1v26,Saitama Children's Medical Center,JP,Japan,1,SNS,2011-2015,outgoing
https://ror.org/00snwj435,Shriners Hospitals for Children - Portland,US,United States,1,SNS,2011-2015,outgoing
https://ror.org/00sse7z02,EURECOM,FR,France,2,SNS,2011-2015,outgoing
https://ror.org/00ssgfx80,Autism Research Foundation,US,United States,1,SNS,2011-2015,outgoing
https://ror.org/00ssy9q55,Laboratoire d’Astrophysique de Marseille,FR,France,1074,SNS,2011-2015,outgoing
https://ror.org/00svm1971,Quantlab (United States),US,United States,5,SNS,2011-2015,outgoing
https://ror.org/00sx0cd23,Balseiro Institute,AR,Argentina,9,SNS,2011-2015,outgoing
https://ror.org/00sx29x36,Alberta Children's Hospital,CA,Canada,5,SNS,2011-2015,outgoing
https://ror.org/00sxe0e68,Harper University Hospital,US,United States,1,SNS,2011-2015,outgoing
https://ror.org/00sxq4h60,State Key Laboratory of Hybrid Rice,CN,China,2,SNS,2011-2015,outgoing
https://ror.org/00sxqh512,Laboratoire Psychologie de la Perception,FR,France,2,SNS,2011-2015,outgoing
https://ror.org/00syn5v21,National Technical University of Ukraine “Igor Sikorsky Kyiv Polytechnic Institute”,UA,Ukraine,5,SNS,2011-2015,outgoing
https://ror.org/00sz56h79,HKUST Shenzhen Research Institute,CN,China,5,SNS,2011-2015,outgoing
https://ror.org/00szax507,Avid Radiopharmaceuticals (United States),US,United States,1,SNS,2011-2015,outgoing
https://ror.org/00t28mr39,Crown Research Institutes,NZ,New Zealand,4,SNS,2011-2015,outgoing
https://ror.org/00t30f389,Children's Hospital of San Antonio,US,United States,3,SNS,2011-2015,outgoing
https://ror.org/00t33hh48,Chinese University of Hong Kong,CN,China,403,SNS,2011-2015,outgoing
https://ror.org/00t3r8h32,University of Lübeck,DE,Germany,14,SNS,2011-2015,outgoing
https://ror.org/00t4db855,Alstom (France),FR,France,1,SNS,2011-2015,outgoing
https://ror.org/00t4vnv68,IRCCS Azienda Ospedliero-Universitaria di Bologna Policlinico di Sant'Orsola,IT,Italy,7,SNS,2011-2015,outgoing
https://ror.org/00t4w1v80,Hospital de Viladecans,ES,Spain,10,SNS,2011-2015,outgoing
https://ror.org/00t5sva18,Center for Agricultural Resources Research,CN,China,2,SNS,2011-2015,outgoing
https://ror.org/00t60zh31,Kaiser Permanente,US,United States,3,SNS,2011-2015,outgoing
https://ror.org/00t67pt25,Birmingham City University,GB,United Kingdom,6,SNS,2011-2015,outgoing
https://ror.org/00t74vp97,CoNISMa,IT,Italy,1,SNS,2011-2015,outgoing
https://ror.org/00t7axd27,UCSD-CNRS Joint Research Chemistry Laboratory,US,United States,1,SNS,2011-2015,outgoing
https://ror.org/00t7c0489,Institute for Biological Sciences,CA,Canada,2,SNS,2011-2015,outgoing
https://ror.org/00t7fmg72,Centre for Research on Brain Language and Music,CA,Canada,2,SNS,2011-2015,outgoing
https://ror.org/00t89kj24,Mackay Medical University,TW,Taiwan,2,SNS,2011-2015,outgoing
https://ror.org/00t89vb53,University of Zadar,HR,Croatia,1,SNS,2011-2015,outgoing
https://ror.org/00t8gz605,Trinity University,US,United States,173,SNS,2011-2015,outgoing
https://ror.org/00t8xfq63,Centro de Estudios Científicos,CL,Chile,14,SNS,2011-2015,outgoing
https://ror.org/00t9y0z13,Institut de Radioastronomie Millimétrique,FR,France,380,SNS,2011-2015,outgoing
https://ror.org/00tbs6p91,Center for Nanoscale Science and Technology,US,United States,14,SNS,2011-2015,outgoing
https://ror.org/00td68a17,Bispebjerg Hospital,DK,Denmark,1,SNS,2011-2015,outgoing
https://ror.org/00te2x188,Institute for Scientific Interchange,IT,Italy,30,SNS,2011-2015,outgoing
https://ror.org/00tgps059,Novosibirsk Institute of Organic Chemistry,RU,Russia,1,SNS,2011-2015,outgoing
https://ror.org/00tgr2h49,Computer Equipment and Technologies,RU,Russia,21,SNS,2011-2015,outgoing
https://ror.org/00thqtb16,University of Nebraska Medical Center,US,United States,27,SNS,2011-2015,outgoing
https://ror.org/00thr3w71,Alnylam Pharmaceuticals (United States),US,United States,11,SNS,2011-2015,outgoing
https://ror.org/00tjv0s33,Keimyung University,KR,South Korea,2,SNS,2011-2015,outgoing
https://ror.org/00tmb7y09,Laboratoire de Chimie Théorique,FR,France,23,SNS,2011-2015,outgoing
https://ror.org/00tnfjj44,Universidade Politecnica,MZ,Mozambique,2,SNS,2011-2015,outgoing
https://ror.org/00tnppw48,Department for Environment Food and Rural Affairs,GB,United Kingdom,5,SNS,2011-2015,outgoing
https://ror.org/00tnqka34,State Key Laboratory of Solid Lubrication,CN,China,3,SNS,2011-2015,outgoing
https://ror.org/00tp8bz22,State Key Laboratory of Nuclear Physics and Technology,CN,China,1172,SNS,2011-2015,outgoing
https://ror.org/00tqnwm57,World Health Organization - Denmark,DK,Denmark,1,SNS,2011-2015,outgoing
https://ror.org/00trqv719,University of Rochester Medical Center,US,United States,21,SNS,2011-2015,outgoing
https://ror.org/00trw9c49,Fraunhofer Institute for Algorithms and Scientific Computing,DE,Germany,1,SNS,2011-2015,outgoing
https://ror.org/00tse2b39,Universitat Internacional de Catalunya,ES,Spain,1,SNS,2011-2015,outgoing
https://ror.org/00tsqex91,Te Pūkenga,NZ,New Zealand,2,SNS,2011-2015,outgoing
https://ror.org/00tt5kf04,Marien Ngouabi University,CG,Congo Republic,2,SNS,2011-2015,outgoing
https://ror.org/00ttqn045,Danish Ramazzini Center,DK,Denmark,1,SNS,2011-2015,outgoing
https://ror.org/00tvate34,Universidad San Pablo CEU,ES,Spain,3,SNS,2011-2015,outgoing
https://ror.org/00tw3jy02,MRC Laboratory of Molecular Biology,GB,United Kingdom,106,SNS,2011-2015,outgoing
https://ror.org/00twb6c09,Riga Technical University,LV,Latvia,2,SNS,2011-2015,outgoing
https://ror.org/00tx98v53,École Nationale Supérieure d’Informatique pour l’Industrie et l’Entreprise,FR,France,4,SNS,2011-2015,outgoing
https://ror.org/00tystp70,National Bank of Poland,PL,Poland,2,SNS,2011-2015,outgoing
https://ror.org/00v0g9w49,Instituto Andaluz de Ciencias de la Tierra,ES,Spain,1,SNS,2011-2015,outgoing
https://ror.org/00v0y5771,École Centrale Paris,FR,France,21,SNS,2011-2015,outgoing
https://ror.org/00v0z9322,Moscow Institute of Physics and Technology,RU,Russia,559,SNS,2011-2015,outgoing
https://ror.org/00v171g37,Laboratory of Physical Chemistry,CH,Switzerland,80,SNS,2011-2015,outgoing
https://ror.org/00v23bh67,University of Fairfax,US,United States,5,SNS,2011-2015,outgoing
https://ror.org/00v29jp57,National University of General San Martín,AR,Argentina,3,SNS,2011-2015,outgoing
https://ror.org/00v2tx290,Medisch Centrum Haaglanden,NL,The Netherlands,49,SNS,2011-2015,outgoing
https://ror.org/00v34f693,Quantitative Biology Center,DE,Germany,2,SNS,2011-2015,outgoing
https://ror.org/00v3cq569,Okazaki Institute for Integrative Bioscience,JP,Japan,10,SNS,2011-2015,outgoing
https://ror.org/00v408z34,China Medical University,TW,Taiwan,9,SNS,2011-2015,outgoing
https://ror.org/00v448643,Federal Reserve Board of Governors,US,United States,5,SNS,2011-2015,outgoing
https://ror.org/00v452281,Centre international de recherche sur le cancer,FR,France,3,SNS,2011-2015,outgoing
https://ror.org/00v4dac24,Leeds Teaching Hospitals NHS Trust,GB,United Kingdom,7,SNS,2011-2015,outgoing
https://ror.org/00v4yb702,Rochester Institute of Technology,US,United States,319,SNS,2011-2015,outgoing
https://ror.org/00v52fx68,Bibliotecas da Universidade do Porto,PT,Portugal,6,SNS,2011-2015,outgoing
https://ror.org/00v542r37,World Maritime University,SE,Sweden,1,SNS,2011-2015,outgoing
https://ror.org/00v5gqm66,China Institute of Atomic Energy,CN,China,117,SNS,2011-2015,outgoing
https://ror.org/00v807439,Translational Research Institute,AU,Australia,2,SNS,2011-2015,outgoing
https://ror.org/00v81k483,Mokpo National University,KR,South Korea,1,SNS,2011-2015,outgoing
https://ror.org/00v8fdc16,Autonomous University of Queretaro,MX,Mexico,11,SNS,2011-2015,outgoing
https://ror.org/00v8kcx92,Physiologisches Institut,DE,Germany,20,SNS,2011-2015,outgoing
https://ror.org/00v97ad02,University of North Texas,US,United States,577,SNS,2011-2015,outgoing
https://ror.org/00v9d4z37,IESE Business School,ES,Spain,2,SNS,2011-2015,outgoing
https://ror.org/00v9n6a67,Moscow University of Finance and Law,RU,Russia,3,SNS,2011-2015,outgoing
https://ror.org/00vasag41,University of Neuchâtel,CH,Switzerland,87,SNS,2011-2015,outgoing
https://ror.org/00vb8fc53,Centre d'Analyse et de Mathématique Sociales,FR,France,3,SNS,2011-2015,outgoing
https://ror.org/00vbvha87,Public Health England,GB,United Kingdom,1,SNS,2011-2015,outgoing
https://ror.org/00vcbg240,Commonwealth of Learning,CA,Canada,2,SNS,2011-2015,outgoing
https://ror.org/00verxq29,A.E. Favorsky Irkutsk Institute of Chemistry,RU,Russia,1,SNS,2011-2015,outgoing
https://ror.org/00vgj0470,American World University,US,United States,135,SNS,2011-2015,outgoing
https://ror.org/00vh6r649,Centro interuniversitario per la ricerca sull'influenza e le altre infezioni trasmissibili,IT,Italy,1,SNS,2011-2015,outgoing
https://ror.org/00vjxjf30,Kurume University Hospital,JP,Japan,1,SNS,2011-2015,outgoing
https://ror.org/00vkrxq08,University Malaya Medical Centre,MY,Malaysia,1,SNS,2011-2015,outgoing
https://ror.org/00vkwep27,Division of Cancer Epidemiology and Genetics,US,United States,9,SNS,2011-2015,outgoing
https://ror.org/00vn06n10,Simula Research Laboratory,NO,Norway,3,SNS,2011-2015,outgoing
https://ror.org/00vn0zc62,Géosciences Rennes,FR,France,1,SNS,2011-2015,outgoing
https://ror.org/00vpq6g39,Indra (Spain),ES,Spain,2,SNS,2011-2015,outgoing
https://ror.org/00vs8d940,University of Bradford,GB,United Kingdom,15,SNS,2011-2015,outgoing
https://ror.org/00vsr3s09,State Key Laboratory of Lithospheric Evolution,CN,China,1,SNS,2011-2015,outgoing
https://ror.org/00vtgdb53,University of Glasgow,GB,United Kingdom,5652,SNS,2011-2015,outgoing
https://ror.org/00vvvt117,Sookmyung Women's University,KR,South Korea,2,SNS,2011-2015,outgoing
https://ror.org/00vvxbe27,National Center of Competence in Research Materials’ Revolution: Computational Design and Discovery of Novel Materials,CH,Switzerland,2,SNS,2011-2015,outgoing
https://ror.org/00vxgjw72,Ministry of Health and Welfare,KR,South Korea,1,SNS,2011-2015,outgoing
https://ror.org/00vya8493,Tokyo Metropolitan Institute of Medical Science,JP,Japan,30,SNS,2011-2015,outgoing
https://ror.org/00w0k4e67,Texas A&M University at Galveston,US,United States,3,SNS,2011-2015,outgoing
https://ror.org/00w0qep84,Institute of Intelligent Machines,CN,China,1,SNS,2011-2015,outgoing
https://ror.org/00w1qvp54,Laboratoire des Matériaux Avancés,FR,France,205,SNS,2011-2015,outgoing
https://ror.org/00w56r274,IPAG Business School,FR,France,1,SNS,2011-2015,outgoing
https://ror.org/00w5ay796,Laboratoire de Physique de l'ENS de Lyon,FR,France,25,SNS,2011-2015,outgoing
https://ror.org/00w67e447,Laboratoire de Physique Théorique et Modèles Statistiques,FR,France,24,SNS,2011-2015,outgoing
https://ror.org/00w6g5w60,City Of Hope National Medical Center,US,United States,29,SNS,2011-2015,outgoing
https://ror.org/00w6r1881,Institute of Nanostructured Materials,IT,Italy,30,SNS,2011-2015,outgoing
https://ror.org/00w7bj245,Cooperativa de Ensino Superior Politécnico e Universitário,PT,Portugal,1,SNS,2011-2015,outgoing
https://ror.org/00w9dm031,Institute on Taxation and Economic Policy,US,United States,1804,SNS,2011-2015,outgoing
https://ror.org/00waaqh38,Vietnam National University Ho Chi Minh City,VN,Vietnam,6,SNS,2011-2015,outgoing
https://ror.org/00wadf468,Polymer Institute of the Slovak Academy of Sciences,SK,Slovakia,2,SNS,2011-2015,outgoing
https://ror.org/00watgv28,College of Saint Benedict and Saint John's University,US,United States,1,SNS,2011-2015,outgoing
https://ror.org/00wbge811,Universidade Franciscana,BR,Brazil,1,SNS,2011-2015,outgoing
https://ror.org/00wbskb04,Texas Biomedical Research Institute,US,United States,4,SNS,2011-2015,outgoing
https://ror.org/00wbzw723,University of Washington Medical Center,US,United States,15,SNS,2011-2015,outgoing
https://ror.org/00wdsp051,Cape Town HVTN Immunology Laboratory / Hutchinson Centre Research Institute of South Africa,ZA,South Africa,25,SNS,2011-2015,outgoing
https://ror.org/00we1gw23,MIND Research Institute,US,United States,3,SNS,2011-2015,outgoing
https://ror.org/00we5be91,German Centre of Gerontology,DE,Germany,1,SNS,2011-2015,outgoing
https://ror.org/00wek6x04,University of Puerto Rico-Mayaguez,US,United States,1542,SNS,2011-2015,outgoing
https://ror.org/00wfvh315,Charles Sturt University,AU,Australia,173,SNS,2011-2015,outgoing
https://ror.org/00wg2b048,Royal University Hospital,CA,Canada,1,SNS,2011-2015,outgoing
https://ror.org/00wge5k78,UiT The Arctic University of Norway,NO,Norway,160,SNS,2011-2015,outgoing
https://ror.org/00wh4bp03,Université Montpellier 2,FR,France,12,SNS,2011-2015,outgoing
https://ror.org/00whzh260,Woodrow Wilson International Center for Scholars,US,United States,1,SNS,2011-2015,outgoing
https://ror.org/00wj6x496,Institute for Research in Immunology and Cancer,CA,Canada,3,SNS,2011-2015,outgoing
https://ror.org/00wjc7c48,University of Milan,IT,Italy,7567,SNS,2011-2015,outgoing
https://ror.org/00wk05f95,CeNTech,DE,Germany,2,SNS,2011-2015,outgoing
https://ror.org/00wk2mp56,Beihang University,CN,China,272,SNS,2011-2015,outgoing
https://ror.org/00wksha49,"National Institute of Biological Sciences, Beijing",CN,China,6,SNS,2011-2015,outgoing
https://ror.org/00wm07d60,Van Andel Institute,US,United States,11,SNS,2011-2015,outgoing
https://ror.org/00wm3b005,STMicroelectronics (Switzerland),CH,Switzerland,16,SNS,2011-2015,outgoing
https://ror.org/00wm7p047,Meiji Pharmaceutical University,JP,Japan,4,SNS,2011-2015,outgoing
https://ror.org/00wmhkr98,City College of New York,US,United States,34,SNS,2011-2015,outgoing
https://ror.org/00wmm6v75,American University of Beirut Medical Center,LB,Lebanon,2,SNS,2011-2015,outgoing
https://ror.org/00wn7d965,University of Virginia Health System,US,United States,1,SNS,2011-2015,outgoing
https://ror.org/00wqczk30,Pasteur Institute of Iran,IR,Iran,8,SNS,2011-2015,outgoing
https://ror.org/00wrevg56,University College Hospital,GB,United Kingdom,2,SNS,2011-2015,outgoing
https://ror.org/00ws30h19,Tokyo Metropolitan University,JP,Japan,1782,SNS,2011-2015,outgoing
https://ror.org/00wspbn44,Canterbury Health Laboratories,NZ,New Zealand,1,SNS,2011-2015,outgoing
https://ror.org/00wthd003,Allergan (Ireland),IE,Ireland,1,SNS,2011-2015,outgoing
https://ror.org/00wtvfq62,Shanghai University of Finance and Economics,CN,China,2,SNS,2011-2015,outgoing
https://ror.org/00wwxk695,Laboratoire Analyse et Modélisation pour la Biologie et l'Environnement,FR,France,9,SNS,2011-2015,outgoing
https://ror.org/00wxgxz56,Hospital Universitario de Toledo,ES,Spain,1,SNS,2011-2015,outgoing
https://ror.org/00wy14q17,National Taiwan University of Arts,TW,Taiwan,3152,SNS,2011-2015,outgoing
https://ror.org/00wys9y90,Herlev Hospital,DK,Denmark,1,SNS,2011-2015,outgoing
https://ror.org/00wyx7h61,Royal Alexandra Hospital,CA,Canada,1,SNS,2011-2015,outgoing
https://ror.org/00wz2vk41,Center for Mathematical Modeling,CL,Chile,1,SNS,2011-2015,outgoing
https://ror.org/00wzdr059,St. Paul's Hospital,CA,Canada,1,SNS,2011-2015,outgoing
https://ror.org/00wztsq19,Qilu Normal University,CN,China,3,SNS,2011-2015,outgoing
https://ror.org/00x0nkm13,Universidade Federal de Ciências da Saúde de Porto Alegre,BR,Brazil,1,SNS,2011-2015,outgoing
https://ror.org/00x194q47,Rikkyo University,JP,Japan,81,SNS,2011-2015,outgoing
https://ror.org/00x1cgf82,Centro de Espectrometria de Massa,PT,Portugal,4,SNS,2011-2015,outgoing
https://ror.org/00x27da85,University of Perugia,IT,Italy,4784,SNS,2011-2015,outgoing
https://ror.org/00x362k69,Queen Elizabeth Hospital,AU,Australia,2,SNS,2011-2015,outgoing
https://ror.org/00x3jrk87,Centro de Física Teórica de Partículas,PT,Portugal,76,SNS,2011-2015,outgoing
https://ror.org/00x3rpv59,Tomsk State Pedagogical University,RU,Russia,27,SNS,2011-2015,outgoing
https://ror.org/00x43yy22,State Key Laboratory of Biotherapy,CN,China,4,SNS,2011-2015,outgoing
https://ror.org/00x514t95,Hanbat National University,KR,South Korea,2,SNS,2011-2015,outgoing
https://ror.org/00x5b2p37,Carroll College,US,United States,4,SNS,2011-2015,outgoing
https://ror.org/00x5wnx94,International Centre for Migration Policy Development,AT,Austria,1,SNS,2011-2015,outgoing
https://ror.org/00x69dn41,ENEA Portici Research Centre,IT,Italy,1,SNS,2011-2015,outgoing
https://ror.org/00x69rs40,Marche Polytechnic University,IT,Italy,69,SNS,2011-2015,outgoing
https://ror.org/00x6sm138,Neural Stem Cell Institute,US,United States,3,SNS,2011-2015,outgoing
https://ror.org/00x7ekv49,Centrum Wiskunde & Informatica,NL,The Netherlands,53,SNS,2011-2015,outgoing
https://ror.org/00x8ccz20,University of Wisconsin–La Crosse,US,United States,1,SNS,2011-2015,outgoing
https://ror.org/00x9tpk83,State Key Laboratory of Organic Geochemistry,CN,China,2,SNS,2011-2015,outgoing
https://ror.org/00xa57a59,University of Novi Sad,RS,Serbia,2,SNS,2011-2015,outgoing
https://ror.org/00xagyq07,Institut des Sciences de la Terre de Paris,FR,France,5,SNS,2011-2015,outgoing
https://ror.org/00xc0ma20,"City University of Hong Kong, Shenzhen Research Institute",CN,China,1,SNS,2011-2015,outgoing
https://ror.org/00xc1d948,Industrial University of Santander,CO,Colombia,1,SNS,2011-2015,outgoing
https://ror.org/00xcb0s16,International Business School,BG,Bulgaria,1,SNS,2011-2015,outgoing
https://ror.org/00xcryt71,University of Arkansas for Medical Sciences,US,United States,25,SNS,2011-2015,outgoing
https://ror.org/00xddhq60,Al-Ahliyya Amman University,JO,Jordan,1,SNS,2011-2015,outgoing
https://ror.org/00xdn8y92,Punjabi University,IN,India,4,SNS,2011-2015,outgoing
https://ror.org/00xe5zs60,Birmingham Women's Hospital,GB,United Kingdom,1,SNS,2011-2015,outgoing
https://ror.org/00xfgvj95,TÜBİTAK National Observatory,TR,Turkey,5,SNS,2011-2015,outgoing
https://ror.org/00xg4bh43,Texas Advanced Computing Center,US,United States,1,SNS,2011-2015,outgoing
https://ror.org/00xh8va68,Shri Venkateshwara University,IN,India,1,SNS,2011-2015,outgoing
https://ror.org/00xhj8c72,Loyola Marymount University,US,United States,3,SNS,2011-2015,outgoing
https://ror.org/00xj0bd35,Laboratoire de sociologie et d'anthropologie,FR,France,1,SNS,2011-2015,outgoing
https://ror.org/00xk8t981,Instituto de Acuicultura Torre de la Sal,ES,Spain,1,SNS,2011-2015,outgoing
https://ror.org/00xkeyj56,University of Kent,GB,United Kingdom,48,SNS,2011-2015,outgoing
https://ror.org/00xm3h672,NHS England,GB,United Kingdom,1,SNS,2011-2015,outgoing
https://ror.org/00xmkp704,Ghent University Hospital,BE,Belgium,5,SNS,2011-2015,outgoing
https://ror.org/00xmwgm53,Telecom Italia (Italy),IT,Italy,3,SNS,2011-2015,outgoing
https://ror.org/00xngy573,Centre de Recherche Universitaire Lorrain d’Histoire,FR,France,1,SNS,2011-2015,outgoing
https://ror.org/00xpsqk75,Iceland University of the Arts,IS,Iceland,26,SNS,2011-2015,outgoing
https://ror.org/00xqebk56,West Los Angeles College,US,United States,3,SNS,2011-2015,outgoing
https://ror.org/00xrp2v42,State Key Laboratory of Nonlinear Mechanics,CN,China,1,SNS,2011-2015,outgoing
https://ror.org/00xsdn005,Kanazawa University Hospital,JP,Japan,2,SNS,2011-2015,outgoing
https://ror.org/00xsfaz62,Xiangtan University,CN,China,5,SNS,2011-2015,outgoing
https://ror.org/00xsr9m91,Tiangong University,CN,China,2,SNS,2011-2015,outgoing
https://ror.org/00xts7d02,Institut de Science et d'Ingénierie Supramoléculaires,FR,France,19,SNS,2011-2015,outgoing
https://ror.org/00xtsag93,Jilin Normal University,CN,China,1,SNS,2011-2015,outgoing
https://ror.org/00xvjv861,JSS Dental College and Hospital,IN,India,1,SNS,2011-2015,outgoing
https://ror.org/00xwg5y60,Shiga University of Medical Science Hospital,JP,Japan,1,SNS,2011-2015,outgoing
https://ror.org/00xwgyp12,Universidade Federal Rural do Rio de Janeiro,BR,Brazil,16,SNS,2011-2015,outgoing
https://ror.org/00xwqff48,Ave Maria University,US,United States,123,SNS,2011-2015,outgoing
https://ror.org/00xx85724,Seoul National University Hospital Biomedical Research Institute,KR,South Korea,1,SNS,2011-2015,outgoing
https://ror.org/00xy44n04,Yamagata University,JP,Japan,321,SNS,2011-2015,outgoing
https://ror.org/00xyeez13,Kunming University of Science and Technology,CN,China,3,SNS,2011-2015,outgoing
https://ror.org/00xzqjh13,University of Tennessee System,US,United States,3211,SNS,2011-2015,outgoing
https://ror.org/00y0xnp53,Warsaw University of Technology,PL,Poland,357,SNS,2011-2015,outgoing
https://ror.org/00y0zf565,Institute for Basic Science,KR,South Korea,45,SNS,2011-2015,outgoing
https://ror.org/00y16rm59,Institut des Sciences du Calcul et des Données,FR,France,5,SNS,2011-2015,outgoing
https://ror.org/00y1ekh28,"University of Education, Winneba",GH,Ghana,2,SNS,2011-2015,outgoing
https://ror.org/00y2z2s03,Amsterdam University of Applied Sciences,NL,The Netherlands,1,SNS,2011-2015,outgoing
https://ror.org/00y4ya841,Medical University of Białystok,PL,Poland,3,SNS,2011-2015,outgoing
https://ror.org/00y4zzh67,George Washington University,US,United States,101,SNS,2011-2015,outgoing
https://ror.org/00y5zsg21,Institute of Oncology Ljubljana,SI,Slovenia,1,SNS,2011-2015,outgoing
https://ror.org/00y64dx33,Monroe Carell Jr. Children's Hospital,US,United States,1,SNS,2011-2015,outgoing
https://ror.org/00y6q9n79,Ministry of Health,ES,Spain,14,SNS,2011-2015,outgoing
https://ror.org/00y7snj24,Northwest University,US,United States,13,SNS,2011-2015,outgoing
https://ror.org/00yae6e25,University of Wrocław,PL,Poland,151,SNS,2011-2015,outgoing
https://ror.org/00yd8np83,National University System,US,United States,4,SNS,2011-2015,outgoing
https://ror.org/00yee3n23,Laboratoire d'Astrophysique de Bordeaux,FR,France,89,SNS,2011-2015,outgoing
https://ror.org/00yf3tm42,Center for Drug Evaluation and Research,US,United States,4,SNS,2011-2015,outgoing
https://ror.org/00yfbr841,Hôpital Armand-Trousseau,FR,France,9,SNS,2011-2015,outgoing
https://ror.org/00yfw2296,Istituto Officina dei Materiali,IT,Italy,217,SNS,2011-2015,outgoing
https://ror.org/00ygt2y02,Ernst Strüngmann Institute for Neuroscience,DE,Germany,1,SNS,2011-2015,outgoing
https://ror.org/00ygy3d85,Istituto per le Applicazioni del Calcolo Mauro Picone,IT,Italy,11,SNS,2011-2015,outgoing
https://ror.org/00ygzyy93,Independent University of Moscow,RU,Russia,2,SNS,2011-2015,outgoing
https://ror.org/00yh3cz06,Sam Houston State University,US,United States,1,SNS,2011-2015,outgoing
https://ror.org/00yh88643,Superior University,PK,Pakistan,6,SNS,2011-2015,outgoing
https://ror.org/00yhnba62,Qatar University,QA,Qatar,5,SNS,2011-2015,outgoing
https://ror.org/00yjd3n13,Swiss National Science Foundation,CH,Switzerland,15,SNS,2011-2015,outgoing
https://ror.org/00ykac431,Institute of Chemical Technology,IN,India,1,SNS,2011-2015,outgoing
https://ror.org/00yksxf10,Emory Healthcare,US,United States,10,SNS,2011-2015,outgoing
https://ror.org/00yn2fy02,Portland State University,US,United States,8,SNS,2011-2015,outgoing
https://ror.org/00yn60108,Australian Mathematical Sciences Institute,AU,Australia,1,SNS,2011-2015,outgoing
https://ror.org/00yncr324,Monash University Malaysia,MY,Malaysia,1,SNS,2011-2015,outgoing
https://ror.org/00ynxc274,Kao Corporation (Germany),DE,Germany,29,SNS,2011-2015,outgoing
https://ror.org/00yphhr71,Institut de Cancérologie de Lorraine,FR,France,8,SNS,2011-2015,outgoing
https://ror.org/00ypk0v12,Ewha Womans University Mokdong Hospital,KR,South Korea,1,SNS,2011-2015,outgoing
https://ror.org/00ypx0z29,Institute of Physics and Technology,MN,Mongolia,2,SNS,2011-2015,outgoing
https://ror.org/00yqvtm78,University of Shahrood,IR,Iran,1,SNS,2011-2015,outgoing
https://ror.org/00yrf4e35,Osservatorio Astrofisico di Torino,IT,Italy,10,SNS,2011-2015,outgoing
https://ror.org/00ys1hz88,Nagaoka University of Technology,JP,Japan,1,SNS,2011-2015,outgoing
https://ror.org/00ysfqy60,Oregon State University,US,United States,135,SNS,2011-2015,outgoing
https://ror.org/00ysqcn41,Thomas Jefferson University,US,United States,35,SNS,2011-2015,outgoing
https://ror.org/00ysvbp68,Institute of Post Graduate Medical Education and Research,IN,India,1,SNS,2011-2015,outgoing
https://ror.org/00ysy1705,Ministerio de Educación y Cultura,UY,Uruguay,1,SNS,2011-2015,outgoing
https://ror.org/00yv7s489,Ministry of Health and Sanitation,SL,Sierra Leone,5,SNS,2011-2015,outgoing
https://ror.org/00yy85n18,College of St. Scholastica,US,United States,1,SNS,2011-2015,outgoing
https://ror.org/00z0j0d77,First Affiliated Hospital of Guangzhou Medical University,CN,China,2,SNS,2011-2015,outgoing
https://ror.org/00z0kq074,Universidad Michoacana de San Nicolás de Hidalgo,MX,Mexico,127,SNS,2011-2015,outgoing
https://ror.org/00z0vcr53,Columbia-Greene Community College,US,United States,3,SNS,2011-2015,outgoing
https://ror.org/00z1pf798,Universidad de Managua,NI,Nicaragua,1,SNS,2011-2015,outgoing
https://ror.org/00z27jk27,Shanghai University of Traditional Chinese Medicine,CN,China,1,SNS,2011-2015,outgoing
https://ror.org/00z2tp793,Center for Neuro-Oncology,US,United States,3,SNS,2011-2015,outgoing
https://ror.org/00z34yn88,"Istituto Nazionale di Fisica Nucleare, Sezione di Padova",IT,Italy,128,SNS,2011-2015,outgoing
https://ror.org/00z3td547,Northwest University,CN,China,18,SNS,2011-2015,outgoing
https://ror.org/00z54nq84,Institut de Physique,FR,France,2929,SNS,2011-2015,outgoing
https://ror.org/00z65ng94,Landau Institute for Theoretical Physics,RU,Russia,22,SNS,2011-2015,outgoing
https://ror.org/00z8ws214,Institute of Materials for Electronics and Magnetism,IT,Italy,35,SNS,2011-2015,outgoing
https://ror.org/00z9zsj19,Butler Hospital,US,United States,2,SNS,2011-2015,outgoing
https://ror.org/00za53h95,Johns Hopkins University,US,United States,5734,SNS,2011-2015,outgoing
https://ror.org/00zay3w86,Centre de Nanosciences et de Nanotechnologies,FR,France,93,SNS,2011-2015,outgoing
https://ror.org/00zbe0w13,Tianjin University of Technology,CN,China,3,SNS,2011-2015,outgoing
https://ror.org/00zbnzw74,Stratford University,US,United States,23,SNS,2011-2015,outgoing
https://ror.org/00zc1hf95,National Sleep Foundation,US,United States,1,SNS,2011-2015,outgoing
https://ror.org/00zc2xc51,Royal Perth Hospital,AU,Australia,1,SNS,2011-2015,outgoing
https://ror.org/00zca7903,Biomedical Research Networking Center on Neurodegenerative Diseases,ES,Spain,17,SNS,2011-2015,outgoing
https://ror.org/00zcy2665,Vestfold University College,NO,Norway,63,SNS,2011-2015,outgoing
https://ror.org/00zdnkx70,National Tsing Hua University,TW,Taiwan,264,SNS,2011-2015,outgoing
https://ror.org/00zf0nh29,Fort Collins Science Center,US,United States,1,SNS,2011-2015,outgoing
https://ror.org/00zg6dt46,New York State School of Industrial and Labor Relations,US,United States,4,SNS,2011-2015,outgoing
https://ror.org/00zgdb249,Science and Engineering Research Council,SG,Singapore,51,SNS,2011-2015,outgoing
https://ror.org/00zh01q02,Healthways (United States),US,United States,1,SNS,2011-2015,outgoing
https://ror.org/00zh5wn98,Netherlands Metabolomics Centre,NL,The Netherlands,2,SNS,2011-2015,outgoing
https://ror.org/00zhvdn11,Tunghai University,TW,Taiwan,1,SNS,2011-2015,outgoing
https://ror.org/00zmg2m07,Georgian International University,GE,Georgia,18,SNS,2011-2015,outgoing
https://ror.org/00zn2c847,Great Ormond Street Hospital,GB,United Kingdom,13,SNS,2011-2015,outgoing
https://ror.org/00znex860,United States Naval Academy,US,United States,45,SNS,2011-2015,outgoing
https://ror.org/00znqwq11,VA San Diego Healthcare System,US,United States,5,SNS,2011-2015,outgoing
https://ror.org/00zs3y046,"Istituto Nazionale di Fisica Nucleare, Sezione di Ferrara",IT,Italy,33,SNS,2011-2015,outgoing
https://ror.org/00zs45r78,Circuit Therapeutics (United States),US,United States,1,SNS,2011-2015,outgoing
https://ror.org/00zs80j25,Polaris Industries (United States),US,United States,2,SNS,2011-2015,outgoing
https://ror.org/00zw6et16,Capital Institute of Pediatrics,CN,China,3,SNS,2011-2015,outgoing
https://ror.org/00zwdnt53,Umicore (Belgium),BE,Belgium,1,SNS,2011-2015,outgoing
https://ror.org/0101aa973,Hollywood Private Hospital,AU,Australia,3,SNS,2011-2015,outgoing
https://ror.org/0101kry21,Allegheny Health Network,US,United States,1,SNS,2011-2015,outgoing
https://ror.org/0101we292,National Centre of Excellence in Analytical Chemistry,PK,Pakistan,1,SNS,2011-2015,outgoing
https://ror.org/01026pq66,ENEA Frascati Research Centre,IT,Italy,1,SNS,2011-2015,outgoing
https://ror.org/0102mm775,Nicolaus Copernicus University,PL,Poland,55,SNS,2011-2015,outgoing
https://ror.org/010310r32,Center for Physical Sciences and Technology,LT,Lithuania,33,SNS,2011-2015,outgoing
https://ror.org/010408w50,Language Center of UZH and ETH Zürich,CH,Switzerland,6,SNS,2011-2015,outgoing
https://ror.org/0104rcc94,University of Silesia in Katowice,PL,Poland,20,SNS,2011-2015,outgoing
https://ror.org/010567a58,Centre Hospitalier Universitaire Amiens-Picardie,FR,France,1,SNS,2011-2015,outgoing
https://ror.org/01056ge55,Canisius College,US,United States,4,SNS,2011-2015,outgoing
https://ror.org/0106ccb15,École Nationale Supérieure de Techniques Avancées Paris,FR,France,10,SNS,2011-2015,outgoing
https://ror.org/01070mq45,Wayne State University,US,United States,3822,SNS,2011-2015,outgoing
https://ror.org/0107c5v14,University of Genoa,IT,Italy,7909,SNS,2011-2015,outgoing
https://ror.org/0107w4315,University of Colorado Health,US,United States,519,SNS,2011-2015,outgoing
https://ror.org/010826a91,Shanghai Ninth People's Hospital,CN,China,1,SNS,2011-2015,outgoing
https://ror.org/0108cpj15,High Institute for Education and Research in Transfusion Medicine,IR,Iran,2,SNS,2011-2015,outgoing
https://ror.org/0108mwc04,Universidad del Rosario,CO,Colombia,3,SNS,2011-2015,outgoing
https://ror.org/010bdvy81,Omsk State Pedagogical University,RU,Russia,5,SNS,2011-2015,outgoing
https://ror.org/010bhn875,"Temps, espaces, langages, Europe méridionale, Méditerranée",FR,France,6,SNS,2011-2015,outgoing
https://ror.org/010dvvh94,Instituto Politécnico de Leiria,PT,Portugal,1,SNS,2011-2015,outgoing
https://ror.org/010e6tc72,Biolog Life Science Institute,DE,Germany,4,SNS,2011-2015,outgoing
https://ror.org/010e6zk56,Urban Big Data Centre,GB,United Kingdom,1,SNS,2011-2015,outgoing
https://ror.org/010ezwq65,Praxis (United States),US,United States,1,SNS,2011-2015,outgoing
https://ror.org/010f1sq29,North-West University,ZA,South Africa,15,SNS,2011-2015,outgoing
https://ror.org/010fszt18,State Key Laboratory of Optoelectronic Materials and Technology,CN,China,5,SNS,2011-2015,outgoing
https://ror.org/010h6g454,Sidney Kimmel Cancer Center,US,United States,8,SNS,2011-2015,outgoing
https://ror.org/010hq5p48,Ospedale Sacro Cuore Don Calabria,IT,Italy,1,SNS,2011-2015,outgoing
https://ror.org/010hz0g26,Jichi Medical University,JP,Japan,6,SNS,2011-2015,outgoing
https://ror.org/010hz2d37,Laboratoire d'Annecy de Physique Théorique,FR,France,215,SNS,2011-2015,outgoing
https://ror.org/010jskt71,Embry–Riddle Aeronautical University,US,United States,196,SNS,2011-2015,outgoing
https://ror.org/010mv7n52,Austin Hospital,AU,Australia,5,SNS,2011-2015,outgoing
https://ror.org/010n0x685,Central University of Ecuador,EC,Ecuador,1,SNS,2011-2015,outgoing
https://ror.org/010n41y16,Southeast Missouri State University,US,United States,9,SNS,2011-2015,outgoing
https://ror.org/010nsgg66,Technische Universität Braunschweig,DE,Germany,48,SNS,2011-2015,outgoing
https://ror.org/010pmpe69,Lomonosov Moscow State University,RU,Russia,6449,SNS,2011-2015,outgoing
https://ror.org/010prmy50,Virginia–Maryland College of Veterinary Medicine,US,United States,2,SNS,2011-2015,outgoing
https://ror.org/010q4q527,Government of Canada,CA,Canada,2,SNS,2011-2015,outgoing
https://ror.org/010r9dy59,Universidad Autónoma de Chile,CL,Chile,3,SNS,2011-2015,outgoing
https://ror.org/010rf2m76,RIKEN Center for Sustainable Resource Science,JP,Japan,1,SNS,2011-2015,outgoing
https://ror.org/010s54n03,Leibniz-Forschungsinstitut für Molekulare Pharmakologie,DE,Germany,4,SNS,2011-2015,outgoing
https://ror.org/010vbsn33,BICC - Bonn International Centre for Conflict Studies,DE,Germany,1,SNS,2011-2015,outgoing
https://ror.org/010we4y38,Hospital de Clínicas de Porto Alegre,BR,Brazil,6,SNS,2011-2015,outgoing
https://ror.org/010wgh593,Consorzio Interuniversitario per lo Sviluppo dei Sistemi a Grande Interfase,IT,Italy,11,SNS,2011-2015,outgoing
https://ror.org/010wkqn50,Microsoft Research New England (United States),US,United States,1,SNS,2011-2015,outgoing
https://ror.org/010x8gc63,University of Saskatchewan,CA,Canada,44,SNS,2011-2015,outgoing
https://ror.org/010zh7098,Saint Mary's University,CA,Canada,32,SNS,2011-2015,outgoing
https://ror.org/01111rn36,University of Bologna,IT,Italy,10869,SNS,2011-2015,outgoing
https://ror.org/0111es613,Hospital General Universitario Gregorio Marañón,ES,Spain,7,SNS,2011-2015,outgoing
https://ror.org/0111f7045,Institute of Plant Protection,CN,China,1,SNS,2011-2015,outgoing
https://ror.org/0111s2360,Centre de Recherches sur la Cognition Animale,FR,France,4,SNS,2011-2015,outgoing
https://ror.org/0112t7451,San Salvatore Hospital,IT,Italy,2,SNS,2011-2015,outgoing
https://ror.org/01136x372,Institute of Nuclear Physics,UZ,Uzbekistan,37,SNS,2011-2015,outgoing
https://ror.org/011408310,State Scientific Institution “Institute for Single Crystals” of National Academy of Sciences of Ukraine,UA,Ukraine,10,SNS,2011-2015,outgoing
https://ror.org/0115xv923,Swiss Federal Institute of Metrology,CH,Switzerland,1,SNS,2011-2015,outgoing
https://ror.org/01165k395,Center for Research in Transplantation and Translational Immunology,FR,France,1,SNS,2011-2015,outgoing
https://ror.org/01167a838,Earth Observatory of Singapore,SG,Singapore,1,SNS,2011-2015,outgoing
https://ror.org/0116zdb24,State Street (United States),US,United States,2,SNS,2011-2015,outgoing
https://ror.org/0119hgk08,Université Blaise Pascal,FR,France,2,SNS,2011-2015,outgoing
https://ror.org/011apn769,Penn State Greater Allegheny,US,United States,1,SNS,2011-2015,outgoing
https://ror.org/011ashp19,Sichuan University,CN,China,98,SNS,2011-2015,outgoing
https://ror.org/011b9vp56,Ruian People's Hospital,CN,China,2,SNS,2011-2015,outgoing
https://ror.org/011cheg80,Omniox (United States),US,United States,1,SNS,2011-2015,outgoing
https://ror.org/011d8sm39,Changsha University,CN,China,1,SNS,2011-2015,outgoing
https://ror.org/011dv8m48,University of Gdańsk,PL,Poland,80,SNS,2011-2015,outgoing
https://ror.org/011dvr318,Spaulding Rehabilitation Hospital,US,United States,2,SNS,2011-2015,outgoing
https://ror.org/011hc8f90,DEVCOM Army Research Laboratory,US,United States,12,SNS,2011-2015,outgoing
https://ror.org/011hxwn54,Asia Pacific Center for Theoretical Physics,KR,South Korea,15,SNS,2011-2015,outgoing
https://ror.org/011hz4254,CRUK/MRC Oxford Institute for Radiation Oncology,GB,United Kingdom,2,SNS,2011-2015,outgoing
https://ror.org/011jsc803,MRC Human Genetics Unit,GB,United Kingdom,5,SNS,2011-2015,outgoing
https://ror.org/011jzyk83,Kulyash Bayseyitova Kazakh National University of Arts,KZ,Kazakhstan,1,SNS,2011-2015,outgoing
https://ror.org/011k7k191,National University Hospital of Iceland,IS,Iceland,1,SNS,2011-2015,outgoing
https://ror.org/011kd6273,Catholic Health Initiatives,US,United States,1,SNS,2011-2015,outgoing
https://ror.org/011maz450,University of the Punjab,PK,Pakistan,55,SNS,2011-2015,outgoing
https://ror.org/011n2s048,Tianjin Anding Hospital,CN,China,2,SNS,2011-2015,outgoing
https://ror.org/011nqat45,Centre de Recherches Pétrographiques et Géochimiques,FR,France,2,SNS,2011-2015,outgoing
https://ror.org/011nxrw51,Marquardt (Germany),DE,Germany,1,SNS,2011-2015,outgoing
https://ror.org/011p0ty46,Institute for Theoretical Physics Amsterdam,NL,The Netherlands,147,SNS,2011-2015,outgoing
https://ror.org/011pd5k86,Institute of Materials Science,VN,Vietnam,1,SNS,2011-2015,outgoing
https://ror.org/011pqxa69,Université du Québec en Outaouais,CA,Canada,3,SNS,2011-2015,outgoing
https://ror.org/011qkaj49,Roche (United States),US,United States,5,SNS,2011-2015,outgoing
https://ror.org/011qyt180,VA Office of Research and Development,US,United States,3,SNS,2011-2015,outgoing
https://ror.org/011r8ce56,Linyi People's Hospital,CN,China,1,SNS,2011-2015,outgoing
https://ror.org/011rf9d86,Shanghai Institutes for Biological Sciences,CN,China,46,SNS,2011-2015,outgoing
https://ror.org/011t2v902,Carlow University,US,United States,1,SNS,2011-2015,outgoing
https://ror.org/011tm7n37,Panasonic (Japan),JP,Japan,1,SNS,2011-2015,outgoing
https://ror.org/011ts7939,Berufsgenossenschaft Rohstoffe und chemische Industrie,DE,Germany,1,SNS,2011-2015,outgoing
https://ror.org/011vffx12,University of Wisconsin–Washington County,US,United States,1,SNS,2011-2015,outgoing
https://ror.org/011vxgd24,West Virginia University,US,United States,115,SNS,2011-2015,outgoing
https://ror.org/011xvna82,Fuzhou University,CN,China,5,SNS,2011-2015,outgoing
https://ror.org/011ygpb73,Institut de Chimie Moléculaire de l'Université de Bourgogne,FR,France,1,SNS,2011-2015,outgoing
https://ror.org/0120w5678,European Observatory on Health Systems and Policies,BE,Belgium,1,SNS,2011-2015,outgoing
https://ror.org/0121jnt59,Institut de Recherche et Coordination Acoustique Musique,FR,France,5,SNS,2011-2015,outgoing
https://ror.org/0121yvq70,Centre Européen de Sociologie et de Science Politique,FR,France,1,SNS,2011-2015,outgoing
https://ror.org/01220jp31,IRCCS Policlinico San Donato,IT,Italy,6,SNS,2011-2015,outgoing
https://ror.org/012221e05,"Département économie et sciences sociales pour l'agriculture, l'alimentation, l'environnement",FR,France,417,SNS,2011-2015,outgoing
https://ror.org/01226dv09,University Hospital Regensburg,DE,Germany,5,SNS,2011-2015,outgoing
https://ror.org/0122bmm03,Universidade Federal de Lavras,BR,Brazil,8,SNS,2011-2015,outgoing
https://ror.org/0122p5f64,Universidad de Jaén,ES,Spain,9,SNS,2011-2015,outgoing
https://ror.org/0124gwh94,AgResearch,NZ,New Zealand,4,SNS,2011-2015,outgoing
https://ror.org/0125yxn03,University Hospital in Motol,CZ,Czechia,4,SNS,2011-2015,outgoing
https://ror.org/0126qma51,University of Illinois at Springfield,US,United States,2,SNS,2011-2015,outgoing
https://ror.org/0126xah18,Chiba University Hospital,JP,Japan,1,SNS,2011-2015,outgoing
https://ror.org/0126z4b94,"Academic Center for Education, Culture and Research",IR,Iran,2,SNS,2011-2015,outgoing
https://ror.org/0127fwn18,Institute of Bioinformatics and Systems Biology,DE,Germany,2,SNS,2011-2015,outgoing
https://ror.org/0127ytz78,Anqing Normal University,CN,China,19,SNS,2011-2015,outgoing
https://ror.org/012a77v79,Lund University,SE,Sweden,2722,SNS,2011-2015,outgoing
https://ror.org/012a91z28,Universidad de Zaragoza,ES,Spain,138,SNS,2011-2015,outgoing
https://ror.org/012afjb06,Lehigh University,US,United States,32,SNS,2011-2015,outgoing
https://ror.org/012ajp527,Free University of Bozen-Bolzano,IT,Italy,1,SNS,2011-2015,outgoing
https://ror.org/012cr4033,State Key Laboratory of Information Security,CN,China,3,SNS,2011-2015,outgoing
https://ror.org/012cvds63,Leidos (United States),US,United States,25,SNS,2011-2015,outgoing
https://ror.org/012dayg05,Centro de Cirugía de Mínima Invasión Jesús Usón,ES,Spain,1,SNS,2011-2015,outgoing
https://ror.org/012dg8a96,Swarthmore College,US,United States,3,SNS,2011-2015,outgoing
https://ror.org/012e1xn46,Centre de Mathématiques Appliquées de l'École polytechnique,FR,France,17,SNS,2011-2015,outgoing
https://ror.org/012e6rh19,Tokyo Medical University Hospital,JP,Japan,1,SNS,2011-2015,outgoing
https://ror.org/012f2cn18,Second Affiliated Hospital of Dalian Medical University,CN,China,2,SNS,2011-2015,outgoing
https://ror.org/012f7tj07,Telefónica (Spain),ES,Spain,15,SNS,2011-2015,outgoing
https://ror.org/012gwbh42,Instituto Cajal,ES,Spain,5,SNS,2011-2015,outgoing
https://ror.org/012jban78,Medical University of South Carolina,US,United States,25,SNS,2011-2015,outgoing
https://ror.org/012k96e85,University Hospital of Umeå,SE,Sweden,3,SNS,2011-2015,outgoing
https://ror.org/012khpt30,Fondazione G.B. Bietti,IT,Italy,5,SNS,2011-2015,outgoing
https://ror.org/012mef835,Augusta University,US,United States,9,SNS,2011-2015,outgoing
https://ror.org/012mzw131,Leverhulme Trust,GB,United Kingdom,3,SNS,2011-2015,outgoing
https://ror.org/012nkbb42,St Vincent's Health,AU,Australia,5,SNS,2011-2015,outgoing
https://ror.org/012p63287,University of Groningen,NL,The Netherlands,1885,SNS,2011-2015,outgoing
https://ror.org/012pb6c26,National Heart Lung and Blood Institute,US,United States,12,SNS,2011-2015,outgoing
https://ror.org/012q2tk82,Institute of Solar-Terrestrial Physics,RU,Russia,1,SNS,2011-2015,outgoing
https://ror.org/012s3r374,"Ministry of Science, Technology and Innovation",MY,Malaysia,14,SNS,2011-2015,outgoing
https://ror.org/012sz4c50,Fourth Affiliated Hospital of China Medical University,CN,China,1,SNS,2011-2015,outgoing
https://ror.org/012t91r40,Institut de Microbiologie de la Méditerranée,FR,France,25,SNS,2011-2015,outgoing
https://ror.org/012tb2g32,Tianjin University,CN,China,11,SNS,2011-2015,outgoing
https://ror.org/012wp4251,Blueprint for Neuroscience Research,US,United States,506,SNS,2011-2015,outgoing
https://ror.org/012wxa772,Northern Illinois University,US,United States,1609,SNS,2011-2015,outgoing
https://ror.org/012wxdw12,Institut de Sciences des Matériaux de Mulhouse,FR,France,9,SNS,2011-2015,outgoing
https://ror.org/012wxv498,Mayo Clinic Comprehensive Cancer Center (Minnesota),US,United States,5,SNS,2011-2015,outgoing
https://ror.org/012x5xb44,Unity Health Toronto,CA,Canada,10,SNS,2011-2015,outgoing
https://ror.org/012xks909,Eastern Kentucky University,US,United States,96,SNS,2011-2015,outgoing
https://ror.org/012zh9h13,Institute of Agrifood Research and Technology,ES,Spain,1,SNS,2011-2015,outgoing
https://ror.org/012zp9903,National Research Council for Economics Humanities and Social Science,KR,South Korea,7,SNS,2011-2015,outgoing
https://ror.org/012zs8222,"University at Albany, State University of New York",US,United States,1667,SNS,2011-2015,outgoing
https://ror.org/0130a6s10,Foundation University Islamabad,PK,Pakistan,1,SNS,2011-2015,outgoing
https://ror.org/0130jk839,University Hospitals of Cleveland,US,United States,3,SNS,2011-2015,outgoing
https://ror.org/0131dra29,Fraunhofer Institute for Interfacial Engineering and Biotechnology,DE,Germany,1,SNS,2011-2015,outgoing
https://ror.org/0131hr478,Johnson Matthey (Germany),DE,Germany,2,SNS,2011-2015,outgoing
https://ror.org/0131rtf77,II-VI (United States),US,United States,1,SNS,2011-2015,outgoing
https://ror.org/0132f3h08,Fondation Nationale des Sciences Politiques,FR,France,1,SNS,2011-2015,outgoing
https://ror.org/0132nee26,Institut National d'Oncologie,MA,Morocco,3,SNS,2011-2015,outgoing
https://ror.org/013355g38,Dalle Molle Institute for Artificial Intelligence Research,CH,Switzerland,3,SNS,2011-2015,outgoing
https://ror.org/0135d1r83,Yokohama City University,JP,Japan,8,SNS,2011-2015,outgoing
https://ror.org/0135db650,Center for Agricultural Resources Research,US,United States,3,SNS,2011-2015,outgoing
https://ror.org/0135fch82,Kitt Peak National Observatory,US,United States,8,SNS,2011-2015,outgoing
https://ror.org/0135ffj82,The Gordon Life Science Institute,US,United States,1,SNS,2011-2015,outgoing
https://ror.org/01381hr71,Golder Associates (Canada),CA,Canada,1,SNS,2011-2015,outgoing
https://ror.org/0138w4412,Russian Research Center for Molecular Diagnostics and Therapy,RU,Russia,1,SNS,2011-2015,outgoing
https://ror.org/0138ysz16,Gifu Municipal Hospital,JP,Japan,1,SNS,2011-2015,outgoing
https://ror.org/013a5fa56,Jinshan Hospital of Fudan University,CN,China,1,SNS,2011-2015,outgoing
https://ror.org/013aysd81,National Research Foundation of Korea,KR,South Korea,1,SNS,2011-2015,outgoing
https://ror.org/013bkhk48,Université Paris Nanterre,FR,France,18,SNS,2011-2015,outgoing
https://ror.org/013bkjj52,Beijing Graphene Institute,CN,China,3,SNS,2011-2015,outgoing
https://ror.org/013cjyk83,Université Paris Sciences et Lettres,FR,France,2017,SNS,2011-2015,outgoing
https://ror.org/013ckk937,University of Rhode Island,US,United States,8,SNS,2011-2015,outgoing
https://ror.org/013czdx64,University Hospital Heidelberg,DE,Germany,58,SNS,2011-2015,outgoing
https://ror.org/013e0zm98,Beijing Technology and Business University,CN,China,2,SNS,2011-2015,outgoing
https://ror.org/013e76m06,Kangbuk Samsung Hospital,KR,South Korea,1,SNS,2011-2015,outgoing
https://ror.org/013e81n30,University of Alberta Hospital,CA,Canada,1,SNS,2011-2015,outgoing
https://ror.org/013eh0c53,American Institute for Psychoanalysis,US,United States,7,SNS,2011-2015,outgoing
https://ror.org/013fsnh78,University of Waikato,NZ,New Zealand,4,SNS,2011-2015,outgoing
https://ror.org/013g16z83,Accenture (United States),US,United States,2,SNS,2011-2015,outgoing
https://ror.org/013gnjn86,Linguistics University of Nizhny Novgorod,RU,Russia,5,SNS,2011-2015,outgoing
https://ror.org/013j2zh96,Institut Català d'Investigació Química,ES,Spain,6,SNS,2011-2015,outgoing
https://ror.org/013jjp941,Beihua University,CN,China,270,SNS,2011-2015,outgoing
https://ror.org/013js5t03,Roche (Estonia),EE,Estonia,1,SNS,2011-2015,outgoing
https://ror.org/013k5y296,Otsuka (Japan),JP,Japan,1,SNS,2011-2015,outgoing
https://ror.org/013m0ej23,Perimeter Institute,CA,Canada,629,SNS,2011-2015,outgoing
https://ror.org/013meh722,University of Cambridge,GB,United Kingdom,8909,SNS,2011-2015,outgoing
https://ror.org/013msgt25,General Electric (United States),US,United States,8,SNS,2011-2015,outgoing
https://ror.org/013q1eq08,Fudan University,CN,China,103,SNS,2011-2015,outgoing
https://ror.org/013q33h79,Institut d'Électronique et des Technologies du numéRique,FR,France,2,SNS,2011-2015,outgoing
https://ror.org/013q9v540,Institute of Theoretical Computer Science,CH,Switzerland,4,SNS,2011-2015,outgoing
https://ror.org/013rctf62,Van Leeuwenhoek Centre for Advanced Microscopy,NL,The Netherlands,1,SNS,2011-2015,outgoing
https://ror.org/013rnrt24,Institute of Physics,AZ,Azerbaijan,1150,SNS,2011-2015,outgoing
https://ror.org/013s3zh21,Necmettin Erbakan University,TR,Turkey,18,SNS,2011-2015,outgoing
https://ror.org/013s89d74,St James's University Hospital,GB,United Kingdom,4,SNS,2011-2015,outgoing
https://ror.org/013sk6x84,Janelia Research Campus,US,United States,41,SNS,2011-2015,outgoing
https://ror.org/013t96v18,Biotechnology Research Center,IR,Iran,1,SNS,2011-2015,outgoing
https://ror.org/013tf3c58,FWF Austrian Science Fund,AT,Austria,53,SNS,2011-2015,outgoing
https://ror.org/013tmk464,Comprehensive Cancer Center Mainfranken,DE,Germany,20,SNS,2011-2015,outgoing
https://ror.org/013vyke20,Environment Agency Austria,AT,Austria,3,SNS,2011-2015,outgoing
https://ror.org/013w2d378,Institute for Information Transmission Problems,RU,Russia,16,SNS,2011-2015,outgoing
https://ror.org/013x0ky90,Alexander Fleming Biomedical Sciences Research Center,GR,Greece,2,SNS,2011-2015,outgoing
https://ror.org/013x70191,JSS Academy of Higher Education and Research,IN,India,3,SNS,2011-2015,outgoing
https://ror.org/013xs5b60,Capital Medical University,CN,China,13,SNS,2011-2015,outgoing
https://ror.org/013zjb662,National University of Kaohsiung,TW,Taiwan,1,SNS,2011-2015,outgoing
https://ror.org/01411sx56,Johnson Matthey (United Kingdom),GB,United Kingdom,2,SNS,2011-2015,outgoing
https://ror.org/0141vn777,Institute of Chemistry of Molecular Recognition,IT,Italy,5,SNS,2011-2015,outgoing
https://ror.org/0141xw169,Institute for Space Astrophysics and Planetology,IT,Italy,158,SNS,2011-2015,outgoing
https://ror.org/0142eak56,Blueprint Medicines (United States),US,United States,3,SNS,2011-2015,outgoing
https://ror.org/0142es516,Gillette Children's Specialty Healthcare,US,United States,1,SNS,2011-2015,outgoing
https://ror.org/0144s0951,Zhejiang Cancer Hospital,CN,China,1,SNS,2011-2015,outgoing
https://ror.org/0145fw131,Hong Kong Baptist University,CN,China,31,SNS,2011-2015,outgoing
https://ror.org/0145rpw38,Stockholm Resilience Centre,SE,Sweden,3,SNS,2011-2015,outgoing
https://ror.org/0145znz58,Walter Reed Army Institute of Research,US,United States,5,SNS,2011-2015,outgoing
https://ror.org/01460j859,Universitat Politècnica de València,ES,Spain,60,SNS,2011-2015,outgoing
https://ror.org/01462r250,University Hospital of Zurich,CH,Switzerland,60,SNS,2011-2015,outgoing
https://ror.org/0146h2h75,IBM (Ireland),IE,Ireland,8,SNS,2011-2015,outgoing
https://ror.org/0146pps37,Hôpital Bretonneau,FR,France,2,SNS,2011-2015,outgoing
https://ror.org/0146z4r19,National Center for Ecological Analysis and Synthesis,US,United States,1,SNS,2011-2015,outgoing
https://ror.org/014837179,Iscte – Instituto Universitário de Lisboa,PT,Portugal,18,SNS,2011-2015,outgoing
https://ror.org/01485tq96,University of Wyoming,US,United States,246,SNS,2011-2015,outgoing
https://ror.org/0149jvn88,King Saud bin Abdulaziz University for Health Sciences,SA,Saudi Arabia,1,SNS,2011-2015,outgoing
https://ror.org/0149pv473,Hamburg Centre for Ultrafast Imaging,DE,Germany,14,SNS,2011-2015,outgoing
https://ror.org/0149s5s84,Stevenson University,US,United States,9,SNS,2011-2015,outgoing
https://ror.org/014axpa37,Roskilde University,DK,Denmark,12,SNS,2011-2015,outgoing
https://ror.org/014cjmc76,Swinburne University of Technology Sarawak Campus,MY,Malaysia,2,SNS,2011-2015,outgoing
https://ror.org/014cpn338,Vienna Center for Quantum Science and Technology,AT,Austria,63,SNS,2011-2015,outgoing
https://ror.org/014er3x17,Institute of Particle Physics,CA,Canada,843,SNS,2011-2015,outgoing
https://ror.org/014f77s28,Cheng Hsin General Hospital,TW,Taiwan,2,SNS,2011-2015,outgoing
https://ror.org/014f9c269,Google (Switzerland),CH,Switzerland,6,SNS,2011-2015,outgoing
https://ror.org/014fz7968,Sojo University,JP,Japan,4,SNS,2011-2015,outgoing
https://ror.org/014g34x36,University of Algarve,PT,Portugal,4,SNS,2011-2015,outgoing
https://ror.org/014g71345,Centre d’Études et de Recherche en Histoire culturelle,FR,France,1,SNS,2011-2015,outgoing
https://ror.org/014gqa478,University Health Care System,US,United States,1,SNS,2011-2015,outgoing
https://ror.org/014hpw227,Universidad Antonio Nariño,CO,Colombia,914,SNS,2011-2015,outgoing
https://ror.org/014ja3n03,University Hospitals Birmingham NHS Foundation Trust,GB,United Kingdom,3,SNS,2011-2015,outgoing
https://ror.org/014khrd35,Naval Meteorology and Oceanography Command,US,United States,2,SNS,2011-2015,outgoing
https://ror.org/014ktry78,NIHR Biomedical Research Centre at The Royal Marsden and the ICR,GB,United Kingdom,2,SNS,2011-2015,outgoing
https://ror.org/014n97s28,Laboratoire des Matériaux et du Génie Physique,FR,France,9,SNS,2011-2015,outgoing
https://ror.org/014net767,Laboratoire de Physico-Chimie de l'Atmosphère,FR,France,3,SNS,2011-2015,outgoing
https://ror.org/014nnvj65,TH Köln - University of Applied Sciences,DE,Germany,5,SNS,2011-2015,outgoing
https://ror.org/014p6mg26,Laboratoire de Psychologie et NeuroCognition,FR,France,1,SNS,2011-2015,outgoing
https://ror.org/014p8mr66,Institut d'Astrophysique Spatiale,FR,France,495,SNS,2011-2015,outgoing
https://ror.org/014qe3j22,Stanford Cancer Institute,US,United States,3,SNS,2011-2015,outgoing
https://ror.org/014qpa824,Minnesota State Colleges and Universities System,US,United States,10,SNS,2011-2015,outgoing
https://ror.org/014rks409,Finland University,FI,Finland,6,SNS,2011-2015,outgoing
https://ror.org/014te7048,Khazar University,AZ,Azerbaijan,1,SNS,2011-2015,outgoing
https://ror.org/014v12a39,Instituto de Investigación Sanitaria del Hospital Clínico San Carlos,ES,Spain,1,SNS,2011-2015,outgoing
https://ror.org/014v1mr15,Hangzhou Normal University,CN,China,72,SNS,2011-2015,outgoing
https://ror.org/014vaaj20,Miyazaki Prefectural NOBEOKA Hospital,JP,Japan,1,SNS,2011-2015,outgoing
https://ror.org/014vp6c30,Institut de Mathématiques de Toulouse,FR,France,20,SNS,2011-2015,outgoing
https://ror.org/014w0fd65,European Centre for Medium-Range Weather Forecasts,GB,United Kingdom,2,SNS,2011-2015,outgoing
https://ror.org/014weej12,Middle East Technical University,TR,Turkey,2606,SNS,2011-2015,outgoing
https://ror.org/014wfj781,Jacksonville State University,US,United States,1,SNS,2011-2015,outgoing
https://ror.org/014wt7r80,IBM Research - India,IN,India,2,SNS,2011-2015,outgoing
https://ror.org/014x3kb31,Huntsville Hospital,US,United States,1,SNS,2011-2015,outgoing
https://ror.org/014ye1258,Rutgers New Jersey Medical School,US,United States,10,SNS,2011-2015,outgoing
https://ror.org/014zrew76,Université d'Orléans,FR,France,176,SNS,2011-2015,outgoing
https://ror.org/014zxe029,Centro de Investigación y Docencia Económicas,MX,Mexico,5,SNS,2011-2015,outgoing
https://ror.org/014zxnz40,Gheorghe Asachi Technical University of Iași,RO,Romania,1,SNS,2011-2015,outgoing
https://ror.org/01502ca60,Hospices Civils de Lyon,FR,France,26,SNS,2011-2015,outgoing
https://ror.org/015121715,Peterson Institute for International Economics,US,United States,4,SNS,2011-2015,outgoing
https://ror.org/0151bmh98,University of Hyogo,JP,Japan,4,SNS,2011-2015,outgoing
https://ror.org/0151gh112,Islamic Azad University Rasht Branch,IR,Iran,1,SNS,2011-2015,outgoing
https://ror.org/01529vy56,Mie University,JP,Japan,9,SNS,2011-2015,outgoing
https://ror.org/0152bt112,Health Sciences and Nutrition,AU,Australia,1,SNS,2011-2015,outgoing
https://ror.org/0152qkr29,Arkansas State University System,US,United States,66,SNS,2011-2015,outgoing
https://ror.org/01539v588,Oranim Academic College of Education,IL,Israel,1,SNS,2011-2015,outgoing
https://ror.org/0153ngy95,Southern Research Institute,US,United States,1,SNS,2011-2015,outgoing
https://ror.org/0153sam53,Veterinary and Agrochemical Research Centre,BE,Belgium,1,SNS,2011-2015,outgoing
https://ror.org/015471y74,Inje University Paik Hospital,KR,South Korea,2,SNS,2011-2015,outgoing
https://ror.org/015566d55,University of Azad Jammu and Kashmir,PK,Pakistan,1,SNS,2011-2015,outgoing
https://ror.org/0155zta11,University of Vermont,US,United States,23,SNS,2011-2015,outgoing
https://ror.org/0157pnt69,Claremont Graduate University,US,United States,1,SNS,2011-2015,outgoing
https://ror.org/0157za327,"Czech Academy of Sciences, Institute of Animal Physiology and Genetics",CZ,Czechia,6,SNS,2011-2015,outgoing
https://ror.org/015803449,South London and Maudsley NHS Foundation Trust,GB,United Kingdom,2,SNS,2011-2015,outgoing
https://ror.org/01585b035,Universidade Estadual de Londrina,BR,Brazil,6,SNS,2011-2015,outgoing
https://ror.org/01590nj79,University Kebangsaan Malaysia Medical Centre,MY,Malaysia,1,SNS,2011-2015,outgoing
https://ror.org/01597g643,State University of New York at Oswego,US,United States,10,SNS,2011-2015,outgoing
https://ror.org/015a1ak54,"York College, City University of New York",US,United States,8,SNS,2011-2015,outgoing
https://ror.org/015aem925,New Generation University College,ET,Ethiopia,11,SNS,2011-2015,outgoing
https://ror.org/015ahgd08,Brescia University,US,United States,42,SNS,2011-2015,outgoing
https://ror.org/015b6az38,Mackay Memorial Hospital,TW,Taiwan,1,SNS,2011-2015,outgoing
https://ror.org/015bmra78,Institute of Geosciences and Earth Resources,IT,Italy,3,SNS,2011-2015,outgoing
https://ror.org/015byt818,National Energy Research Center,JO,Jordan,9,SNS,2011-2015,outgoing
https://ror.org/015dapv07,Tajik State Pedagogical University,TJ,Tajikistan,1,SNS,2011-2015,outgoing
https://ror.org/015dyrs73,Queen Elizabeth Hospital,GB,United Kingdom,1,SNS,2011-2015,outgoing
https://ror.org/015egth93,T J Institute of Technology,IN,India,6,SNS,2011-2015,outgoing
https://ror.org/015f9wa43,Integrated Systems Laboratory,CH,Switzerland,1,SNS,2011-2015,outgoing
https://ror.org/015ggv447,United Nations Economic Commission for Latin America and the Caribbean,CL,Chile,1,SNS,2011-2015,outgoing
https://ror.org/015h0qg34,Maria Curie-Skłodowska University,PL,Poland,2,SNS,2011-2015,outgoing
https://ror.org/015hfw664,Good Hope Hospital,GB,United Kingdom,1,SNS,2011-2015,outgoing
https://ror.org/015hh0z25,Texas A&M University – Central Texas,US,United States,51,SNS,2011-2015,outgoing
https://ror.org/015jmes13,South Dakota State University,US,United States,2,SNS,2011-2015,outgoing
https://ror.org/015kcdd40,"Istituto Nazionale di Fisica Nucleare, Sezione di Napoli",IT,Italy,97,SNS,2011-2015,outgoing
https://ror.org/015m2p889,Aberystwyth University,GB,United Kingdom,48,SNS,2011-2015,outgoing
https://ror.org/015m77g16,State Key Laboratory of Robotics and Systems,CN,China,3,SNS,2011-2015,outgoing
https://ror.org/015m7wh34,Université de Rennes,FR,France,369,SNS,2011-2015,outgoing
https://ror.org/015nth639,MRC Cancer Unit,GB,United Kingdom,1,SNS,2011-2015,outgoing
https://ror.org/015p9va32,Singapore Institute for Clinical Sciences,SG,Singapore,3,SNS,2011-2015,outgoing
https://ror.org/015qjqf64,"University of Veterinary Medicine Hannover, Foundation",DE,Germany,1,SNS,2011-2015,outgoing
https://ror.org/015qzwq73,Henan Psychiatric Hospital,CN,China,1,SNS,2011-2015,outgoing
https://ror.org/015scty35,Kastamonu University,TR,Turkey,4,SNS,2011-2015,outgoing
https://ror.org/015v43a21,Centro de Investigación en Alimentación y Desarrollo,MX,Mexico,1,SNS,2011-2015,outgoing
https://ror.org/015v9d997,Jeonju University,KR,South Korea,1,SNS,2011-2015,outgoing
https://ror.org/015w2mp89,National Physical Laboratory,GB,United Kingdom,12,SNS,2011-2015,outgoing
https://ror.org/015w4v032,Centro Nacional de Biotecnología,ES,Spain,8,SNS,2011-2015,outgoing
https://ror.org/015x8rz21,Laboratoire des Solides Irradiés,FR,France,2,SNS,2011-2015,outgoing
https://ror.org/015xjsg96,Universidade Tiradentes,BR,Brazil,474,SNS,2011-2015,outgoing
https://ror.org/015xq7480,Netherlands Institute for Health Services Research,NL,The Netherlands,1,SNS,2011-2015,outgoing
https://ror.org/015z29x25,United Nations Environment Programme,KE,Kenya,1,SNS,2011-2015,outgoing
https://ror.org/015zmr509,University of Kashan,IR,Iran,1,SNS,2011-2015,outgoing
https://ror.org/01603fg59,Instituto de Investigacións Mariñas,ES,Spain,3,SNS,2011-2015,outgoing
https://ror.org/0160cpw27,University of Alberta,CA,Canada,1579,SNS,2011-2015,outgoing
https://ror.org/0161q6d74,Sinopec (China),CN,China,1,SNS,2011-2015,outgoing
https://ror.org/0161xgx34,Université de Montréal,CA,Canada,2297,SNS,2011-2015,outgoing
https://ror.org/0162y2387,Association Francaise contre les Myopathies,FR,France,14,SNS,2011-2015,outgoing
https://ror.org/0162z8b04,Idaho State University,US,United States,9,SNS,2011-2015,outgoing
https://ror.org/0163qhr63,Hanusch Hospital,AT,Austria,1,SNS,2011-2015,outgoing
https://ror.org/0163xqp73,Leibniz Institute of Environmental Medicine,DE,Germany,1,SNS,2011-2015,outgoing
https://ror.org/016476m91,University of Aberdeen,GB,United Kingdom,43,SNS,2011-2015,outgoing
https://ror.org/0164qgj37,Dong A University,VN,Vietnam,1,SNS,2011-2015,outgoing
https://ror.org/0165ax130,Hôpital Roger Salengro,FR,France,8,SNS,2011-2015,outgoing
https://ror.org/0165d9303,Harish-Chandra Research Institute,IN,India,92,SNS,2011-2015,outgoing
https://ror.org/0165r2y73,Max Planck Institute for Heart and Lung Research,DE,Germany,12,SNS,2011-2015,outgoing
https://ror.org/0166hxq48,"Ministry of Education, Universities and Research",IT,Italy,67,SNS,2011-2015,outgoing
https://ror.org/0168r3w48,University of California San Diego,US,United States,3063,SNS,2011-2015,outgoing
https://ror.org/01692sz90,Juntendo University,JP,Japan,18,SNS,2011-2015,outgoing
https://ror.org/0169kb131,Children’s Mercy Research Institute,US,United States,2,SNS,2011-2015,outgoing
https://ror.org/016acvd35,Henry Ford Macomb Hospital,US,United States,2,SNS,2011-2015,outgoing
https://ror.org/016bgq349,National Institute of Information and Communications Technology,JP,Japan,22,SNS,2011-2015,outgoing
https://ror.org/016c76a68,ADx NeuroSciences,BE,Belgium,1,SNS,2011-2015,outgoing
https://ror.org/016czhx14,St. Cloud State University,US,United States,1,SNS,2011-2015,outgoing
https://ror.org/016e0xz09,Kent State University at Salem,US,United States,49,SNS,2011-2015,outgoing
https://ror.org/016e5hy63,Matej Bel University,SK,Slovakia,1,SNS,2011-2015,outgoing
https://ror.org/016en1t86,Foundational Questions Institute,US,United States,3,SNS,2011-2015,outgoing
https://ror.org/016f61126,Medical University of Lublin,PL,Poland,1,SNS,2011-2015,outgoing
https://ror.org/016fa9e26,National Center for Oncological Hadrontherapy,IT,Italy,3,SNS,2011-2015,outgoing
https://ror.org/016g9tg59,State Key Laboratory of Low-Dimensional Quantum Physics,CN,China,1,SNS,2011-2015,outgoing
https://ror.org/016gb1631,HUN-REN Szegedi Biológiai Kutatóközpont,HU,Hungary,4,SNS,2011-2015,outgoing
https://ror.org/016gb9e15,University of the Sunshine Coast,AU,Australia,14,SNS,2011-2015,outgoing
https://ror.org/016gp6x28,University of South Florida St. Petersburg,US,United States,13,SNS,2011-2015,outgoing
https://ror.org/016jp5b92,Tanta University,EG,Egypt,1,SNS,2011-2015,outgoing
https://ror.org/016kj2436,Royal Observatory,GB,United Kingdom,1281,SNS,2011-2015,outgoing
https://ror.org/016m8pd54,Morgan Stanley Children's Hospital,US,United States,1,SNS,2011-2015,outgoing
https://ror.org/016mx5748,Monash Children’s Hospital,AU,Australia,2,SNS,2011-2015,outgoing
https://ror.org/016ncsr12,Centre Hospitalier Régional et Universitaire de Nancy,FR,France,14,SNS,2011-2015,outgoing
https://ror.org/016nwev19,Sciences pour l'Environnement,FR,France,7,SNS,2011-2015,outgoing
https://ror.org/016pnwd02,Institut des Sciences du Vivant Frédéric Joliot,FR,France,50,SNS,2011-2015,outgoing
https://ror.org/016r2hq43,Laboratoire de Chimie Physique,FR,France,28,SNS,2011-2015,outgoing
https://ror.org/016s8vs02,Physical Measurement Laboratory,US,United States,7,SNS,2011-2015,outgoing
https://ror.org/016sewp10,Rhodes University,ZA,South Africa,215,SNS,2011-2015,outgoing
https://ror.org/016st3p78,Luleå University of Technology,SE,Sweden,6,SNS,2011-2015,outgoing
https://ror.org/016t1kc57,Kao Corporation (Japan),JP,Japan,30,SNS,2011-2015,outgoing
https://ror.org/016tfm930,The University of Texas Medical Branch at Galveston,US,United States,26,SNS,2011-2015,outgoing
https://ror.org/016vx5156,Hôpital Européen Georges-Pompidou,FR,France,27,SNS,2011-2015,outgoing
https://ror.org/016xsfp80,Radboud University Nijmegen,NL,The Netherlands,2706,SNS,2011-2015,outgoing
https://ror.org/016yv6y68,Dakota State University,US,United States,5,SNS,2011-2015,outgoing
https://ror.org/016z2bp30,National Jewish Health,US,United States,3,SNS,2011-2015,outgoing
https://ror.org/016zn0y21,Fondazione IRCCS Ca' Granda Ospedale Maggiore Policlinico,IT,Italy,15,SNS,2011-2015,outgoing
https://ror.org/016zre027,Ontario Tech University,CA,Canada,4,SNS,2011-2015,outgoing
https://ror.org/016zvc994,Institut de Pharmacologie et de Biologie Structurale,FR,France,2,SNS,2011-2015,outgoing
https://ror.org/01703db54,National Institute of Advanced Industrial Science and Technology,JP,Japan,38,SNS,2011-2015,outgoing
https://ror.org/0170b6c09,Institute of Scientific and Technical Information,CN,China,2,SNS,2011-2015,outgoing
https://ror.org/0170edc15,University of Babylon,IQ,Iraq,1,SNS,2011-2015,outgoing
https://ror.org/0170m4k80,Los Angeles Pierce College,US,United States,4,SNS,2011-2015,outgoing
https://ror.org/0170z8493,Shaanxi Normal University,CN,China,15,SNS,2011-2015,outgoing
https://ror.org/0171mag52,Goddard Space Flight Center,US,United States,1492,SNS,2011-2015,outgoing
https://ror.org/0173mx324,Family Research Institute,US,United States,3,SNS,2011-2015,outgoing
https://ror.org/0173y3036,VCU Massey Comprehensive Cancer Center,US,United States,8,SNS,2011-2015,outgoing
https://ror.org/01741jv66,"Institute of Physics, Bhubaneshwar",IN,India,328,SNS,2011-2015,outgoing
https://ror.org/0174shg90,Universidad de Extremadura,ES,Spain,11,SNS,2011-2015,outgoing
https://ror.org/01751w114,Universidad de Lima,PE,Peru,1,SNS,2011-2015,outgoing
https://ror.org/0175g1p16,Quantum University,IN,India,3,SNS,2011-2015,outgoing
https://ror.org/0175hh227,Conservatoire National des Arts et Métiers,FR,France,4,SNS,2011-2015,outgoing
https://ror.org/01761e930,Turku PET Centre,FI,Finland,4,SNS,2011-2015,outgoing
https://ror.org/0176yjw32,Universidade Federal de Minas Gerais,BR,Brazil,57,SNS,2011-2015,outgoing
https://ror.org/0176yqn58,American University in Cairo,EG,Egypt,2,SNS,2011-2015,outgoing
https://ror.org/01786mp71,Institute of Agrobiological Sciences,JP,Japan,5,SNS,2011-2015,outgoing
https://ror.org/0178ysk77,University of Holy Cross,US,United States,1,SNS,2011-2015,outgoing
https://ror.org/01790dx02,Shanxi Provincial Cancer Hospital,CN,China,1,SNS,2011-2015,outgoing
https://ror.org/017cjz748,Ulsan National Institute of Science and Technology,KR,South Korea,37,SNS,2011-2015,outgoing
https://ror.org/017d8gk22,Morgan State University,US,United States,6,SNS,2011-2015,outgoing
https://ror.org/017e99q89,Provincia Autonoma di Trento,IT,Italy,3,SNS,2011-2015,outgoing
https://ror.org/017fdfe13,Cluster in Biomedicine,IT,Italy,3,SNS,2011-2015,outgoing
https://ror.org/017fh2655,Instituto Nacional de Enfermedades Respiratorias,MX,Mexico,1,SNS,2011-2015,outgoing
https://ror.org/017h2rd72,Institut Supérieur de l'Électronique et du Numérique,FR,France,53,SNS,2011-2015,outgoing
https://ror.org/017h5q109,Centre Hospitalier Universitaire de Toulouse,FR,France,26,SNS,2011-2015,outgoing
https://ror.org/017hkng22,Ehime University,JP,Japan,248,SNS,2011-2015,outgoing
https://ror.org/017je7s69,National Institute for Research in Reproductive Health,IN,India,1,SNS,2011-2015,outgoing
https://ror.org/017k80q27,Birmingham Children's Hospital,GB,United Kingdom,1,SNS,2011-2015,outgoing
https://ror.org/017mte255,Equinor (Norway),NO,Norway,1,SNS,2011-2015,outgoing
https://ror.org/017nweb49,Roger Williams University,US,United States,6,SNS,2011-2015,outgoing
https://ror.org/017qcv467,Max Planck Institute for Astrophysics,DE,Germany,958,SNS,2011-2015,outgoing
https://ror.org/017qjec28,VATT Institute for Economic Research,FI,Finland,1,SNS,2011-2015,outgoing
https://ror.org/017r4dj03,State Key Laboratory of Software Development Environment,CN,China,2,SNS,2011-2015,outgoing
https://ror.org/017rnyz40,Ministère de la Culture,FR,France,30,SNS,2011-2015,outgoing
https://ror.org/017stnw60,Korea Institute of Brain Science,KR,South Korea,4,SNS,2011-2015,outgoing
https://ror.org/017tgbk05,Université de Toulouse,FR,France,453,SNS,2011-2015,outgoing
https://ror.org/017wcm924,University System of Georgia,US,United States,166,SNS,2011-2015,outgoing
https://ror.org/017wvtq80,University of Patras,GR,Greece,37,SNS,2011-2015,outgoing
https://ror.org/017xch102,Instituto de Física Corpuscular,ES,Spain,651,SNS,2011-2015,outgoing
https://ror.org/017xnm587,Soongsil University,KR,South Korea,235,SNS,2011-2015,outgoing
https://ror.org/017z00e58,Chongqing Medical University,CN,China,10,SNS,2011-2015,outgoing
https://ror.org/017zhda45,Queensland Centre for Mental Health Research,AU,Australia,2,SNS,2011-2015,outgoing
https://ror.org/017zhmm22,Xi'an Jiaotong University,CN,China,7,SNS,2011-2015,outgoing
https://ror.org/017zqws13,University of Minnesota,US,United States,2751,SNS,2011-2015,outgoing
https://ror.org/017zz7s54,LIRA - Laboratoire d'instrumentation et de recherche en astrophysique,FR,France,441,SNS,2011-2015,outgoing
https://ror.org/0180ay989,Fukushimura Hospital,JP,Japan,1,SNS,2011-2015,outgoing
https://ror.org/018159086,Pirogov Russian National Research Medical University,RU,Russia,4,SNS,2011-2015,outgoing
https://ror.org/01856cw59,University Hospital Münster,DE,Germany,17,SNS,2011-2015,outgoing
https://ror.org/0186h8060,DWI – Leibniz Institute for Interactive Materials,DE,Germany,1,SNS,2011-2015,outgoing
https://ror.org/0186yvf62,Australian Academy of Science,AU,Australia,1,SNS,2011-2015,outgoing
https://ror.org/01875pg84,Hôpital Saint-Antoine,FR,France,4,SNS,2011-2015,outgoing
https://ror.org/018786988,Centre Automatique et Systèmes,FR,France,3,SNS,2011-2015,outgoing
https://ror.org/0187kwz08,National Institute for Health and Care Research,GB,United Kingdom,15,SNS,2011-2015,outgoing
https://ror.org/0187pm092,Sunesis (United States),US,United States,1,SNS,2011-2015,outgoing
https://ror.org/018906e22,Erasmus MC,NL,The Netherlands,64,SNS,2011-2015,outgoing
https://ror.org/0189raq88,German Sport University Cologne,DE,Germany,1,SNS,2011-2015,outgoing
https://ror.org/018afr131,Knipovich Polar Research Institute of Marine Fisheries and Oceanography,RU,Russia,1,SNS,2011-2015,outgoing
https://ror.org/018afyw53,GESIS - Leibniz-Institute for the Social Sciences,DE,Germany,6,SNS,2011-2015,outgoing
https://ror.org/018azgd14,National Institute of Cholera and Enteric Diseases,IN,India,1,SNS,2011-2015,outgoing
https://ror.org/018b0x874,Laboratoire d'Hydrodynamique de l'École polytechnique,FR,France,1,SNS,2011-2015,outgoing
https://ror.org/018bh0m68,HiLIFE – Elämäntieteiden Instituutti,FI,Finland,1,SNS,2011-2015,outgoing
https://ror.org/018cxtf62,Earlham Institute,GB,United Kingdom,4,SNS,2011-2015,outgoing
https://ror.org/018da3y22,Fred Hutchinson/University of Washington/Seattle Children’s Cancer Consortium,US,United States,37,SNS,2011-2015,outgoing
https://ror.org/018dfmf50,Open University of the Netherlands,NL,The Netherlands,1,SNS,2011-2015,outgoing
https://ror.org/018h10037,UK Health Security Agency,GB,United Kingdom,1,SNS,2011-2015,outgoing
https://ror.org/018hded08,Hebei University of Technology,CN,China,1,SNS,2011-2015,outgoing
https://ror.org/018hjpz25,Sheffield Teaching Hospitals NHS Foundation Trust,GB,United Kingdom,3,SNS,2011-2015,outgoing
https://ror.org/018jxrz45,China Tianjin Tools Research Institute (China),CN,China,4,SNS,2011-2015,outgoing
https://ror.org/018m1s709,Instituto de Agroquímica y Tecnología de Alimentos,ES,Spain,1,SNS,2011-2015,outgoing
https://ror.org/018m4ac75,Technology Partnership of Nagoya University,US,United States,2,SNS,2011-2015,outgoing
https://ror.org/018mejw64,Deutsche Forschungsgemeinschaft,DE,Germany,7,SNS,2011-2015,outgoing
https://ror.org/018pp1107,Arts et Métiers,FR,France,3,SNS,2011-2015,outgoing
https://ror.org/018ptcp83,Centro de Química,PT,Portugal,5,SNS,2011-2015,outgoing
https://ror.org/018txrr13,VA Ann Arbor Healthcare System,US,United States,1,SNS,2011-2015,outgoing
https://ror.org/018yta094,Morehead State University,US,United States,3,SNS,2011-2015,outgoing
https://ror.org/018yv7m63,Svenska Örtmedicinska Institute,SE,Sweden,2,SNS,2011-2015,outgoing
https://ror.org/018zpxs61,Kazimierz Wielki University in Bydgoszcz,PL,Poland,27,SNS,2011-2015,outgoing
https://ror.org/0190ak572,New York University,US,United States,2647,SNS,2011-2015,outgoing
https://ror.org/0190x2a66,Xinyang Normal University,CN,China,16,SNS,2011-2015,outgoing
https://ror.org/01920cw75,"Galaxies, Etoiles, Physique et Instrumentation",FR,France,15,SNS,2011-2015,outgoing
https://ror.org/01920rj20,Roslin Institute,GB,United Kingdom,4,SNS,2011-2015,outgoing
https://ror.org/0192m2k53,University of Salerno,IT,Italy,736,SNS,2011-2015,outgoing
https://ror.org/019621n74,Public Health Institute,US,United States,2,SNS,2011-2015,outgoing
https://ror.org/019641589,Inje University Haeundae Paik Hospital,KR,South Korea,1,SNS,2011-2015,outgoing
https://ror.org/01973x930,United States Department of the Air Force,US,United States,47,SNS,2011-2015,outgoing
https://ror.org/019787q29,UCSI University,MY,Malaysia,1,SNS,2011-2015,outgoing
https://ror.org/0197nmd03,Ritsumeikan University,JP,Japan,1188,SNS,2011-2015,outgoing
https://ror.org/0197t7j38,Bon Secours Hospital Cork,IE,Ireland,1,SNS,2011-2015,outgoing
https://ror.org/0198v2949,Universidade do Estado do Rio de Janeiro,BR,Brazil,6650,SNS,2011-2015,outgoing
https://ror.org/019950a73,Copenhagen Zoo,DK,Denmark,2,SNS,2011-2015,outgoing
https://ror.org/0199g0r92,Max Planck Institute for Metabolism Research,DE,Germany,6,SNS,2011-2015,outgoing
https://ror.org/0199hds37,Université Sorbonne Paris Nord,FR,France,159,SNS,2011-2015,outgoing
https://ror.org/0199zx576,Instituto Nacional del Carbón,ES,Spain,4,SNS,2011-2015,outgoing
https://ror.org/019bxes45,University Dental Hospital of Manchester,GB,United Kingdom,90,SNS,2011-2015,outgoing
https://ror.org/019ehh677,Cotton University,IN,India,3,SNS,2011-2015,outgoing
https://ror.org/019fnr381,Universitas Trisakti,ID,Indonesia,2,SNS,2011-2015,outgoing
https://ror.org/019g8w217,Instituto de Medicina Molecular João Lobo Antunes,PT,Portugal,13,SNS,2011-2015,outgoing
https://ror.org/019j78370,Salford Royal NHS Foundation Trust,GB,United Kingdom,5,SNS,2011-2015,outgoing
https://ror.org/019k1pd13,Mid Sweden University,SE,Sweden,3,SNS,2011-2015,outgoing
https://ror.org/019kgqr73,The University of Texas at Arlington,US,United States,1951,SNS,2011-2015,outgoing
https://ror.org/019kqby73,Institut de Neurosciences des Systèmes,FR,France,3,SNS,2011-2015,outgoing
https://ror.org/019mzt973,Roozbeh Hospital,IR,Iran,1,SNS,2011-2015,outgoing
https://ror.org/019ngyx76,Institute for Environmental Management,US,United States,1,SNS,2011-2015,outgoing
https://ror.org/019sbgd69,Gdańsk Medical University,PL,Poland,3,SNS,2011-2015,outgoing
https://ror.org/019sgcz74,Slovenian Centre of Excellence for Space Sciences and Technologies,SI,Slovenia,1,SNS,2011-2015,outgoing
https://ror.org/019t2rq07,University of Northwestern,US,United States,5651,SNS,2011-2015,outgoing
https://ror.org/019tcpt25,CentraleSupélec,FR,France,43,SNS,2011-2015,outgoing
https://ror.org/019tepx80,Okayama University Hospital,JP,Japan,1,SNS,2011-2015,outgoing
https://ror.org/019tgvf94,Université Côte d'Azur,FR,France,396,SNS,2011-2015,outgoing
https://ror.org/019vsm959,National University of Science and Technology,RU,Russia,2,SNS,2011-2015,outgoing
https://ror.org/019w4f821,European Union,BE,Belgium,30,SNS,2011-2015,outgoing
https://ror.org/019whta54,University of Lausanne,CH,Switzerland,153,SNS,2011-2015,outgoing
https://ror.org/019wqcg20,Stanford Health Care,US,United States,1,SNS,2011-2015,outgoing
https://ror.org/019wt1929,Sheffield Hallam University,GB,United Kingdom,3,SNS,2011-2015,outgoing
https://ror.org/019wvm592,Australian National University,AU,Australia,1608,SNS,2011-2015,outgoing
https://ror.org/019xaj585,Vaasa Central Hospital,FI,Finland,1,SNS,2011-2015,outgoing
https://ror.org/019ytz097,Centro Nacional de Microbiologia,ES,Spain,4,SNS,2011-2015,outgoing
https://ror.org/019zcmj26,Department of Medical Sciences,RU,Russia,4,SNS,2011-2015,outgoing
https://ror.org/01a097g74,Sigma-Tau (Switzerland),CH,Switzerland,3,SNS,2011-2015,outgoing
https://ror.org/01a099706,Shantou University,CN,China,3,SNS,2011-2015,outgoing
https://ror.org/01a1mq059,ARC Centre of Excellence in Plant Energy Biology,AU,Australia,2,SNS,2011-2015,outgoing
https://ror.org/01a1xfd09,Institute for Nuclear Research,RU,Russia,3074,SNS,2011-2015,outgoing
https://ror.org/01a28zg77,"Basque Center on Cognition, Brain and Language",ES,Spain,1,SNS,2011-2015,outgoing
https://ror.org/01a2wsa50,Biogipuzkoa Health Research Institute,ES,Spain,1,SNS,2011-2015,outgoing
https://ror.org/01a5mqy88,Bose Institute,IN,India,98,SNS,2011-2015,outgoing
https://ror.org/01a6zh966,Institut de Neurosciences Cognitives et Intégratives d’Aquitaine,FR,France,1,SNS,2011-2015,outgoing
https://ror.org/01a77tt86,University of Warwick,GB,United Kingdom,4252,SNS,2011-2015,outgoing
https://ror.org/01a8ajp46,Université Clermont Auvergne,FR,France,4551,SNS,2011-2015,outgoing
https://ror.org/01a92vw29,Latvijas Organiskās Sintēzes Institūts,LV,Latvia,2,SNS,2011-2015,outgoing
https://ror.org/01aadv713,Herzegovina University,BA,Bosnia and Herzegovina,1,SNS,2011-2015,outgoing
https://ror.org/01aaptx40,Indiana University Health,US,United States,48,SNS,2011-2015,outgoing
https://ror.org/01abtsn51,Chung Shan Medical University Hospital,TW,Taiwan,1,SNS,2011-2015,outgoing
https://ror.org/01adr0w49,University of Maine,US,United States,4,SNS,2011-2015,outgoing
https://ror.org/01adx8c71,Atacama Large Millimeter Submillimeter Array,CL,Chile,124,SNS,2011-2015,outgoing
https://ror.org/01aeq1t78,Shriners Hospitals for Children - Cincinnati,US,United States,1,SNS,2011-2015,outgoing
https://ror.org/01afbkc02,University North,HR,Croatia,5,SNS,2011-2015,outgoing
https://ror.org/01aff2v68,University of Waterloo,CA,Canada,203,SNS,2011-2015,outgoing
https://ror.org/01agh0847,Deutsche Gesetzliche Unfallversicherung,DE,Germany,1,SNS,2011-2015,outgoing
https://ror.org/01agk4b09,Konrad Lorenz Institute for Evolution and Cognition Research,AT,Austria,1,SNS,2011-2015,outgoing
https://ror.org/01ah6nb52,Applied Science Private University,JO,Jordan,2,SNS,2011-2015,outgoing
https://ror.org/01aht8z37,Demartino Public Hospital,SO,Somalia,2,SNS,2011-2015,outgoing
https://ror.org/01aj84f44,Aarhus University,DK,Denmark,419,SNS,2011-2015,outgoing
https://ror.org/01ajt3179,Hutchison/MRC Research Centre,GB,United Kingdom,2,SNS,2011-2015,outgoing
https://ror.org/01ak5cj98,Simón Bolívar University,VE,Venezuela,29,SNS,2011-2015,outgoing
https://ror.org/01an57a31,Pusan National University,KR,South Korea,445,SNS,2011-2015,outgoing
https://ror.org/01an7q238,"University of California, Berkeley",US,United States,4238,SNS,2011-2015,outgoing
https://ror.org/01apc5d07,Ningbo No. 2 Hospital,CN,China,2,SNS,2011-2015,outgoing
https://ror.org/01apna436,Ohio Supercomputer Center,US,United States,1,SNS,2011-2015,outgoing
https://ror.org/01apvbh93,Uppsala University Hospital,SE,Sweden,2,SNS,2011-2015,outgoing
https://ror.org/01apwkd48,École Supérieure d'Ingénieurs en Génie Électrique,FR,France,1,SNS,2011-2015,outgoing
https://ror.org/01apwpt12,Sandia National Laboratories,US,United States,69,SNS,2011-2015,outgoing
https://ror.org/01ar90c17,Istituto di Biologia e Biotecnologia Agraria,IT,Italy,7,SNS,2011-2015,outgoing
https://ror.org/01ar9e455,The Aerospace Corporation,US,United States,6,SNS,2011-2015,outgoing
https://ror.org/01arysc35,Santa Fe Institute,US,United States,101,SNS,2011-2015,outgoing
https://ror.org/01as92r37,State Key Laboratory of Natural Medicine,CN,China,4,SNS,2011-2015,outgoing
https://ror.org/01av3a615,Institut de Recerca Biomèdica Catalunya Sud,ES,Spain,1,SNS,2011-2015,outgoing
https://ror.org/01av3m334,Universidade Federal do Triângulo Mineiro,BR,Brazil,120,SNS,2011-2015,outgoing
https://ror.org/01avjet51,St. Patrick Roman Catholic Church,US,United States,1,SNS,2011-2015,outgoing
https://ror.org/01avs2k90,Ulugh Beg Astronomical Institute,UZ,Uzbekistan,1,SNS,2011-2015,outgoing
https://ror.org/01aw9fv09,Rhode Island Hospital,US,United States,9,SNS,2011-2015,outgoing
https://ror.org/01awv9175,Longwood University,US,United States,7,SNS,2011-2015,outgoing
https://ror.org/01ayc5b57,German Research Centre for Artificial Intelligence,DE,Germany,12,SNS,2011-2015,outgoing
https://ror.org/01aysdw42,St Mary's Hospital,GB,United Kingdom,1,SNS,2011-2015,outgoing
https://ror.org/01az7b475,Korea Research Institute of Standards and Science,KR,South Korea,19,SNS,2011-2015,outgoing
https://ror.org/01azzms13,Universitat de Miguel Hernández d'Elx,ES,Spain,17,SNS,2011-2015,outgoing
https://ror.org/01b11x021,Hull and East Yorkshire Hospitals NHS Trust,GB,United Kingdom,1,SNS,2011-2015,outgoing
https://ror.org/01b1j4e13,Institute for High Pressure Physics,RU,Russia,1,SNS,2011-2015,outgoing
https://ror.org/01b25wz12,Southeastern University,US,United States,1,SNS,2011-2015,outgoing
https://ror.org/01b280561,State Key Laboratory of Cancer Biology,CN,China,2,SNS,2011-2015,outgoing
https://ror.org/01b2f6h61,Novosibirsk State Technical University,RU,Russia,283,SNS,2011-2015,outgoing
https://ror.org/01b3dvp57,Garvan Institute of Medical Research,AU,Australia,10,SNS,2011-2015,outgoing
https://ror.org/01b3ys956,Doris Miller Department of Veterans Affairs Medical Center,US,United States,4,SNS,2011-2015,outgoing
https://ror.org/01b436806,CIRED,FR,France,1,SNS,2011-2015,outgoing
https://ror.org/01b4q9c55,Országos Idegsebészeti Tudományos Intézet,HU,Hungary,1,SNS,2011-2015,outgoing
https://ror.org/01b5dy719,Institute of Mathematics and Informatics,BG,Bulgaria,1,SNS,2011-2015,outgoing
https://ror.org/01b64k086,Hefei Normal University,CN,China,2,SNS,2011-2015,outgoing
https://ror.org/01b6kha49,Walter and Eliza Hall Institute of Medical Research,AU,Australia,17,SNS,2011-2015,outgoing
https://ror.org/01b78mz79,Universidade Federal de Santa Maria,BR,Brazil,23,SNS,2011-2015,outgoing
https://ror.org/01b8kcc49,National Cheng Kung University,TW,Taiwan,46,SNS,2011-2015,outgoing
https://ror.org/01b8rza40,Louisiana State University Agricultural Center,US,United States,1,SNS,2011-2015,outgoing
https://ror.org/01b8x5j53,Hue Central Hospital,VN,Vietnam,1,SNS,2011-2015,outgoing
https://ror.org/01bb1zm18,N. I. Lobachevsky State University of Nizhny Novgorod,RU,Russia,3,SNS,2011-2015,outgoing
https://ror.org/01bbs6821,Fisk University,US,United States,17,SNS,2011-2015,outgoing
https://ror.org/01bch8q67,Observatoire de Physique du Globe de Clermont-Ferrand,FR,France,2,SNS,2011-2015,outgoing
https://ror.org/01bcjx771,Southern Astrophysical Research Telescope,CL,Chile,2,SNS,2011-2015,outgoing
https://ror.org/01bcxbz42,Shantou University Mental Health Center,CN,China,1,SNS,2011-2015,outgoing
https://ror.org/01bdr6121,University of Guilan,IR,Iran,1,SNS,2011-2015,outgoing
https://ror.org/01bf9rw71,Max Planck Institute for the Physics of Complex Systems,DE,Germany,72,SNS,2011-2015,outgoing
https://ror.org/01bfgxw09,Child Mind Institute,US,United States,2,SNS,2011-2015,outgoing
https://ror.org/01bg62x04,Generalitat de Catalunya,ES,Spain,1,SNS,2011-2015,outgoing
https://ror.org/01bh2qr63,Israel Atomic Energy Commission,IL,Israel,3,SNS,2011-2015,outgoing
https://ror.org/01bh2s525,Einstein Healthcare Network,US,United States,3,SNS,2011-2015,outgoing
https://ror.org/01bj3aw27,United States Department of Energy,US,United States,435,SNS,2011-2015,outgoing
https://ror.org/01bj3z035,Soonchunhyang University Medical Center,KR,South Korea,1,SNS,2011-2015,outgoing
https://ror.org/01bj4fd12,Laboratoire de Biologie et Modélisation de la Cellule,FR,France,3,SNS,2011-2015,outgoing
https://ror.org/01bk73674,Chengdu Military General Hospital,CN,China,1,SNS,2011-2015,outgoing
https://ror.org/01bkbaq61,CERCA Institution,ES,Spain,3616,SNS,2011-2015,outgoing
https://ror.org/01bkha031,International University in Moscow,RU,Russia,37,SNS,2011-2015,outgoing
https://ror.org/01bmjkv45,Friedrich Miescher Institute,CH,Switzerland,27,SNS,2011-2015,outgoing
https://ror.org/01bn5c048,Laboratoire de Photonique Quantique et Moléculaire,FR,France,8,SNS,2011-2015,outgoing
https://ror.org/01bnjb948,Netherlands Organisation for Applied Scientific Research,NL,The Netherlands,6,SNS,2011-2015,outgoing
https://ror.org/01bnjbv91,University of Sassari,IT,Italy,701,SNS,2011-2015,outgoing
https://ror.org/01bnyxq20,Hospital Ramos Mejía,AR,Argentina,1,SNS,2011-2015,outgoing
https://ror.org/01bp81r18,National Centre for Cell Science,IN,India,1,SNS,2011-2015,outgoing
https://ror.org/01bpsk167,Centre de recherche sur le vieillissement,CA,Canada,4,SNS,2011-2015,outgoing
https://ror.org/01bsaey45,Children's Medical Research Institute,AU,Australia,6,SNS,2011-2015,outgoing
https://ror.org/01bsb8064,Centro de Investigação e Intervenção Social,PT,Portugal,1,SNS,2011-2015,outgoing
https://ror.org/01bvxzn29,Ministry of Defence,GB,United Kingdom,1,SNS,2011-2015,outgoing
https://ror.org/01bx8ja67,Maharaja Sayajirao University of Baroda,IN,India,3,SNS,2011-2015,outgoing
https://ror.org/01c0m1t63,Karlsruhe University of Applied Sciences,DE,Germany,1,SNS,2011-2015,outgoing
https://ror.org/01c1w6d29,University of Bamberg,DE,Germany,14,SNS,2011-2015,outgoing
https://ror.org/01c27hj86,University of Lisbon,PT,Portugal,1514,SNS,2011-2015,outgoing
https://ror.org/01c2cjg59,Institut de Biologie Paris-Seine,FR,France,15,SNS,2011-2015,outgoing
https://ror.org/01c3rrh15,Elettra-Sincrotrone Trieste S.C.p.A.,IT,Italy,31,SNS,2011-2015,outgoing
https://ror.org/01c3w3270,Institute of Cognitive and Brain Sciences,US,United States,4,SNS,2011-2015,outgoing
https://ror.org/01c3xc117,University of Michigan–Flint,US,United States,4067,SNS,2011-2015,outgoing
https://ror.org/01c3zvj45,NanoTemper Technologies (Germany),DE,Germany,1,SNS,2011-2015,outgoing
https://ror.org/01c4pz451,Tehran University of Medical Sciences,IR,Iran,26,SNS,2011-2015,outgoing
https://ror.org/01c4rxk68,Advanced Materials and BioEngineering Research,IE,Ireland,4,SNS,2011-2015,outgoing
https://ror.org/01c5wha71,Tun Hussein Onn University of Malaysia,MY,Malaysia,2,SNS,2011-2015,outgoing
https://ror.org/01c64df17,Illumina (Singapore),SG,Singapore,7,SNS,2011-2015,outgoing
https://ror.org/01c6vgf77,Laboratoire de Biologie Structurale de la Cellule,FR,France,3,SNS,2011-2015,outgoing
https://ror.org/01c7rrt10,Institute of Parasitology of the Slovak Academy of Sciences,SK,Slovakia,1,SNS,2011-2015,outgoing
https://ror.org/01c7wz417,VetAgro Sup,FR,France,1,SNS,2011-2015,outgoing
https://ror.org/01c8cwz57,Institut pour la Recherche sur le Cancer de Lille,FR,France,5,SNS,2011-2015,outgoing
https://ror.org/01c8rcg82,Laboratoire d'Informatique de Grenoble,FR,France,6,SNS,2011-2015,outgoing
https://ror.org/01c997669,Max Planck Institute for Chemical Physics of Solids,DE,Germany,7,SNS,2011-2015,outgoing
https://ror.org/01c9rqr26,VA Tennessee Valley Healthcare System,US,United States,4,SNS,2011-2015,outgoing
https://ror.org/01cah1n37,Institut des Sciences de l'Evolution de Montpellier,FR,France,5,SNS,2011-2015,outgoing
https://ror.org/01casae32,Muroran City General Hospital,JP,Japan,1,SNS,2011-2015,outgoing
https://ror.org/01cawbq05,Qatar Foundation,QA,Qatar,4,SNS,2011-2015,outgoing
https://ror.org/01cbtr271,École d'Ingénieurs en Chimie et Sciences du Numérique,FR,France,15,SNS,2011-2015,outgoing
https://ror.org/01cbwn720,Institute of Chemical and Engineering Sciences,SG,Singapore,3,SNS,2011-2015,outgoing
https://ror.org/01cby8j38,Universidad Autónoma de Madrid,ES,Spain,4041,SNS,2011-2015,outgoing
https://ror.org/01cbya385,New College of Florida,US,United States,11,SNS,2011-2015,outgoing
https://ror.org/01cc3fy72,Ikerbasque,ES,Spain,406,SNS,2011-2015,outgoing
https://ror.org/01cdy6h50,"Universidad Central ""Marta Abreu"" de las Villas (UCLV)",CU,Cuba,1,SNS,2011-2015,outgoing
https://ror.org/01ce8nm85,Trường Đại học Hoà Bình,VN,Vietnam,1,SNS,2011-2015,outgoing
https://ror.org/01cesdt21,National Institute for Public Health and the Environment,NL,The Netherlands,7,SNS,2011-2015,outgoing
https://ror.org/01cf2sz15,Institut des Sciences de la Terre,FR,France,6,SNS,2011-2015,outgoing
https://ror.org/01cfgbq85,Azienda Sanitaria di Firenze,IT,Italy,4,SNS,2011-2015,outgoing
https://ror.org/01cg9ws23,Transylvania University of Brașov,RO,Romania,8,SNS,2011-2015,outgoing
https://ror.org/01cgmpb23,Institute for Particle Physics and Astrophysics,CH,Switzerland,2,SNS,2011-2015,outgoing
https://ror.org/01ch2yn61,Met Office,GB,United Kingdom,8,SNS,2011-2015,outgoing
https://ror.org/01chzd453,University of Pardubice,CZ,Czechia,4,SNS,2011-2015,outgoing
https://ror.org/01cjash87,Astellas Pharma (Japan),JP,Japan,1,SNS,2011-2015,outgoing
https://ror.org/01ck3zk14,Społeczna Akademia Nauk,PL,Poland,8,SNS,2011-2015,outgoing
https://ror.org/01ckdn478,University of Louisville,US,United States,754,SNS,2011-2015,outgoing
https://ror.org/01cmnjq37,Centre Léon Bérard,FR,France,12,SNS,2011-2015,outgoing
https://ror.org/01cmnv018,Institut des Neurosciences Cliniques de Rennes,FR,France,1,SNS,2011-2015,outgoing
https://ror.org/01cn8y823,Institut für Pharmakologie und Toxikologie der Bundeswehr,DE,Germany,8,SNS,2011-2015,outgoing
https://ror.org/01cpcy908,McLaren Regional Medical Center,US,United States,1,SNS,2011-2015,outgoing
https://ror.org/01cq23130,University of Memphis,US,United States,13,SNS,2011-2015,outgoing
https://ror.org/01cqcrc47,Rangsit University,TH,Thailand,1,SNS,2011-2015,outgoing
https://ror.org/01cqmqj90,Hadassah Medical Center,IL,Israel,1,SNS,2011-2015,outgoing
https://ror.org/01cqx0m58,Italian Aerospace Research Centre,IT,Italy,1,SNS,2011-2015,outgoing
https://ror.org/01csjkt09,Institut de l’Elevage,FR,France,1,SNS,2011-2015,outgoing
https://ror.org/01ct2ab72,Angeles Clinic and Research Institute,US,United States,1,SNS,2011-2015,outgoing
https://ror.org/01cw28e72,Institut de Recherche sur les ArchéoMATériaux,FR,France,1,SNS,2011-2015,outgoing
https://ror.org/01cwbae71,Hannam University,KR,South Korea,1,SNS,2011-2015,outgoing
https://ror.org/01cwqze88,National Institutes of Health,US,United States,399,SNS,2011-2015,outgoing
https://ror.org/01cxqmw89,Shanghai Normal University,CN,China,10,SNS,2011-2015,outgoing
https://ror.org/01cyfxe35,Goddard Institute for Space Studies,US,United States,4,SNS,2011-2015,outgoing
https://ror.org/01cyz3n15,DTU Space,DK,Denmark,6,SNS,2011-2015,outgoing
https://ror.org/01d0bkz51,Tianjin Chengjian University,CN,China,1,SNS,2011-2015,outgoing
https://ror.org/01d0r2q86,Centre for Internet and Society,IN,India,2,SNS,2011-2015,outgoing
https://ror.org/01d0zz505,Jean Mayer Human Nutrition Research Center on Aging,US,United States,4,SNS,2011-2015,outgoing
https://ror.org/01d30w739,German University of Administrative Sciences,DE,Germany,2,SNS,2011-2015,outgoing
https://ror.org/01d5jce07,University of Maribor,SI,Slovenia,471,SNS,2011-2015,outgoing
https://ror.org/01d5pah27,Direction des Applications Militaires,FR,France,1,SNS,2011-2015,outgoing
https://ror.org/01d5qpn59,Babraham Institute,GB,United Kingdom,11,SNS,2011-2015,outgoing
https://ror.org/01d5vx451,Vall d'Hebron Institut de Recerca,ES,Spain,6,SNS,2011-2015,outgoing
https://ror.org/01d692d57,University of Sindh,PK,Pakistan,1,SNS,2011-2015,outgoing
https://ror.org/01d6bq278,Gruppo Nazionale per la Fisica Matematica,IT,Italy,5,SNS,2011-2015,outgoing
https://ror.org/01d7fn555,Central Food Technological Research Institute,IN,India,1,SNS,2011-2015,outgoing
https://ror.org/01d88se56,UCLA Health,US,United States,17,SNS,2011-2015,outgoing
https://ror.org/01d963745,Instituto de Biomedicina y Biotecnología de Cantabria,ES,Spain,7,SNS,2011-2015,outgoing
https://ror.org/01d9cs377,University Health System,US,United States,1,SNS,2011-2015,outgoing
https://ror.org/01dagn361,TIFR Centre for Interdisciplinary Sciences,IN,India,4,SNS,2011-2015,outgoing
https://ror.org/01db6h964,University of Iceland,IS,Iceland,85,SNS,2011-2015,outgoing
https://ror.org/01dbmzx78,The Kids Research Institute Australia,AU,Australia,9,SNS,2011-2015,outgoing
https://ror.org/01dcw5w74,Chongqing Normal University,CN,China,1,SNS,2011-2015,outgoing
https://ror.org/01dd13a92,Sinai University,EG,Egypt,1,SNS,2011-2015,outgoing
https://ror.org/01de7qg49,Cangzhou Normal University,CN,China,17,SNS,2011-2015,outgoing
https://ror.org/01deh9c76,Deltares,NL,The Netherlands,1,SNS,2011-2015,outgoing
https://ror.org/01deq2m43,Universidad Del Valle De Cuernavaca,MX,Mexico,1,SNS,2011-2015,outgoing
https://ror.org/01dex6p39,Walther Meissner Institute,DE,Germany,11,SNS,2011-2015,outgoing
https://ror.org/01dfzdy43,Laboratoire d'Ingénierie des Systèmes Complexes,FR,France,3,SNS,2011-2015,outgoing
https://ror.org/01dg04253,Institute of Bioorganic Chemistry,RU,Russia,5,SNS,2011-2015,outgoing
https://ror.org/01dgn5344,Rider University,US,United States,10,SNS,2011-2015,outgoing
https://ror.org/01dhvva97,Markey Cancer Center,US,United States,6,SNS,2011-2015,outgoing
https://ror.org/01djrhs97,Federal Reserve Bank of Boston,US,United States,2,SNS,2011-2015,outgoing
https://ror.org/01dkyve95,L'Institut Agro,FR,France,13,SNS,2011-2015,outgoing
https://ror.org/01dm91j21,Tartu University Hospital,EE,Estonia,8,SNS,2011-2015,outgoing
https://ror.org/01dp7jr64,École Normale Supérieure,BI,Burundi,7,SNS,2011-2015,outgoing
https://ror.org/01dphnv87,National Institute of Pharmaceutical Education and Research - Ahmedabad,IN,India,2,SNS,2011-2015,outgoing
https://ror.org/01dpyn972,Institute of Oncology Research,CH,Switzerland,3,SNS,2011-2015,outgoing
https://ror.org/01dq60k83,Tohoku University,JP,Japan,786,SNS,2011-2015,outgoing
https://ror.org/01dqmj897,Laboratoire Architecture Ville Urbanisme Environnement,FR,France,2,SNS,2011-2015,outgoing
https://ror.org/01dr2b756,Hubei University of Medicine,CN,China,1,SNS,2011-2015,outgoing
https://ror.org/01dr6c206,Polish Academy of Sciences,PL,Poland,3257,SNS,2011-2015,outgoing
https://ror.org/01drpwb22,University of Chester,GB,United Kingdom,4,SNS,2011-2015,outgoing
https://ror.org/01dt7qh15,AREA Science Park,IT,Italy,140,SNS,2011-2015,outgoing
https://ror.org/01dv3hq14,Keldysh Institute of Applied Mathematics,RU,Russia,4,SNS,2011-2015,outgoing
https://ror.org/01dwpbz64,Max Planck Institute for the Study of Societies,DE,Germany,2,SNS,2011-2015,outgoing
https://ror.org/01dyr7034,Yan'an University,CN,China,5,SNS,2011-2015,outgoing
https://ror.org/01dzed356,Hunan Agricultural University,CN,China,2,SNS,2011-2015,outgoing
https://ror.org/01dzn5f42,Istanbul University-Cerrahpaşa,TR,Turkey,2,SNS,2011-2015,outgoing
https://ror.org/01e17d143,Institute of Organic Chemistry,PL,Poland,4,SNS,2011-2015,outgoing
https://ror.org/01e2a5576,Medical Center Hospital,US,United States,2,SNS,2011-2015,outgoing
https://ror.org/01e2adt21,School of Business and Management,FR,France,1,SNS,2011-2015,outgoing
https://ror.org/01e3m7079,University of Cincinnati,US,United States,2561,SNS,2011-2015,outgoing
https://ror.org/01e41cf67,Los Alamos National Laboratory,US,United States,762,SNS,2011-2015,outgoing
https://ror.org/01e473h50,Ludwig Cancer Research,GB,United Kingdom,2,SNS,2011-2015,outgoing
https://ror.org/01e4byj08,University of Wisconsin Carbone Cancer Center,US,United States,21,SNS,2011-2015,outgoing
https://ror.org/01e57nb43,Hospital Universitario Puerta de Hierro Majadahonda,ES,Spain,1,SNS,2011-2015,outgoing
https://ror.org/01e59yk92,Swedish e-Science Research Centre,SE,Sweden,41,SNS,2011-2015,outgoing
https://ror.org/01e5x8t10,Vision Cooperative Research Centre,AU,Australia,2,SNS,2011-2015,outgoing
https://ror.org/01e6ksd91,Università Iuav di Venezia,IT,Italy,1,SNS,2011-2015,outgoing
https://ror.org/01e6qks80,Dalhousie University,CA,Canada,131,SNS,2011-2015,outgoing
https://ror.org/01e70mw69,Indian Institute of Toxicology Research,IN,India,3,SNS,2011-2015,outgoing
https://ror.org/01e7m5196,Disaster Prevention & Water Environment Research Center,TW,Taiwan,2,SNS,2011-2015,outgoing
https://ror.org/01e7v7w47,University of Calcutta,IN,India,5,SNS,2011-2015,outgoing
https://ror.org/01e87x925,The Institute of Cetacean Research,JP,Japan,1,SNS,2011-2015,outgoing
https://ror.org/01e8b7f16,La Salle University,PH,Philippines,2,SNS,2011-2015,outgoing
https://ror.org/01e8ff003,Shahed University,IR,Iran,2,SNS,2011-2015,outgoing
https://ror.org/01e8kn913,Hôpital Jeanne de Flandre,FR,France,1,SNS,2011-2015,outgoing
https://ror.org/01easw929,Inha University,KR,South Korea,69,SNS,2011-2015,outgoing
https://ror.org/01eb8ek77,United Nations Economic and Social Council,US,United States,1,SNS,2011-2015,outgoing
https://ror.org/01ec5nx12,Cellular Biology and Neurobiology Institute,IT,Italy,7,SNS,2011-2015,outgoing
https://ror.org/01ecnnp60,Jackson State University,US,United States,4,SNS,2011-2015,outgoing
https://ror.org/01ed4t417,Centre de recherche en Epidémiologie et Santé des Populations,FR,France,1,SNS,2011-2015,outgoing
https://ror.org/01ee9ar58,University of Nottingham,GB,United Kingdom,794,SNS,2011-2015,outgoing
https://ror.org/01eezs655,University of Regensburg,DE,Germany,176,SNS,2011-2015,outgoing
https://ror.org/01ef4as46,Directorate-General for Research and Innovation,BE,Belgium,4,SNS,2011-2015,outgoing
https://ror.org/01eff5662,"Beijing Chao-Yang Hospital, Capital Medical University",CN,China,1,SNS,2011-2015,outgoing
https://ror.org/01egf3y42,Technikon (Austria),AT,Austria,1,SNS,2011-2015,outgoing
https://ror.org/01egmr022,Nantong Tumor Hospital,CN,China,1,SNS,2011-2015,outgoing
https://ror.org/01egwg173,UK Astronomy Technology Centre,GB,United Kingdom,446,SNS,2011-2015,outgoing
https://ror.org/01ehe5s81,Hospital Universitario de Getafe,ES,Spain,1,SNS,2011-2015,outgoing
https://ror.org/01ehh4g09,Metropolitan Washington Council of Governments,US,United States,2,SNS,2011-2015,outgoing
https://ror.org/01ehyh486,Ministero dell'Istruzione e del Merito,IT,Italy,67,SNS,2011-2015,outgoing
https://ror.org/01ej9dk98,The University of Melbourne,AU,Australia,3350,SNS,2011-2015,outgoing
https://ror.org/01ejxf797,Mohamed I University,MA,Morocco,1233,SNS,2011-2015,outgoing
https://ror.org/01ek73717,Intel (United States),US,United States,13,SNS,2011-2015,outgoing
https://ror.org/01ekg2j77,Blood Systems Research Institute,US,United States,2,SNS,2011-2015,outgoing
https://ror.org/01ekw7f87,Institut Camille Jordan,FR,France,17,SNS,2011-2015,outgoing
https://ror.org/01epcny94,Government of Western Australia Department of Health,AU,Australia,1,SNS,2011-2015,outgoing
https://ror.org/01epn2q93,Weber State University,US,United States,1,SNS,2011-2015,outgoing
https://ror.org/01epvyf46,Northern Michigan University,US,United States,3,SNS,2011-2015,outgoing
https://ror.org/01eq10738,Nanfang Hospital,CN,China,1,SNS,2011-2015,outgoing
https://ror.org/01erc2q10,Suzhou Guangji Hospital,CN,China,1,SNS,2011-2015,outgoing
https://ror.org/01es6dz53,University of Mendoza,AR,Argentina,3,SNS,2011-2015,outgoing
https://ror.org/01esghr10,Columbia University Irving Medical Center,US,United States,31,SNS,2011-2015,outgoing
https://ror.org/01etz1309,Pamukkale University,TR,Turkey,1,SNS,2011-2015,outgoing
https://ror.org/01ev8n617,American Association of Variable Star Observers,US,United States,1,SNS,2011-2015,outgoing
https://ror.org/01evwfd48,Bernhard Nocht Institute for Tropical Medicine,DE,Germany,3,SNS,2011-2015,outgoing
https://ror.org/01evzkn27,Fundação Getulio Vargas,BR,Brazil,2,SNS,2011-2015,outgoing
https://ror.org/01ew49p77,Malcom Randall VA Medical Center,US,United States,1,SNS,2011-2015,outgoing
https://ror.org/01ewh7m12,International Computer Science Institute,US,United States,7,SNS,2011-2015,outgoing
https://ror.org/01ezy0w74,Bayer (New Zealand),NZ,New Zealand,2,SNS,2011-2015,outgoing
https://ror.org/01f0syq13,Babson College,US,United States,4,SNS,2011-2015,outgoing
https://ror.org/01f5rdf64,Hefei University,CN,China,1,SNS,2011-2015,outgoing
https://ror.org/01f5wp925,Universitat Oberta de Catalunya,ES,Spain,9,SNS,2011-2015,outgoing
https://ror.org/01f5ytq51,Texas A&M University,US,United States,3662,SNS,2011-2015,outgoing
https://ror.org/01f7bcy98,Heidelberg Institute for Theoretical Studies,DE,Germany,217,SNS,2011-2015,outgoing
https://ror.org/01f7yer47,Nanyang Normal University,CN,China,20,SNS,2011-2015,outgoing
https://ror.org/01f80g185,World Health Organization,CH,Switzerland,12,SNS,2011-2015,outgoing
https://ror.org/01faaaf77,University of Graz,AT,Austria,42,SNS,2011-2015,outgoing
https://ror.org/01fah6g03,Centro de Edafología y Biología Aplicada del Segura,ES,Spain,2,SNS,2011-2015,outgoing
https://ror.org/01fbde567,Max Planck Institute of Molecular Plant Physiology,DE,Germany,10,SNS,2011-2015,outgoing
https://ror.org/01fbdn283,Magee-Womens Hospital,US,United States,1,SNS,2011-2015,outgoing
https://ror.org/01fbgjv04,Shandong Academy of Agricultural Sciences,CN,China,3,SNS,2011-2015,outgoing
https://ror.org/01fbz6h17,Denver Health Medical Center,US,United States,1,SNS,2011-2015,outgoing
https://ror.org/01fcjzv38,Laboratory for Atmospheric and Space Physics,US,United States,7,SNS,2011-2015,outgoing
https://ror.org/01fdfdf14,The Econometric Society,US,United States,1,SNS,2011-2015,outgoing
https://ror.org/01fdhpk75,Molecular Foundry,US,United States,4,SNS,2011-2015,outgoing
https://ror.org/01fdxwh83,University of Borås,SE,Sweden,1,SNS,2011-2015,outgoing
https://ror.org/01fe0jt45,Robert Bosch (Germany),DE,Germany,19,SNS,2011-2015,outgoing
https://ror.org/01fe6f215,Ohu University,JP,Japan,1,SNS,2011-2015,outgoing
https://ror.org/01fftxe08,Institut de Biologie Intégrative de la Cellule,FR,France,2,SNS,2011-2015,outgoing
https://ror.org/01fh9k283,Fundación Instituto Valenciano de Oncología,ES,Spain,1,SNS,2011-2015,outgoing
https://ror.org/01fk80922,Dr. B. R. Ambedkar School of Economics University,IN,India,17,SNS,2011-2015,outgoing
https://ror.org/01fkzt617,Belarusian State Economic University,BY,Belarus,2484,SNS,2011-2015,outgoing
https://ror.org/01fm87m50,Rambam Health Care Campus,IL,Israel,1,SNS,2011-2015,outgoing
https://ror.org/01fmc2233,Xi'an Medical University,CN,China,1,SNS,2011-2015,outgoing
https://ror.org/01fmctt82,Sciences Po Rennes,FR,France,4,SNS,2011-2015,outgoing
https://ror.org/01fmwcn13,Murray State University,US,United States,1,SNS,2011-2015,outgoing
https://ror.org/01fmz7t89,"Federal State Budget Educational Institution of Higher Education «Lesgaft National State University of Physical Education, Sport and Health, St. Petersburg»",RU,Russia,1,SNS,2011-2015,outgoing
https://ror.org/01fpczx89,Tennessee State University,US,United States,63,SNS,2011-2015,outgoing
https://ror.org/01fpnj063,Catholic University of Korea,KR,South Korea,5,SNS,2011-2015,outgoing
https://ror.org/01fpqqe90,École Nationale Supérieure d'Ingénieurs de Caen,FR,France,15,SNS,2011-2015,outgoing
https://ror.org/01fqhas03,B.S. Abdur Rahman Crescent Institute of Science & Technology,IN,India,2,SNS,2011-2015,outgoing
https://ror.org/01fqrjt38,Instituto Nacional de Investigação Agrária e Veterinária,PT,Portugal,1,SNS,2011-2015,outgoing
https://ror.org/01fr19c68,Jinan Central Hospital,CN,China,9,SNS,2011-2015,outgoing
https://ror.org/01frn9647,Université de Pau et des Pays de l'Adour,FR,France,17,SNS,2011-2015,outgoing
https://ror.org/01fv1ds98,Yuan Ze University,TW,Taiwan,3,SNS,2011-2015,outgoing
https://ror.org/01fvbaw18,Universidad de Valladolid,ES,Spain,192,SNS,2011-2015,outgoing
https://ror.org/01fvf0d84,Tajen University,TW,Taiwan,1,SNS,2011-2015,outgoing
https://ror.org/01fvmtt37,Tallaght University Hospital,IE,Ireland,1,SNS,2011-2015,outgoing
https://ror.org/01fwrsq33,Barrow Neurological Institute,US,United States,5,SNS,2011-2015,outgoing
https://ror.org/01fxdkm29,Doshisha University,JP,Japan,6,SNS,2011-2015,outgoing
https://ror.org/01fxqdx25,IBM Research - Brazil,BR,Brazil,1,SNS,2011-2015,outgoing
https://ror.org/01fz7mn40,ENSAE Paris,FR,France,17,SNS,2011-2015,outgoing
https://ror.org/01g09ef73,Angel Kanchev University of Ruse,BG,Bulgaria,4,SNS,2011-2015,outgoing
https://ror.org/01g16ph33,Institute for Advanced Materials and Mathematics,ES,Spain,3,SNS,2011-2015,outgoing
https://ror.org/01g1ykj19,eThekwini Municipality,ZA,South Africa,1,SNS,2011-2015,outgoing
https://ror.org/01g325629,Aims Community College,US,United States,14,SNS,2011-2015,outgoing
https://ror.org/01g3dya06,Lancaster University Ghana,GH,Ghana,55,SNS,2011-2015,outgoing
https://ror.org/01g3mb532,Institut Pluridisciplinaire Hubert Curien,FR,France,3176,SNS,2011-2015,outgoing
https://ror.org/01g5y5k24,High Energy Accelerator Research Organization,JP,Japan,1663,SNS,2011-2015,outgoing
https://ror.org/01g77mv66,New York/New Jersey VA Health Care Network,US,United States,1,SNS,2011-2015,outgoing
https://ror.org/01g79at26,Research Institute for Tropical Medicine,PH,Philippines,5,SNS,2011-2015,outgoing
https://ror.org/01g7s6g79,Neuroscience Research Australia,AU,Australia,9,SNS,2011-2015,outgoing
https://ror.org/01g9ty582,Semmelweis University,HU,Hungary,13,SNS,2011-2015,outgoing
https://ror.org/01g9vbr38,Oklahoma State University,US,United States,1835,SNS,2011-2015,outgoing
https://ror.org/01g9y2x13,Tianjin Institute of Pharmaceutical Research (China),CN,China,2,SNS,2011-2015,outgoing
https://ror.org/01gavpb45,Canadian Institutes of Health Research,CA,Canada,5,SNS,2011-2015,outgoing
https://ror.org/01gaw2478,Teikyo University,JP,Japan,4,SNS,2011-2015,outgoing
https://ror.org/01gb3y148,Guangdong Provincial Hospital of Traditional Chinese Medicine,CN,China,1,SNS,2011-2015,outgoing
https://ror.org/01gb99w41,National Polytechnic School,EC,Ecuador,4,SNS,2011-2015,outgoing
https://ror.org/01gbfax37,Shandong Jianzhu University,CN,China,1512,SNS,2011-2015,outgoing
https://ror.org/01gc0wp38,University Hospitals Cleveland Medical Center,US,United States,2,SNS,2011-2015,outgoing
https://ror.org/01gcrbc43,Center for Human Genetics,US,United States,8,SNS,2011-2015,outgoing
https://ror.org/01gd1dh27,Laboratoire de Recherche des Monuments Historiques,FR,France,1,SNS,2011-2015,outgoing
https://ror.org/01ge67z96,The Royal Free Hospital,GB,United Kingdom,5,SNS,2011-2015,outgoing
https://ror.org/01ggtn466,Laboratoire de Physique Théorique Ecole Normale Supérieure,FR,France,11,SNS,2011-2015,outgoing
https://ror.org/01ggx4157,European Organization for Nuclear Research,CH,Switzerland,13989,SNS,2011-2015,outgoing
https://ror.org/01gh7yb82,Center of Molecular Immunology (Cuba),CU,Cuba,1,SNS,2011-2015,outgoing
https://ror.org/01gh88804,High Magnetic Field Laboratory,CN,China,4,SNS,2011-2015,outgoing
https://ror.org/01ghvgs84,Laboratoire Jean Perrin,FR,France,3,SNS,2011-2015,outgoing
https://ror.org/01gjnjy30,Medical Diagnostic Laboratories (United States),US,United States,1,SNS,2011-2015,outgoing
https://ror.org/01gk44f56,Bryant University,US,United States,49,SNS,2011-2015,outgoing
https://ror.org/01gkym270,Laser Zentrum Hannover,DE,Germany,7,SNS,2011-2015,outgoing
https://ror.org/01gm5f004,"Biomedical Research Networking Center in Bioengineering, Biomaterials and Nanomedicine",ES,Spain,1,SNS,2011-2015,outgoing
https://ror.org/01gmqr298,Vita-Salute San Raffaele University,IT,Italy,98,SNS,2011-2015,outgoing
https://ror.org/01gmrmd93,Anderson University - South Carolina,US,United States,10,SNS,2011-2015,outgoing
https://ror.org/01gnd8r41,University of Akureyri,IS,Iceland,1,SNS,2011-2015,outgoing
https://ror.org/01gnp4591,Institute of Chemical Engineering,PL,Poland,1,SNS,2011-2015,outgoing
https://ror.org/01gntjh03,Royal Netherlands Institute for Sea Research,NL,The Netherlands,18,SNS,2011-2015,outgoing
https://ror.org/01grm4y17,Bavarian State Research Center for Agriculture,DE,Germany,1,SNS,2011-2015,outgoing
https://ror.org/01grq2104,Torrey Pines Institute For Molecular Studies,US,United States,2,SNS,2011-2015,outgoing
https://ror.org/01gst4g14,New York City Department of Health and Mental Hygiene,US,United States,2,SNS,2011-2015,outgoing
https://ror.org/01gtjxz83,Observatoire de Haute-Provence,FR,France,3,SNS,2011-2015,outgoing
https://ror.org/01gv74p78,Centre Hospitalier Universitaire Sainte-Justine,CA,Canada,1,SNS,2011-2015,outgoing
https://ror.org/01gvaa828,Hôpital d'Enfants,FR,France,1,SNS,2011-2015,outgoing
https://ror.org/01gvmn480,Tokai University Hospital,JP,Japan,2,SNS,2011-2015,outgoing
https://ror.org/01gw3d370,University of Windsor,CA,Canada,2,SNS,2011-2015,outgoing
https://ror.org/01gw5dy53,CICERO Center for International Climate Research,NO,Norway,5,SNS,2011-2015,outgoing
https://ror.org/01gyxrk03,Université de Picardie Jules Verne,FR,France,34,SNS,2011-2015,outgoing
https://ror.org/01gzye136,European Centre for Theoretical Studies in Nuclear Physics and Related Areas,IT,Italy,3,SNS,2011-2015,outgoing
https://ror.org/01h06nz15,ARC Centre of Excellence for Particle Physics at the Terascale,AU,Australia,47,SNS,2011-2015,outgoing
https://ror.org/01h0a3k64,Laboratoire de Génétique & Evolution des Populations Végétales,FR,France,1,SNS,2011-2015,outgoing
https://ror.org/01h0ffh48,École Nationale Supérieure de Chimie de Rennes,FR,France,75,SNS,2011-2015,outgoing
https://ror.org/01h0zpd94,National Natural Science Foundation of China,CN,China,79,SNS,2011-2015,outgoing
https://ror.org/01h14ww21,Laboratoire Kastler Brossel,FR,France,247,SNS,2011-2015,outgoing
https://ror.org/01h22ap11,Penn State Milton S. Hershey Medical Center,US,United States,2,SNS,2011-2015,outgoing
https://ror.org/01h2hg078,Birjand University of Medical Sciences,IR,Iran,1,SNS,2011-2015,outgoing
https://ror.org/01h2m4f20,Osaka Sangyo University,JP,Japan,55,SNS,2011-2015,outgoing
https://ror.org/01h3fm945,University College of Medical Sciences,IN,India,1,SNS,2011-2015,outgoing
https://ror.org/01h4hqc60,Transylvania University,US,United States,1,SNS,2011-2015,outgoing
https://ror.org/01h4ywk72,World Health Organization Regional Office for the Eastern Mediterranean,EG,Egypt,1,SNS,2011-2015,outgoing
https://ror.org/01h531d29,Natural Sciences and Engineering Research Council of Canada,CA,Canada,4,SNS,2011-2015,outgoing
https://ror.org/01h5a0582,"Carnegie Learning, Inc. (United States)",US,United States,359,SNS,2011-2015,outgoing
https://ror.org/01h5d6x15,Institute of Forest Resource Information Techniques,CN,China,2,SNS,2011-2015,outgoing
https://ror.org/01h67hk15,Groupe de Recherches Sociologiques sur les sociétés Contemporaines,FR,France,1,SNS,2011-2015,outgoing
https://ror.org/01h7cca57,Sapporo Medical University,JP,Japan,6,SNS,2011-2015,outgoing
https://ror.org/01h7fye62,NOAA National Marine Fisheries Service Alaska Fisheries Science Center,US,United States,2,SNS,2011-2015,outgoing
https://ror.org/01h7jse56,Central Bank of Brazil,BR,Brazil,1,SNS,2011-2015,outgoing
https://ror.org/01h7phh70,Fortis Memorial Research Institute,IN,India,2,SNS,2011-2015,outgoing
https://ror.org/01h7vn964,Internet Interdisciplinary Institute,ES,Spain,6,SNS,2011-2015,outgoing
https://ror.org/01h8ey223,MultiMedica,IT,Italy,1,SNS,2011-2015,outgoing
https://ror.org/01h8pf755,Institut National des Sciences Appliquées de Toulouse,FR,France,56,SNS,2011-2015,outgoing
https://ror.org/01h8t7c63,Universidade de Aveiro Incubator,PT,Portugal,10,SNS,2011-2015,outgoing
https://ror.org/01h8xh496,University of Sustainability,AT,Austria,3,SNS,2011-2015,outgoing
https://ror.org/01h8xv021,Waters (United States),US,United States,4,SNS,2011-2015,outgoing
https://ror.org/01hcawk58,Seoyeong University,KR,South Korea,2,SNS,2011-2015,outgoing
https://ror.org/01hcx6992,Humboldt-Universität zu Berlin,DE,Germany,2403,SNS,2011-2015,outgoing
https://ror.org/01hcyya48,Cincinnati Children's Hospital Medical Center,US,United States,36,SNS,2011-2015,outgoing
https://ror.org/01hdkb925,Jožef Stefan International Postgraduate School,SI,Slovenia,1041,SNS,2011-2015,outgoing
https://ror.org/01hfpy566,"Institute of Astronomy and Astrophysics, Academia Sinica",TW,Taiwan,345,SNS,2011-2015,outgoing
https://ror.org/01hg13988,Centre d'Études et de Recherches sur le Développement International,FR,France,1,SNS,2011-2015,outgoing
https://ror.org/01hg8p552,Laboratoire de Physique Nucléaire et de Hautes Énergies,FR,France,3554,SNS,2011-2015,outgoing
https://ror.org/01hhf7w52,Indian Institute of Technology Indore,IN,India,154,SNS,2011-2015,outgoing
https://ror.org/01hhn8329,Max Planck Society,DE,Germany,10746,SNS,2011-2015,outgoing
https://ror.org/01hjzeq58,Chiba University,JP,Japan,144,SNS,2011-2015,outgoing
https://ror.org/01hmaf534,Northland College,US,United States,187,SNS,2011-2015,outgoing
https://ror.org/01hmrs507,State Key Laboratory of Coal Conversion,CN,China,1,SNS,2011-2015,outgoing
https://ror.org/01hq7pd83,The First Hospital of Kunming,CN,China,1,SNS,2011-2015,outgoing
https://ror.org/01hq89f96,Centre Hospitalier Universitaire de Bordeaux,FR,France,17,SNS,2011-2015,outgoing
https://ror.org/01hsjcv06,"Czech Academy of Sciences, Institute of Inorganic Chemistry",CZ,Czechia,2,SNS,2011-2015,outgoing
https://ror.org/01hsx4r68,State Key Laboratory of Computer Science,CN,China,2,SNS,2011-2015,outgoing
https://ror.org/01ht74751,University of La Serena,CL,Chile,3,SNS,2011-2015,outgoing
https://ror.org/01htjvr84,Institute of Primate Research,KE,Kenya,1,SNS,2011-2015,outgoing
https://ror.org/01hv94n30,Ruijin Hospital,CN,China,1,SNS,2011-2015,outgoing
https://ror.org/01hvpjq66,Abramson Cancer Center,US,United States,5,SNS,2011-2015,outgoing
https://ror.org/01hvx5h04,Osaka Metropolitan University,JP,Japan,1746,SNS,2011-2015,outgoing
https://ror.org/01hwamj44,Antwerp University Hospital,BE,Belgium,5,SNS,2011-2015,outgoing
https://ror.org/01hwc7828,Institut des Régions Arides,TN,Tunisia,1,SNS,2011-2015,outgoing
https://ror.org/01hxy9878,Royal College of Surgeons in Ireland,IE,Ireland,16,SNS,2011-2015,outgoing
https://ror.org/01hy4qx27,"University of Minnesota, Duluth",US,United States,4,SNS,2011-2015,outgoing
https://ror.org/01hynnt93,Central Institute of Mental Health,DE,Germany,3,SNS,2011-2015,outgoing
https://ror.org/01hys1667,LIP - Laboratory of Instrumentation and Experimental Particle Physics,PT,Portugal,2535,SNS,2011-2015,outgoing
https://ror.org/01hz4v948,National Institute of Technology Karnataka,IN,India,2,SNS,2011-2015,outgoing
https://ror.org/01hza1144,Department of Primary Industries and Regions South Australia,AU,Australia,1,SNS,2011-2015,outgoing
https://ror.org/01hznc410,Institute for Plasma Research,IN,India,84,SNS,2011-2015,outgoing
https://ror.org/01j1cwt71,Westminster College - Pennsylvania,US,United States,2,SNS,2011-2015,outgoing
https://ror.org/01j1eb875,Institut Català d'Oncologia,ES,Spain,12,SNS,2011-2015,outgoing
https://ror.org/01j33xk10,Fondazione Bruno Kessler,IT,Italy,236,SNS,2011-2015,outgoing
https://ror.org/01j4h9t83,Institut de Recherche pour le Développement,FR,France,1,SNS,2011-2015,outgoing
https://ror.org/01j4v3x97,Indian Institute of Technology Hyderabad,IN,India,1,SNS,2011-2015,outgoing
https://ror.org/01j538c21,Evotec (United States),US,United States,2,SNS,2011-2015,outgoing
https://ror.org/01j6drw72,Institute of Science and Technology for Ceramics,IT,Italy,1,SNS,2011-2015,outgoing
https://ror.org/01j7c0b24,Rush University Medical Center,US,United States,34,SNS,2011-2015,outgoing
https://ror.org/01j7nq853,University of Alaska Fairbanks,US,United States,3,SNS,2011-2015,outgoing
https://ror.org/01j8e0j24,"California State University, San Marcos",US,United States,209,SNS,2011-2015,outgoing
https://ror.org/01j903a45,University of North Florida,US,United States,4,SNS,2011-2015,outgoing
https://ror.org/01j99nc54,Irkutsk State University,RU,Russia,3,SNS,2011-2015,outgoing
https://ror.org/01j9p1r26,University of L'Aquila,IT,Italy,286,SNS,2011-2015,outgoing
https://ror.org/01jaaym28,Shimane University,JP,Japan,2,SNS,2011-2015,outgoing
https://ror.org/01jaj8n65,Assiut University,EG,Egypt,1,SNS,2011-2015,outgoing
https://ror.org/01jays723,Canadian Blood Services,CA,Canada,2,SNS,2011-2015,outgoing
https://ror.org/01jbb3w63,Centre Hospitalier Universitaire de Reims,FR,France,1,SNS,2011-2015,outgoing
https://ror.org/01jbzz330,Center for International Forestry Research,ID,Indonesia,1,SNS,2011-2015,outgoing
https://ror.org/01jdpyv68,Saarland University,DE,Germany,39,SNS,2011-2015,outgoing
https://ror.org/01je3h843,Institute for New Economic Thinking,US,United States,23,SNS,2011-2015,outgoing
https://ror.org/01jem9c82,Junta de Andalucía,ES,Spain,17,SNS,2011-2015,outgoing
https://ror.org/01jemb993,Semenov Institute of Chemical Physics,RU,Russia,1,SNS,2011-2015,outgoing
https://ror.org/01jepya76,United States Military Academy,US,United States,2,SNS,2011-2015,outgoing
https://ror.org/01jfr3w16,Pacific Institute For Research and Evaluation,US,United States,9,SNS,2011-2015,outgoing
https://ror.org/01jgp6d54,Istituto di Astrofisica Spaziale e Fisica Cosmica di Milano,IT,Italy,4,SNS,2011-2015,outgoing
https://ror.org/01jgv6w72,National Institute for Theoretical Physics,ZA,South Africa,7,SNS,2011-2015,outgoing
https://ror.org/01jhe7086,University of Iowa Holden Comprehensive Cancer Center,US,United States,1,SNS,2011-2015,outgoing
https://ror.org/01jhsfg10,Hospital de Dona Estefânia,PT,Portugal,1,SNS,2011-2015,outgoing
https://ror.org/01jjhfr75,Özyeğin University,TR,Turkey,1595,SNS,2011-2015,outgoing
https://ror.org/01jjraa45,State Key Laboratory of Crystal Materials,CN,China,8,SNS,2011-2015,outgoing
https://ror.org/01jk6xr82,Rochester General Hospital,US,United States,1,SNS,2011-2015,outgoing
https://ror.org/01jkd3546,P.N. Lebedev Physical Institute of the Russian Academy of Sciences,RU,Russia,1317,SNS,2011-2015,outgoing
https://ror.org/01jm8fn98,Institut de Biologie Moléculaire des Plantes,FR,France,3,SNS,2011-2015,outgoing
https://ror.org/01jmxt844,University of Otago,NZ,New Zealand,20,SNS,2011-2015,outgoing
https://ror.org/01jngdt03,Genetic Information Research Institute,US,United States,1,SNS,2011-2015,outgoing
https://ror.org/01jp0tk64,Université Gaston Berger,SN,Senegal,1,SNS,2011-2015,outgoing
https://ror.org/01jr3y717,Ohio University,US,United States,158,SNS,2011-2015,outgoing
https://ror.org/01js2sh04,Deutsches Elektronen-Synchrotron DESY,DE,Germany,4696,SNS,2011-2015,outgoing
https://ror.org/01js8h045,Children's Clinical University Hospital,LV,Latvia,1,SNS,2011-2015,outgoing
https://ror.org/01jsenc11,Instituto de Historia,ES,Spain,2,SNS,2011-2015,outgoing
https://ror.org/01jsgmp44,HUN-REN Institute of Experimental Medicine,HU,Hungary,6,SNS,2011-2015,outgoing
https://ror.org/01jt38m64,Institute for Energetics and Interphases,IT,Italy,1,SNS,2011-2015,outgoing
https://ror.org/01jty7g66,German Centre for Integrative Biodiversity Research,DE,Germany,2,SNS,2011-2015,outgoing
https://ror.org/01jvpb595,St. Antonius Ziekenhuis,NL,The Netherlands,1,SNS,2011-2015,outgoing
https://ror.org/01jvz7e61,Virologie et Immunologie Moléculaires,FR,France,16,SNS,2011-2015,outgoing
https://ror.org/01jw2p796,Iran University of Science and Technology,IR,Iran,2,SNS,2011-2015,outgoing
https://ror.org/01jwcme05,Fontys University of Applied Sciences,NL,The Netherlands,1,SNS,2011-2015,outgoing
https://ror.org/01jxjav08,Wuhan Institute of Virology,CN,China,2,SNS,2011-2015,outgoing
https://ror.org/01jxtne23,University Hospital Olomouc,CZ,Czechia,1,SNS,2011-2015,outgoing
https://ror.org/01jy49h31,Autoliv (Sweden),SE,Sweden,1,SNS,2011-2015,outgoing
https://ror.org/01k1ftz35,Novartis (Japan),JP,Japan,1,SNS,2011-2015,outgoing
https://ror.org/01k2y1055,University of Wolverhampton,GB,United Kingdom,1,SNS,2011-2015,outgoing
https://ror.org/01k383v05,Centre d'Énergétique et de Thermique de Lyon,FR,France,1,SNS,2011-2015,outgoing
https://ror.org/01k3mbs15,Shahid Chamran University of Ahvaz,IR,Iran,1,SNS,2011-2015,outgoing
https://ror.org/01k40cz91,Normandie Université,FR,France,79,SNS,2011-2015,outgoing
https://ror.org/01k44g025,Northern Kentucky University,US,United States,12,SNS,2011-2015,outgoing
https://ror.org/01k4yrm29,Korea Institute of Science & Technology Information,KR,South Korea,772,SNS,2011-2015,outgoing
https://ror.org/01k5qnb77,Robert Koch Institute,DE,Germany,2,SNS,2011-2015,outgoing
https://ror.org/01k6vxj52,Omsk State University,RU,Russia,27,SNS,2011-2015,outgoing
https://ror.org/01k79ja28,Instituto Estadual do Cérebro Paulo Niemeyer,BR,Brazil,1,SNS,2011-2015,outgoing
https://ror.org/01k8vtd75,Mansoura University,EG,Egypt,2,SNS,2011-2015,outgoing
https://ror.org/01k94e681,MIMOS (Malaysia),MY,Malaysia,2,SNS,2011-2015,outgoing
https://ror.org/01k97gp34,TU Dortmund University,DE,Germany,4198,SNS,2011-2015,outgoing
https://ror.org/01k9xac83,Rush University,US,United States,2,SNS,2011-2015,outgoing
https://ror.org/01kbfgm16,UC San Diego Health System,US,United States,48,SNS,2011-2015,outgoing
https://ror.org/01kcrnc96,Institut de Planétologie et d'Astrophysique de Grenoble,FR,France,222,SNS,2011-2015,outgoing
https://ror.org/01kd65564,The University of Texas at San Antonio,US,United States,21,SNS,2011-2015,outgoing
https://ror.org/01kdj2848,Istituto di Fisiologia Clinica,IT,Italy,49,SNS,2011-2015,outgoing
https://ror.org/01kdzej58,Bohai University,CN,China,3,SNS,2011-2015,outgoing
https://ror.org/01keh0577,"University of Nevada, Reno",US,United States,32,SNS,2011-2015,outgoing
https://ror.org/01kg8sb98,Indiana University,US,United States,2415,SNS,2011-2015,outgoing
https://ror.org/01kh0x418,Indian Institute of Chemical Biology,IN,India,2,SNS,2011-2015,outgoing
https://ror.org/01kh6gx25,Sustainable Europe Research Institute,DE,Germany,1,SNS,2011-2015,outgoing
https://ror.org/01khx4a30,Goldsmiths University of London,GB,United Kingdom,16,SNS,2011-2015,outgoing
https://ror.org/01kj2bm70,Newcastle University,GB,United Kingdom,243,SNS,2011-2015,outgoing
https://ror.org/01kj4z117,Southwest University,CN,China,12,SNS,2011-2015,outgoing
https://ror.org/01km6p862,United Arab Emirates University,AE,United Arab Emirates,11,SNS,2011-2015,outgoing
https://ror.org/01kpm1136,Research Institute for Endocrine Sciences,IR,Iran,2,SNS,2011-2015,outgoing
https://ror.org/01kpwv903,Capital Fund Management (France),FR,France,77,SNS,2011-2015,outgoing
https://ror.org/01kpzv902,Flinders University,AU,Australia,8,SNS,2011-2015,outgoing
https://ror.org/01kq0a723,CINFAI,IT,Italy,23,SNS,2011-2015,outgoing
https://ror.org/01kq0pv72,South China Normal University,CN,China,29,SNS,2011-2015,outgoing
https://ror.org/01ks0bt75,Seoul National University Children's Hospital,KR,South Korea,1,SNS,2011-2015,outgoing
https://ror.org/01kt2cx88,Zamorano Pan-American Agricultural School,HN,Honduras,2,SNS,2011-2015,outgoing
https://ror.org/01kta7d96,McLean Hospital,US,United States,18,SNS,2011-2015,outgoing
https://ror.org/01ktsbe92,HJ Science and Technology (United States),US,United States,1,SNS,2011-2015,outgoing
https://ror.org/01kv3wg35,Kavli Institute for Theoretical Sciences,CN,China,24,SNS,2011-2015,outgoing
https://ror.org/01kvtm035,South Australia Pathology,AU,Australia,9,SNS,2011-2015,outgoing
https://ror.org/01kw1gj07,Ithaca College,US,United States,8,SNS,2011-2015,outgoing
https://ror.org/01kwjhv40,Institute of Integrative Biology,CH,Switzerland,8,SNS,2011-2015,outgoing
https://ror.org/01kxesq83,Laboratoire de Physique Subatomique et des Technologies Associées,FR,France,425,SNS,2011-2015,outgoing
https://ror.org/01kys2h96,Quantum Technology Sciences (United States),US,United States,3,SNS,2011-2015,outgoing
https://ror.org/01kzn7k21,"Islamic Azad University, Tehran",IR,Iran,479,SNS,2011-2015,outgoing
https://ror.org/01m11mf96,Hôpital Broca,FR,France,2,SNS,2011-2015,outgoing
https://ror.org/01m178w43,Lahey Medical Center,US,United States,1,SNS,2011-2015,outgoing
https://ror.org/01m1pv723,University Hospital of Geneva,CH,Switzerland,11,SNS,2011-2015,outgoing
https://ror.org/01m1s6313,St. George's University,GD,Grenada,4,SNS,2011-2015,outgoing
https://ror.org/01m294726,World Health Organization - Zimbabwe,ZW,Zimbabwe,1,SNS,2011-2015,outgoing
https://ror.org/01m296r74,"Universidad Autónoma de Zacatecas ""Francisco García Salinas""",MX,Mexico,1,SNS,2011-2015,outgoing
https://ror.org/01m2pas06,NTT Basic Research Laboratories,JP,Japan,45,SNS,2011-2015,outgoing
https://ror.org/01m343c98,Waseda Bioscience Research Institute in Singapore,SG,Singapore,2,SNS,2011-2015,outgoing
https://ror.org/01m39hd75,Azienda Ospedaliero Universitaria di Sassari,IT,Italy,1,SNS,2011-2015,outgoing
https://ror.org/01m4gt983,SAIT Polytechnic,CA,Canada,1,SNS,2011-2015,outgoing
https://ror.org/01m59r132,Akdeniz University,TR,Turkey,5,SNS,2011-2015,outgoing
https://ror.org/01m6as704,Institut de Cancérologie de l'Ouest,FR,France,1,SNS,2011-2015,outgoing
https://ror.org/01m71e459,Laboratoire de Neurosciences Cognitives et Adaptatives,FR,France,1,SNS,2011-2015,outgoing
https://ror.org/01m71fs94,Dutch Polymer Institute,NL,The Netherlands,2,SNS,2011-2015,outgoing
https://ror.org/01m84wm78,Université Rennes 2,FR,France,83,SNS,2011-2015,outgoing
https://ror.org/01m8p7q42,Dongguan University of Technology,CN,China,2,SNS,2011-2015,outgoing
https://ror.org/01mcvy510,Harvard College Observatory,US,United States,113,SNS,2011-2015,outgoing
https://ror.org/01mdfdm06,Monell Chemical Senses Center,US,United States,3,SNS,2011-2015,outgoing
https://ror.org/01mdjbm03,Fourth Hospital of Hebei Medical University,CN,China,1,SNS,2011-2015,outgoing
https://ror.org/01mdm1v36,Central University,CO,Colombia,1,SNS,2011-2015,outgoing
https://ror.org/01mfest76,ICMR - National Institute of Immunohaemotology,IN,India,2,SNS,2011-2015,outgoing
https://ror.org/01mfkkh63,Guangzhou Chemistry (China),CN,China,1,SNS,2011-2015,outgoing
https://ror.org/01mfmr054,Institute for Macromolecular Studies,IT,Italy,1,SNS,2011-2015,outgoing
https://ror.org/01mfpjp46,Institute of Oncology NN Petrov,RU,Russia,1,SNS,2011-2015,outgoing
https://ror.org/01mgdzc49,Centre for Quantum Technologies,SG,Singapore,181,SNS,2011-2015,outgoing
https://ror.org/01mh5ph17,Kangwon National University,KR,South Korea,2094,SNS,2011-2015,outgoing
https://ror.org/01mh6b283,Netherlands Heart Institute,NL,The Netherlands,18,SNS,2011-2015,outgoing
https://ror.org/01mk1hj86,Paul Drude Institute for Solid State Electronics,DE,Germany,24,SNS,2011-2015,outgoing
https://ror.org/01mk44223,IQVIA (United States),US,United States,1,SNS,2011-2015,outgoing
https://ror.org/01mkqqe32,Lanzhou University,CN,China,112,SNS,2011-2015,outgoing
https://ror.org/01mmn7c12,D-Wave Systems (Canada),CA,Canada,8,SNS,2011-2015,outgoing
https://ror.org/01mmz5j21,Victorian Clinical Genetics Services,AU,Australia,2,SNS,2011-2015,outgoing
https://ror.org/01mq1e256,"Laboratoire de sociologie des Territoires, du travail, des âges et de la santé",FR,France,3,SNS,2011-2015,outgoing
https://ror.org/01mqmer16,Roche (France),FR,France,187,SNS,2011-2015,outgoing
https://ror.org/01mqnkc89,Institute for Environmental Decisions,CH,Switzerland,2,SNS,2011-2015,outgoing
https://ror.org/01mqsmm97,Hospital Regional Universitario de Málaga,ES,Spain,1,SNS,2011-2015,outgoing
https://ror.org/01mqtzm43,Instituto de Microelectrónica de Sevilla,ES,Spain,2,SNS,2011-2015,outgoing
https://ror.org/01mqvjv41,Universidade Federal de Mato Grosso,BR,Brazil,1,SNS,2011-2015,outgoing
https://ror.org/01mrfdz82,Texas A&M University – Corpus Christi,US,United States,1,SNS,2011-2015,outgoing
https://ror.org/01mrkb883,Daugavpils University,LV,Latvia,1,SNS,2011-2015,outgoing
https://ror.org/01mrvbd33,Hoshi University,JP,Japan,7,SNS,2011-2015,outgoing
https://ror.org/01msc1703,Indian Institute of Astrophysics,IN,India,42,SNS,2011-2015,outgoing
https://ror.org/01msdga41,Dornier Flugzeugwerke (Germany),DE,Germany,1,SNS,2011-2015,outgoing
https://ror.org/01mtcc283,Le Mans Université,FR,France,10,SNS,2011-2015,outgoing
https://ror.org/01mtkd993,University of Alaska System,US,United States,44,SNS,2011-2015,outgoing
https://ror.org/01mts2g59,Centre de Résonance Magnétique des Systèmes Biologiques,FR,France,1,SNS,2011-2015,outgoing
https://ror.org/01mtxmr84,Inner Mongolia Medical University,CN,China,1,SNS,2011-2015,outgoing
https://ror.org/01mv9t934,Ministry of Education of the People's Republic of China,CN,China,18,SNS,2011-2015,outgoing
https://ror.org/01mvrj242,Nanosystems Initiative Munich,DE,Germany,8,SNS,2011-2015,outgoing
https://ror.org/01mvzn566,Centre Interdisciplinaire de Recherche en Biologie,FR,France,24,SNS,2011-2015,outgoing
https://ror.org/01mxmpy39,Occidental College,US,United States,1,SNS,2011-2015,outgoing
https://ror.org/01mz2wq83,Insilico Medicine (United States),US,United States,1,SNS,2011-2015,outgoing
https://ror.org/01mzk5576,Leibniz Institute of Plant Biochemistry,DE,Germany,1,SNS,2011-2015,outgoing
https://ror.org/01mzmgj80,CSIRO Marine and Atmospheric Research,AU,Australia,1,SNS,2011-2015,outgoing
https://ror.org/01mzw6m29,Nemours Children's Health System,US,United States,1,SNS,2011-2015,outgoing
https://ror.org/01mzxgm71,Dauphine Recherches en Management,FR,France,3,SNS,2011-2015,outgoing
https://ror.org/01n002310,Institute of Electrical and Electronics Engineers,US,United States,4,SNS,2011-2015,outgoing
https://ror.org/01n029866,UCB Pharma (Belgium),BE,Belgium,8,SNS,2011-2015,outgoing
https://ror.org/01n0k5m85,King's College Hospital NHS Foundation Trust,GB,United Kingdom,20,SNS,2011-2015,outgoing
https://ror.org/01n15vy71,Sant Longowal Institute of Engineering and Technology,IN,India,1,SNS,2011-2015,outgoing
https://ror.org/01n1ayq61,Institute for Research on Population and Social Policies,IT,Italy,1,SNS,2011-2015,outgoing
https://ror.org/01n28jn45,Swedish National Bank,SE,Sweden,1,SNS,2011-2015,outgoing
https://ror.org/01n2xwm51,Meyer Children's Hospital,IT,Italy,11,SNS,2011-2015,outgoing
https://ror.org/01n3rg866,State Key Laboratory of Genetic Engineering,CN,China,6,SNS,2011-2015,outgoing
https://ror.org/01n3s4692,Shiraz University of Medical Sciences,IR,Iran,5,SNS,2011-2015,outgoing
https://ror.org/01n6r0e97,Leibniz Association,DE,Germany,884,SNS,2011-2015,outgoing
https://ror.org/01n78t774,"Institute of Nuclear Physics, Polish Academy of Sciences",PL,Poland,2864,SNS,2011-2015,outgoing
https://ror.org/01n8x4993,Polytechnic Institute of Coimbra,PT,Portugal,3,SNS,2011-2015,outgoing
https://ror.org/01n9kga30,Duke University School of Medicine,US,United States,5,SNS,2011-2015,outgoing
https://ror.org/01n9zy652,Medical University of Sofia,BG,Bulgaria,4,SNS,2011-2015,outgoing
https://ror.org/01na0pb61,Institut de Biologie Physico-Chimique,FR,France,25,SNS,2011-2015,outgoing
https://ror.org/01na82s61,United States Department of Agriculture,US,United States,15,SNS,2011-2015,outgoing
https://ror.org/01naq7912,Télécom Paris,FR,France,87,SNS,2011-2015,outgoing
https://ror.org/01nckkm68,Sophia University,JP,Japan,7,SNS,2011-2015,outgoing
https://ror.org/01nffqt88,Politecnico di Milano,IT,Italy,741,SNS,2011-2015,outgoing
https://ror.org/01nfmeh72,University of Tasmania,AU,Australia,75,SNS,2011-2015,outgoing
https://ror.org/01nftxb06,Leibniz Institute of Freshwater Ecology and Inland Fisheries,DE,Germany,4,SNS,2011-2015,outgoing
https://ror.org/01ng1yh19,Charlie Norwood VA Medical Center,US,United States,1,SNS,2011-2015,outgoing
https://ror.org/01ngpvg12,Max-Planck-Institut für Nachhaltige Materialien,DE,Germany,6,SNS,2011-2015,outgoing
https://ror.org/01nh3sx96,Geriatric Research Education and Clinical Center,US,United States,9,SNS,2011-2015,outgoing
https://ror.org/01njes783,Seattle Children's Hospital,US,United States,9,SNS,2011-2015,outgoing
https://ror.org/01nkhmn89,Biruni University,TR,Turkey,1,SNS,2011-2015,outgoing
https://ror.org/01nky7652,North China University of Technology,CN,China,3,SNS,2011-2015,outgoing
https://ror.org/01nmpe263,Institute of Spectroscopy,RU,Russia,14,SNS,2011-2015,outgoing
https://ror.org/01nmxvn49,Chengdu Organic Chemicals (China),CN,China,4,SNS,2011-2015,outgoing
https://ror.org/01nmyfr60,USC Norris Comprehensive Cancer Center,US,United States,8,SNS,2011-2015,outgoing
https://ror.org/01nph4h53,Aerodyne Research,US,United States,1,SNS,2011-2015,outgoing
https://ror.org/01nqk4x38,National Defense University,US,United States,2,SNS,2011-2015,outgoing
https://ror.org/01nr3td38,Laboratoire d'Informatique Fondamentale d'Orléans,FR,France,6,SNS,2011-2015,outgoing
https://ror.org/01nr6fy72,Ljubljana University Medical Centre,SI,Slovenia,1,SNS,2011-2015,outgoing
https://ror.org/01nrk6j30,MingDao University,TW,Taiwan,1,SNS,2011-2015,outgoing
https://ror.org/01nrsdg41,Saint - Petersburg State Chemical Pharmaceutical Academy,RU,Russia,1,SNS,2011-2015,outgoing
https://ror.org/01nrxwf90,University of Edinburgh,GB,United Kingdom,6887,SNS,2011-2015,outgoing
https://ror.org/01nsd7y51,Geociencias Barcelona,ES,Spain,2,SNS,2011-2015,outgoing
https://ror.org/01nspwd23,Non-Communicable Diseases Research Center,IR,Iran,1,SNS,2011-2015,outgoing
https://ror.org/01nv2xf68,Ajuntament de L’Hospitalet,ES,Spain,11,SNS,2011-2015,outgoing
https://ror.org/01nw6qk38,Institut de Chimie de la Matière Condensée de Bordeaux,FR,France,3,SNS,2011-2015,outgoing
https://ror.org/01nxc2t48,Montclair State University,US,United States,99,SNS,2011-2015,outgoing
https://ror.org/01nxjpd08,Vladimir State University,RU,Russia,1,SNS,2011-2015,outgoing
https://ror.org/01nyatq71,Institute of Molecular Biology and Pathology,IT,Italy,12,SNS,2011-2015,outgoing
https://ror.org/01nyv7k26,Oita University,JP,Japan,1,SNS,2011-2015,outgoing
https://ror.org/01nzkd566,Centro de Neurociências e Biologia Celular,PT,Portugal,19,SNS,2011-2015,outgoing
https://ror.org/01p178v10,"Institut de Recherche en Santé, Environnement et Travail",FR,France,1,SNS,2011-2015,outgoing
https://ror.org/01p19k166,Royal Victoria Infirmary,GB,United Kingdom,3,SNS,2011-2015,outgoing
https://ror.org/01p6gzq21,Brazilian Synchrotron Light Laboratory,BR,Brazil,2,SNS,2011-2015,outgoing
https://ror.org/01p6yxw64,Groupe des Écoles Nationales d'Économie et Statistique,FR,France,4,SNS,2011-2015,outgoing
https://ror.org/01p7jjy08,Saint Louis University,US,United States,3270,SNS,2011-2015,outgoing
https://ror.org/01p7k1986,Central European Institute of Technology,CZ,Czechia,19,SNS,2011-2015,outgoing
https://ror.org/01p7qe739,Tokai University,JP,Japan,23,SNS,2011-2015,outgoing
https://ror.org/01p7z6793,Children's Cancer and Blood Foundation,US,United States,1,SNS,2011-2015,outgoing
https://ror.org/01p884a79,Hebei University,CN,China,1023,SNS,2011-2015,outgoing
https://ror.org/01p8ehb87,Ministry of Health of the Russian Federation,RU,Russia,7,SNS,2011-2015,outgoing
https://ror.org/01p93h210,University of South Australia,AU,Australia,43,SNS,2011-2015,outgoing
https://ror.org/01p9emh29,AXON Neuroscience (Cyprus),CY,Cyprus,1,SNS,2011-2015,outgoing
https://ror.org/01p9rc392,John Jay College of Criminal Justice,US,United States,2,SNS,2011-2015,outgoing
https://ror.org/01pa62v70,Tokyo Denki University,JP,Japan,1,SNS,2011-2015,outgoing
https://ror.org/01paa1e42,Centre Maurice-Halbwachs,FR,France,1,SNS,2011-2015,outgoing
https://ror.org/01pab2602,Yantai Institute of Coastal Zone Research,CN,China,1,SNS,2011-2015,outgoing
https://ror.org/01papkj44,University of Tabriz,IR,Iran,2,SNS,2011-2015,outgoing
https://ror.org/01pbdzh19,University of Toledo,US,United States,148,SNS,2011-2015,outgoing
https://ror.org/01pbhra64,Morehouse School of Medicine,US,United States,5,SNS,2011-2015,outgoing
https://ror.org/01pbz7c04,Mediterranean Agronomic Institute of Chania,GR,Greece,2,SNS,2011-2015,outgoing
https://ror.org/01pdam362,Institute for Solid State Physics and Optics,HU,Hungary,11,SNS,2011-2015,outgoing
https://ror.org/01pe3t004,Indian Institute of Science Education and Research Thiruvananthapuram,IN,India,15,SNS,2011-2015,outgoing
https://ror.org/01pewsd85,Estonian Academy of Sciences,EE,Estonia,6,SNS,2011-2015,outgoing
https://ror.org/01ph39d13,Laboratoire National de Métrologie et d'Essais,FR,France,7,SNS,2011-2015,outgoing
https://ror.org/01pj30291,Center for Cancer and Blood Disorders,US,United States,1,SNS,2011-2015,outgoing
https://ror.org/01pjxkf30,Xinjiang Astronomical Observatory,CN,China,8,SNS,2011-2015,outgoing
https://ror.org/01pmtm379,Instituto de Física La Plata,AR,Argentina,901,SNS,2011-2015,outgoing
https://ror.org/01pnej532,University of Szeged,HU,Hungary,142,SNS,2011-2015,outgoing
https://ror.org/01pp0fx48,Valparaiso University,US,United States,108,SNS,2011-2015,outgoing
https://ror.org/01pp8nd67,Smithsonian Institution,US,United States,327,SNS,2011-2015,outgoing
https://ror.org/01ppj9r51,Gauhati University,IN,India,82,SNS,2011-2015,outgoing
https://ror.org/01pq38j30,Bennington College,US,United States,1,SNS,2011-2015,outgoing
https://ror.org/01prbq409,Escola Superior de Saúde Egas Moniz,PT,Portugal,2,SNS,2011-2015,outgoing
https://ror.org/01psf3m26,Robarts Research Institute,CA,Canada,4,SNS,2011-2015,outgoing
https://ror.org/01pveve47,United States Army Medical Research Institute of Infectious Diseases,US,United States,2,SNS,2011-2015,outgoing
https://ror.org/01pwgd096,SKA Observatory,GB,United Kingdom,30,SNS,2011-2015,outgoing
https://ror.org/01px5cv07,Reichman University,IL,Israel,1,SNS,2011-2015,outgoing
https://ror.org/01px77p81,Sun Yat-sen Memorial Hospital,CN,China,1,SNS,2011-2015,outgoing
https://ror.org/01px84952,Unitec Institute of Technology,NZ,New Zealand,1,SNS,2011-2015,outgoing
https://ror.org/01pxwe438,McGill University,CA,Canada,3458,SNS,2011-2015,outgoing
https://ror.org/01pzjt917,Hospital Txagorritxu,ES,Spain,1,SNS,2011-2015,outgoing
https://ror.org/01pznaa94,Norwegian Institute of International Affairs,NO,Norway,1,SNS,2011-2015,outgoing
https://ror.org/01q046q46,Hôpital Pierre Wertheimer,FR,France,1,SNS,2011-2015,outgoing
https://ror.org/01q1jaw52,AHEPA University Hospital,GR,Greece,2,SNS,2011-2015,outgoing
https://ror.org/01q1y4t48,Virginia Tech - Wake Forest University School of Biomedical Engineering & Sciences,US,United States,1,SNS,2011-2015,outgoing
https://ror.org/01q1z8k08,State University of New York,US,United States,3908,SNS,2011-2015,outgoing
https://ror.org/01q3qwp65,Université de Notre-Dame du Kasai,CD,DR Congo,4,SNS,2011-2015,outgoing
https://ror.org/01q3tbs38,King Abdullah University of Science and Technology,SA,Saudi Arabia,58,SNS,2011-2015,outgoing
https://ror.org/01q496a73,MRC Weatherall Institute of Molecular Medicine,GB,United Kingdom,17,SNS,2011-2015,outgoing
https://ror.org/01q6pmm96,University of Portland,US,United States,1,SNS,2011-2015,outgoing
https://ror.org/01q76b368,Institut Écologie et Environnement,FR,France,44,SNS,2011-2015,outgoing
https://ror.org/01q7w1f47,St. Olaf College,US,United States,6,SNS,2011-2015,outgoing
https://ror.org/01q8b6q23,Libera Università Internazionale degli Studi Sociali Guido Carli,IT,Italy,30,SNS,2011-2015,outgoing
https://ror.org/01q8f6705,BASF (Germany),DE,Germany,6,SNS,2011-2015,outgoing
https://ror.org/01q8k8p90,Cyprus Institute,CY,Cyprus,8,SNS,2011-2015,outgoing
https://ror.org/01q8ytn75,Center for Northern Studies,CA,Canada,1,SNS,2011-2015,outgoing
https://ror.org/01q9h8k89,University of Naples - L'Orientale,IT,Italy,1,SNS,2011-2015,outgoing
https://ror.org/01qa4rf46,Délégation Régionale Grand Ouest,FR,France,1,SNS,2011-2015,outgoing
https://ror.org/01qaqcf60,University of Białystok,PL,Poland,197,SNS,2011-2015,outgoing
https://ror.org/01qat3289,Eli Lilly (United States),US,United States,12,SNS,2011-2015,outgoing
https://ror.org/01qavk531,Catharina Ziekenhuis,NL,The Netherlands,49,SNS,2011-2015,outgoing
https://ror.org/01qb1sw63,Centro Ricerche Enrico Fermi,IT,Italy,187,SNS,2011-2015,outgoing
https://ror.org/01qbebb31,Papworth Hospital NHS Foundation Trust,GB,United Kingdom,1,SNS,2011-2015,outgoing
https://ror.org/01qckj285,Universidade da Coruña,ES,Spain,12,SNS,2011-2015,outgoing
https://ror.org/01qcq9d74,Korea Institute of Machinery & Materials,KR,South Korea,5,SNS,2011-2015,outgoing
https://ror.org/01qcwgw02,David H. Murdock Research Institute,US,United States,3,SNS,2011-2015,outgoing
https://ror.org/01qd3xc93,Mario Negri Sud Foundation,IT,Italy,13,SNS,2011-2015,outgoing
https://ror.org/01qdav448,Raman Research Institute,IN,India,342,SNS,2011-2015,outgoing
https://ror.org/01qdbbk19,Special Astrophysical Observatory,RU,Russia,87,SNS,2011-2015,outgoing
https://ror.org/01qecd649,Max Planck Unit for Structural Molecular Biology,DE,Germany,7,SNS,2011-2015,outgoing
https://ror.org/01qek3q18,Central Electrochemical Research Institute,IN,India,2,SNS,2011-2015,outgoing
https://ror.org/01qew8q20,Centro de Investigación Médica Aplicada,ES,Spain,14,SNS,2011-2015,outgoing
https://ror.org/01qfgm256,V.E. Lashkaryov Institute of Semiconductor Physics,UA,Ukraine,1,SNS,2011-2015,outgoing
https://ror.org/01qg3j183,University of Ioannina,GR,Greece,2130,SNS,2011-2015,outgoing
https://ror.org/01qg56n75,State Key Laboratory of Transducer Technology,CN,China,1,SNS,2011-2015,outgoing
https://ror.org/01qhf1r47,"Anna University, Chennai",IN,India,2,SNS,2011-2015,outgoing
https://ror.org/01qhj1g70,Daiichi Sankyo (Germany),DE,Germany,1,SNS,2011-2015,outgoing
https://ror.org/01qhqcj41,Université de Technologie de Troyes,FR,France,12,SNS,2011-2015,outgoing
https://ror.org/01qj7t912,Polymer Research Institute,RU,Russia,1,SNS,2011-2015,outgoing
https://ror.org/01qjckx08,National Institute of Genomic Medicine,MX,Mexico,7,SNS,2011-2015,outgoing
https://ror.org/01qjqvr92,Translational Health Science and Technology Institute,IN,India,1,SNS,2011-2015,outgoing
https://ror.org/01qk6rn93,Center for Digestive and Liver Diseases,US,United States,1,SNS,2011-2015,outgoing
https://ror.org/01qkd1z70,Bannari Amman Institute of Technology,IN,India,1,SNS,2011-2015,outgoing
https://ror.org/01qkmhj58,Kao Corporation (United States),US,United States,29,SNS,2011-2015,outgoing
https://ror.org/01qkmtm61,Moores Cancer Center,US,United States,15,SNS,2011-2015,outgoing
https://ror.org/01qkxb782,Centro Científico Tecnólogico - Rosario,AR,Argentina,5,SNS,2011-2015,outgoing
https://ror.org/01qmm0x62,Unidad de Investigación en cuidados y servicios de salud (Investén-isciii),ES,Spain,1,SNS,2011-2015,outgoing
https://ror.org/01qn0gc28,Yuri Gagarin State Technical University of Saratov,RU,Russia,1,SNS,2011-2015,outgoing
https://ror.org/01qnpp968,New Mexico Consortium,US,United States,2,SNS,2011-2015,outgoing
https://ror.org/01qp9b498,Dominion Astrophysical Observatory,CA,Canada,63,SNS,2011-2015,outgoing
https://ror.org/01qpw1b93,Wroclaw Medical University,PL,Poland,40,SNS,2011-2015,outgoing
https://ror.org/01qq57711,Universidad Andrés Bello,CL,Chile,51,SNS,2011-2015,outgoing
https://ror.org/01qrts582,Rheinland-Pfälzische Technische Universität Kaiserslautern-Landau,DE,Germany,62,SNS,2011-2015,outgoing
https://ror.org/01qt3dj82,Institute of Immunology and Physiology,RU,Russia,1,SNS,2011-2015,outgoing
https://ror.org/01qtasp15,European Southern Observatory,DE,Germany,1526,SNS,2011-2015,outgoing
https://ror.org/01qtp1053,Paris School of Economics,FR,France,8,SNS,2011-2015,outgoing
https://ror.org/01qv8fp92,Louisiana State University Health Sciences Center New Orleans,US,United States,5,SNS,2011-2015,outgoing
https://ror.org/01qw0br74,Agricultural Biotechnology Institute,HU,Hungary,1,SNS,2011-2015,outgoing
https://ror.org/01qwdc951,Bayer (Switzerland),CH,Switzerland,1,SNS,2011-2015,outgoing
https://ror.org/01qxmdg18,NASA Astrobiology Institute,US,United States,9,SNS,2011-2015,outgoing
https://ror.org/01qyd4k24,Hoseo University,KR,South Korea,1,SNS,2011-2015,outgoing
https://ror.org/01qygwc68,Evaluation des technologies de santé et des pratiques médicales,FR,France,1,SNS,2011-2015,outgoing
https://ror.org/01qz5mb56,Oak Ridge National Laboratory,US,United States,487,SNS,2011-2015,outgoing
https://ror.org/01qz7fr76,Brighton and Sussex Medical School,GB,United Kingdom,1,SNS,2011-2015,outgoing
https://ror.org/01qzc0f54,Qingdao University of Technology,CN,China,1,SNS,2011-2015,outgoing
https://ror.org/01r024a98,Chung-Ang University,KR,South Korea,12,SNS,2011-2015,outgoing
https://ror.org/01r0c1p88,University System of Maryland,US,United States,248,SNS,2011-2015,outgoing
https://ror.org/01r0k6965,Netherlands Bioinformatics Centre,NL,The Netherlands,3,SNS,2011-2015,outgoing
https://ror.org/01r13mt55,Hospital Universitario Miguel Servet,ES,Spain,1,SNS,2011-2015,outgoing
https://ror.org/01r2c3v86,Universidad San Francisco de Quito,EC,Ecuador,576,SNS,2011-2015,outgoing
https://ror.org/01r3vad87,Laboratori Guglielmo Marconi (Italy),IT,Italy,1,SNS,2011-2015,outgoing
https://ror.org/01r45yt97,Xianyang Normal University,CN,China,10,SNS,2011-2015,outgoing
https://ror.org/01r4eh644,Lunar and Planetary Institute,US,United States,2,SNS,2011-2015,outgoing
https://ror.org/01r4q9n85,University of Macau,CN,China,9,SNS,2011-2015,outgoing
https://ror.org/01r53hz59,National University of Quilmes,AR,Argentina,6,SNS,2011-2015,outgoing
https://ror.org/01r6bzv07,Bogomoletz Institute of Physiology,UA,Ukraine,1,SNS,2011-2015,outgoing
https://ror.org/01r7awg59,University of Guelph,CA,Canada,30,SNS,2011-2015,outgoing
https://ror.org/01r8xsy94,ESCP Business School,DE,Germany,1,SNS,2011-2015,outgoing
https://ror.org/01r96cc35,Laboratoire Universitaire des Sciences Appliquées de Cherbourg,FR,France,1,SNS,2011-2015,outgoing
https://ror.org/01r9htc13,Université Libre de Bruxelles,BE,Belgium,2880,SNS,2011-2015,outgoing
https://ror.org/01r9z8p25,Universidad de La Laguna,ES,Spain,512,SNS,2011-2015,outgoing
https://ror.org/01rbbya36,Instituto de Investigaciones Filosóficas,MX,Mexico,1,SNS,2011-2015,outgoing
https://ror.org/01rcpar89,Campus Benjamin Franklin,DE,Germany,2,SNS,2011-2015,outgoing
https://ror.org/01rd8n845,Institute of Biochemistry,CH,Switzerland,7,SNS,2011-2015,outgoing
https://ror.org/01rdrb571,Philipps University of Marburg,DE,Germany,57,SNS,2011-2015,outgoing
https://ror.org/01red3556,East Texas A&M University,US,United States,6,SNS,2011-2015,outgoing
https://ror.org/01rf1sn88,University of Belgrade - Faculty of Mining and Geology,RS,Serbia,1,SNS,2011-2015,outgoing
https://ror.org/01rf3yp57,University of Bridgeport,US,United States,1,SNS,2011-2015,outgoing
https://ror.org/01rfnc002,Ernst Abbe University of Applied Sciences Jena,DE,Germany,2,SNS,2011-2015,outgoing
https://ror.org/01rfstj90,"Institut thématique Génétique, génomique et bioinformatique",FR,France,1,SNS,2011-2015,outgoing
https://ror.org/01rg40y89,Institute of Condensed Matter Chemistry and Technologies for Energy,IT,Italy,6,SNS,2011-2015,outgoing
https://ror.org/01rgfv364,Thiagarajar College of Engineering,IN,India,1,SNS,2011-2015,outgoing
https://ror.org/01rhff309,British Antarctic Survey,GB,United Kingdom,4,SNS,2011-2015,outgoing
https://ror.org/01rje3r53,Fondation Jean Dausset-CEPH,FR,France,4,SNS,2011-2015,outgoing
https://ror.org/01rjfjt94,South University,US,United States,20,SNS,2011-2015,outgoing
https://ror.org/01rjnta51,Centre for Human Genetics,GB,United Kingdom,32,SNS,2011-2015,outgoing
https://ror.org/01rk35k63,Université de Lyon,FR,France,4162,SNS,2011-2015,outgoing
https://ror.org/01rmh9n78,University of New Hampshire,US,United States,93,SNS,2011-2015,outgoing
https://ror.org/01rnvev51,Fondazione Politecnico di Milano,IT,Italy,1,SNS,2011-2015,outgoing
https://ror.org/01rp41m56,Yantai University,CN,China,8,SNS,2011-2015,outgoing
https://ror.org/01rpe9k96,Tokat Gaziosmanpaşa Üniversitesi,TR,Turkey,2018,SNS,2011-2015,outgoing
https://ror.org/01rq8ck58,Keck Hospital of USC,US,United States,8,SNS,2011-2015,outgoing
https://ror.org/01rrczv41,University of the Philippines Manila,PH,Philippines,1,SNS,2011-2015,outgoing
https://ror.org/01rsgrz10,Sanjay Gandhi Post Graduate Institute of Medical Sciences,IN,India,10,SNS,2011-2015,outgoing
https://ror.org/01rt74q71,Telecom Italia Lab,IT,Italy,1,SNS,2011-2015,outgoing
https://ror.org/01rtyzb94,Rensselaer Polytechnic Institute,US,United States,120,SNS,2011-2015,outgoing
https://ror.org/01rtzw447,Laboratoire de Chimie de Coordination,FR,France,5,SNS,2011-2015,outgoing
https://ror.org/01rv4p989,Middlesex University,GB,United Kingdom,6,SNS,2011-2015,outgoing
https://ror.org/01rw27z95,Microsoft (United Kingdom),GB,United Kingdom,2,SNS,2011-2015,outgoing
https://ror.org/01rwkhb30,Korea Institute of Materials Science,KR,South Korea,1,SNS,2011-2015,outgoing
https://ror.org/01rx4qw44,Institut de Recherche en Informatique de Toulouse,FR,France,1,SNS,2011-2015,outgoing
https://ror.org/01rxfrp27,La Trobe University,AU,Australia,52,SNS,2011-2015,outgoing
https://ror.org/01rxvg760,Nanjing University,CN,China,1553,SNS,2011-2015,outgoing
https://ror.org/01ryk1543,University of Southampton,GB,United Kingdom,2341,SNS,2011-2015,outgoing
https://ror.org/01rz37c55,World Health Organization Regional Office for Europe,DK,Denmark,2,SNS,2011-2015,outgoing
https://ror.org/01s0ssk34,Hôpitaux universitaires Paris Sud,FR,France,4,SNS,2011-2015,outgoing
https://ror.org/01s1hm369,Nippon Dental University,JP,Japan,321,SNS,2011-2015,outgoing
https://ror.org/01s1q0w69,Hospital Universitario La Paz,ES,Spain,5,SNS,2011-2015,outgoing
https://ror.org/01s29vd38,Institut de biologie François Jacob,FR,France,4,SNS,2011-2015,outgoing
https://ror.org/01s3dpm97,National Space Science and Technology Center,US,United States,4,SNS,2011-2015,outgoing
https://ror.org/01s3fs709,Institut Agro Rennes-Angers,FR,France,14,SNS,2011-2015,outgoing
https://ror.org/01s434164,Nathan Kline Institute for Psychiatric Research,US,United States,10,SNS,2011-2015,outgoing
https://ror.org/01s4gpq44,University of Talca,CL,Chile,1,SNS,2011-2015,outgoing
https://ror.org/01s5axj25,Lunenfeld-Tanenbaum Research Institute,CA,Canada,17,SNS,2011-2015,outgoing
https://ror.org/01s5jzh92,Stockholm School of Economics,SE,Sweden,6,SNS,2011-2015,outgoing
https://ror.org/01s5nqv53,Centre for Advanced Microscopy,AU,Australia,3,SNS,2011-2015,outgoing
https://ror.org/01s5r6w32,Central Arkansas Veterans Healthcare System,US,United States,2,SNS,2011-2015,outgoing
https://ror.org/01s5ya894,National Institute of Neurological Disorders and Stroke,US,United States,18,SNS,2011-2015,outgoing
https://ror.org/01s6bet72,Laboratoire de physique des systèmes complexes,FR,France,1,SNS,2011-2015,outgoing
https://ror.org/01s7b5y08,University of South Alabama,US,United States,306,SNS,2011-2015,outgoing
https://ror.org/01s7jxc19,Miyagi University of Education,JP,Japan,20,SNS,2011-2015,outgoing
https://ror.org/01s8rwd67,Délégation Régionale Provence-Alpes-Côte d’Azur et Corse,FR,France,2,SNS,2011-2015,outgoing
https://ror.org/01s8xxq04,Eastern Oregon University,US,United States,1,SNS,2011-2015,outgoing
https://ror.org/01s9sxm36,Presbyterian College,US,United States,1,SNS,2011-2015,outgoing
https://ror.org/01sa5tb56,"Islamic Azad University, Aliabad Katoul",IR,Iran,1,SNS,2011-2015,outgoing
https://ror.org/01sas2f78,"Instituto de Ciencias Astronómicas, de la Tierra y del Espacio",AR,Argentina,7,SNS,2011-2015,outgoing
https://ror.org/01sbpdt14,Nanchang Normal University,CN,China,3,SNS,2011-2015,outgoing
https://ror.org/01sbq1a82,University of Delaware,US,United States,77,SNS,2011-2015,outgoing
https://ror.org/01sc83v92,École des Hautes Études en Santé Publique,FR,France,6,SNS,2011-2015,outgoing
https://ror.org/01scyh794,Nanjing University of Aeronautics and Astronautics,CN,China,10,SNS,2011-2015,outgoing
https://ror.org/01sdnnq10,Gebze Technical University,TR,Turkey,1,SNS,2011-2015,outgoing
https://ror.org/01sdrjx85,Institute for High Energy Physics,ES,Spain,3125,SNS,2011-2015,outgoing
https://ror.org/01sdtdd95,Canadian Institute for Advanced Research,CA,Canada,92,SNS,2011-2015,outgoing
https://ror.org/01se4f844,University of Wales,GB,United Kingdom,2,SNS,2011-2015,outgoing
https://ror.org/01senny43,Instituto de Pesquisas Energéticas e Nucleares,BR,Brazil,1,SNS,2011-2015,outgoing
https://ror.org/01sf06y89,Macquarie University,AU,Australia,214,SNS,2011-2015,outgoing
https://ror.org/01sfm2718,China Pharmaceutical University,CN,China,6,SNS,2011-2015,outgoing
https://ror.org/01sgfhb12,National Enterprise for NanoScience and NanoTechnology,IT,Italy,76,SNS,2011-2015,outgoing
https://ror.org/01sgn8034,Trinitas Regional Medical Center,US,United States,1,SNS,2011-2015,outgoing
https://ror.org/01sjwvz98,RIKEN,JP,Japan,381,SNS,2011-2015,outgoing
https://ror.org/01skhd946,"Center for Disease Dynamics, Economics & Policy",US,United States,1,SNS,2011-2015,outgoing
https://ror.org/01skt4w74,Beijing Institute of Technology,CN,China,12,SNS,2011-2015,outgoing
https://ror.org/01skwyh03,Nissan Chemical Corporation (Japan),JP,Japan,3,SNS,2011-2015,outgoing
https://ror.org/01sn1yx84,University of Nigeria,NG,Nigeria,2,SNS,2011-2015,outgoing
https://ror.org/01snw6n75,International Genomics Consortium,US,United States,2,SNS,2011-2015,outgoing
https://ror.org/01sqdef20,Centre for Eye Research Australia,AU,Australia,1,SNS,2011-2015,outgoing
https://ror.org/01sqm5e44,Shin Nippon Biomedical Laboratories (Japan),JP,Japan,1,SNS,2011-2015,outgoing
https://ror.org/01srpnj69,Wellesley College,US,United States,8,SNS,2011-2015,outgoing
https://ror.org/01ss14a40,Institute of Pharmacology,CZ,Czechia,3,SNS,2011-2015,outgoing
https://ror.org/01ss8rw36,State Key Laboratory of Space Medicine Fundamentals and Application,CN,China,2,SNS,2011-2015,outgoing
https://ror.org/01st30669,"Istituto Nazionale di Fisica Nucleare, Sezione di Pavia",IT,Italy,86,SNS,2011-2015,outgoing
https://ror.org/01stqnn06,Université de Clermont I,FR,France,3338,SNS,2011-2015,outgoing
https://ror.org/01svjdw65,Argonne Leadership Computing Facility,US,United States,10,SNS,2011-2015,outgoing
https://ror.org/01svqjv39,University Graduate Center,NO,Norway,2,SNS,2011-2015,outgoing
https://ror.org/01swzsf04,University of Geneva,CH,Switzerland,3595,SNS,2011-2015,outgoing
https://ror.org/01sxmzj91,Zürcher Fachhochschule,CH,Switzerland,1,SNS,2011-2015,outgoing
https://ror.org/01szdrn56,International Union for Conservation of Nature (Bangladesh),BD,Bangladesh,1,SNS,2011-2015,outgoing
https://ror.org/01szgyb91,Elon University,US,United States,25,SNS,2011-2015,outgoing
https://ror.org/01t05f005,"Laboratoire Structures, Propriétés et Modélisation des Solides",FR,France,2,SNS,2011-2015,outgoing
https://ror.org/01t0n2c80,Klinikum Oldenburg,DE,Germany,5,SNS,2011-2015,outgoing
https://ror.org/01t178j62,Luxembourg Institute of Science and Technology,LU,Luxembourg,1,SNS,2011-2015,outgoing
https://ror.org/01t20sn94,University of the West Indies System,JM,Jamaica,16,SNS,2011-2015,outgoing
https://ror.org/01t33qq42,Arkansas Children's Hospital,US,United States,2,SNS,2011-2015,outgoing
https://ror.org/01t3w2017,GrassRoots Biotechnology (United States),US,United States,2,SNS,2011-2015,outgoing
https://ror.org/01t5ta457,Centro de Inovação em Biomedicina e Biotecnologia,PT,Portugal,1,SNS,2011-2015,outgoing
https://ror.org/01t5yh786,Queen Fabiola Children's University Hospital,BE,Belgium,3,SNS,2011-2015,outgoing
https://ror.org/01t884y44,University of Greater Manchester,GB,United Kingdom,1,SNS,2011-2015,outgoing
https://ror.org/01t8svj65,University of California San Francisco Medical Center,US,United States,12,SNS,2011-2015,outgoing
https://ror.org/01t9bgr30,Institute for Soldier Nanotechnologies,US,United States,3,SNS,2011-2015,outgoing
https://ror.org/01t9yse95,State Key Laboratory of Electronic Thin Films and Integrated Devices,CN,China,3,SNS,2011-2015,outgoing
https://ror.org/01tb4bh27,National Fisheries Research and Development Institute,PH,Philippines,1,SNS,2011-2015,outgoing
https://ror.org/01tc10z29,Cancer Institute (WIA),IN,India,2,SNS,2011-2015,outgoing
https://ror.org/01tc2d264,Centre Hospitalier Universitaire de Limoges,FR,France,2,SNS,2011-2015,outgoing
https://ror.org/01td3kv81,Institut de Recherche sur le Cancer et le Vieillissement de Nice,FR,France,2,SNS,2011-2015,outgoing
https://ror.org/01td4p294,Thailand Center of Excellence in Physics,TH,Thailand,6,SNS,2011-2015,outgoing
https://ror.org/01teme464,Universidad de Las Palmas de Gran Canaria,ES,Spain,1,SNS,2011-2015,outgoing
https://ror.org/01tevnk56,University of Siena,IT,Italy,2502,SNS,2011-2015,outgoing
https://ror.org/01tfxc804,Thalgo (France),FR,France,17,SNS,2011-2015,outgoing
https://ror.org/01tgmhj36,Coventry University,GB,United Kingdom,9,SNS,2011-2015,outgoing
https://ror.org/01tgyzw49,National University of Singapore,SG,Singapore,776,SNS,2011-2015,outgoing
https://ror.org/01thhk923,Dongshin University,KR,South Korea,2,SNS,2011-2015,outgoing
https://ror.org/01thw2g46,Laboratoire de Biochimie,FR,France,4,SNS,2011-2015,outgoing
https://ror.org/01tjs6929,Universidad Nacional de La Plata,AR,Argentina,1151,SNS,2011-2015,outgoing
https://ror.org/01tm0rr86,Fukui University of Technology,JP,Japan,1,SNS,2011-2015,outgoing
https://ror.org/01tm6cn81,University of Gothenburg,SE,Sweden,116,SNS,2011-2015,outgoing
https://ror.org/01tm9b530,Stanley Center for Psychiatric Research,US,United States,15,SNS,2011-2015,outgoing
https://ror.org/01tmmzv45,Institute of Space Technology,PK,Pakistan,1,SNS,2011-2015,outgoing
https://ror.org/01tmp8f25,Universidad Nacional Autónoma de México,MX,Mexico,531,SNS,2011-2015,outgoing
https://ror.org/01tmqtf75,University of Salford,GB,United Kingdom,6943,SNS,2011-2015,outgoing
https://ror.org/01tnh0829,Universidad Cardenal Herrera CEU,ES,Spain,3,SNS,2011-2015,outgoing
https://ror.org/01tp0e450,Drugs for Neglected Diseases Initiative India,IN,India,1,SNS,2011-2015,outgoing
https://ror.org/01tp1c480,Biologie des Organismes et Écosystèmes Aquatiques,FR,France,1,SNS,2011-2015,outgoing
https://ror.org/01tpajh44,Institute of Inorganic Chemistry of the Slovak Academy of Sciences,SK,Slovakia,9,SNS,2011-2015,outgoing
https://ror.org/01tpvdq80,"Institute of Physics, Academia Sinica",TW,Taiwan,48,SNS,2011-2015,outgoing
https://ror.org/01trbq046,German Research School for Simulation Sciences,DE,Germany,3,SNS,2011-2015,outgoing
https://ror.org/01trfvq12,NASA Exoplanet Science Institute,US,United States,2,SNS,2011-2015,outgoing
https://ror.org/01tspta37,Leibniz Institute of Polymer Research,DE,Germany,20,SNS,2011-2015,outgoing
https://ror.org/01tv2ca73,"Laboratoire de Spectroscopie pour les Interactions, la Réactivité et l'Environnement",FR,France,6,SNS,2011-2015,outgoing
https://ror.org/01tv9ph92,Southern Federal University,RU,Russia,6,SNS,2011-2015,outgoing
https://ror.org/01tvm6f46,University Hospital Schleswig-Holstein,DE,Germany,33,SNS,2011-2015,outgoing
https://ror.org/01tvrq624,Kavli Institute for Systems Neuroscience,NO,Norway,6,SNS,2011-2015,outgoing
https://ror.org/01tw7ew41,Surrey Place Centre,CA,Canada,1,SNS,2011-2015,outgoing
https://ror.org/01twn9665,Department of Social Sciences,RU,Russia,24,SNS,2011-2015,outgoing
https://ror.org/01tx6pn92,Texas A&M Health Science Center,US,United States,6,SNS,2011-2015,outgoing
https://ror.org/01txwsw02,National Center for Tumor Diseases,DE,Germany,3,SNS,2011-2015,outgoing
https://ror.org/01ty4bg86,Shanghai Cancer Institute,CN,China,3,SNS,2011-2015,outgoing
https://ror.org/01tyr1g37,Institute for Biological Instrumentation,RU,Russia,1,SNS,2011-2015,outgoing
https://ror.org/01tyv8576,Institute of Biophysics,CN,China,18,SNS,2011-2015,outgoing
https://ror.org/01v0we819,Redeemer's University,NG,Nigeria,5,SNS,2011-2015,outgoing
https://ror.org/01v1jam04,Ludwig Boltzmann Gesellschaft,AT,Austria,2,SNS,2011-2015,outgoing
https://ror.org/01v1m2411,The Ritsumeikan Trust,JP,Japan,1188,SNS,2011-2015,outgoing
https://ror.org/01v1rak05,Pomeranian Medical University,PL,Poland,1,SNS,2011-2015,outgoing
https://ror.org/01v29qb04,Durham University,GB,United Kingdom,2647,SNS,2011-2015,outgoing
https://ror.org/01v3c6w86,State Key Laboratory of Modern Coordination Chemistry,CN,China,10,SNS,2011-2015,outgoing
https://ror.org/01v408m73,Norges Bank,NO,Norway,1,SNS,2011-2015,outgoing
https://ror.org/01v4s0f07,Variable Energy Cyclotron Centre,IN,India,328,SNS,2011-2015,outgoing
https://ror.org/01v55qb38,National Cerebral and Cardiovascular Center,JP,Japan,1,SNS,2011-2015,outgoing
https://ror.org/01v5cv687,Universidad Rey Juan Carlos,ES,Spain,20,SNS,2011-2015,outgoing
https://ror.org/01v5e3436,Centro Andaluz de Biología del Desarrollo,ES,Spain,12,SNS,2011-2015,outgoing
https://ror.org/01v5k4d73,Dehradun Institute of Technology University,IN,India,56,SNS,2011-2015,outgoing
https://ror.org/01v5xwf23,Nestlé (Switzerland),CH,Switzerland,1,SNS,2011-2015,outgoing
https://ror.org/01v5y3463,Autonomous University of Campeche,MX,Mexico,1,SNS,2011-2015,outgoing
https://ror.org/01v62m802,Siena College,US,United States,74,SNS,2011-2015,outgoing
https://ror.org/01v676463,Hôpitaux Universitaires Paris-Ouest,FR,France,6,SNS,2011-2015,outgoing
https://ror.org/01v6shv96,Institut de Recherche de l’École Navale,FR,France,1,SNS,2011-2015,outgoing
https://ror.org/01v6wmk25,Centre Bretagne-Normandie,FR,France,1,SNS,2011-2015,outgoing
https://ror.org/01vbgty78,Institute of Space Sciences,ES,Spain,109,SNS,2011-2015,outgoing
https://ror.org/01vbmek33,Kyung Hee University Medical Center,KR,South Korea,1,SNS,2011-2015,outgoing
https://ror.org/01vdt8f48,MRC Mitochondrial Biology Unit,GB,United Kingdom,10,SNS,2011-2015,outgoing
https://ror.org/01vekys64,Max Planck Institute of Quantum Optics,DE,Germany,233,SNS,2011-2015,outgoing
https://ror.org/01vevwk45,Zhejiang Normal University,CN,China,8,SNS,2011-2015,outgoing
https://ror.org/01vf2g217,University of California - San Diego School of Medicine,US,United States,3,SNS,2011-2015,outgoing
https://ror.org/01vh5nd96,Pacific Lutheran University,US,United States,1,SNS,2011-2015,outgoing
https://ror.org/01vhnrs90,Max Planck Institute for Astronomy,DE,Germany,1728,SNS,2011-2015,outgoing
https://ror.org/01vj3cz23,Dokkyo University,JP,Japan,1,SNS,2011-2015,outgoing
https://ror.org/01vj6ck58,"Istituto Nazionale di Fisica Nucleare, Sezione di Torino",IT,Italy,190,SNS,2011-2015,outgoing
https://ror.org/01vj9qy35,Christian Medical College,IN,India,3,SNS,2011-2015,outgoing
https://ror.org/01vjtf564,Rabin Medical Center,IL,Israel,4,SNS,2011-2015,outgoing
https://ror.org/01vjw4z39,Southern Medical University,CN,China,3,SNS,2011-2015,outgoing
https://ror.org/01vp99c97,El Colegio de México,MX,Mexico,1,SNS,2011-2015,outgoing
https://ror.org/01vq13895,State Key Laboratory of Fire Science,CN,China,2,SNS,2011-2015,outgoing
https://ror.org/01vqjmx11,Center for Economic and Policy Research,US,United States,7,SNS,2011-2015,outgoing
https://ror.org/01vqqz948,Hopital Universitaire Hedi Chaker,TN,Tunisia,1,SNS,2011-2015,outgoing
https://ror.org/01vt9w950,Instituto Nacional de Ciência e Tecnologia Translacional em Medicina,BR,Brazil,2,SNS,2011-2015,outgoing
https://ror.org/01vta4r13,Environmental and Occupational Health Sciences Institute,US,United States,2,SNS,2011-2015,outgoing
https://ror.org/01vtn3k88,Hospital Pablo Tobon Uribe,CO,Colombia,1,SNS,2011-2015,outgoing
https://ror.org/01vvnmw35,Research Institute for Sustainability at GFZ,DE,Germany,7,SNS,2011-2015,outgoing
https://ror.org/01vwr6t80,Citadel,US,United States,1,SNS,2011-2015,outgoing
https://ror.org/01vx35703,East Carolina University,US,United States,15,SNS,2011-2015,outgoing
https://ror.org/01vx64p53,Istituto Nazionale di Alta Matematica Francesco Severi,IT,Italy,8,SNS,2011-2015,outgoing
https://ror.org/01vxfm326,Corvinus University of Budapest,HU,Hungary,5,SNS,2011-2015,outgoing
https://ror.org/01vxknj13,ASML (Netherlands),NL,The Netherlands,1,SNS,2011-2015,outgoing
https://ror.org/01vy4gh70,Shenzhen University,CN,China,15,SNS,2011-2015,outgoing
https://ror.org/01vyjqw07,Centro de Astrofísica da Universidade do Porto,PT,Portugal,10,SNS,2011-2015,outgoing
https://ror.org/01vyrm377,East China University of Science and Technology,CN,China,28,SNS,2011-2015,outgoing
https://ror.org/01vztzd79,Indian Institute of Science Education and Research Mohali,IN,India,15,SNS,2011-2015,outgoing
https://ror.org/01vzx5p25,Universitätsaugenklinik Magdeburg,DE,Germany,1,SNS,2011-2015,outgoing
https://ror.org/01w0d5g70,University of Missouri–Kansas City,US,United States,183,SNS,2011-2015,outgoing
https://ror.org/01w0hda30,Laboratoire de Physique Théorique,FR,France,344,SNS,2011-2015,outgoing
https://ror.org/01w19ak89,Max Planck Institute for Informatics,DE,Germany,7,SNS,2011-2015,outgoing
https://ror.org/01w1pbe36,University of Maryland Global Campus,US,United States,12,SNS,2011-2015,outgoing
https://ror.org/01w423a47,Tomsk State University of Architecture and Building,RU,Russia,5,SNS,2011-2015,outgoing
https://ror.org/01w4yqf75,Marqués de Valdecilla University Hospital,ES,Spain,5,SNS,2011-2015,outgoing
https://ror.org/01w58xz62,Qatar Computing Research Institute,QA,Qatar,15,SNS,2011-2015,outgoing
https://ror.org/01w60n236,Sumy State University,UA,Ukraine,1,SNS,2011-2015,outgoing
https://ror.org/01w62yz22,Advanced Institute of Convergence Technology,KR,South Korea,1,SNS,2011-2015,outgoing
https://ror.org/01w6qp003,University of Veterinary Medicine Vienna,AT,Austria,10,SNS,2011-2015,outgoing
https://ror.org/01w6wtk13,Shizuoka University,JP,Japan,23,SNS,2011-2015,outgoing
https://ror.org/01w885875,National Agricultural Research and Innovation Centre,HU,Hungary,2,SNS,2011-2015,outgoing
https://ror.org/01wacaj92,Nation University,TH,Thailand,2,SNS,2011-2015,outgoing
https://ror.org/01wass480,Center for Nanophase Materials Sciences,US,United States,23,SNS,2011-2015,outgoing
https://ror.org/01wc2tq75,Kogakuin University,JP,Japan,2,SNS,2011-2015,outgoing
https://ror.org/01wcaxs37,St. Francis Xavier University,CA,Canada,8,SNS,2011-2015,outgoing
https://ror.org/01wcx2305,Nanjing Brain Hospital,CN,China,1,SNS,2011-2015,outgoing
https://ror.org/01wd4xt90,Hohai University,CN,China,1,SNS,2011-2015,outgoing
https://ror.org/01wd8pa65,China Medical University Beigang Hospital,TW,Taiwan,1,SNS,2011-2015,outgoing
https://ror.org/01wddqe20,The Alfred Hospital,AU,Australia,2,SNS,2011-2015,outgoing
https://ror.org/01wdhap14,University of Health Sciences Antigua,AG,Antigua and Barbuda,1,SNS,2011-2015,outgoing
https://ror.org/01weqhp73,Technische Universität Ilmenau,DE,Germany,16,SNS,2011-2015,outgoing
https://ror.org/01wg5gq86,Simplot (United States),US,United States,1,SNS,2011-2015,outgoing
https://ror.org/01wgfva68,Universidad Nacional de Entre Ríos,AR,Argentina,1,SNS,2011-2015,outgoing
https://ror.org/01whfyx68,Codex Biosolutions (United States),US,United States,1,SNS,2011-2015,outgoing
https://ror.org/01whksa54,Institute of Astronomy,RU,Russia,92,SNS,2011-2015,outgoing
https://ror.org/01wjejq96,Yonsei University,KR,South Korea,869,SNS,2011-2015,outgoing
https://ror.org/01wjew854,Joint Space Science Institute,US,United States,71,SNS,2011-2015,outgoing
https://ror.org/01wka8n18,Royal Veterinary College,GB,United Kingdom,4,SNS,2011-2015,outgoing
https://ror.org/01wng0g34,Centro de Estudios de Física del Cosmos de Aragón,ES,Spain,143,SNS,2011-2015,outgoing
https://ror.org/01wntqw50,Ankara University,TR,Turkey,1397,SNS,2011-2015,outgoing
https://ror.org/01wp2jz98,European X-Ray Free-Electron Laser,DE,Germany,5,SNS,2011-2015,outgoing
https://ror.org/01wp8zh54,IIT@MIT,US,United States,2,SNS,2011-2015,outgoing
https://ror.org/01wpjm123,Ministry of Science and ICT,KR,South Korea,9,SNS,2011-2015,outgoing
https://ror.org/01wpx1p02,Health and Social Services Centre University Institute of Geriatrics of Sherbrooke,CA,Canada,1,SNS,2011-2015,outgoing
https://ror.org/01wqd6v19,Institut Jean-Pierre Bourgin,FR,France,20,SNS,2011-2015,outgoing
https://ror.org/01wrh2n21,Hellenic Foundation for European and Foreign Policy,GR,Greece,2,SNS,2011-2015,outgoing
https://ror.org/01wspgy28,University of Hawaiʻi at Mānoa,US,United States,1312,SNS,2011-2015,outgoing
https://ror.org/01wspv808,Norfolk and Norwich University Hospitals NHS Foundation Trust,GB,United Kingdom,1,SNS,2011-2015,outgoing
https://ror.org/01wtjyf13,Office of Dietary Supplements,US,United States,2,SNS,2011-2015,outgoing
https://ror.org/01wv9cn34,European Spallation Source,SE,Sweden,3,SNS,2011-2015,outgoing
https://ror.org/01wvtht83,Russian Children's Clinical Hospital,RU,Russia,1,SNS,2011-2015,outgoing
https://ror.org/01wvxpc32,Cornell College,US,United States,1,SNS,2011-2015,outgoing
https://ror.org/01wwwe276,National Centre for Atmospheric Science,GB,United Kingdom,7,SNS,2011-2015,outgoing
https://ror.org/01wxdvj03,Federal Reserve Bank of Cleveland,US,United States,7,SNS,2011-2015,outgoing
https://ror.org/01wy3h363,Shandong Normal University,CN,China,16,SNS,2011-2015,outgoing
https://ror.org/01wy5em73,North Slope Borough,US,United States,4,SNS,2011-2015,outgoing
https://ror.org/01wzvw032,Université de Valenciennes et du Hainaut-Cambrésis,FR,France,55,SNS,2011-2015,outgoing
https://ror.org/01x05rm94,Maebashi Institute of Technology,JP,Japan,1,SNS,2011-2015,outgoing
https://ror.org/01x1skr92,Henan University of Urban Construction,CN,China,1,SNS,2011-2015,outgoing
https://ror.org/01x26mz03,National Energy Technology Laboratory,US,United States,2,SNS,2011-2015,outgoing
https://ror.org/01x2d9f70,Amsterdam Neuroscience,NL,The Netherlands,21,SNS,2011-2015,outgoing
https://ror.org/01x2x1522,Helsinki Institute of Physics,FI,Finland,3245,SNS,2011-2015,outgoing
https://ror.org/01x3jjv63,Uzhhorod National University,UA,Ukraine,1,SNS,2011-2015,outgoing
https://ror.org/01x3t1868,Saint Paul University,CA,Canada,1,SNS,2011-2015,outgoing
https://ror.org/01x441g73,École Centrale de Lille,FR,France,4,SNS,2011-2015,outgoing
https://ror.org/01x4fgp34,Enviro Neptune (Canada),CA,Canada,2,SNS,2011-2015,outgoing
https://ror.org/01x544h30,Roche (Italy),IT,Italy,6,SNS,2011-2015,outgoing
https://ror.org/01x64pv72,National Center for Environmental Assessment (EPA),US,United States,1,SNS,2011-2015,outgoing
https://ror.org/01x784220,Children's Cancer Institute Australia,AU,Australia,20,SNS,2011-2015,outgoing
https://ror.org/01x802g65,MRC Centre for Regenerative Medicine,GB,United Kingdom,1,SNS,2011-2015,outgoing
https://ror.org/01x87jt81,Institute of Macromolecular Chemistry,UA,Ukraine,3,SNS,2011-2015,outgoing
https://ror.org/01x8c0495,Institut für Immunologie,DE,Germany,10,SNS,2011-2015,outgoing
https://ror.org/01x8hew03,Bulgarian Academy of Sciences,BG,Bulgaria,2205,SNS,2011-2015,outgoing
https://ror.org/01x8rc503,University of Louisiana at Lafayette,US,United States,4,SNS,2011-2015,outgoing
https://ror.org/01x9zv505,Fatebenefratelli Hospital,IT,Italy,1,SNS,2011-2015,outgoing
https://ror.org/01xapxe37,Dr. Hari Singh Gour University,IN,India,1,SNS,2011-2015,outgoing
https://ror.org/01xb4fs50,Korea Atomic Energy Research Institute,KR,South Korea,1,SNS,2011-2015,outgoing
https://ror.org/01xcjmy57,Istituto Oncologico Veneto,IT,Italy,4,SNS,2011-2015,outgoing
https://ror.org/01xcq4388,Japan Health & Research Institute,JP,Japan,1,SNS,2011-2015,outgoing
https://ror.org/01xcsye48,Kings Health Partners,GB,United Kingdom,3,SNS,2011-2015,outgoing
https://ror.org/01xd6q208,Koch Institute for Integrative Cancer Research At MIT,US,United States,27,SNS,2011-2015,outgoing
https://ror.org/01xdq1k91,Japan Tobacco (Japan),JP,Japan,1,SNS,2011-2015,outgoing
https://ror.org/01xdqrp08,Pfizer (United States),US,United States,27,SNS,2011-2015,outgoing
https://ror.org/01xdxns91,Universitat de Girona,ES,Spain,23,SNS,2011-2015,outgoing
https://ror.org/01xf55557,Altius Institute for Biomedical Sciences,US,United States,1,SNS,2011-2015,outgoing
https://ror.org/01xf75524,Moffitt Cancer Center,US,United States,4,SNS,2011-2015,outgoing
https://ror.org/01xf7jb19,Zanjan University of Medical Sciences,IR,Iran,1,SNS,2011-2015,outgoing
https://ror.org/01xgfaw76,Academy of Sciences Republic of Uzbekistan,UZ,Uzbekistan,297,SNS,2011-2015,outgoing
https://ror.org/01xgv8v73,Quebec Research and Development Centre,CA,Canada,1,SNS,2011-2015,outgoing
https://ror.org/01xhcza12,University of the West,US,United States,9,SNS,2011-2015,outgoing
https://ror.org/01xjmqm90,Centro de Estudos Geográficos,PT,Portugal,1,SNS,2011-2015,outgoing
https://ror.org/01xjq7424,Institut National Polytechnique de Lorraine,FR,France,10,SNS,2011-2015,outgoing
https://ror.org/01xjv7358,Japan Synchrotron Radiation Research Institute,JP,Japan,4,SNS,2011-2015,outgoing
https://ror.org/01xkakk17,HES-SO University of Applied Sciences and Arts Western Switzerland,CH,Switzerland,10,SNS,2011-2015,outgoing
https://ror.org/01xkmcr24,Universitäts-Augenklinik Bonn,DE,Germany,14,SNS,2011-2015,outgoing
https://ror.org/01xm30661,International Space Science Institute,CH,Switzerland,4,SNS,2011-2015,outgoing
https://ror.org/01xm4n520,Ionian University,GR,Greece,1,SNS,2011-2015,outgoing
https://ror.org/01xnbtm64,State Research Institute for Chemistry and Technology of Organoelement Compounds,RU,Russia,1,SNS,2011-2015,outgoing
https://ror.org/01xnsst08,Wildlife Conservation Society,US,United States,1,SNS,2011-2015,outgoing
https://ror.org/01xnwqx93,University Hospital Bonn,DE,Germany,10,SNS,2011-2015,outgoing
https://ror.org/01xnz3256,State Key Laboratory of Analytical Chemistry for Life Science,CN,China,2,SNS,2011-2015,outgoing
https://ror.org/01xpc6869,Centre de Recherche en Biologie cellulaire de Montpellier,FR,France,2,SNS,2011-2015,outgoing
https://ror.org/01xqwbk25,United States Securities and Exchange Commission,US,United States,3,SNS,2011-2015,outgoing
https://ror.org/01xsqw823,GlaxoSmithKline (United Kingdom),GB,United Kingdom,27,SNS,2011-2015,outgoing
https://ror.org/01xst2e75,Hospital General Mateu Orfila,ES,Spain,1,SNS,2011-2015,outgoing
https://ror.org/01xt1w755,Eurac Research,IT,Italy,1,SNS,2011-2015,outgoing
https://ror.org/01xt2dr21,China University of Mining and Technology,CN,China,3,SNS,2011-2015,outgoing
https://ror.org/01xtjs520,Institut Laue-Langevin,FR,France,10,SNS,2011-2015,outgoing
https://ror.org/01xtpxr95,Agilent Technologies (Japan),JP,Japan,1,SNS,2011-2015,outgoing
https://ror.org/01xts9v65,Seoul National University of Education,KR,South Korea,1,SNS,2011-2015,outgoing
https://ror.org/01xtthb56,University of Oslo,NO,Norway,2129,SNS,2011-2015,outgoing
https://ror.org/01xtv3204,University of Foggia,IT,Italy,1041,SNS,2011-2015,outgoing
https://ror.org/01xv1nn60,Taibah University,SA,Saudi Arabia,1,SNS,2011-2015,outgoing
https://ror.org/01xvcf081,New York Blood Center,US,United States,2,SNS,2011-2015,outgoing
https://ror.org/01xx86r77,Biolin Scientific (United Kingdom),GB,United Kingdom,1,SNS,2011-2015,outgoing
https://ror.org/01xxp6985,Kōchi University,JP,Japan,3,SNS,2011-2015,outgoing
https://ror.org/01xyp9n09,Department of Health Services,US,United States,1,SNS,2011-2015,outgoing
https://ror.org/01xz39a70,Comisión Nacional de Energía Atómica,AR,Argentina,18,SNS,2011-2015,outgoing
https://ror.org/01xze8742,Toscana Life Sciences,IT,Italy,3,SNS,2011-2015,outgoing
https://ror.org/01y0j0j86,Northwestern Polytechnical University,CN,China,7,SNS,2011-2015,outgoing
https://ror.org/01y0mgq54,Elizabethtown College,US,United States,1,SNS,2011-2015,outgoing
https://ror.org/01y1kjr75,Nankai University,CN,China,103,SNS,2011-2015,outgoing
https://ror.org/01y2d1w05,St. Mary's College of Maryland,US,United States,2,SNS,2011-2015,outgoing
https://ror.org/01y2jtd41,University of Wisconsin–Madison,US,United States,6268,SNS,2011-2015,outgoing
https://ror.org/01y3dkx74,International Institute of Molecular and Cell Biology,PL,Poland,2,SNS,2011-2015,outgoing
https://ror.org/01y3hvq34,Shanghai Institute of Organic Chemistry,CN,China,7,SNS,2011-2015,outgoing
https://ror.org/01y43zx14,Institut de Biomedicina de la Universitat de Barcelona,ES,Spain,3,SNS,2011-2015,outgoing
https://ror.org/01y4xm534,"Islamic Azad University, Karaj",IR,Iran,1,SNS,2011-2015,outgoing
https://ror.org/01y64my43,"University at Buffalo, State University of New York",US,United States,2460,SNS,2011-2015,outgoing
https://ror.org/01y68k842,American Physiological Society,US,United States,47,SNS,2011-2015,outgoing
https://ror.org/01y6ccj36,National Pingtung University of Science and Technology,TW,Taiwan,5,SNS,2011-2015,outgoing
https://ror.org/01y720297,Regional Medical Research Centre,IN,India,1,SNS,2011-2015,outgoing
https://ror.org/01y766z47,Groupement de Recherche et d'Études en Gestion d’HEC,FR,France,7,SNS,2011-2015,outgoing
https://ror.org/01y8gzr79,"Institute of Economics, Academia Sinica",TW,Taiwan,1,SNS,2011-2015,outgoing
https://ror.org/01y8j9r24,Délégation Ile-de-France Sud,FR,France,31,SNS,2011-2015,outgoing
https://ror.org/01y8myk27,Dominican College of Blauvelt,US,United States,1,SNS,2011-2015,outgoing
https://ror.org/01y9arx16,Max Planck Institute for Chemical Energy Conversion,DE,Germany,27,SNS,2011-2015,outgoing
https://ror.org/01y9bpm73,University of Göttingen,DE,Germany,2498,SNS,2011-2015,outgoing
https://ror.org/01yasd238,Trinity Baptist College,US,United States,6,SNS,2011-2015,outgoing
https://ror.org/01yb10j39,Radboud Institute for Molecular Life Sciences,NL,The Netherlands,2,SNS,2011-2015,outgoing
https://ror.org/01ybfxd46,University Hospital Complex Of Vigo,ES,Spain,2,SNS,2011-2015,outgoing
https://ror.org/01yc7t268,Washington University in St. Louis,US,United States,209,SNS,2011-2015,outgoing
https://ror.org/01ydb3330,Synchrotron soleil,FR,France,2,SNS,2011-2015,outgoing
https://ror.org/01ydrx675,Air Products (United States),US,United States,1,SNS,2011-2015,outgoing
https://ror.org/01yekza56,Office National des Forêts,FR,France,2,SNS,2011-2015,outgoing
https://ror.org/01yetye73,University of Teramo,IT,Italy,32,SNS,2011-2015,outgoing
https://ror.org/01yeyd808,Life Science Institute,JP,Japan,5,SNS,2011-2015,outgoing
https://ror.org/01yezas83,Centre Eugène Marquis,FR,France,1,SNS,2011-2015,outgoing
https://ror.org/01yg57d71,Institute of Neurological Sciences,IT,Italy,16,SNS,2011-2015,outgoing
https://ror.org/01ygm5w19,Centre for Biomedical Network Research on Rare Diseases,ES,Spain,26,SNS,2011-2015,outgoing
https://ror.org/01ygnsd19,State Key Laboratory of Medical Molecular Biology,CN,China,1,SNS,2011-2015,outgoing
https://ror.org/01yhwa418,Institute of Micro and Nanotechnology,ES,Spain,1,SNS,2011-2015,outgoing
https://ror.org/01yj56c84,Beijing Jiaotong University,CN,China,8,SNS,2011-2015,outgoing
https://ror.org/01ymbe816,Centro de Física e Investigação Tecnológica,PT,Portugal,1,SNS,2011-2015,outgoing
https://ror.org/01ynf4891,University of Milano-Bicocca,IT,Italy,6438,SNS,2011-2015,outgoing
https://ror.org/01yp9g959,University of Ulster,GB,United Kingdom,11,SNS,2011-2015,outgoing
https://ror.org/01yqg2h08,Harbin Institute of Technology,CN,China,49,SNS,2011-2015,outgoing
https://ror.org/01yrmk064,Guttmacher Institute,US,United States,1,SNS,2011-2015,outgoing
https://ror.org/01yt7p923,Laboratory for Personalized Molecular Medicine,US,United States,2,SNS,2011-2015,outgoing
https://ror.org/01ytgve10,Kyoto Pharmaceutical University,JP,Japan,3,SNS,2011-2015,outgoing
https://ror.org/01ythxj32,Oakland University,US,United States,4,SNS,2011-2015,outgoing
https://ror.org/01yvj5k91,Direction de la Recherche Fondamentale,FR,France,4855,SNS,2011-2015,outgoing
https://ror.org/01yw97595,Laboratoire Aménagement Économie Transports,FR,France,1,SNS,2011-2015,outgoing
https://ror.org/01yx62742,Adolphe Merkle Institute,CH,Switzerland,6,SNS,2011-2015,outgoing
https://ror.org/01yzad698,Institute of Molecular Physics of the Polish Academy of Sciences,PL,Poland,7,SNS,2011-2015,outgoing
https://ror.org/01yzz0f51,Chung Hua University,TW,Taiwan,13,SNS,2011-2015,outgoing
https://ror.org/01z0wsw92,European Medicines Agency,NL,The Netherlands,2,SNS,2011-2015,outgoing
https://ror.org/01z143507,Institute of Electronics,CN,China,1,SNS,2011-2015,outgoing
https://ror.org/01z1gye03,Institute for Research in Biomedicine,ES,Spain,20,SNS,2011-2015,outgoing
https://ror.org/01z1vct10,City of Hope,US,United States,2,SNS,2011-2015,outgoing
https://ror.org/01z25am55,Center for Integrated Quantum Science and Technology,DE,Germany,14,SNS,2011-2015,outgoing
https://ror.org/01z3j3n30,Schneider Children's Medical Center,IL,Israel,1,SNS,2011-2015,outgoing
https://ror.org/01z4nnt86,Seoul National University Hospital,KR,South Korea,19,SNS,2011-2015,outgoing
https://ror.org/01z5ce602,Penrose-St. Francis Health Services,US,United States,1,SNS,2011-2015,outgoing
https://ror.org/01z6p8p31,Office of Infectious Diseases,US,United States,2,SNS,2011-2015,outgoing
https://ror.org/01z6wpz16,Merck Serono S.p.A. (Italy),IT,Italy,1,SNS,2011-2015,outgoing
https://ror.org/01z6yh944,Écologie Fonctionnelle et Écotoxicologie des Agroécosystèmes,FR,France,1,SNS,2011-2015,outgoing
https://ror.org/01z7r7q48,Children's Hospital of Philadelphia,US,United States,57,SNS,2011-2015,outgoing
https://ror.org/01z8tr155,China Aerospace Science and Technology Corporation,CN,China,1,SNS,2011-2015,outgoing
https://ror.org/01z9vrt66,Okazaki City Hospital,JP,Japan,1,SNS,2011-2015,outgoing
https://ror.org/01zbnvs85,Meta (United States),US,United States,23,SNS,2011-2015,outgoing
https://ror.org/01zby9g91,Shahid Sadoughi University of Medical Sciences and Health Services,IR,Iran,1,SNS,2011-2015,outgoing
https://ror.org/01zc5h177,McDaniel College,US,United States,1,SNS,2011-2015,outgoing
https://ror.org/01zcpa714,Michigan Medicine,US,United States,27,SNS,2011-2015,outgoing
https://ror.org/01zewfb16,Environment Agency,GB,United Kingdom,3,SNS,2011-2015,outgoing
https://ror.org/01zg1tt02,MRC Protein Phosphorylation and Ubiquitylation Unit,GB,United Kingdom,7,SNS,2011-2015,outgoing
https://ror.org/01zgy1s35,University Medical Center Hamburg-Eppendorf,DE,Germany,27,SNS,2011-2015,outgoing
https://ror.org/01zhwwf82,Kırıkkale University,TR,Turkey,1,SNS,2011-2015,outgoing
https://ror.org/01zj9wm95,Yuan's General Hospital,TW,Taiwan,1,SNS,2011-2015,outgoing
https://ror.org/01zkghx44,Georgia Institute of Technology,US,United States,430,SNS,2011-2015,outgoing
https://ror.org/01zkyz108,Mount Sinai Hospital,US,United States,4,SNS,2011-2015,outgoing
https://ror.org/01zmyz259,ARUP Institute for Clinical and Experimental Pathology,US,United States,2,SNS,2011-2015,outgoing
https://ror.org/01znkr924,Mahidol University,TH,Thailand,9,SNS,2011-2015,outgoing
https://ror.org/01znsh139,British American Tobacco (United Kingdom),GB,United Kingdom,7,SNS,2011-2015,outgoing
https://ror.org/01zntxs11,Shanghai Medical College of Fudan University,CN,China,1,SNS,2011-2015,outgoing
https://ror.org/01zp13r18,Research Medical Center,US,United States,1,SNS,2011-2015,outgoing
https://ror.org/01zppzz18,Centre for Theoretical Physics and Astrophysics,UZ,Uzbekistan,6,SNS,2011-2015,outgoing
https://ror.org/01zqcg218,Kyung Hee University,KR,South Korea,55,SNS,2011-2015,outgoing
https://ror.org/01zqrxf85,Institute of Molecular Biotechnology,AT,Austria,2,SNS,2011-2015,outgoing
https://ror.org/01zr73v18,Shenyang Jianzhu University,CN,China,1,SNS,2011-2015,outgoing
https://ror.org/01zt9a375,Chosun University,KR,South Korea,79,SNS,2011-2015,outgoing
https://ror.org/01ztcvt22,Delhi Technological University,IN,India,4,SNS,2011-2015,outgoing
https://ror.org/01zvqw119,Auckland University of Technology,NZ,New Zealand,3,SNS,2011-2015,outgoing
https://ror.org/01zw2nq07,Indian Institute of Integrative Medicine,IN,India,1,SNS,2011-2015,outgoing
https://ror.org/01zwcys39,Meiji Gakuin University,JP,Japan,30,SNS,2011-2015,outgoing
https://ror.org/01zwmgk08,Leibniz Institute for Neurobiology,DE,Germany,130,SNS,2011-2015,outgoing
https://ror.org/01zwq4y59,Universidade Estadual de Santa Cruz,BR,Brazil,1,SNS,2011-2015,outgoing
https://ror.org/01zxdeg39,Harvard Pilgrim Health Care,US,United States,1,SNS,2011-2015,outgoing
https://ror.org/01zy2cs03,Helmholtz-Zentrum Dresden-Rossendorf,DE,Germany,10,SNS,2011-2015,outgoing
https://ror.org/01zyn4z03,Beijing Luhe Hospital Affiliated to Capital Medical University,CN,China,1,SNS,2011-2015,outgoing
https://ror.org/01zywja13,Kielce University of Technology,PL,Poland,2,SNS,2011-2015,outgoing
https://ror.org/01zz9wh30,Institute of Structure of Matter,IT,Italy,37,SNS,2011-2015,outgoing
https://ror.org/01zzmf129,Xi’an University,CN,China,49,SNS,2011-2015,outgoing
https://ror.org/01zzvpv85,Cégep de Saint-Laurent,CA,Canada,6,SNS,2011-2015,outgoing
https://ror.org/020299x40,Xian Mental Health Center,CN,China,1,SNS,2011-2015,outgoing
https://ror.org/02048n894,Joint Center for Quantum Information and Computer Science,US,United States,7,SNS,2011-2015,outgoing
https://ror.org/0205xz563,State Key Laboratory of Plant Genomics,CN,China,1,SNS,2011-2015,outgoing
https://ror.org/0206aqk41,Institute for the History of the German Jews,DE,Germany,1,SNS,2011-2015,outgoing
https://ror.org/0207ad724,Wake Forest University,US,United States,25,SNS,2011-2015,outgoing
https://ror.org/0207yh398,Shandong University,CN,China,37,SNS,2011-2015,outgoing
https://ror.org/0208sdr22,Administração Regional de Saúde de Lisboa e Vale do Tejo,PT,Portugal,1,SNS,2011-2015,outgoing
https://ror.org/0208vgz68,Lappeenranta-Lahti University of Technology,FI,Finland,4000,SNS,2011-2015,outgoing
https://ror.org/0209dk158,Lowell Observatory,US,United States,20,SNS,2011-2015,outgoing
https://ror.org/0209mnq24,Technological and Higher Education Institute of Hong Kong,CN,China,1,SNS,2011-2015,outgoing
https://ror.org/020aczd56,Flinders Medical Centre,AU,Australia,1,SNS,2011-2015,outgoing
https://ror.org/020as7681,Max Planck Institute for the Science of Light,DE,Germany,48,SNS,2011-2015,outgoing
https://ror.org/020atbp69,Children's Memorial Health Institute,PL,Poland,2,SNS,2011-2015,outgoing
https://ror.org/020azk594,Fujian Normal University,CN,China,4,SNS,2011-2015,outgoing
https://ror.org/020bgk265,D-2 Incorporated (United States),US,United States,1,SNS,2011-2015,outgoing
https://ror.org/020cdve92,Centre de Recherche en Informatique,FR,France,2,SNS,2011-2015,outgoing
https://ror.org/020ck2w23,UNITE HERE,US,United States,2,SNS,2011-2015,outgoing
https://ror.org/020cpqb94,Hospital District of Helsinki and Uusimaa,FI,Finland,1,SNS,2011-2015,outgoing
https://ror.org/020ddy191,Istanbul Şehir University,TR,Turkey,3,SNS,2011-2015,outgoing
https://ror.org/020dggs04,Humanitas University,IT,Italy,3,SNS,2011-2015,outgoing
https://ror.org/020f3ap87,University of Tennessee at Knoxville,US,United States,5,SNS,2011-2015,outgoing
https://ror.org/020fhsn68,Research Experiences for Undergraduates,US,United States,2,SNS,2011-2015,outgoing
https://ror.org/020g3wn65,ARC Centre of Excellence for Electromaterials Science,AU,Australia,3,SNS,2011-2015,outgoing
https://ror.org/020g50164,St John's Innovation Centre,GB,United Kingdom,12,SNS,2011-2015,outgoing
https://ror.org/020hgte69,Fermi National Accelerator Laboratory,US,United States,5925,SNS,2011-2015,outgoing
https://ror.org/020hwjq30,Aalto University,FI,Finland,3412,SNS,2011-2015,outgoing
https://ror.org/020hxh324,Wenzhou University,CN,China,1,SNS,2011-2015,outgoing
https://ror.org/020jbrt22,Tbilisi State Medical University,GE,Georgia,1,SNS,2011-2015,outgoing
https://ror.org/020m7t761,Samsung Electronics (South Korea),KR,South Korea,7,SNS,2011-2015,outgoing
https://ror.org/020mrfq61,Changzhou Institute of Technology,CN,China,1,SNS,2011-2015,outgoing
https://ror.org/020p3h829,University of Occupational and Environmental Health Japan,JP,Japan,3,SNS,2011-2015,outgoing
https://ror.org/020pjpv69,Toin University of Yokohama,JP,Japan,2,SNS,2011-2015,outgoing
https://ror.org/020pnfy52,University Alliance,GB,United Kingdom,1,SNS,2011-2015,outgoing
https://ror.org/020ps3a34,University of Central Lancashire Cyprus,CY,Cyprus,59,SNS,2011-2015,outgoing
https://ror.org/020q9r015,China Building Materials Academy,CN,China,1,SNS,2011-2015,outgoing
https://ror.org/020qm1538,California State University System,US,United States,1367,SNS,2011-2015,outgoing
https://ror.org/020r51985,Centre Hospitalier Universitaire de Sherbrooke,CA,Canada,25,SNS,2011-2015,outgoing
https://ror.org/020rbyg91,National Institutes for Quantum Science and Technology,JP,Japan,8,SNS,2011-2015,outgoing
https://ror.org/020rfvw83,Instituto de Ciências Sociais da Universidade de Lisboa,PT,Portugal,4,SNS,2011-2015,outgoing
https://ror.org/020rzx487,Sheba Medical Center,IL,Israel,13,SNS,2011-2015,outgoing
https://ror.org/020v07z27,Directorate-General for Economic and Financial Affairs,BE,Belgium,1,SNS,2011-2015,outgoing
https://ror.org/020v13m88,Universidade Paulista,BR,Brazil,2,SNS,2011-2015,outgoing
https://ror.org/020vvc407,Gaziantep University,TR,Turkey,1305,SNS,2011-2015,outgoing
https://ror.org/020wjcq07,Shibaura Institute of Technology,JP,Japan,3,SNS,2011-2015,outgoing
https://ror.org/020wm8g88,University of Puerto Rico at Humacao,US,United States,2,SNS,2011-2015,outgoing
https://ror.org/020ws7586,Institut National des Sciences Appliquées Rouen Normandie,FR,France,9,SNS,2011-2015,outgoing
https://ror.org/020z8x032,Regroupement Québécois sur les Matériaux de Pointe,CA,Canada,1,SNS,2011-2015,outgoing
https://ror.org/020z8zc95,American Institute for Economic Research,US,United States,3,SNS,2011-2015,outgoing
https://ror.org/021018s57,Universitat de Barcelona,ES,Spain,4062,SNS,2011-2015,outgoing
https://ror.org/021036w13,Belarusian State University,BY,Belarus,1219,SNS,2011-2015,outgoing
https://ror.org/0211r2z47,Institut des Sciences Moléculaires d'Orsay,FR,France,36,SNS,2011-2015,outgoing
https://ror.org/0212h5y77,Inova Fairfax Hospital,US,United States,1,SNS,2011-2015,outgoing
https://ror.org/02133fc38,Stinger Ghaffarian Technologies (United States),US,United States,4,SNS,2011-2015,outgoing
https://ror.org/0213f0637,Azienda Ospedaliero Universitaria Ospedali Riuniti,IT,Italy,2,SNS,2011-2015,outgoing
https://ror.org/0213rcc28,Simon Fraser University,CA,Canada,2262,SNS,2011-2015,outgoing
https://ror.org/0214k6v65,Laboratoire de Physique de Clermont Auvergne,FR,France,3695,SNS,2011-2015,outgoing
https://ror.org/02168cw18,Institute of Industrial Ecology,RU,Russia,1,SNS,2011-2015,outgoing
https://ror.org/0217hb928,Middlebury College,US,United States,10,SNS,2011-2015,outgoing
https://ror.org/0218eta95,Department of Physiological Sciences,RU,Russia,6,SNS,2011-2015,outgoing
https://ror.org/021959v84,Hôpital Saint-André,FR,France,2,SNS,2011-2015,outgoing
https://ror.org/021a26605,Tokyo University of Technology,JP,Japan,18,SNS,2011-2015,outgoing
https://ror.org/021a7pw18,New York City College of Technology,US,United States,17,SNS,2011-2015,outgoing
https://ror.org/021aqk126,Illinois Wesleyan University,US,United States,6,SNS,2011-2015,outgoing
https://ror.org/021brj308,Escola Brasileira de Economia e Finanças,BR,Brazil,1,SNS,2011-2015,outgoing
https://ror.org/021cj6z65,Qingdao University,CN,China,17,SNS,2011-2015,outgoing
https://ror.org/021e5j056,Kuwait University,KW,Kuwait,2,SNS,2011-2015,outgoing
https://ror.org/021eek248,Department of Global Issues and International Relations,RU,Russia,1,SNS,2011-2015,outgoing
https://ror.org/021f0sa24,Institut de Mathématiques de Bourgogne,FR,France,11,SNS,2011-2015,outgoing
https://ror.org/021ft0n22,Universitätsmedizin Göttingen,DE,Germany,49,SNS,2011-2015,outgoing
https://ror.org/021jq8741,Alliance for Health Policy and Systems Research,CH,Switzerland,1,SNS,2011-2015,outgoing
https://ror.org/021n14p32,Texas State University,US,United States,11,SNS,2011-2015,outgoing
https://ror.org/021nfay74,Ningbo Kangning Hospital,CN,China,1,SNS,2011-2015,outgoing
https://ror.org/021nv2831,University of Connecticut,US,United States,61,SNS,2011-2015,outgoing
https://ror.org/021nxhr62,U.S. National Science Foundation,US,United States,231,SNS,2011-2015,outgoing
https://ror.org/021pyej66,Gandhi Medical College & Hospital,IN,India,1,SNS,2011-2015,outgoing
https://ror.org/021qvjc46,Physical Sciences (United States),US,United States,2,SNS,2011-2015,outgoing
https://ror.org/021rths28,National Center for Chronic Disease Prevention and Health Promotion,US,United States,1,SNS,2011-2015,outgoing
https://ror.org/021sy4w91,Jackson Laboratory,US,United States,23,SNS,2011-2015,outgoing
https://ror.org/021tdez87,Dallas Museum of Art,US,United States,1,SNS,2011-2015,outgoing
https://ror.org/021ty3131,Wuhan No.1 Hospital,CN,China,1,SNS,2011-2015,outgoing
https://ror.org/021v3qy27,University of Dayton,US,United States,9,SNS,2011-2015,outgoing
https://ror.org/021wm7p51,Council of Scientific and Industrial Research,IN,India,62,SNS,2011-2015,outgoing
https://ror.org/021xexe56,Laboratoire Aimé Cotton,FR,France,15,SNS,2011-2015,outgoing
https://ror.org/021z1mz76,Institute of Organic Synthesis and Photoreactivity,IT,Italy,24,SNS,2011-2015,outgoing
https://ror.org/021zm6p18,Norfolk and Norwich University Hospital,GB,United Kingdom,1,SNS,2011-2015,outgoing
https://ror.org/021zvq422,The Hague University of Applied Sciences,NL,The Netherlands,2,SNS,2011-2015,outgoing
https://ror.org/0220f5b41,Tokyo Dental College,JP,Japan,1,SNS,2011-2015,outgoing
https://ror.org/0220k9r37,Université Paris Descartes,FR,France,4997,SNS,2011-2015,outgoing
https://ror.org/0220mzb33,King's College London,GB,United Kingdom,1412,SNS,2011-2015,outgoing
https://ror.org/0220qvk04,Shanghai Jiao Tong University,CN,China,847,SNS,2011-2015,outgoing
https://ror.org/02218z997,Royal Brompton & Harefield NHS Foundation Trust,GB,United Kingdom,1,SNS,2011-2015,outgoing
https://ror.org/0221agg28,Construction Technologies Institute,IT,Italy,1,SNS,2011-2015,outgoing
https://ror.org/0221k0h06,European School of Molecular Medicine,IT,Italy,2,SNS,2011-2015,outgoing
https://ror.org/02223wv31,"Edward Hines, Jr. VA Hospital",US,United States,1,SNS,2011-2015,outgoing
https://ror.org/022283x63,Oxfam,GB,United Kingdom,1,SNS,2011-2015,outgoing
https://ror.org/0224bx186,Nazareth College,US,United States,4110,SNS,2011-2015,outgoing
https://ror.org/0225asj53,Department of Health,TW,Taiwan,1,SNS,2011-2015,outgoing
https://ror.org/02278tr80,Kyushu Institute of Technology,JP,Japan,4,SNS,2011-2015,outgoing
https://ror.org/0227as991,Chungnam National University,KR,South Korea,54,SNS,2011-2015,outgoing
https://ror.org/0227fbx80,Université Montpellier 1,FR,France,12,SNS,2011-2015,outgoing
https://ror.org/0227qpa16,NHS Blood and Transplant,GB,United Kingdom,7,SNS,2011-2015,outgoing
https://ror.org/0228w5t68,KK Women's and Children's Hospital,SG,Singapore,1,SNS,2011-2015,outgoing
https://ror.org/0229g8886,Warsaw School of Computer Science,PL,Poland,3,SNS,2011-2015,outgoing
https://ror.org/0229sfh63,Sri Lanka Foundation,LK,Sri Lanka,1,SNS,2011-2015,outgoing
https://ror.org/022arq532,Prince of Wales Hospital,AU,Australia,6,SNS,2011-2015,outgoing
https://ror.org/022b0h879,Institut de Physique de Rennes,FR,France,292,SNS,2011-2015,outgoing
https://ror.org/022b5tw91,Hans Böckler Foundation,DE,Germany,1,SNS,2011-2015,outgoing
https://ror.org/022bnxw24,Institut d'Astrophysique de Paris,FR,France,1385,SNS,2011-2015,outgoing
https://ror.org/022cvpj02,University of Tokyo Hospital,JP,Japan,24,SNS,2011-2015,outgoing
https://ror.org/022d5qt08,Julius Kühn-Institut,DE,Germany,2,SNS,2011-2015,outgoing
https://ror.org/022e9e065,Shijiazhuang Tiedao University,CN,China,3,SNS,2011-2015,outgoing
https://ror.org/022efad20,University of Gabès,TN,Tunisia,1,SNS,2011-2015,outgoing
https://ror.org/022em3k58,de Duve Institute,BE,Belgium,1,SNS,2011-2015,outgoing
https://ror.org/022f44628,King's College - North Carolina,US,United States,12,SNS,2011-2015,outgoing
https://ror.org/022gakr41,Centre Inria de Lyon,FR,France,3,SNS,2011-2015,outgoing
https://ror.org/022gnbj15,Louisiana State University System,US,United States,15,SNS,2011-2015,outgoing
https://ror.org/022h0tq76,Kanagawa Children's Medical Center,JP,Japan,5,SNS,2011-2015,outgoing
https://ror.org/022hq6c49,"Istituto Nazionale di Fisica Nucleare, Sezione di Bari",IT,Italy,123,SNS,2011-2015,outgoing
https://ror.org/022hrs427,Institute for Neurodegenerative Disorders,US,United States,2,SNS,2011-2015,outgoing
https://ror.org/022hvg611,RIKEN Center for Interdisciplinary Theoretical and Mathematical Sciences,JP,Japan,2,SNS,2011-2015,outgoing
https://ror.org/022j2n646,South African Radio Astronomy Observatory,ZA,South Africa,1,SNS,2011-2015,outgoing
https://ror.org/022jc0g24,Max Planck Institute for Developmental Biology,DE,Germany,9,SNS,2011-2015,outgoing
https://ror.org/022jz8688,York University,US,United States,8,SNS,2011-2015,outgoing
https://ror.org/022k4wk35,Beijing Normal University,CN,China,66,SNS,2011-2015,outgoing
https://ror.org/022ke2j41,Electromagnetic Geoservices (Norway),NO,Norway,18,SNS,2011-2015,outgoing
https://ror.org/022kvet57,Alexandru Ioan Cuza University,RO,Romania,2,SNS,2011-2015,outgoing
https://ror.org/022mtcz62,Melbourne Centre for Nanofabrication,AU,Australia,23,SNS,2011-2015,outgoing
https://ror.org/022pm7h15,Health Protection Agency,GB,United Kingdom,1,SNS,2011-2015,outgoing
https://ror.org/022qmyy53,Research Institute for Advanced Computer Science,US,United States,6,SNS,2011-2015,outgoing
https://ror.org/022r5hc56,Centre de Recherche en Automatique de Nancy,FR,France,8,SNS,2011-2015,outgoing
https://ror.org/022r8mj40,Instituto de Física Teórica,ES,Spain,216,SNS,2011-2015,outgoing
https://ror.org/022ssnb78,Universidade de Coimbra Arquivo,PT,Portugal,103,SNS,2011-2015,outgoing
https://ror.org/022sw4578,Netherlands Aerospace Centre,NL,The Netherlands,7,SNS,2011-2015,outgoing
https://ror.org/022swbj46,National Brain Research Centre,IN,India,1,SNS,2011-2015,outgoing
https://ror.org/022syn853,Shanghai Institute of Materia Medica,CN,China,7,SNS,2011-2015,outgoing
https://ror.org/022txr781,Laboratoire de Physique Corpusculaire de Caen,FR,France,2,SNS,2011-2015,outgoing
https://ror.org/022v32y85,Andreas Sygros Hospital,GR,Greece,1,SNS,2011-2015,outgoing
https://ror.org/022vd9g66,Hôpital Orthopédique de la Suisse Romande,CH,Switzerland,10,SNS,2011-2015,outgoing
https://ror.org/022x6qg61,Vassar College,US,United States,20,SNS,2011-2015,outgoing
https://ror.org/022xyn875,Institute of Bioengineering and Nanotechnology,SG,Singapore,3,SNS,2011-2015,outgoing
https://ror.org/022y5bk62,Maison des Sciences de l'Homme,FR,France,1,SNS,2011-2015,outgoing
https://ror.org/022yhjq53,Meisei University,JP,Japan,5,SNS,2011-2015,outgoing
https://ror.org/022z6jk58,MIT Lincoln Laboratory,US,United States,2,SNS,2011-2015,outgoing
https://ror.org/022zbs961,Université de Yaoundé I,CM,Cameroon,1,SNS,2011-2015,outgoing
https://ror.org/022zdgq74,École Nationale de l’Aviation Civile,FR,France,1,SNS,2011-2015,outgoing
https://ror.org/02309jg23,IT University of Copenhagen,DK,Denmark,10,SNS,2011-2015,outgoing
https://ror.org/0230sdc57,Tanner Research (United States),US,United States,3,SNS,2011-2015,outgoing
https://ror.org/0231d2y50,Lenox Hill Hospital,US,United States,1,SNS,2011-2015,outgoing
https://ror.org/023288525,Stonehill College,US,United States,1,SNS,2011-2015,outgoing
https://ror.org/0232f6165,Department of Pharmaceuticals,IN,India,2,SNS,2011-2015,outgoing
https://ror.org/0232r4451,Southern Illinois University School of Medicine,US,United States,7,SNS,2011-2015,outgoing
https://ror.org/023331s46,The George Institute for Global Health,AU,Australia,1,SNS,2011-2015,outgoing
https://ror.org/02336z538,Duquesne University,US,United States,1,SNS,2011-2015,outgoing
https://ror.org/0233st365,Météo-France,FR,France,1,SNS,2011-2015,outgoing
https://ror.org/0234wmv40,University of Bayreuth,DE,Germany,20,SNS,2011-2015,outgoing
https://ror.org/02378jc90,Raja Ramanna Centre for Advanced Technology,IN,India,45,SNS,2011-2015,outgoing
https://ror.org/02388em19,Meta (Israel),IL,Israel,23,SNS,2011-2015,outgoing
https://ror.org/0238gz740,Institute for Theoretical and Experimental Physics,RU,Russia,6746,SNS,2011-2015,outgoing
https://ror.org/023afqp63,Research Campus Golm,DE,Germany,1,SNS,2011-2015,outgoing
https://ror.org/023b0x485,Johannes Gutenberg University Mainz,DE,Germany,2813,SNS,2011-2015,outgoing
https://ror.org/023b72294,Huazhong Agricultural University,CN,China,3,SNS,2011-2015,outgoing
https://ror.org/023cs7p87,Groupe de Recherche en Management,FR,France,1,SNS,2011-2015,outgoing
https://ror.org/023dgw813,Research Centre in Biological Chemistry of Córdoba,AR,Argentina,2,SNS,2011-2015,outgoing
https://ror.org/023dm3d04,Simons Center for Geometry and Physics,US,United States,8,SNS,2011-2015,outgoing
https://ror.org/023er3e86,Qingdao Binhai University,CN,China,17,SNS,2011-2015,outgoing
https://ror.org/023fje098,Centre for Alternative Technology,GB,United Kingdom,1,SNS,2011-2015,outgoing
https://ror.org/023fpv336,State Key Laboratory of Structural Chemistry,CN,China,3,SNS,2011-2015,outgoing
https://ror.org/023gzwx10,Fayoum University,EG,Egypt,622,SNS,2011-2015,outgoing
https://ror.org/023hj5876,Dalian University of Technology,CN,China,54,SNS,2011-2015,outgoing
https://ror.org/023jwkg52,Banner Alzheimer’s Institute,US,United States,3,SNS,2011-2015,outgoing
https://ror.org/023k5b089,Textile Research Institute,US,United States,1,SNS,2011-2015,outgoing
https://ror.org/023ktd084,Ministry of Science,ME,Montenegro,1,SNS,2011-2015,outgoing
https://ror.org/023m51b03,Cancer Council Victoria,AU,Australia,1,SNS,2011-2015,outgoing
https://ror.org/023n9q531,Laboratoire Interdisciplinaire de Physique,FR,France,3,SNS,2011-2015,outgoing
https://ror.org/023ny1p48,"National Heart, Lung, and Blood Institute Division of Intramural Research",US,United States,3,SNS,2011-2015,outgoing
https://ror.org/023p7mg82,Lakehead University,CA,Canada,7,SNS,2011-2015,outgoing
https://ror.org/023p7x818,Advocate Center for Pediatric Research,US,United States,1,SNS,2011-2015,outgoing
https://ror.org/023pm6532,An Giang University,VN,Vietnam,1,SNS,2011-2015,outgoing
https://ror.org/023q4bk22,Central Queensland University,AU,Australia,2,SNS,2011-2015,outgoing
https://ror.org/023qavy03,Baruch College,US,United States,87,SNS,2011-2015,outgoing
https://ror.org/023qc4a07,Hubrecht Institute for Developmental Biology and Stem Cell Research,NL,The Netherlands,16,SNS,2011-2015,outgoing
https://ror.org/023qdcg29,Airbus (France),FR,France,1,SNS,2011-2015,outgoing
https://ror.org/023rffy11,RIKEN Center for Biosystems Dynamics Research,JP,Japan,27,SNS,2011-2015,outgoing
https://ror.org/023rhb549,Chongqing University,CN,China,53,SNS,2011-2015,outgoing
https://ror.org/023sm4k53,"Department of Physics, Mathematics and Informatics",BY,Belarus,4,SNS,2011-2015,outgoing
https://ror.org/023tdcb12,Brod Group,US,United States,1,SNS,2011-2015,outgoing
https://ror.org/023v4bd62,National Agriculture and Food Research Organization,JP,Japan,6,SNS,2011-2015,outgoing
https://ror.org/023vkeb66,Délégation Centre Limousin Poitou-Charentes,FR,France,9,SNS,2011-2015,outgoing
https://ror.org/023vrr657,Indian Institute of Science Education and Research Berhampur,IN,India,3,SNS,2011-2015,outgoing
https://ror.org/023w6y044,VA Great Lakes Health Care System,US,United States,6,SNS,2011-2015,outgoing
https://ror.org/023xgd207,Hôpital Lyon Sud,FR,France,2,SNS,2011-2015,outgoing
https://ror.org/023yvt917,EURECAT Centre Tecnològic de Catalunya,ES,Spain,4,SNS,2011-2015,outgoing
https://ror.org/023znxa73,St Petersburg University,RU,Russia,287,SNS,2011-2015,outgoing
https://ror.org/0240rwx68,Neuroscience Institute,IT,Italy,160,SNS,2011-2015,outgoing
https://ror.org/0242cby63,L. N. Gumilyov Eurasian National University,KZ,Kazakhstan,1,SNS,2011-2015,outgoing
https://ror.org/0242qs713,Birmingham VA Medical Center,US,United States,1,SNS,2011-2015,outgoing
https://ror.org/0242vta36,University of Pittsburgh at Titusville,US,United States,3630,SNS,2011-2015,outgoing
https://ror.org/0243gzr89,Max Planck Institute for Biology,DE,Germany,825,SNS,2011-2015,outgoing
https://ror.org/0244rem06,Shinshu University,JP,Japan,1333,SNS,2011-2015,outgoing
https://ror.org/02459py43,St Michaels Hospital,GB,United Kingdom,2,SNS,2011-2015,outgoing
https://ror.org/0245cg223,University of Freiburg,DE,Germany,2610,SNS,2011-2015,outgoing
https://ror.org/02474f074,Universiti Malaysia Terengganu,MY,Malaysia,710,SNS,2011-2015,outgoing
https://ror.org/0247p4w70,Service de Physique de l'État Condensé,FR,France,1,SNS,2011-2015,outgoing
https://ror.org/024850w61,Alcatel-Lucent (France),FR,France,6,SNS,2011-2015,outgoing
https://ror.org/0248gc218,Adler Planetarium,US,United States,13,SNS,2011-2015,outgoing
https://ror.org/0248zc213,Christus Health,US,United States,3,SNS,2011-2015,outgoing
https://ror.org/02495e989,UCLouvain,BE,Belgium,3968,SNS,2011-2015,outgoing
https://ror.org/024b57v39,Kosin University,KR,South Korea,1,SNS,2011-2015,outgoing
https://ror.org/024btyy46,State Key Laboratory of Cell Biology,CN,China,1,SNS,2011-2015,outgoing
https://ror.org/024c2fq17,Sharif University of Technology,IR,Iran,585,SNS,2011-2015,outgoing
https://ror.org/024czvm93,Sapporo Hokuyu Hospital,JP,Japan,3,SNS,2011-2015,outgoing
https://ror.org/024d6js02,Charles University,CZ,Czechia,4592,SNS,2011-2015,outgoing
https://ror.org/024emf479,Region Östergötland,SE,Sweden,3,SNS,2011-2015,outgoing
https://ror.org/024exxj48,Gifu University,JP,Japan,284,SNS,2011-2015,outgoing
https://ror.org/024fb7528,Max-Reger-Institut,DE,Germany,2,SNS,2011-2015,outgoing
https://ror.org/024g0n729,Hospital Pulau Pinang,MY,Malaysia,1,SNS,2011-2015,outgoing
https://ror.org/024gts110,Géosciences Montpellier,FR,France,1,SNS,2011-2015,outgoing
https://ror.org/024gw2733,University of Baltimore,US,United States,1,SNS,2011-2015,outgoing
https://ror.org/024h5t657,Ohara General Hospital,JP,Japan,1,SNS,2011-2015,outgoing
https://ror.org/024kbgz78,Gwangju Institute of Science and Technology,KR,South Korea,20,SNS,2011-2015,outgoing
https://ror.org/024mrxd33,University of Leeds,GB,United Kingdom,237,SNS,2011-2015,outgoing
https://ror.org/024mw5h28,University of Chicago,US,United States,696,SNS,2011-2015,outgoing
https://ror.org/024nx4843,Izmir Kâtip Çelebi University,TR,Turkey,1,SNS,2011-2015,outgoing
https://ror.org/024pdem44,Hyogo University,JP,Japan,1,SNS,2011-2015,outgoing
https://ror.org/024q5j973,Hacettepe University Hospital,TR,Turkey,1,SNS,2011-2015,outgoing
https://ror.org/024qkwh22,Shangrao Normal University,CN,China,1,SNS,2011-2015,outgoing
https://ror.org/024s09f91,Institut Français du Textile et de l'Habillement,FR,France,1,SNS,2011-2015,outgoing
https://ror.org/024thra40,Helmholtz Institute Mainz,DE,Germany,60,SNS,2011-2015,outgoing
https://ror.org/024tt5x58,Bay Area Environmental Research Institute,US,United States,2,SNS,2011-2015,outgoing
https://ror.org/024x8v141,Shandong Mental Health Center,CN,China,1,SNS,2011-2015,outgoing
https://ror.org/024yc3q36,Tottori University,JP,Japan,5,SNS,2011-2015,outgoing
https://ror.org/024ye7w89,National Research Council - Institute of Methodologies for Environmental Analysis,IT,Italy,2,SNS,2011-2015,outgoing
https://ror.org/024z2rq82,Heinrich Heine University Düsseldorf,DE,Germany,83,SNS,2011-2015,outgoing
https://ror.org/0250ngj72,Centre Hospitalier Universitaire d'Angers,FR,France,11,SNS,2011-2015,outgoing
https://ror.org/0251nbz82,"Bayerisches Staatsministerium für Ernährung, Landwirtschaft und Forsten",DE,Germany,1,SNS,2011-2015,outgoing
https://ror.org/0251p9z15,Gediz University,TR,Turkey,2,SNS,2011-2015,outgoing
https://ror.org/025397a59,China Academy of Space Technology,CN,China,1,SNS,2011-2015,outgoing
https://ror.org/0254bmq54,National Center of Neurology and Psychiatry,JP,Japan,5,SNS,2011-2015,outgoing
https://ror.org/02550n020,European Synchrotron Radiation Facility,FR,France,23,SNS,2011-2015,outgoing
https://ror.org/02557nd11,Jinan Institute of Quantum Technology,CN,China,1,SNS,2011-2015,outgoing
https://ror.org/025602r80,Scuola Superiore Sant'Anna,IT,Italy,270,SNS,2011-2015,outgoing
https://ror.org/0257dtg16,Dicle University,TR,Turkey,1,SNS,2011-2015,outgoing
https://ror.org/0257ekp23,Imo State University,NG,Nigeria,1,SNS,2011-2015,outgoing
https://ror.org/0257kt353,University West,SE,Sweden,1,SNS,2011-2015,outgoing
https://ror.org/0257sgk90,Laboratoire d’Informatique et Systèmes,FR,France,4,SNS,2011-2015,outgoing
https://ror.org/025821s54,University Hospital Coventry,GB,United Kingdom,1,SNS,2011-2015,outgoing
https://ror.org/0258apj61,Amsterdam Public Health,NL,The Netherlands,4,SNS,2011-2015,outgoing
https://ror.org/0259e4473,The Military General Hospital of Beijing PLA,CN,China,1,SNS,2011-2015,outgoing
https://ror.org/025ae7a15,Instituto de Estudios Sociales,AR,Argentina,1,SNS,2011-2015,outgoing
https://ror.org/025bzyx94,Centre de Recherches sur les Arts et le Langage,FR,France,44,SNS,2011-2015,outgoing
https://ror.org/025cem651,Walter Reed National Military Medical Center,US,United States,1,SNS,2011-2015,outgoing
https://ror.org/025chrz76,Marshfield Clinic,US,United States,2,SNS,2011-2015,outgoing
https://ror.org/025cj6e44,Poznan Supercomputing and Networking Center,PL,Poland,1,SNS,2011-2015,outgoing
https://ror.org/025e3ct30,"Istituto Nazionale di Fisica Nucleare, Laboratori Nazionali di Legnaro",IT,Italy,178,SNS,2011-2015,outgoing
https://ror.org/025ecfn45,Harvey Mudd College,US,United States,336,SNS,2011-2015,outgoing
https://ror.org/025ejqq45,BirdLife International,KE,Kenya,1,SNS,2011-2015,outgoing
https://ror.org/025en1p25,Institute for Theoretical Physics,CH,Switzerland,933,SNS,2011-2015,outgoing
https://ror.org/025fw7a54,Friedrich-Loeffler-Institut,DE,Germany,3,SNS,2011-2015,outgoing
https://ror.org/025gwsg11,Shangqiu First People's Hospital,CN,China,1,SNS,2011-2015,outgoing
https://ror.org/025gxrt12,Instituto de Investigación Marqués de Valdecilla,ES,Spain,3,SNS,2011-2015,outgoing
https://ror.org/025h0r574,Fundación Pública Galega de Medicina Xenómica,ES,Spain,1,SNS,2011-2015,outgoing
https://ror.org/025h1m602,Konkuk University,KR,South Korea,442,SNS,2011-2015,outgoing
https://ror.org/025h9kw94,Asahikawa Medical University,JP,Japan,1,SNS,2011-2015,outgoing
https://ror.org/025hkeg57,State Key Laboratory of Transient Optics and Photonics,CN,China,2,SNS,2011-2015,outgoing
https://ror.org/025j2nd68,The Lundquist Institute,US,United States,8,SNS,2011-2015,outgoing
https://ror.org/025k44790,Human Factors (Norway),NO,Norway,1,SNS,2011-2015,outgoing
https://ror.org/025mhd687,Institut des Neurosciences Cellulaires et Intégratives,FR,France,1,SNS,2011-2015,outgoing
https://ror.org/025mx2575,Yeditepe University,TR,Turkey,5,SNS,2011-2015,outgoing
https://ror.org/025n13r50,Adelphi University,US,United States,1,SNS,2011-2015,outgoing
https://ror.org/025n38288,University Hospitals Coventry and Warwickshire NHS Trust,GB,United Kingdom,1,SNS,2011-2015,outgoing
https://ror.org/025n5kj18,Zhaoqing University,CN,China,1,SNS,2011-2015,outgoing
https://ror.org/025qedy81,Children's Health Ireland at Crumlin,IE,Ireland,1,SNS,2011-2015,outgoing
https://ror.org/025qq8j12,Vesalius College,BE,Belgium,3,SNS,2011-2015,outgoing
https://ror.org/025qrzc85,Queen Elizabeth II Health Sciences Centre,CA,Canada,1,SNS,2011-2015,outgoing
https://ror.org/025r5qe02,Syracuse University,US,United States,3056,SNS,2011-2015,outgoing
https://ror.org/025rrx658,"Istituto Nazionale di Fisica Nucleare, Roma Tor Vergata",IT,Italy,8,SNS,2011-2015,outgoing
https://ror.org/025s1b152,Université Catholique de Lille,FR,France,10,SNS,2011-2015,outgoing
https://ror.org/025s55q11,Beijing Institute of Petrochemical Technology,CN,China,22,SNS,2011-2015,outgoing
https://ror.org/025sbr097,Royal Society of Chemistry,GB,United Kingdom,4,SNS,2011-2015,outgoing
https://ror.org/025sxka56,IBM (Canada),CA,Canada,5,SNS,2011-2015,outgoing
https://ror.org/025tsch51,Scientific Computing & Modelling (Netherlands),NL,The Netherlands,1,SNS,2011-2015,outgoing
https://ror.org/025vmq686,Pontifícia Universidade Católica do Rio Grande do Sul,BR,Brazil,2079,SNS,2011-2015,outgoing
https://ror.org/025vmw012,Teikyo University of Science,JP,Japan,1,SNS,2011-2015,outgoing
https://ror.org/025vn3989,GlaxoSmithKline (United States),US,United States,9,SNS,2011-2015,outgoing
https://ror.org/025vngs54,Universitätsmedizin Greifswald,DE,Germany,3,SNS,2011-2015,outgoing
https://ror.org/025vp2923,Institut Mines-Télécom,FR,France,8,SNS,2011-2015,outgoing
https://ror.org/025wzwv46,University of Northern British Columbia,CA,Canada,2,SNS,2011-2015,outgoing
https://ror.org/025xvn046,Sciences et Technologies de la Musique et du Son,FR,France,5,SNS,2011-2015,outgoing
https://ror.org/025z3z560,Munich Cluster for Systems Neurology,DE,Germany,2,SNS,2011-2015,outgoing
https://ror.org/02601yx74,Beijing National Laboratory for Molecular Sciences,CN,China,77,SNS,2011-2015,outgoing
https://ror.org/026086s92,Hanken School of Economics,FI,Finland,2,SNS,2011-2015,outgoing
https://ror.org/0260j1g46,University of Massachusetts System,US,United States,3238,SNS,2011-2015,outgoing
https://ror.org/0260zag83,St. Lawrence College,CA,Canada,2,SNS,2011-2015,outgoing
https://ror.org/0262te083,Krakow University of Economics,PL,Poland,1,SNS,2011-2015,outgoing
https://ror.org/0263jp665,Hôpital René Huguenin,FR,France,1,SNS,2011-2015,outgoing
https://ror.org/0263kr214,Universidad del Valle de Santiago,MX,Mexico,1,SNS,2011-2015,outgoing
https://ror.org/0264dxb48,Wellcome/MRC Institute of Metabolic Science,GB,United Kingdom,1,SNS,2011-2015,outgoing
https://ror.org/0264fdx42,San Diego State University,US,United States,24,SNS,2011-2015,outgoing
https://ror.org/0264qnp36,Second Artillery General Hospital of Chinese People's Liberation Army,CN,China,1,SNS,2011-2015,outgoing
https://ror.org/0265d1010,Shanxi Medical University,CN,China,3,SNS,2011-2015,outgoing
https://ror.org/0265ntg49,Association of Universities and Colleges of Canada,CA,Canada,5,SNS,2011-2015,outgoing
https://ror.org/0265w5591,IBM Research - Thomas J. Watson Research Center,US,United States,48,SNS,2011-2015,outgoing
https://ror.org/0265wc016,Canadian Institute for Theoretical Astrophysics,CA,Canada,615,SNS,2011-2015,outgoing
https://ror.org/0266vkh91,Instituto Nacional de Ciência e Tecnologia em Nanomateriais de Carbono,BR,Brazil,1,SNS,2011-2015,outgoing
https://ror.org/0266y7j75,Centre de Recherches Politiques de Sciences Po,FR,France,7,SNS,2011-2015,outgoing
https://ror.org/0267vjk41,University of Hertfordshire,GB,United Kingdom,297,SNS,2011-2015,outgoing
https://ror.org/026839t73,Centre Inria de l'Institut Polytechnique de Paris,FR,France,2,SNS,2011-2015,outgoing
https://ror.org/02684h094,Institute for Health Metrics and Evaluation,US,United States,3,SNS,2011-2015,outgoing
https://ror.org/0268ecp52,Paris-Est Sup,FR,France,81,SNS,2011-2015,outgoing
https://ror.org/02693j602,Institut Regional du Cancer de Montpellier,FR,France,1,SNS,2011-2015,outgoing
https://ror.org/026bv4494,St. Bonaventure University,US,United States,1,SNS,2011-2015,outgoing
https://ror.org/026e9yy16,Affiliated Hospital of Qingdao University,CN,China,2,SNS,2011-2015,outgoing
https://ror.org/026efkc57,Scottish Universities Physics Alliance,GB,United Kingdom,195,SNS,2011-2015,outgoing
https://ror.org/026exgg05,Laboratoire d’Economie de Dauphine,FR,France,1,SNS,2011-2015,outgoing
https://ror.org/026ey8z81,Environmental Research Center,DZ,Algeria,1,SNS,2011-2015,outgoing
https://ror.org/026k5mg93,University of East Anglia,GB,United Kingdom,85,SNS,2011-2015,outgoing
https://ror.org/026ma2c10,CEA CESTA,FR,France,1,SNS,2011-2015,outgoing
https://ror.org/026nh4520,CSIRO Oceans and Atmosphere,AU,Australia,3,SNS,2011-2015,outgoing
https://ror.org/026nmvv73,Max Planck Institute for Biological Cybernetics,DE,Germany,1,SNS,2011-2015,outgoing
https://ror.org/026pg9j08,Toronto General Hospital,CA,Canada,4,SNS,2011-2015,outgoing
https://ror.org/026tmj997,Materials Sciences (United States),US,United States,13,SNS,2011-2015,outgoing
https://ror.org/026vbyp30,Q University,KZ,Kazakhstan,8,SNS,2011-2015,outgoing
https://ror.org/026vcq606,KTH Royal Institute of Technology,SE,Sweden,1547,SNS,2011-2015,outgoing
https://ror.org/026vtd268,Maulana Azad National Institute of Technology,IN,India,1,SNS,2011-2015,outgoing
https://ror.org/026vvkz19,National Interuniversity Consortium for the Physical Sciences of Matter,IT,Italy,31,SNS,2011-2015,outgoing
https://ror.org/026w31v75,University of Technology Malaysia,MY,Malaysia,3,SNS,2011-2015,outgoing
https://ror.org/026wwrx19,University of Kuala Lumpur,MY,Malaysia,2,SNS,2011-2015,outgoing
https://ror.org/026xdcm93,Royal Cornwall Hospital Trust,GB,United Kingdom,2,SNS,2011-2015,outgoing
https://ror.org/026ynmk26,Institute of Molecular Genetics and Genetic Engineering,RS,Serbia,1,SNS,2011-2015,outgoing
https://ror.org/026zzn846,Queen Mary University of London,GB,United Kingdom,2913,SNS,2011-2015,outgoing
https://ror.org/0270xt841,Institut de Myologie,FR,France,7,SNS,2011-2015,outgoing
https://ror.org/0272j5188,Northern Arizona University,US,United States,3,SNS,2011-2015,outgoing
https://ror.org/0272rjm42,Doğuş University,TR,Turkey,1443,SNS,2011-2015,outgoing
https://ror.org/0272wvz49,Los Angeles Trade Technical College,US,United States,5,SNS,2011-2015,outgoing
https://ror.org/0274zdr66,Laboratoire Jean-Alexandre Dieudonné,FR,France,39,SNS,2011-2015,outgoing
https://ror.org/0275ye937,Centre Hospitalier Universitaire de Nîmes,FR,France,3,SNS,2011-2015,outgoing
https://ror.org/0276rjc88,Institute for Nuclear Research and Nuclear Energy,BG,Bulgaria,1655,SNS,2011-2015,outgoing
https://ror.org/02778hg05,Universität Trier,DE,Germany,1,SNS,2011-2015,outgoing
https://ror.org/0277xgb12,Institute of Cytology and Genetics,RU,Russia,5,SNS,2011-2015,outgoing
https://ror.org/02785qs39,Institut de Génétique Moléculaire de Montpellier,FR,France,1,SNS,2011-2015,outgoing
https://ror.org/0278hns33,Institute of Diabetes Research,DE,Germany,3,SNS,2011-2015,outgoing
https://ror.org/027ankh97,Université Toulouse Capitole,FR,France,30,SNS,2011-2015,outgoing
https://ror.org/027arzy69,Centre Hospitalier Universitaire de Caen Normandie,FR,France,11,SNS,2011-2015,outgoing
https://ror.org/027b58k10,Hiroshima University of Economics,JP,Japan,1,SNS,2011-2015,outgoing
https://ror.org/027bh9e22,Leiden University,NL,The Netherlands,1921,SNS,2011-2015,outgoing
https://ror.org/027bzz146,"California State University, Chico",US,United States,2,SNS,2011-2015,outgoing
https://ror.org/027fn9x30,Polar Research Institute of China,CN,China,16,SNS,2011-2015,outgoing
https://ror.org/027hwkg23,Engelhardt Institute of Molecular Biology,RU,Russia,1,SNS,2011-2015,outgoing
https://ror.org/027j9rp38,Inje University Sanggye Paik Hospital,KR,South Korea,1,SNS,2011-2015,outgoing
https://ror.org/027jgnd92,RIKEN Quantitative Biology Center,JP,Japan,4,SNS,2011-2015,outgoing
https://ror.org/027k65916,Jet Propulsion Laboratory,US,United States,928,SNS,2011-2015,outgoing
https://ror.org/027ka1x80,National Aeronautics and Space Administration,US,United States,653,SNS,2011-2015,outgoing
https://ror.org/027kczr92,Asahi Glass (Belgium),BE,Belgium,1,SNS,2011-2015,outgoing
https://ror.org/027m9bs27,University of Manchester,GB,United Kingdom,603,SNS,2011-2015,outgoing
https://ror.org/027mhn368,U.S. Army Engineer Research and Development Center,US,United States,3,SNS,2011-2015,outgoing
https://ror.org/027n40j28,Clarion University,US,United States,9,SNS,2011-2015,outgoing
https://ror.org/027nene90,Sugiyama Jogakuen University,JP,Japan,8,SNS,2011-2015,outgoing
https://ror.org/027nwsc63,Medical Genetics Center,DE,Germany,2,SNS,2011-2015,outgoing
https://ror.org/027pk6j83,Madrid Institute for Advanced Studies,ES,Spain,35,SNS,2011-2015,outgoing
https://ror.org/027rkpb34,Salford Royal Hospital,GB,United Kingdom,4,SNS,2011-2015,outgoing
https://ror.org/027tbp210,Centre for Life,GB,United Kingdom,11,SNS,2011-2015,outgoing
https://ror.org/027vj4x92,Sanofi (United States),US,United States,1,SNS,2011-2015,outgoing
https://ror.org/027y26122,Daiichi-Sankyo (Japan),JP,Japan,4,SNS,2011-2015,outgoing
https://ror.org/027ynra39,University of Bari Aldo Moro,IT,Italy,6024,SNS,2011-2015,outgoing
https://ror.org/027z64205,Open University of Israel,IL,Israel,3,SNS,2011-2015,outgoing
https://ror.org/027zxhv97,Research Management (Norway),NO,Norway,1,SNS,2011-2015,outgoing
https://ror.org/028070c57,NaMLab (Germany),DE,Germany,1,SNS,2011-2015,outgoing
https://ror.org/0280a3n32,Joslin Diabetes Center,US,United States,10,SNS,2011-2015,outgoing
https://ror.org/0280r7h11,Mid Essex Hospital Services NHS Trust,GB,United Kingdom,3,SNS,2011-2015,outgoing
https://ror.org/0281dp749,Helmholtz Association of German Research Centres,DE,Germany,189,SNS,2011-2015,outgoing
https://ror.org/02827ca86,Prince of Wales Hospital,CN,China,4,SNS,2011-2015,outgoing
https://ror.org/0282m7c06,University of Banja Luka,BA,Bosnia and Herzegovina,12,SNS,2011-2015,outgoing
https://ror.org/02834m470,Chia Nan University of Pharmacy and Science,TW,Taiwan,1,SNS,2011-2015,outgoing
https://ror.org/02844qe97,Unite de recherche migrations et sociétés,FR,France,1,SNS,2011-2015,outgoing
https://ror.org/0284vkq26,Sari Agricultural Sciences and Natural Resources University,IR,Iran,1,SNS,2011-2015,outgoing
https://ror.org/0285rh439,TED University,TR,Turkey,8,SNS,2011-2015,outgoing
https://ror.org/02866re76,Boston University Academy,US,United States,1,SNS,2011-2015,outgoing
https://ror.org/0286hg268,The Fafo Institute for Labour and Social Research,NO,Norway,1,SNS,2011-2015,outgoing
https://ror.org/0286p1c86,Cancer Center Amsterdam,NL,The Netherlands,2,SNS,2011-2015,outgoing
https://ror.org/028861t28,Texas A&M International University,US,United States,1,SNS,2011-2015,outgoing
https://ror.org/02887w456,China National Hybrid Rice R&D Central Hunan Hybrid Rice Reserch Center,CN,China,2,SNS,2011-2015,outgoing
https://ror.org/0288es483,Ewing Marion Kauffman Foundation,US,United States,2,SNS,2011-2015,outgoing
https://ror.org/0288jxv49,Institute of Development Studies,GB,United Kingdom,2,SNS,2011-2015,outgoing
https://ror.org/028a36g75,Istituto Affari Internazionali,IT,Italy,1,SNS,2011-2015,outgoing
https://ror.org/028brk668,Hospital Infantil Universitario Niño Jesús,ES,Spain,1,SNS,2011-2015,outgoing
https://ror.org/028btb530,Endocrinology and Metabolism Population Sciences Institute,IR,Iran,1,SNS,2011-2015,outgoing
https://ror.org/028bz2q30,Marlboro College,US,United States,3,SNS,2011-2015,outgoing
https://ror.org/028caqe42,Instituto Nacional de Matemática Pura e Aplicada,BR,Brazil,13,SNS,2011-2015,outgoing
https://ror.org/028crwz56,Universidad Nacional del Sur,AR,Argentina,3,SNS,2011-2015,outgoing
https://ror.org/028ebfc83,West Virginia University Institute of Technology,US,United States,85,SNS,2011-2015,outgoing
https://ror.org/028ew7558,Computer Engineering and Networks Laboratory,CH,Switzerland,1,SNS,2011-2015,outgoing
https://ror.org/028fhxy95,Novartis (United States),US,United States,8,SNS,2011-2015,outgoing
https://ror.org/028g18b61,Adelaide University,AU,Australia,1175,SNS,2011-2015,outgoing
https://ror.org/028g3pe33,Institute for Computational Linguistics “A. Zampolli”,IT,Italy,6,SNS,2011-2015,outgoing
https://ror.org/028h95t32,Ludong University,CN,China,3,SNS,2011-2015,outgoing
https://ror.org/028hv5492,University Hospital Leipzig,DE,Germany,1,SNS,2011-2015,outgoing
https://ror.org/028ka0n85,Universidade Federal de Sergipe,BR,Brazil,3,SNS,2011-2015,outgoing
https://ror.org/028kg9j04,Universidade Federal do ABC,BR,Brazil,2271,SNS,2011-2015,outgoing
https://ror.org/028mr0844,European Monitoring Centre for Drugs and Drug Addiction,PT,Portugal,3,SNS,2011-2015,outgoing
https://ror.org/028ndzd53,Edge Hill University,GB,United Kingdom,5,SNS,2011-2015,outgoing
https://ror.org/028p1nc07,University of Michigan Medical School,US,United States,37,SNS,2011-2015,outgoing
https://ror.org/028pgd321,Affiliated Hospital of Jiangsu University,CN,China,1,SNS,2011-2015,outgoing
https://ror.org/028pmsz77,James Madison University,US,United States,23,SNS,2011-2015,outgoing
https://ror.org/028pnqf58,Genoscope,FR,France,6,SNS,2011-2015,outgoing
https://ror.org/028qa3n13,Indian Institute of Science Education and Research Pune,IN,India,131,SNS,2011-2015,outgoing
https://ror.org/028qedy27,Laboratoire de Chimie et Biochimie Pharmacologiques et Toxicologiques,FR,France,3,SNS,2011-2015,outgoing
https://ror.org/028qtbk54,Shiraz University,IR,Iran,305,SNS,2011-2015,outgoing
https://ror.org/028rf7391,Ordensklinikum Linz Barmherzige Schwestern,AT,Austria,1,SNS,2011-2015,outgoing
https://ror.org/028rypz17,Université Paris-Sud,FR,France,814,SNS,2011-2015,outgoing
https://ror.org/028s4q594,German Center for Infection Research,DE,Germany,5,SNS,2011-2015,outgoing
https://ror.org/028sgmw18,"Czech Academy of Sciences, Library",CZ,Czechia,51,SNS,2011-2015,outgoing
https://ror.org/028svp844,Université de Kisangani,CD,DR Congo,1,SNS,2011-2015,outgoing
https://ror.org/028t43p77,United States Department of the Treasury,US,United States,1,SNS,2011-2015,outgoing
https://ror.org/028ta1f94,Chimie de la Matière Condensée de Paris,FR,France,13,SNS,2011-2015,outgoing
https://ror.org/028thwc63,Polytechnic University of Puerto Rico Orlando,US,United States,2,SNS,2011-2015,outgoing
https://ror.org/028vqfs63,Amherst College,US,United States,9,SNS,2011-2015,outgoing
https://ror.org/028vtqb15,"Birla Institute of Technology, Mesra",IN,India,1,SNS,2011-2015,outgoing
https://ror.org/028vxwa22,Kyoto Prefectural University of Medicine,JP,Japan,1,SNS,2011-2015,outgoing
https://ror.org/028wp3y58,Chulalongkorn University,TH,Thailand,1348,SNS,2011-2015,outgoing
https://ror.org/028wq3277,Institut Charles Gerhardt Montpellier,FR,France,10,SNS,2011-2015,outgoing
https://ror.org/028xjkf45,HEMU - Haute École de Musique,CH,Switzerland,8,SNS,2011-2015,outgoing
https://ror.org/0290wsh42,Istituto Universitario di Studi Superiori di Pavia,IT,Italy,7,SNS,2011-2015,outgoing
https://ror.org/02917wp91,Hospital of the University of Pennsylvania,US,United States,4,SNS,2011-2015,outgoing
https://ror.org/0291jv411,Children's Hospital Foundation,US,United States,4,SNS,2011-2015,outgoing
https://ror.org/02927dx12,Institute of Life Sciences,IN,India,1,SNS,2011-2015,outgoing
https://ror.org/0294hxs80,California State University Los Angeles,US,United States,10,SNS,2011-2015,outgoing
https://ror.org/02956yf07,University of Tsukuba,JP,Japan,2972,SNS,2011-2015,outgoing
https://ror.org/029819q61,Chinese Institute for Brain Research,CN,China,1,SNS,2011-2015,outgoing
https://ror.org/0298wh711,Institut des Sciences et technologies pour une Economie Circulaire des énergies bas carbone,FR,France,1,SNS,2011-2015,outgoing
https://ror.org/0299dqs22,JA Toride Medical Center,JP,Japan,1,SNS,2011-2015,outgoing
https://ror.org/029b7h395,Directorate for Mathematical & Physical Sciences,US,United States,110,SNS,2011-2015,outgoing
https://ror.org/029bjdf19,Institute of Physics,RU,Russia,21,SNS,2011-2015,outgoing
https://ror.org/029brtt94,Université Claude Bernard Lyon 1,FR,France,4268,SNS,2011-2015,outgoing
https://ror.org/029cgt552,Tunis El Manar University,TN,Tunisia,10,SNS,2011-2015,outgoing
https://ror.org/029chgv08,Wellcome Trust,GB,United Kingdom,167,SNS,2011-2015,outgoing
https://ror.org/029ecwj92,Prague University of Economics and Business,CZ,Czechia,1,SNS,2011-2015,outgoing
https://ror.org/029g42942,Institute of Nuclear Medicine & Allied Sciences,IN,India,1,SNS,2011-2015,outgoing
https://ror.org/029gksw03,Semnan University,IR,Iran,1,SNS,2011-2015,outgoing
https://ror.org/029gmnc79,Human Technopole,IT,Italy,2,SNS,2011-2015,outgoing
https://ror.org/029hg0311,Leibniz Institute for Catalysis,DE,Germany,2,SNS,2011-2015,outgoing
https://ror.org/029jy4332,Military University,RU,Russia,1,SNS,2011-2015,outgoing
https://ror.org/029m7xn54,University of San Francisco,US,United States,2,SNS,2011-2015,outgoing
https://ror.org/029md1766,Instituto Tecnológico Autónomo de México,MX,Mexico,1,SNS,2011-2015,outgoing
https://ror.org/029njb796,Perm State University,RU,Russia,1,SNS,2011-2015,outgoing
https://ror.org/029nkcm90,Observatoire de Paris,FR,France,1908,SNS,2011-2015,outgoing
https://ror.org/029nvrb94,Singapore National Eye Center,SG,Singapore,1,SNS,2011-2015,outgoing
https://ror.org/029pk6x14,Åbo Akademi University,FI,Finland,13,SNS,2011-2015,outgoing
https://ror.org/029pp9z10,Johns Hopkins University Applied Physics Laboratory,US,United States,8,SNS,2011-2015,outgoing
https://ror.org/029rhq550,Max Planck Institute for Plasma Physics - Greifswald,DE,Germany,1,SNS,2011-2015,outgoing
https://ror.org/029rmm934,Laboratoire Léon Brillouin,FR,France,2,SNS,2011-2015,outgoing
https://ror.org/029s44460,IZA - Institute of Labor Economics,DE,Germany,30,SNS,2011-2015,outgoing
https://ror.org/029s6hd13,Centre Hospitalier Universitaire de Poitiers,FR,France,17,SNS,2011-2015,outgoing
https://ror.org/029st3z03,Istituto di Radioastronomia di Bologna,IT,Italy,21,SNS,2011-2015,outgoing
https://ror.org/029tkqm80,St. Vincent's University Hospital,IE,Ireland,1,SNS,2011-2015,outgoing
https://ror.org/029tnqt29,Université de Moncton,CA,Canada,3,SNS,2011-2015,outgoing
https://ror.org/029w5ya68,European Neuroscience Institute Göttingen,DE,Germany,5,SNS,2011-2015,outgoing
https://ror.org/029y69023,Biomedical Advanced Research and Development Authority,US,United States,2,SNS,2011-2015,outgoing
https://ror.org/029ycp228,Austral University of Chile,CL,Chile,6,SNS,2011-2015,outgoing
https://ror.org/029z02k15,Rutgers Health,US,United States,21,SNS,2011-2015,outgoing
https://ror.org/029zqs055,College of Wooster,US,United States,1,SNS,2011-2015,outgoing
https://ror.org/02a0fwv66,American Institute of Mathematics,US,United States,2,SNS,2011-2015,outgoing
https://ror.org/02a2kzf50,Hospital Clínic de Barcelona,ES,Spain,17,SNS,2011-2015,outgoing
https://ror.org/02a2sfd38,Klinikum Esslingen,DE,Germany,1,SNS,2011-2015,outgoing
https://ror.org/02a33b393,Max Planck Institute for Evolutionary Anthropology,DE,Germany,11,SNS,2011-2015,outgoing
https://ror.org/02a3mhk13,FORTH Institute of Electronic Structure and Laser,GR,Greece,33,SNS,2011-2015,outgoing
https://ror.org/02a4c5q78,Centre de recherche sur les Inégalités Sociales,FR,France,4,SNS,2011-2015,outgoing
https://ror.org/02a5smf05,Cockcroft Institute,GB,United Kingdom,15,SNS,2011-2015,outgoing
https://ror.org/02a6jmr02,Cebu Institute of Technology University,PH,Philippines,1,SNS,2011-2015,outgoing
https://ror.org/02a6s9190,ENSIT,TN,Tunisia,1,SNS,2011-2015,outgoing
https://ror.org/02a8bt934,Peter MacCallum Cancer Centre,AU,Australia,10,SNS,2011-2015,outgoing
https://ror.org/02ab2dg68,Singleton Hospital,GB,United Kingdom,1,SNS,2011-2015,outgoing
https://ror.org/02acart68,Ames Research Center,US,United States,302,SNS,2011-2015,outgoing
https://ror.org/02ackr434,Foundation Medicine (United States),US,United States,1,SNS,2011-2015,outgoing
https://ror.org/02ae4g054,Division of Historical and Philological Sciences,RU,Russia,1,SNS,2011-2015,outgoing
https://ror.org/02ae4je14,Craig Newmark Graduate School of Journalism at the City University of New York,US,United States,3,SNS,2011-2015,outgoing
https://ror.org/02aee5m12,Institute of Genetics and Developmental Biology,CN,China,8,SNS,2011-2015,outgoing
https://ror.org/02af4h012,Jadavpur University,IN,India,12,SNS,2011-2015,outgoing
https://ror.org/02afcvw97,Nantong University,CN,China,9,SNS,2011-2015,outgoing
https://ror.org/02afjh072,Fraunhofer Institute for Applied Optics and Precision Engineering,DE,Germany,1,SNS,2011-2015,outgoing
https://ror.org/02ahxdd04,Spectrum Health,US,United States,1,SNS,2011-2015,outgoing
https://ror.org/02aj0kh94,Université Joseph Fourier,FR,France,2472,SNS,2011-2015,outgoing
https://ror.org/02aj0wy64,Centro Hospitalario Pereira Rossell,UY,Uruguay,2,SNS,2011-2015,outgoing
https://ror.org/02aj13c28,Helmholtz-Zentrum Berlin für Materialien und Energie,DE,Germany,18,SNS,2011-2015,outgoing
https://ror.org/02aja8v82,OpenEdition Center,FR,France,3,SNS,2011-2015,outgoing
https://ror.org/02ak8fm03,Friedrich-Ebert-Stiftung e.V.,DE,Germany,2,SNS,2011-2015,outgoing
https://ror.org/02akpm128,Universidad Católica del Norte,CL,Chile,14,SNS,2011-2015,outgoing
https://ror.org/02amggm23,Trimbos Institute,NL,The Netherlands,1,SNS,2011-2015,outgoing
https://ror.org/02an57k10,Changchun University,CN,China,10,SNS,2011-2015,outgoing
https://ror.org/02an8es95,"National Agency for New Technologies, Energy and Sustainable Economic Development",IT,Italy,38,SNS,2011-2015,outgoing
https://ror.org/02aneaq95,Universidad de Xalapa,MX,Mexico,1,SNS,2011-2015,outgoing
https://ror.org/02ap3w078,Agencia Nacional de Investigación y Desarrollo,CL,Chile,5,SNS,2011-2015,outgoing
https://ror.org/02apq7b82,National Museum of Marine Biology and Aquarium,TW,Taiwan,1,SNS,2011-2015,outgoing
https://ror.org/02aqsxs83,University of Oklahoma,US,United States,2007,SNS,2011-2015,outgoing
https://ror.org/02aqt9c37,Université Paris-Est Marne-la-Vallée,FR,France,63,SNS,2011-2015,outgoing
https://ror.org/02ar02c28,Wuxi Fourth People's Hospital,CN,China,1,SNS,2011-2015,outgoing
https://ror.org/02ar2nf05,Shandong Provincial Hospital,CN,China,2,SNS,2011-2015,outgoing
https://ror.org/02ar7h206,Las Cumbres Observatory Global Telescope Network,US,United States,10,SNS,2011-2015,outgoing
https://ror.org/02as5yg64,Shanghai Polytechnic University,CN,China,2,SNS,2011-2015,outgoing
https://ror.org/02aseym49,Australian Centre for Disease Preparedness,AU,Australia,1,SNS,2011-2015,outgoing
https://ror.org/02aswte26,Manchester University,US,United States,15,SNS,2011-2015,outgoing
https://ror.org/02atkd403,Laboratoire de Physique et Chimie Théoriques,FR,France,6,SNS,2011-2015,outgoing
https://ror.org/02avqqw26,"California State University, Fullerton",US,United States,241,SNS,2011-2015,outgoing
https://ror.org/02azyry73,University of Siegen,DE,Germany,1452,SNS,2011-2015,outgoing
https://ror.org/02b1bn727,Chittaranjan National Cancer Institute,IN,India,1,SNS,2011-2015,outgoing
https://ror.org/02b1fy379,European Centre for Soft Computing,ES,Spain,1,SNS,2011-2015,outgoing
https://ror.org/02b394754,University of Pittsburgh at Greensburg,US,United States,1,SNS,2011-2015,outgoing
https://ror.org/02b3gtx40,Ente Regionale per il Diritto allo Studio Universitario del Piemonte,IT,Italy,2,SNS,2011-2015,outgoing
https://ror.org/02b5mfy68,Istituto Dermopatico dell'Immacolata,IT,Italy,9,SNS,2011-2015,outgoing
https://ror.org/02b6c1039,Laboratoire Interdisciplinaire Carnot de Bourgogne,FR,France,41,SNS,2011-2015,outgoing
https://ror.org/02b6qw903,University of South Carolina,US,United States,1385,SNS,2011-2015,outgoing
https://ror.org/02b7n7v15,Universidad Católica de Santa Fe,AR,Argentina,2,SNS,2011-2015,outgoing
https://ror.org/02b948n83,LG (United States),US,United States,1,SNS,2011-2015,outgoing
https://ror.org/02b9znm90,Laboratoire d’Imagerie Biomédicale,FR,France,2,SNS,2011-2015,outgoing
https://ror.org/02ba3pt07,Tampere University of Technology,FI,Finland,18,SNS,2011-2015,outgoing
https://ror.org/02bc8tz70,Neijiang Normal University,CN,China,26,SNS,2011-2015,outgoing
https://ror.org/02bchch95,Plant & Food Research,NZ,New Zealand,5,SNS,2011-2015,outgoing
https://ror.org/02bczys52,Society for Science & the Public,US,United States,2,SNS,2011-2015,outgoing
https://ror.org/02be6w209,Sapienza University of Rome,IT,Italy,9759,SNS,2011-2015,outgoing
https://ror.org/02beve479,La Salle University,US,United States,209,SNS,2011-2015,outgoing
https://ror.org/02bf3a828,Hôpital Cardiologique du Haut-Lévêque,FR,France,1,SNS,2011-2015,outgoing
https://ror.org/02bf6br77,Lahore College for Women University,PK,Pakistan,1,SNS,2011-2015,outgoing
https://ror.org/02bf6t552,American College of Chest Physicians,US,United States,1,SNS,2011-2015,outgoing
https://ror.org/02bfqd210,Regions Hospital,US,United States,1,SNS,2011-2015,outgoing
https://ror.org/02bfwt286,Monash University,AU,Australia,937,SNS,2011-2015,outgoing
https://ror.org/02bjh0167,California Pacific Medical Center,US,United States,3,SNS,2011-2015,outgoing
https://ror.org/02bjhwk41,University of Georgia,GE,Georgia,80,SNS,2011-2015,outgoing
https://ror.org/02bjjst49,Bergen Science Center,NO,Norway,1,SNS,2011-2015,outgoing
https://ror.org/02bjnq803,Jazan University,SA,Saudi Arabia,189,SNS,2011-2015,outgoing
https://ror.org/02bjs0p66,Changhai Hospital,CN,China,5,SNS,2011-2015,outgoing
https://ror.org/02bkkgm47,Center for Complex Particle Systems,US,United States,5,SNS,2011-2015,outgoing
https://ror.org/02bmcqd02,OU Health Stephenson Cancer Center,US,United States,1,SNS,2011-2015,outgoing
https://ror.org/02bmvm421,Laboratoire de Photonique et de Nanostructures,FR,France,7,SNS,2011-2015,outgoing
https://ror.org/02bn68w95,"Institute of Optics and Electronics, Chinese Academy of Sciences",CN,China,2,SNS,2011-2015,outgoing
https://ror.org/02bn97g32,National Defense Medical Center,TW,Taiwan,8,SNS,2011-2015,outgoing
https://ror.org/02bnkt322,Bern University of Applied Sciences,CH,Switzerland,2,SNS,2011-2015,outgoing
https://ror.org/02bnr5073,Stomatological Hospital of Chongqing Medical University,CN,China,2,SNS,2011-2015,outgoing
https://ror.org/02bns0488,Child Health and Development Institute,US,United States,4,SNS,2011-2015,outgoing
https://ror.org/02bs0cv29,Oklahoma City University,US,United States,1,SNS,2011-2015,outgoing
https://ror.org/02bt2v049,Centro de Investigação Marinha e Ambiental,PT,Portugal,1,SNS,2011-2015,outgoing
https://ror.org/02bv3zr67,Homi Bhabha National Institute,IN,India,1265,SNS,2011-2015,outgoing
https://ror.org/02bwk9n38,Chinese Academy of Fishery Sciences,CN,China,3,SNS,2011-2015,outgoing
https://ror.org/02bwkwm60,Hiroshima Institute of Technology,JP,Japan,1480,SNS,2011-2015,outgoing
https://ror.org/02bxsr265,Cleveland BioLabs (United States),US,United States,2,SNS,2011-2015,outgoing
https://ror.org/02bxt4m23,Northwell Health,US,United States,11,SNS,2011-2015,outgoing
https://ror.org/02bz8aa76,Suzhou University,CN,China,9,SNS,2011-2015,outgoing
https://ror.org/02c1qc696,Hospital Seberang Jaya,MY,Malaysia,1,SNS,2011-2015,outgoing
https://ror.org/02c1tv516,Centre de Physiopathologie de Toulouse-Purpan,FR,France,1,SNS,2011-2015,outgoing
https://ror.org/02c21vy68,Universidad Nacional de La Pampa,AR,Argentina,16,SNS,2011-2015,outgoing
https://ror.org/02c2f8975,University of Ulsan,KR,South Korea,13,SNS,2011-2015,outgoing
https://ror.org/02c2gwm94,Cardiovascular Institute of the South,US,United States,1,SNS,2011-2015,outgoing
https://ror.org/02c2her03,Sri Guru Granth Sahib World University,IN,India,2,SNS,2011-2015,outgoing
https://ror.org/02c2kyt77,Eindhoven University of Technology,NL,The Netherlands,153,SNS,2011-2015,outgoing
https://ror.org/02c31t502,Guangzhou Institutes of Biomedicine and Health,CN,China,1,SNS,2011-2015,outgoing
https://ror.org/02c5gc203,Institut Jacques Monod,FR,France,9,SNS,2011-2015,outgoing
https://ror.org/02c5jsm26,Research Institute of Molecular Pathology,AT,Austria,6,SNS,2011-2015,outgoing
https://ror.org/02c5qvj97,Australian Centre for Neutron Scattering,AU,Australia,2,SNS,2011-2015,outgoing
https://ror.org/02c63wv67,University of Central Missouri,US,United States,4,SNS,2011-2015,outgoing
https://ror.org/02c9qn167,Guangxi University,CN,China,66,SNS,2011-2015,outgoing
https://ror.org/02ca38p84,Quretec (Estonia),EE,Estonia,1,SNS,2011-2015,outgoing
https://ror.org/02cafbr77,Pontificia Universidad Católica de Valparaíso,CL,Chile,4,SNS,2011-2015,outgoing
https://ror.org/02caqw325,Hanjiang Normal University,CN,China,11,SNS,2011-2015,outgoing
https://ror.org/02catss52,European Bioinformatics Institute,GB,United Kingdom,154,SNS,2011-2015,outgoing
https://ror.org/02caytj08,Defense Advanced Research Projects Agency,US,United States,3,SNS,2011-2015,outgoing
https://ror.org/02cbapb21,Centre Île-de-France - Versailles-Grignon,FR,France,1,SNS,2011-2015,outgoing
https://ror.org/02ccsj972,Cnopf´sche Kinderklinik,DE,Germany,3,SNS,2011-2015,outgoing
https://ror.org/02cdyrc89,Suzhou Municipal Hospital,CN,China,1,SNS,2011-2015,outgoing
https://ror.org/02cf97417,Laboratoire Hétéroéléments et Coordination,FR,France,1,SNS,2011-2015,outgoing
https://ror.org/02cgn2a44,Swiss Finance Institute,CH,Switzerland,39,SNS,2011-2015,outgoing
https://ror.org/02cgss904,Kumamoto University,JP,Japan,13,SNS,2011-2015,outgoing
https://ror.org/02cgt3c05,Guangxi Zhuang Autonomous Region Brain Hospital,CN,China,1,SNS,2011-2015,outgoing
https://ror.org/02cgy3m12,CSIRO Scientific Computing,AU,Australia,1,SNS,2011-2015,outgoing
https://ror.org/02ch1zb66,Tianjin First Center Hospital,CN,China,1,SNS,2011-2015,outgoing
https://ror.org/02chw6z69,Kavli Institute for the Physics and Mathematics of the Universe,JP,Japan,1041,SNS,2011-2015,outgoing
https://ror.org/02chzeh21,National Institute of Fisheries Science,KR,South Korea,1,SNS,2011-2015,outgoing
https://ror.org/02cjet079,Institut de France,FR,France,1,SNS,2011-2015,outgoing
https://ror.org/02cm65z11,Universidade Estadual da Paraíba,BR,Brazil,2,SNS,2011-2015,outgoing
https://ror.org/02cmz8k74,Parsons School of Design,US,United States,1,SNS,2011-2015,outgoing
https://ror.org/02cn3rm21,Ludwig Cancer Research,CH,Switzerland,1,SNS,2011-2015,outgoing
https://ror.org/02cnsac56,Institut national d'études démographiques,FR,France,5,SNS,2011-2015,outgoing
https://ror.org/02cntrd02,Wayne State College,US,United States,3679,SNS,2011-2015,outgoing
https://ror.org/02cp04407,Université de Limoges,FR,France,21,SNS,2011-2015,outgoing
https://ror.org/02cpgaz56,Centro de Investigação em Biociências e Tecnologias da Saúde,PT,Portugal,1,SNS,2011-2015,outgoing
https://ror.org/02cq2e244,Pacific Earthquake Engineering Research Center,US,United States,1,SNS,2011-2015,outgoing
https://ror.org/02cqe8q68,Pathologisches Institut,DE,Germany,29,SNS,2011-2015,outgoing
https://ror.org/02crev113,Azienda Ospedaliero-Universitaria Careggi,IT,Italy,3,SNS,2011-2015,outgoing
https://ror.org/02crff812,University of Zurich,CH,Switzerland,6108,SNS,2011-2015,outgoing
https://ror.org/02crz6e12,Singapore Eye Research Institute,SG,Singapore,4,SNS,2011-2015,outgoing
https://ror.org/02cte4b68,Institut de Chimie,FR,France,580,SNS,2011-2015,outgoing
https://ror.org/02ctqqq48,Laboratoire d’Archéologie Moléculaire et Structurale,FR,France,1,SNS,2011-2015,outgoing
https://ror.org/02cwbgy35,East Texas Baptist University,US,United States,8,SNS,2011-2015,outgoing
https://ror.org/02cy9a842,Carmel Medical Center,IL,Israel,2,SNS,2011-2015,outgoing
https://ror.org/02cyw3861,Observatoire Terre et environnement de Lorraine,FR,France,4,SNS,2011-2015,outgoing
https://ror.org/02czkny70,Hefei University of Technology,CN,China,3,SNS,2011-2015,outgoing
https://ror.org/02czsnj07,Deakin University,AU,Australia,19,SNS,2011-2015,outgoing
https://ror.org/02d06s578,Chongqing University of Education,CN,China,1,SNS,2011-2015,outgoing
https://ror.org/02d0tyt78,Silpakorn University,TH,Thailand,1,SNS,2011-2015,outgoing
https://ror.org/02d1ved90,Dokuz Eylül Üniversitesi Hastanesi,TR,Turkey,906,SNS,2011-2015,outgoing
https://ror.org/02d217z27,Xinqiao Hospital,CN,China,3,SNS,2011-2015,outgoing
https://ror.org/02d2m2044,Agricultural Research Service,US,United States,20,SNS,2011-2015,outgoing
https://ror.org/02d3fj342,Hubei University of Technology,CN,China,1,SNS,2011-2015,outgoing
https://ror.org/02d4c4y02,University of Modena and Reggio Emilia,IT,Italy,2085,SNS,2011-2015,outgoing
https://ror.org/02d5ks197,"Chinese University of Hong Kong, Shenzhen",CN,China,1,SNS,2011-2015,outgoing
https://ror.org/02d8v0v24,Libera Università Maria SS. Assunta,IT,Italy,5,SNS,2011-2015,outgoing
https://ror.org/02d9ce178,Maastricht University Medical Centre,NL,The Netherlands,21,SNS,2011-2015,outgoing
https://ror.org/02d9dg697,École des hautes études en sciences sociales,FR,France,70,SNS,2011-2015,outgoing
https://ror.org/02d9gec76,Esade,ES,Spain,1,SNS,2011-2015,outgoing
https://ror.org/02davtb12,Centro San Giovanni di Dio Fatebenefratelli,IT,Italy,8,SNS,2011-2015,outgoing
https://ror.org/02dcp1550,Central Texas Veterans Health Care System,US,United States,5,SNS,2011-2015,outgoing
https://ror.org/02dcqy320,Hôpital Robert-Debré,FR,France,11,SNS,2011-2015,outgoing
https://ror.org/02dcv6909,Astrophysics Science Division,US,United States,82,SNS,2011-2015,outgoing
https://ror.org/02dd25k08,Laboratoire de Chimie et Biologie des Métaux,FR,France,5,SNS,2011-2015,outgoing
https://ror.org/02dfqxw09,Photon Science Innovation Center,JP,Japan,4,SNS,2011-2015,outgoing
https://ror.org/02dg0pv02,United Nations Children's Fund,US,United States,1,SNS,2011-2015,outgoing
https://ror.org/02dga6j42,École Supérieure des Sciences Économiques et Commerciales,FR,France,2,SNS,2011-2015,outgoing
https://ror.org/02dgjyy92,University of Miami,US,United States,72,SNS,2011-2015,outgoing
https://ror.org/02dh8ja68,Max Planck Institute for Mathematics,DE,Germany,7,SNS,2011-2015,outgoing
https://ror.org/02djn2x77,Fundación Juan March,ES,Spain,1,SNS,2011-2015,outgoing
https://ror.org/02djqfd08,Zhejiang University of Technology,CN,China,3,SNS,2011-2015,outgoing
https://ror.org/02dm87055,Centre for Demographic Studies,ES,Spain,1,SNS,2011-2015,outgoing
https://ror.org/02dmmay61,State Key Laboratory of Silicon Materials,CN,China,2,SNS,2011-2015,outgoing
https://ror.org/02dn7x778,Université Bourgogne Franche-Comté,FR,France,27,SNS,2011-2015,outgoing
https://ror.org/02dn9h927,Peoples' Friendship University of Russia,RU,Russia,12,SNS,2011-2015,outgoing
https://ror.org/02dnn6q67,Linkou Chang Gung Memorial Hospital,TW,Taiwan,2,SNS,2011-2015,outgoing
https://ror.org/02dp3a879,National Institute of Optics,IT,Italy,171,SNS,2011-2015,outgoing
https://ror.org/02dpqcy73,Centre de Biophysique Moléculaire,FR,France,2,SNS,2011-2015,outgoing
https://ror.org/02dqdxm48,Hamilton Health Sciences,CA,Canada,3,SNS,2011-2015,outgoing
https://ror.org/02dqehb95,Purdue University West Lafayette,US,United States,4407,SNS,2011-2015,outgoing
https://ror.org/02dr63s31,Institute of Genetic and Biomedical Research,IT,Italy,6,SNS,2011-2015,outgoing
https://ror.org/02drdmm93,Chinese Academy of Medical Sciences & Peking Union Medical College,CN,China,21,SNS,2011-2015,outgoing
https://ror.org/02drrjp49,University of Montenegro,ME,Montenegro,30,SNS,2011-2015,outgoing
https://ror.org/02dteh969,Centre For Development Studies,IN,India,2,SNS,2011-2015,outgoing
https://ror.org/02dveg925,University of Boumerdes,DZ,Algeria,1,SNS,2011-2015,outgoing
https://ror.org/02dvs1389,Laiko General Hospital of Athens,GR,Greece,1,SNS,2011-2015,outgoing
https://ror.org/02dw7ch21,Element Six (United Kingdom),GB,United Kingdom,1,SNS,2011-2015,outgoing
https://ror.org/02dwcqs71,All India Institute of Medical Sciences,IN,India,3,SNS,2011-2015,outgoing
https://ror.org/02dwzmz76,Gunma Astronomical Observatory,JP,Japan,1,SNS,2011-2015,outgoing
https://ror.org/02dxgk712,Search for Extraterrestrial Intelligence,US,United States,48,SNS,2011-2015,outgoing
https://ror.org/02dxx6824,Scripps Research Institute,US,United States,86,SNS,2011-2015,outgoing
https://ror.org/02dyaew97,Laboratoire de physique des Solides,FR,France,21,SNS,2011-2015,outgoing
https://ror.org/02dyjk442,Silesian University of Technology,PL,Poland,2,SNS,2011-2015,outgoing
https://ror.org/02dyxwz31,Athlone Institute of Technology,IE,Ireland,4,SNS,2011-2015,outgoing
https://ror.org/02dz2hb46,Division of Social and Economic Sciences,US,United States,1,SNS,2011-2015,outgoing
https://ror.org/02dzzka09,Sungkyul University,KR,South Korea,2398,SNS,2011-2015,outgoing
https://ror.org/02e0y6e06,Délégation Paris 5,FR,France,11,SNS,2011-2015,outgoing
https://ror.org/02e16g702,Hokkaido University,JP,Japan,121,SNS,2011-2015,outgoing
https://ror.org/02e16wz39,Moscow State University of Printing Arts,RU,Russia,18,SNS,2011-2015,outgoing
https://ror.org/02e1cpg76,Hauptman-Woodward Medical Research Institute,US,United States,1,SNS,2011-2015,outgoing
https://ror.org/02e22ra24,Ashoka Trust for Research in Ecology and the Environment,IN,India,1,SNS,2011-2015,outgoing
https://ror.org/02e24yw40,Donostia International Physics Center,ES,Spain,104,SNS,2011-2015,outgoing
https://ror.org/02e2c7k09,Delft University of Technology,NL,The Netherlands,264,SNS,2011-2015,outgoing
https://ror.org/02e2egq70,United States Air Force Research Laboratory,US,United States,21,SNS,2011-2015,outgoing
https://ror.org/02e2tgs60,Lamont-Doherty Earth Observatory,US,United States,1,SNS,2011-2015,outgoing
https://ror.org/02e3eqz10,Centre de Recherche en Myologie,FR,France,1,SNS,2011-2015,outgoing
https://ror.org/02e3ssq97,Don Carlo Gnocchi Foundation,IT,Italy,2,SNS,2011-2015,outgoing
https://ror.org/02e3zdp86,Boise State University,US,United States,18,SNS,2011-2015,outgoing
https://ror.org/02e463172,American Cancer Society,US,United States,1,SNS,2011-2015,outgoing
https://ror.org/02e46j381,State Key Laboratory of Genetic Resources and Evolution,CN,China,5,SNS,2011-2015,outgoing
https://ror.org/02e4qbj88,National Defense Medical College,JP,Japan,1,SNS,2011-2015,outgoing
https://ror.org/02e50va28,Statistics Norway,NO,Norway,4,SNS,2011-2015,outgoing
https://ror.org/02e5sbe24,Institute of Agricultural Biology and Biotechnology,IT,Italy,7,SNS,2011-2015,outgoing
https://ror.org/02e6wxz44,St Helens and Knowsley Teaching Hospitals NHS Trust,GB,United Kingdom,1,SNS,2011-2015,outgoing
https://ror.org/02e7b5302,Nanyang Technological University,SG,Singapore,162,SNS,2011-2015,outgoing
https://ror.org/02e8hzf44,Helsinki University Hospital,FI,Finland,36,SNS,2011-2015,outgoing
https://ror.org/02e91jd64,Universiti Putra Malaysia,MY,Malaysia,9,SNS,2011-2015,outgoing
https://ror.org/02e9dby02,Mediterranean Institute for Advanced Studies,ES,Spain,1,SNS,2011-2015,outgoing
https://ror.org/02e9w7q14,London Research and Development Centre,CA,Canada,1,SNS,2011-2015,outgoing
https://ror.org/02e9zc863,Kwangwoon University,KR,South Korea,2,SNS,2011-2015,outgoing
https://ror.org/02ea83075,Neurological Research Institute,US,United States,1,SNS,2011-2015,outgoing
https://ror.org/02eaafc18,Ege University,TR,Turkey,685,SNS,2011-2015,outgoing
https://ror.org/02eb4t121,Purple Mountain Observatory,CN,China,112,SNS,2011-2015,outgoing
https://ror.org/02ed2th17,Hopkins Extreme Materials Institute,US,United States,1,SNS,2011-2015,outgoing
https://ror.org/02egfyg20,China Center of Advanced Science and Technology,CN,China,79,SNS,2011-2015,outgoing
https://ror.org/02ek94012,Institute for Advanced Medical Research,US,United States,5,SNS,2011-2015,outgoing
https://ror.org/02ek9wp67,Groupement de Recherche en Économie Quantitative d’Aix-Marseille,FR,France,1,SNS,2011-2015,outgoing
https://ror.org/02emy8e21,Kings County Hospital Center,US,United States,1,SNS,2011-2015,outgoing
https://ror.org/02en5vm52,Sorbonne Université,FR,France,8392,SNS,2011-2015,outgoing
https://ror.org/02ep9vf55,University of Wisconsin–River Falls,US,United States,26,SNS,2011-2015,outgoing
https://ror.org/02eptjh02,Laboratoire d’études spatiales et d’instrumentation en astrophysique,FR,France,2,SNS,2011-2015,outgoing
https://ror.org/02epydz83,Marshall Space Flight Center,US,United States,43,SNS,2011-2015,outgoing
https://ror.org/02eq2w707,"National Academies of Sciences, Engineering, and Medicine",US,United States,399,SNS,2011-2015,outgoing
https://ror.org/02eq60031,Piri Reis University,TR,Turkey,22,SNS,2011-2015,outgoing
https://ror.org/02eqchk86,Daejeon University,KR,South Korea,2,SNS,2011-2015,outgoing
https://ror.org/02eqphf30,St. Mary Medical Center,US,United States,1,SNS,2011-2015,outgoing
https://ror.org/02er0sb79,EuroEspes Biomedical Research Center,ES,Spain,1,SNS,2011-2015,outgoing
https://ror.org/02erddr56,Laboratoire Albert Fert,FR,France,17,SNS,2011-2015,outgoing
https://ror.org/02erqft81,Marshall University,US,United States,2,SNS,2011-2015,outgoing
https://ror.org/02ets8c94,Indiana University School of Medicine,US,United States,27,SNS,2011-2015,outgoing
https://ror.org/02eva5865,Zuse Institute Berlin,DE,Germany,2,SNS,2011-2015,outgoing
https://ror.org/02evnh647,Saitama University,JP,Japan,29,SNS,2011-2015,outgoing
https://ror.org/02ex6cf31,Brookhaven National Laboratory,US,United States,2557,SNS,2011-2015,outgoing
https://ror.org/02exhb815,Royan Institute,IR,Iran,1,SNS,2011-2015,outgoing
https://ror.org/02exqgm79,Hitachi (Japan),JP,Japan,5,SNS,2011-2015,outgoing
https://ror.org/02f009v59,University of Haifa,IL,Israel,23,SNS,2011-2015,outgoing
https://ror.org/02f01mz90,Hospital Universitario Virgen de las Nieves,ES,Spain,1,SNS,2011-2015,outgoing
https://ror.org/02f0cra24,Geological Institute,RU,Russia,1,SNS,2011-2015,outgoing
https://ror.org/02f2nvw78,Australian Institute for Musculoskeletal Science,AU,Australia,2,SNS,2011-2015,outgoing
https://ror.org/02f2vsx71,Hungkuang University,TW,Taiwan,2,SNS,2011-2015,outgoing
https://ror.org/02f30ff69,Hospital General Universitario de Ciudad Real,ES,Spain,2,SNS,2011-2015,outgoing
https://ror.org/02f38b560,Hospital São Rafael,BR,Brazil,1,SNS,2011-2015,outgoing
https://ror.org/02f3xk561,Cancer Research Institute,US,United States,8,SNS,2011-2015,outgoing
https://ror.org/02f40zc51,Universidad de Salamanca,ES,Spain,119,SNS,2011-2015,outgoing
https://ror.org/02f42pw58,Yunnan Observatories,CN,China,48,SNS,2011-2015,outgoing
https://ror.org/02f4tsf92,MRC Centre for Reproductive Health,GB,United Kingdom,1,SNS,2011-2015,outgoing
https://ror.org/02f51rf24,Regeneron (United States),US,United States,4,SNS,2011-2015,outgoing
https://ror.org/02f5b7n18,Max Planck Institute for Chemistry,DE,Germany,10,SNS,2011-2015,outgoing
https://ror.org/02f6dcw23,The University of Texas at San Antonio Health Science Center,US,United States,53,SNS,2011-2015,outgoing
https://ror.org/02f6v4t81,Xinjiang Institute of Water Resources and Hydropower Research,CN,China,2,SNS,2011-2015,outgoing
https://ror.org/02f7k4z58,Davidson College,US,United States,1,SNS,2011-2015,outgoing
https://ror.org/02f7sfa33,John F. Kennedy Center for the Performing Arts,US,United States,2,SNS,2011-2015,outgoing
https://ror.org/02f7wz369,Université Pierre Mendès France,FR,France,1,SNS,2011-2015,outgoing
https://ror.org/02f81g417,King Saud University,SA,Saudi Arabia,20,SNS,2011-2015,outgoing
https://ror.org/02f99v835,German Primate Center,DE,Germany,6,SNS,2011-2015,outgoing
https://ror.org/02f9det96,University of Hildesheim,DE,Germany,6,SNS,2011-2015,outgoing
https://ror.org/02f9k5d27,African Institute for Mathematical Sciences,ZA,South Africa,119,SNS,2011-2015,outgoing
https://ror.org/02f9zrr09,Novartis (Switzerland),CH,Switzerland,33,SNS,2011-2015,outgoing
https://ror.org/02fa3aq29,McMaster University,CA,Canada,307,SNS,2011-2015,outgoing
https://ror.org/02fa5cb34,Institut für Schlaganfall- und Demenzforschung,DE,Germany,3,SNS,2011-2015,outgoing
https://ror.org/02fabx761,De Nederlandsche Bank,NL,The Netherlands,7,SNS,2011-2015,outgoing
https://ror.org/02fafrk51,Telemark Hospital,NO,Norway,1,SNS,2011-2015,outgoing
https://ror.org/02faywq38,Japanese Red Cross Kumamoto Hospital,JP,Japan,1,SNS,2011-2015,outgoing
https://ror.org/02fdb8q57,Saint-Gobain (France),FR,France,3,SNS,2011-2015,outgoing
https://ror.org/02fdv8735,Lagrange Laboratory,FR,France,32,SNS,2011-2015,outgoing
https://ror.org/02feahw73,Centre National de la Recherche Scientifique,FR,France,18880,SNS,2011-2015,outgoing
https://ror.org/02fgakj19,Centre Neurosciences intégratives et Cognition,FR,France,2,SNS,2011-2015,outgoing
https://ror.org/02fgvvg92,National Nutrition and Food Technology Research Institute,IR,Iran,1,SNS,2011-2015,outgoing
https://ror.org/02fha3693,University Hospitals of Leicester NHS Trust,GB,United Kingdom,4,SNS,2011-2015,outgoing
https://ror.org/02fhfw393,Montanuniversität Leoben,AT,Austria,3,SNS,2011-2015,outgoing
https://ror.org/02fhgbp51,National Institute of Education,SG,Singapore,12,SNS,2011-2015,outgoing
https://ror.org/02fhvxj45,Temple University Health System,US,United States,9,SNS,2011-2015,outgoing
https://ror.org/02fj6b627,Guangxi University of Science and Technology,CN,China,1,SNS,2011-2015,outgoing
https://ror.org/02fjy3w42,Ivanovo State University of Chemistry and Technology,RU,Russia,18,SNS,2011-2015,outgoing
https://ror.org/02fkw1114,Institute for the Chemistry of OrganoMetallic Compounds,IT,Italy,914,SNS,2011-2015,outgoing
https://ror.org/02fncne76,Kentucky Wesleyan College,US,United States,2,SNS,2011-2015,outgoing
https://ror.org/02fnpv153,American Association For Cancer Research,US,United States,1,SNS,2011-2015,outgoing
https://ror.org/02frkq021,Siberian Branch of the Russian Academy of Sciences,RU,Russia,3945,SNS,2011-2015,outgoing
https://ror.org/02frt9q65,Guangxi Normal University,CN,China,74,SNS,2011-2015,outgoing
https://ror.org/02frzq211,UK Biobank,GB,United Kingdom,1,SNS,2011-2015,outgoing
https://ror.org/02fs2bc65,Discovery Laboratories (United States),US,United States,1,SNS,2011-2015,outgoing
https://ror.org/02fsfnf94,Institute of Molecular and Cell Biology,RU,Russia,1,SNS,2011-2015,outgoing
https://ror.org/02fsxgh46,Hôpital l'Archet,FR,France,4,SNS,2011-2015,outgoing
https://ror.org/02ft5tp06,Délégation Ile-de-France Ouest et Nord,FR,France,4,SNS,2011-2015,outgoing
https://ror.org/02ftce284,Laboratoire Charles Coulomb,FR,France,75,SNS,2011-2015,outgoing
https://ror.org/02fvaj957,Spelman College,US,United States,2,SNS,2011-2015,outgoing
https://ror.org/02fwden70,Astronomical Observatory of Capodimonte,IT,Italy,9,SNS,2011-2015,outgoing
https://ror.org/02fzfx471,Indira Gandhi National Open University,IN,India,1,SNS,2011-2015,outgoing
https://ror.org/02fzvr850,French School at Athens,GR,Greece,1,SNS,2011-2015,outgoing
https://ror.org/02fzxed89,American Statistical Association,US,United States,1,SNS,2011-2015,outgoing
https://ror.org/02g02rq35,Centers for Medicare and Medicaid Services,US,United States,17,SNS,2011-2015,outgoing
https://ror.org/02g40zn06,Institut de Psychiatrie et Neurosciences de Paris,FR,France,1,SNS,2011-2015,outgoing
https://ror.org/02g6y2720,Unité de Glycobiologie Structurale et Fonctionnelle,FR,France,2,SNS,2011-2015,outgoing
https://ror.org/02g7kd627,Villanova University,US,United States,1,SNS,2011-2015,outgoing
https://ror.org/02g7qcb42,Osakidetza,ES,Spain,1,SNS,2011-2015,outgoing
https://ror.org/02g87qh62,Centro de Investigación Biomédica en Red,ES,Spain,2,SNS,2011-2015,outgoing
https://ror.org/02g9nss57,Anyang Normal University,CN,China,19,SNS,2011-2015,outgoing
https://ror.org/02gagpf75,NORCE Research AS,NO,Norway,1,SNS,2011-2015,outgoing
https://ror.org/02gaqn537,Royal Cornhill Hospital,GB,United Kingdom,1,SNS,2011-2015,outgoing
https://ror.org/02gars961,Winship Cancer Institute,US,United States,9,SNS,2011-2015,outgoing
https://ror.org/02gaw1s20,Laboratoire de Chimie,FR,France,27,SNS,2011-2015,outgoing
https://ror.org/02gb0hd06,United States Army Institute of Surgical Research,US,United States,1,SNS,2011-2015,outgoing
https://ror.org/02gbdhj19,National Center for Agricultural Utilization Research,US,United States,2,SNS,2011-2015,outgoing
https://ror.org/02gbgwz87,Allan Wilson Centre,NZ,New Zealand,2,SNS,2011-2015,outgoing
https://ror.org/02gcp3110,Charing Cross Hospital,GB,United Kingdom,1,SNS,2011-2015,outgoing
https://ror.org/02gdcg342,Université du littoral côte d'opale,FR,France,5,SNS,2011-2015,outgoing
https://ror.org/02gdcn153,Institute of Informatics and Telematics,IT,Italy,21,SNS,2011-2015,outgoing
https://ror.org/02gdzyx04,University of Winnipeg,CA,Canada,2,SNS,2011-2015,outgoing
https://ror.org/02ge60j37,Scott & White Memorial Hospital,US,United States,1,SNS,2011-2015,outgoing
https://ror.org/02gfc7t72,Consejo Superior de Investigaciones Científicas,ES,Spain,7149,SNS,2011-2015,outgoing
https://ror.org/02gffk937,Shriners Hospitals for Children - Erie,US,United States,1,SNS,2011-2015,outgoing
https://ror.org/02gfys938,University of Manitoba,CA,Canada,25,SNS,2011-2015,outgoing
https://ror.org/02ggaqt78,Laser Fusion Research Center,CN,China,1,SNS,2011-2015,outgoing
https://ror.org/02ggzyd20,Direction de la Recherche Technologique,FR,France,13,SNS,2011-2015,outgoing
https://ror.org/02gh4kt33,National Institute for Astrophysics,IT,Italy,3259,SNS,2011-2015,outgoing
https://ror.org/02gk9bd41,Nueta Hidatsa Sahnish College,US,United States,23,SNS,2011-2015,outgoing
https://ror.org/02gkgrd84,Evgeni Kharadze Georgian National Astrophysical Observatory,GE,Georgia,28,SNS,2011-2015,outgoing
https://ror.org/02gm5zw39,Universitätsklinikum Aachen,DE,Germany,6,SNS,2011-2015,outgoing
https://ror.org/02gm7te43,Norwegian Computing Center,NO,Norway,18,SNS,2011-2015,outgoing
https://ror.org/02gn3zg65,Colorado State University Pueblo,US,United States,2,SNS,2011-2015,outgoing
https://ror.org/02gn50d10,Centre de Recherche sur l'Inflammation,FR,France,2,SNS,2011-2015,outgoing
https://ror.org/02gntzb40,Pohang Accelerator Laboratory,KR,South Korea,4,SNS,2011-2015,outgoing
https://ror.org/02gp35s66,Universidade Federal da Integração Latino-Americana,BR,Brazil,1,SNS,2011-2015,outgoing
https://ror.org/02grkyz14,Western University,CA,Canada,97,SNS,2011-2015,outgoing
https://ror.org/02gs2e959,Royal North Shore Hospital,AU,Australia,10,SNS,2011-2015,outgoing
https://ror.org/02gs3vg83,ARC Centre of Excellence for Coherent X-ray Science,AU,Australia,9,SNS,2011-2015,outgoing
https://ror.org/02gsb6172,Federal Reserve Bank of Philadelphia,US,United States,5,SNS,2011-2015,outgoing
https://ror.org/02gvvc992,Amgen (United Kingdom),GB,United Kingdom,1,SNS,2011-2015,outgoing
https://ror.org/02gwt2810,Laboratoire des Interactions Plantes Microbes Environnement,FR,France,1,SNS,2011-2015,outgoing
https://ror.org/02gwxj243,bioMérieux (United States),US,United States,1,SNS,2011-2015,outgoing
https://ror.org/02gxych78,Shantou University Medical College,CN,China,2,SNS,2011-2015,outgoing
https://ror.org/02gy6qp39,Allegheny General Hospital,US,United States,1,SNS,2011-2015,outgoing
https://ror.org/02gyps716,University of Évora,PT,Portugal,6,SNS,2011-2015,outgoing
https://ror.org/02gz3b342,École nationale supérieure de chimie de Mulhouse,FR,France,1,SNS,2011-2015,outgoing
https://ror.org/02gz6gg07,Florida International University,US,United States,2114,SNS,2011-2015,outgoing
https://ror.org/02h0g9r59,Institut UTINAM,FR,France,22,SNS,2011-2015,outgoing
https://ror.org/02h0ps145,GlobalFoundries (United States),US,United States,1,SNS,2011-2015,outgoing
https://ror.org/02h158026,Institut de Recherche sur les Systèmes Atomiques et Moléculaires Complexes,FR,France,403,SNS,2011-2015,outgoing
https://ror.org/02h1b1x27,University of the Andes,VE,Venezuela,2,SNS,2011-2015,outgoing
https://ror.org/02h1e8605,Erzincan Binali Yıldırım University,TR,Turkey,591,SNS,2011-2015,outgoing
https://ror.org/02h1nk258,Max Planck Institute for Brain Research,DE,Germany,11,SNS,2011-2015,outgoing
https://ror.org/02h1qnm70,Alexander von Humboldt Institute for Internet and Society,DE,Germany,1,SNS,2011-2015,outgoing
https://ror.org/02h2x0161,GEOMAR Helmholtz Centre for Ocean Research Kiel,DE,Germany,5,SNS,2011-2015,outgoing
https://ror.org/02h3se683,American College of Medical Genetics,US,United States,1,SNS,2011-2015,outgoing
https://ror.org/02h41sr05,Earth and Planets Laboratory,US,United States,15,SNS,2011-2015,outgoing
https://ror.org/02h503d38,"Ministerio de Ciencia, Tecnología e Innovación",AR,Argentina,8,SNS,2011-2015,outgoing
https://ror.org/02h6cs343,Aichi Medical University,JP,Japan,4,SNS,2011-2015,outgoing
https://ror.org/02h6vef88,Institute for Analytical Instrumentation,RU,Russia,1,SNS,2011-2015,outgoing
https://ror.org/02h74qa12,Mútua Terrassa,ES,Spain,5,SNS,2011-2015,outgoing
https://ror.org/02h7vfp25,Instituto de Cerámica y Vidrio,ES,Spain,3,SNS,2011-2015,outgoing
https://ror.org/02h7vzs32,Korea Development Institute,KR,South Korea,1,SNS,2011-2015,outgoing
https://ror.org/02h8a1848,Ningxia Medical University,CN,China,1,SNS,2011-2015,outgoing
https://ror.org/02h905004,Christiana Care Health System,US,United States,2,SNS,2011-2015,outgoing
https://ror.org/02haar591,Institut Pierre-Simon Laplace,FR,France,6,SNS,2011-2015,outgoing
https://ror.org/02hb7bm88,Natural Resources Institute Finland,FI,Finland,3,SNS,2011-2015,outgoing
https://ror.org/02hbfck57,AARP,US,United States,1,SNS,2011-2015,outgoing
https://ror.org/02hbhxa68,Airbus (United Kingdom),GB,United Kingdom,6,SNS,2011-2015,outgoing
https://ror.org/02hbrab76,"Hospital de Clínicas ""José de San Martín""",AR,Argentina,1,SNS,2011-2015,outgoing
https://ror.org/02hcsa680,IFOM,IT,Italy,10,SNS,2011-2015,outgoing
https://ror.org/02hcv4z63,Minia University,EG,Egypt,1,SNS,2011-2015,outgoing
https://ror.org/02hcx7n63,Toho University,JP,Japan,358,SNS,2011-2015,outgoing
https://ror.org/02hdf6119,Istituto di Scienze Marine del Consiglio Nazionale delle Ricerche,IT,Italy,3,SNS,2011-2015,outgoing
https://ror.org/02he2nc27,National Research Tomsk State University,RU,Russia,5,SNS,2011-2015,outgoing
https://ror.org/02he5dz58,Institut des Sciences Cognitives Marc Jeannerod,FR,France,2,SNS,2011-2015,outgoing
https://ror.org/02hf6mx60,National Research University of Electronic Technology,RU,Russia,2177,SNS,2011-2015,outgoing
https://ror.org/02hfws565,Northwick Park Institute for Medical Research,GB,United Kingdom,1,SNS,2011-2015,outgoing
https://ror.org/02hg6xf68,Applied Quantum Technologies (United States),US,United States,1,SNS,2011-2015,outgoing
https://ror.org/02hh7en24,University of Colorado Denver,US,United States,85,SNS,2011-2015,outgoing
https://ror.org/02hhwgd43,University of Sarajevo,BA,Bosnia and Herzegovina,12,SNS,2011-2015,outgoing
https://ror.org/02hj1n344,Industriale Chimica (Italy),IT,Italy,523,SNS,2011-2015,outgoing
https://ror.org/02hnp4676,Astronomical Observatory of Rome,IT,Italy,13,SNS,2011-2015,outgoing
https://ror.org/02hpa6m94,Material Physics Center,ES,Spain,85,SNS,2011-2015,outgoing
https://ror.org/02hpadn98,Bielefeld University,DE,Germany,193,SNS,2011-2015,outgoing
https://ror.org/02hqczw19,State Key Laboratory of Bioreactor Engineering,CN,China,1,SNS,2011-2015,outgoing
https://ror.org/02hqkr514,University of the Philippines System,PH,Philippines,5,SNS,2011-2015,outgoing
https://ror.org/02hqwnx33,Western Digital (United States),US,United States,1,SNS,2011-2015,outgoing
https://ror.org/02hrree94,Gomel State Medical University,BY,Belarus,2,SNS,2011-2015,outgoing
https://ror.org/02hrw4545,Fundación Para la Gestión de la Investigación Biomédica de Cádiz,ES,Spain,1,SNS,2011-2015,outgoing
https://ror.org/02hssy432,Istituto Superiore di Sanità,IT,Italy,70,SNS,2011-2015,outgoing
https://ror.org/02hstj355,Manchester Metropolitan University,GB,United Kingdom,10,SNS,2011-2015,outgoing
https://ror.org/02ht4fk33,Instituto de Telecomunicações,PT,Portugal,10,SNS,2011-2015,outgoing
https://ror.org/02ht65c11,SPZ Frankfurt Mitte,DE,Germany,1,SNS,2011-2015,outgoing
https://ror.org/02htdjb57,Bial (Portugal),PT,Portugal,8,SNS,2011-2015,outgoing
https://ror.org/02hv5e369,Roche (China),CN,China,1,SNS,2011-2015,outgoing
https://ror.org/02hvt5f17,Tampere University Hospital,FI,Finland,3,SNS,2011-2015,outgoing
https://ror.org/02hw5fp67,National Institute for Environmental Studies,JP,Japan,5,SNS,2011-2015,outgoing
https://ror.org/02hwgty18,Institut de Recherche Mathématique Avancée,FR,France,1,SNS,2011-2015,outgoing
https://ror.org/02hwjhx76,Universities Norway,NO,Norway,40,SNS,2011-2015,outgoing
https://ror.org/02hwp6a56,Kanazawa University,JP,Japan,208,SNS,2011-2015,outgoing
https://ror.org/02hx0yn76,Quest University Canada,CA,Canada,5,SNS,2011-2015,outgoing
https://ror.org/02hxfx521,Dalian Minzu University,CN,China,1,SNS,2011-2015,outgoing
https://ror.org/02j15s898,The Wallace H. Coulter Department of Biomedical Engineering,US,United States,13,SNS,2011-2015,outgoing
https://ror.org/02j1m6098,Duke-NUS Medical School,SG,Singapore,1,SNS,2011-2015,outgoing
https://ror.org/02j2d2g70,"Ministry of Trade, Industry and Fisheries",NO,Norway,1,SNS,2011-2015,outgoing
https://ror.org/02j3xat32,National Iranian Oil Company (Iran),IR,Iran,2,SNS,2011-2015,outgoing
https://ror.org/02j46qs45,Masaryk University,CZ,Czechia,56,SNS,2011-2015,outgoing
https://ror.org/02j58f715,Fermi Research Alliance,US,United States,7,SNS,2011-2015,outgoing
https://ror.org/02j61yw88,Aristotle University of Thessaloniki,GR,Greece,1346,SNS,2011-2015,outgoing
https://ror.org/02j6c0d67,Kanagawa University,JP,Japan,491,SNS,2011-2015,outgoing
https://ror.org/02j6gm739,Max Planck Institute for Solar System Research,DE,Germany,15,SNS,2011-2015,outgoing
https://ror.org/02j7n9748,Lancashire Teaching Hospitals NHS Foundation Trust,GB,United Kingdom,2,SNS,2011-2015,outgoing
https://ror.org/02j7y6936,Centre for BioSystems Genomics,NL,The Netherlands,5,SNS,2011-2015,outgoing
https://ror.org/02j89k719,Fujian Institute of Research on the Structure of Matter,CN,China,4,SNS,2011-2015,outgoing
https://ror.org/02j8pe645,National Academy of Sciences of Belarus,BY,Belarus,1331,SNS,2011-2015,outgoing
https://ror.org/02ja0m249,Shirley Ryan AbilityLab,US,United States,1,SNS,2011-2015,outgoing
https://ror.org/02jb60a57,Centre of Social and Psychological Sciences of the Slovak Academy of Sciences,SK,Slovakia,3,SNS,2011-2015,outgoing
https://ror.org/02jb7ng92,Moorgreen Hospital,GB,United Kingdom,2,SNS,2011-2015,outgoing
https://ror.org/02jbayz55,University of Khartoum,SD,Sudan,1,SNS,2011-2015,outgoing
https://ror.org/02jbv0t02,Lawrence Berkeley National Laboratory,US,United States,6660,SNS,2011-2015,outgoing
https://ror.org/02jet3w32,LMU Klinikum,DE,Germany,67,SNS,2011-2015,outgoing
https://ror.org/02jeykk09,Imam Khomeini International University,IR,Iran,4,SNS,2011-2015,outgoing
https://ror.org/02jfa8730,Chevron (United States),US,United States,1,SNS,2011-2015,outgoing
https://ror.org/02jgsf398,Wuhan Textile University,CN,China,1,SNS,2011-2015,outgoing
https://ror.org/02jgyam08,Max Planck Institute for Demographic Research,DE,Germany,16,SNS,2011-2015,outgoing
https://ror.org/02jhjzd11,Ecole Nationale du Génie de l'Eau et de l'Environnement de Strasbourg (ENGEES),FR,France,1,SNS,2011-2015,outgoing
https://ror.org/02jj93564,Universidad Pontificia de Salamanca,ES,Spain,1,SNS,2011-2015,outgoing
https://ror.org/02jjdbb85,State Key Laboratory of Electroanalytical Chemistry,CN,China,20,SNS,2011-2015,outgoing
https://ror.org/02jjdwm75,IE University,ES,Spain,3747,SNS,2011-2015,outgoing
https://ror.org/02jkmyk67,Academy of Mathematics and Systems Science,CN,China,19,SNS,2011-2015,outgoing
https://ror.org/02jktn113,International Center for Relativistic Astrophysics,IT,Italy,6,SNS,2011-2015,outgoing
https://ror.org/02jm1re07,Catholic University of Eastern Africa,KE,Kenya,1,SNS,2011-2015,outgoing
https://ror.org/02jmfj006,"Vietnam National University, Hanoi",VN,Vietnam,473,SNS,2011-2015,outgoing
https://ror.org/02jmk1h66,St. John's University of Tanzania,TZ,Tanzania,1,SNS,2011-2015,outgoing
https://ror.org/02jn36537,Southwest Hospital,CN,China,2,SNS,2011-2015,outgoing
https://ror.org/02jnxpg76,Ministry of Finance of the People's Republic of China,CN,China,79,SNS,2011-2015,outgoing
https://ror.org/02jqapy19,Qingdao Municipal Hospital,CN,China,4,SNS,2011-2015,outgoing
https://ror.org/02jqj7156,George Mason University,US,United States,105,SNS,2011-2015,outgoing
https://ror.org/02jqkb192,Biogen (United States),US,United States,6,SNS,2011-2015,outgoing
https://ror.org/02jqtg033,Institute for Energy Technology,NO,Norway,2,SNS,2011-2015,outgoing
https://ror.org/02jr6tp70,Federico II University Hospital,IT,Italy,2,SNS,2011-2015,outgoing
https://ror.org/02jrgcx64,University of New Caledonia,FR,France,2,SNS,2011-2015,outgoing
https://ror.org/02js37d36,IBM Research - Zurich,CH,Switzerland,11,SNS,2011-2015,outgoing
https://ror.org/02jsxsw65,Instituto Tecnológico de Puebla,MX,Mexico,9,SNS,2011-2015,outgoing
https://ror.org/02jthx987,Institut de Neurobiologie de la Méditerranée,FR,France,5,SNS,2011-2015,outgoing
https://ror.org/02jtr7413,Takasago (United States),US,United States,3,SNS,2011-2015,outgoing
https://ror.org/02jv3k292,"Sofia University ""St. Kliment Ohridski""",BG,Bulgaria,2187,SNS,2011-2015,outgoing
https://ror.org/02jvjmd55,University of New Mexico Health Sciences Center,US,United States,13,SNS,2011-2015,outgoing
https://ror.org/02jx3x895,University College London,GB,United Kingdom,4922,SNS,2011-2015,outgoing
https://ror.org/02jxrhq31,Melanoma Institute Australia,AU,Australia,7,SNS,2011-2015,outgoing
https://ror.org/02jya5567,Beirut Arab University,LB,Lebanon,1,SNS,2011-2015,outgoing
https://ror.org/02jz4aj89,Maastricht University,NL,The Netherlands,1588,SNS,2011-2015,outgoing
https://ror.org/02jzgtq86,Dana-Farber Cancer Institute,US,United States,100,SNS,2011-2015,outgoing
https://ror.org/02jzrsm59,National Institute on Alcohol Abuse and Alcoholism,US,United States,12,SNS,2011-2015,outgoing
https://ror.org/02k09n368,Barcelona School of Economics,ES,Spain,2,SNS,2011-2015,outgoing
https://ror.org/02k0t9a94,Sankara Nethralaya,IN,India,1,SNS,2011-2015,outgoing
https://ror.org/02k1zhm92,"Istituto Nazionale di Fisica Nucleare, Laboratori Nazionali del Sud",IT,Italy,22,SNS,2011-2015,outgoing
https://ror.org/02k284p70,Academy of Scientific Research and Technology,EG,Egypt,6,SNS,2011-2015,outgoing
https://ror.org/02k3cxs74,St Vincents Institute of Medical Research,AU,Australia,3,SNS,2011-2015,outgoing
https://ror.org/02k3smh20,University of Kentucky,US,United States,373,SNS,2011-2015,outgoing
https://ror.org/02k3v9512,National Veterinary Research Institute,PL,Poland,1,SNS,2011-2015,outgoing
https://ror.org/02k40bc56,Indiana University Bloomington,US,United States,41,SNS,2011-2015,outgoing
https://ror.org/02k4h0334,NOAA National Ocean Service,US,United States,1315,SNS,2011-2015,outgoing
https://ror.org/02k4pxv54,National Geospatial-Intelligence Agency,US,United States,25,SNS,2011-2015,outgoing
https://ror.org/02k5gp281,Harokopio University of Athens,GR,Greece,2,SNS,2011-2015,outgoing
https://ror.org/02k5kx966,Universidad Politécnica de Cartagena,ES,Spain,8,SNS,2011-2015,outgoing
https://ror.org/02k5swt12,Universidade Federal de São Paulo,BR,Brazil,2,SNS,2011-2015,outgoing
https://ror.org/02k7v4d05,University of Bern,CH,Switzerland,1688,SNS,2011-2015,outgoing
https://ror.org/02k7wn190,University of Parma,IT,Italy,325,SNS,2011-2015,outgoing
https://ror.org/02k8cbn47,GSI Helmholtz Centre for Heavy Ion Research,DE,Germany,370,SNS,2011-2015,outgoing
https://ror.org/02k8f5n40,Laboratoire Cognitions Humaine et Artificielle,FR,France,2,SNS,2011-2015,outgoing
https://ror.org/02k9vew78,Université Nice Sophia Antipolis,FR,France,317,SNS,2011-2015,outgoing
https://ror.org/02kak3e04,Aurora St. Luke's Medical Center,US,United States,1,SNS,2011-2015,outgoing
https://ror.org/02kb89c09,University of Sciences and Technology Houari Boumediene,DZ,Algeria,2,SNS,2011-2015,outgoing
https://ror.org/02kb97560,University Hospitals Seidman Cancer Center,US,United States,1,SNS,2011-2015,outgoing
https://ror.org/02kbeme12,State Key Laboratory of Oxo Synthesis and Selective Oxidation,CN,China,2,SNS,2011-2015,outgoing
https://ror.org/02kbmgc12,AgroParisTech,FR,France,25,SNS,2011-2015,outgoing
https://ror.org/02kcbn207,IMEC,BE,Belgium,5,SNS,2011-2015,outgoing
https://ror.org/02kcpr174,MRC Human Immunology Unit,GB,United Kingdom,7,SNS,2011-2015,outgoing
https://ror.org/02ke8fw32,Shandong Agricultural University,CN,China,3,SNS,2011-2015,outgoing
https://ror.org/02keg3263,Cheju Halla University,KR,South Korea,3,SNS,2011-2015,outgoing
https://ror.org/02kegw676,Instituto Nacional de Engenharia Biomédica,PT,Portugal,2,SNS,2011-2015,outgoing
https://ror.org/02kesvt12,National University of Science and Technology,ZW,Zimbabwe,11,SNS,2011-2015,outgoing
https://ror.org/02ketev28,Texas Oncology,US,United States,2,SNS,2011-2015,outgoing
https://ror.org/02kfzvh91,Fraunhofer Institute for Solar Energy Systems,DE,Germany,2,SNS,2011-2015,outgoing
https://ror.org/02kgve346,NOAA Oceanic and Atmospheric Research,US,United States,4,SNS,2011-2015,outgoing
https://ror.org/02kh2f959,Marine Scotland,GB,United Kingdom,1,SNS,2011-2015,outgoing
https://ror.org/02khfkr46,Institute of Electron Technology,PL,Poland,2,SNS,2011-2015,outgoing
https://ror.org/02khxwt12,MRC Molecular Haematology Unit,GB,United Kingdom,1,SNS,2011-2015,outgoing
https://ror.org/02kjggt26,Turun Yliopistosäätiö,FI,Finland,40,SNS,2011-2015,outgoing
https://ror.org/02kjq0603,American Bar Foundation,US,United States,1,SNS,2011-2015,outgoing
https://ror.org/02kjyst95,South Asian University,IN,India,1,SNS,2011-2015,outgoing
https://ror.org/02kknsa06,Central University of Punjab,IN,India,2,SNS,2011-2015,outgoing
https://ror.org/02kkvpp62,Technical University of Munich,DE,Germany,1116,SNS,2011-2015,outgoing
https://ror.org/02kkwkt79,HES-SO Fribourg,CH,Switzerland,1,SNS,2011-2015,outgoing
https://ror.org/02kn5wf75,Innlandet Hospital Trust,NO,Norway,1,SNS,2011-2015,outgoing
https://ror.org/02kn6nx58,Keio University,JP,Japan,50,SNS,2011-2015,outgoing
https://ror.org/02kp7p620,Central Leather Research Institute,IN,India,6,SNS,2011-2015,outgoing
https://ror.org/02kpeqv85,Kyoto University,JP,Japan,2020,SNS,2011-2015,outgoing
https://ror.org/02kq26x23,Hellenic Open University,GR,Greece,33,SNS,2011-2015,outgoing
https://ror.org/02kqnpp86,"University of Campania ""Luigi Vanvitelli""",IT,Italy,204,SNS,2011-2015,outgoing
https://ror.org/02ks53214,Max Planck Institute for Chemical Ecology,DE,Germany,3,SNS,2011-2015,outgoing
https://ror.org/02ks8qq67,Hungarian Academy of Sciences,HU,Hungary,3571,SNS,2011-2015,outgoing
https://ror.org/02kswqa67,Marmara University,TR,Turkey,417,SNS,2011-2015,outgoing
https://ror.org/02kta5139,Universidad Autónoma Metropolitana,MX,Mexico,15,SNS,2011-2015,outgoing
https://ror.org/02kv4zf79,National Science and Technology Council,TW,Taiwan,6,SNS,2011-2015,outgoing
https://ror.org/02kvxyf05,Institut national de recherche en sciences et technologies du numérique,FR,France,229,SNS,2011-2015,outgoing
https://ror.org/02kwnkm68,Henry Ford Health System,US,United States,5,SNS,2011-2015,outgoing
https://ror.org/02kx1hs47,Brera Astronomical Observatory,IT,Italy,19,SNS,2011-2015,outgoing
https://ror.org/02kxbqc24,Kerman University of Medical Sciences,IR,Iran,1,SNS,2011-2015,outgoing
https://ror.org/02kxjxy06,Centre Hospitalier Sainte-Anne,FR,France,1,SNS,2011-2015,outgoing
https://ror.org/02kxw0b63,Zhijiang College of Zhejiang University of Technology,CN,China,1,SNS,2011-2015,outgoing
https://ror.org/02kxw8q35,Sumitomo Bakelite (Japan),JP,Japan,1,SNS,2011-2015,outgoing
https://ror.org/02ky6c719,Johnson Controls (United States),US,United States,295,SNS,2011-2015,outgoing
https://ror.org/02kyckx55,University of Akron,US,United States,8,SNS,2011-2015,outgoing
https://ror.org/02kzqn938,Université de Lille,FR,France,181,SNS,2011-2015,outgoing
https://ror.org/02kzs4y22,UConn Health,US,United States,15,SNS,2011-2015,outgoing
https://ror.org/02kzxd152,Medical University Plovdiv,BG,Bulgaria,2,SNS,2011-2015,outgoing
https://ror.org/02m0hy518,Laboratoire d'études sur les monothéismes,FR,France,1,SNS,2011-2015,outgoing
https://ror.org/02m15g174,Diabetes Care Center,US,United States,1,SNS,2011-2015,outgoing
https://ror.org/02m2rj159,Pharmaceutical Sciences Research Center,IR,Iran,1,SNS,2011-2015,outgoing
https://ror.org/02m388s04,Department of Atomic Energy,IN,India,417,SNS,2011-2015,outgoing
https://ror.org/02m3w2z38,Office for Health Improvement and Disparities,GB,United Kingdom,1,SNS,2011-2015,outgoing
https://ror.org/02m44ak47,Instituto Nacional de Técnica Aeroespacial,ES,Spain,168,SNS,2011-2015,outgoing
https://ror.org/02m5dy175,Georgia Tech Lorraine,FR,France,1,SNS,2011-2015,outgoing
https://ror.org/02m5srn05,Japan Research Institute,JP,Japan,1,SNS,2011-2015,outgoing
https://ror.org/02m62qy71,Örebro University Hospital,SE,Sweden,1,SNS,2011-2015,outgoing
https://ror.org/02m82p074,Suez Canal University,EG,Egypt,590,SNS,2011-2015,outgoing
https://ror.org/02m8qhj08,Anton de Kom University of Suriname,SR,Suriname,51,SNS,2011-2015,outgoing
https://ror.org/02m9cs548,Laboratoire de Réactivité et Chimie des Solides,FR,France,1,SNS,2011-2015,outgoing
https://ror.org/02m9kbe37,Université de Toulon,FR,France,333,SNS,2011-2015,outgoing
https://ror.org/02ma4wv74,King Abdulaziz University,SA,Saudi Arabia,515,SNS,2011-2015,outgoing
https://ror.org/02ma57s91,Universidad de Santiago de Chile,CL,Chile,17,SNS,2011-2015,outgoing
https://ror.org/02ma7yv75,Institute of Nanotechnology,GB,United Kingdom,15,SNS,2011-2015,outgoing
https://ror.org/02mb95055,"Birkbeck, University of London",GB,United Kingdom,33,SNS,2011-2015,outgoing
https://ror.org/02mb9s657,Hampden–Sydney College,US,United States,1,SNS,2011-2015,outgoing
https://ror.org/02mbd5571,University of Bergamo,IT,Italy,225,SNS,2011-2015,outgoing
https://ror.org/02mby1820,Azienda USL di Bologna,IT,Italy,2,SNS,2011-2015,outgoing
https://ror.org/02mc6qk71,Laboratoire de Physique et Modélisation des Milieux Condensés,FR,France,30,SNS,2011-2015,outgoing
https://ror.org/02md8hv62,Sheffield Children's NHS Foundation Trust,GB,United Kingdom,6,SNS,2011-2015,outgoing
https://ror.org/02me5cy06,Institut de Biologie du Développement Marseille,FR,France,5,SNS,2011-2015,outgoing
https://ror.org/02meqm098,National Center for Biotechnology Information,US,United States,25,SNS,2011-2015,outgoing
https://ror.org/02mfjm186,Association of Rheumatologists of Russia,RU,Russia,1,SNS,2011-2015,outgoing
https://ror.org/02mfp0b67,National Center for Theoretical Sciences,TW,Taiwan,59,SNS,2011-2015,outgoing
https://ror.org/02mfxdp77,Oklahoma State University Center for Health Sciences,US,United States,3,SNS,2011-2015,outgoing
https://ror.org/02mg6n827,CEA Grenoble,FR,France,6,SNS,2011-2015,outgoing
https://ror.org/02mgw3155,Centre de Recherche en Cancérologie de Lyon,FR,France,1,SNS,2011-2015,outgoing
https://ror.org/02mgzgr95,Istituto delle Scienze Neurologiche di Bologna,IT,Italy,1,SNS,2011-2015,outgoing
https://ror.org/02mh1d616,"National Center for Theoretical Sciences, Physics Division",TW,Taiwan,28,SNS,2011-2015,outgoing
https://ror.org/02mh2cd26,Koltzov Institute of Developmental Biology,RU,Russia,1,SNS,2011-2015,outgoing
https://ror.org/02mh8wx89,Tianjin Medical University,CN,China,5,SNS,2011-2015,outgoing
https://ror.org/02mh9a093,Pitié-Salpêtrière Hospital,FR,France,16,SNS,2011-2015,outgoing
https://ror.org/02mhbdp94,Universidad de Los Andes,CO,Colombia,2493,SNS,2011-2015,outgoing
https://ror.org/02mjz6f26,University of Jinan,CN,China,10,SNS,2011-2015,outgoing
https://ror.org/02mks6v46,DePauw University,US,United States,4,SNS,2011-2015,outgoing
https://ror.org/02mn08y26,Ordnance Engineering College,CN,China,1,SNS,2011-2015,outgoing
https://ror.org/02mn0vt57,Institut de l'Information Scientifique et Technique,FR,France,1,SNS,2011-2015,outgoing
https://ror.org/02mp0vf47,National Cancer Research Institute,GB,United Kingdom,3,SNS,2011-2015,outgoing
https://ror.org/02mp2av58,University of Hawaii at Hilo,US,United States,4,SNS,2011-2015,outgoing
https://ror.org/02mp31p96,Carl Zeiss (Germany),DE,Germany,11,SNS,2011-2015,outgoing
https://ror.org/02mph9k76,Laboratoire de Physique Théorique et Hautes Energies,FR,France,1272,SNS,2011-2015,outgoing
https://ror.org/02mpq6x41,University of Illinois Chicago,US,United States,2895,SNS,2011-2015,outgoing
https://ror.org/02mqqhj42,UW Health University Hospital,US,United States,25,SNS,2011-2015,outgoing
https://ror.org/02mqtne57,Hôpital Lariboisière,FR,France,3,SNS,2011-2015,outgoing
https://ror.org/02mr3ar13,Shandong University of Technology,CN,China,2,SNS,2011-2015,outgoing
https://ror.org/02mr3av04,Central Bank of Cyprus,CY,Cyprus,1,SNS,2011-2015,outgoing
https://ror.org/02mrd0686,Swiss Nanoscience Institute,CH,Switzerland,1,SNS,2011-2015,outgoing
https://ror.org/02mrpaq42,Kansas State University Salina Aerospace and Technology Campus,US,United States,11,SNS,2011-2015,outgoing
https://ror.org/02mrv4556,Technopolis,BE,Belgium,2,SNS,2011-2015,outgoing
https://ror.org/02msan859,European University Viadrina,DE,Germany,6,SNS,2011-2015,outgoing
https://ror.org/02msb5n36,Universidad Nacional de Educación a Distancia,ES,Spain,6,SNS,2011-2015,outgoing
https://ror.org/02mt5f456,Regional Centre of Advanced Technologies and Materials,CZ,Czechia,35,SNS,2011-2015,outgoing
https://ror.org/02mtbrk18,Immaculata University,US,United States,1,SNS,2011-2015,outgoing
https://ror.org/02mv6r745,Utah System of Higher Education,US,United States,571,SNS,2011-2015,outgoing
https://ror.org/02mw21745,Ruđer Bošković Institute,HR,Croatia,2343,SNS,2011-2015,outgoing
https://ror.org/02my3bx32,Hubei University of Chinese Medicine,CN,China,1,SNS,2011-2015,outgoing
https://ror.org/02my7ff12,Osservatorio Astrofisico di Catania,IT,Italy,3,SNS,2011-2015,outgoing
https://ror.org/02mzn7s88,University of South Wales,GB,United Kingdom,2,SNS,2011-2015,outgoing
https://ror.org/02n0bts35,Medical University of Graz,AT,Austria,13,SNS,2011-2015,outgoing
https://ror.org/02n0ejh50,Institute of High Performance Computing,SG,Singapore,15,SNS,2011-2015,outgoing
https://ror.org/02n14ez29,Naval Medical Center San Diego,US,United States,1,SNS,2011-2015,outgoing
https://ror.org/02n1hzn07,Middle Tennessee State University,US,United States,2,SNS,2011-2015,outgoing
https://ror.org/02n1y8269,Wales Institute of Cognitive Neuroscience,GB,United Kingdom,3,SNS,2011-2015,outgoing
https://ror.org/02n25sf77,Callaghan Innovation,NZ,New Zealand,1,SNS,2011-2015,outgoing
https://ror.org/02n2ava60,University of New England,US,United States,1,SNS,2011-2015,outgoing
https://ror.org/02n2bgz18,Institute of Plasma Physics,IT,Italy,42,SNS,2011-2015,outgoing
https://ror.org/02n2fzt79,Boston College,US,United States,3638,SNS,2011-2015,outgoing
https://ror.org/02n399288,Laboratoire Informatique d'Avignon,FR,France,2,SNS,2011-2015,outgoing
https://ror.org/02n415q13,Curtin University,AU,Australia,597,SNS,2011-2015,outgoing
https://ror.org/02n5c8f58,Yamanashi Gakuin University,JP,Japan,3,SNS,2011-2015,outgoing
https://ror.org/02n651896,"California State University, San Bernardino",US,United States,1,SNS,2011-2015,outgoing
https://ror.org/02n6c9837,Sanofi (France),FR,France,7,SNS,2011-2015,outgoing
https://ror.org/02n742c10,University of Trieste,IT,Italy,6045,SNS,2011-2015,outgoing
https://ror.org/02n78dn25,Higher School of Applied Sciences,SI,Slovenia,6,SNS,2011-2015,outgoing
https://ror.org/02n7qrg46,Université Paris Diderot,FR,France,898,SNS,2011-2015,outgoing
https://ror.org/02n85j827,National Research Centre,EG,Egypt,8,SNS,2011-2015,outgoing
https://ror.org/02n8rnw93,Centre for Nano and Soft Matter Sciences,IN,India,1,SNS,2011-2015,outgoing
https://ror.org/02n8rtn22,Naval Research Laboratory Materials Science and Technology Division,US,United States,23,SNS,2011-2015,outgoing
https://ror.org/02n96ep67,East China Normal University,CN,China,34,SNS,2011-2015,outgoing
https://ror.org/02n9cgn70,SRA International (United States),US,United States,7,SNS,2011-2015,outgoing
https://ror.org/02n9j6f76,Universidad Del Pacifico,CO,Colombia,1,SNS,2011-2015,outgoing
https://ror.org/02n9z0v62,Amity University,IN,India,2,SNS,2011-2015,outgoing
https://ror.org/02na8dn90,Essen University Hospital,DE,Germany,14,SNS,2011-2015,outgoing
https://ror.org/02nb3aq72,Monterey Bay Aquarium Research Institute,US,United States,4,SNS,2011-2015,outgoing
https://ror.org/02nbb5780,HCL Technologies (India),IN,India,1,SNS,2011-2015,outgoing
https://ror.org/02nbgxg43,Center for Micro-BioRobotics,IT,Italy,1,SNS,2011-2015,outgoing
https://ror.org/02nc46417,Sony Computer Science Laboratories,JP,Japan,1,SNS,2011-2015,outgoing
https://ror.org/02nckqd02,Johns Hopkins University SAIS Bologna Center,IT,Italy,2,SNS,2011-2015,outgoing
https://ror.org/02ndzm185,Östersjöcentrum,SE,Sweden,1,SNS,2011-2015,outgoing
https://ror.org/02nf34254,Queens University of Charlotte,US,United States,11,SNS,2011-2015,outgoing
https://ror.org/02nfzhn33,Johns Hopkins University School of Medicine,US,United States,134,SNS,2011-2015,outgoing
https://ror.org/02nhmp827,Mathematics Research Center,MX,Mexico,2,SNS,2011-2015,outgoing
https://ror.org/02njz9p87,Fuyang Normal University,CN,China,6,SNS,2011-2015,outgoing
https://ror.org/02nk5bh05,B. Verkin Institute for Low Temperature Physics and Engineering of the National Academy of Sciences of Ukraine,UA,Ukraine,1,SNS,2011-2015,outgoing
https://ror.org/02nkdxk79,Virginia Commonwealth University,US,United States,40,SNS,2011-2015,outgoing
https://ror.org/02nkf1q06,University of Essex,GB,United Kingdom,48,SNS,2011-2015,outgoing
https://ror.org/02nknzn40,Institute of Problems of Chemical Physics,RU,Russia,2,SNS,2011-2015,outgoing
https://ror.org/02nkz4493,Shahid Rajaee Teacher Training University,IR,Iran,1,SNS,2011-2015,outgoing
https://ror.org/02nmnpn85,Susquehanna University,US,United States,1,SNS,2011-2015,outgoing
https://ror.org/02nn4s922,Pioneer Hi-Bred,US,United States,1,SNS,2011-2015,outgoing
https://ror.org/02nnhbq91,Asahi Glass (Japan),JP,Japan,1,SNS,2011-2015,outgoing
https://ror.org/02nnjtm50,National Space Science Center,CN,China,4,SNS,2011-2015,outgoing
https://ror.org/02nr3fr97,Center for Biologics Evaluation and Research,US,United States,2,SNS,2011-2015,outgoing
https://ror.org/02nre0x31,Dan L Duncan Comprehensive Cancer Center,US,United States,3,SNS,2011-2015,outgoing
https://ror.org/02nt5es71,Alberta Health Services,CA,Canada,3,SNS,2011-2015,outgoing
https://ror.org/02ntheh91,Instituto Venezolano de Investigaciones Científicas,VE,Venezuela,3,SNS,2011-2015,outgoing
https://ror.org/02nv7yv05,Forschungszentrum Jülich,DE,Germany,285,SNS,2011-2015,outgoing
https://ror.org/02nwg5t34,University of the West of England,GB,United Kingdom,16,SNS,2011-2015,outgoing
https://ror.org/02nwvxz07,École nationale des ponts et chaussées,FR,France,34,SNS,2011-2015,outgoing
https://ror.org/02nx5r318,College of New Jersey,US,United States,5742,SNS,2011-2015,outgoing
https://ror.org/02nxphm19,Instituto de Investigação e Formação Avançada em Ciências e Tecnologias da Saúde,PT,Portugal,1,SNS,2011-2015,outgoing
https://ror.org/02p0gd045,Universidad Complutense de Madrid,ES,Spain,381,SNS,2011-2015,outgoing
https://ror.org/02p0p4q62,Physical Research Laboratory,IN,India,7,SNS,2011-2015,outgoing
https://ror.org/02p179j44,College of Staten Island,US,United States,17,SNS,2011-2015,outgoing
https://ror.org/02p2rk609,Laboratoire de Mathématiques et Applications,FR,France,4,SNS,2011-2015,outgoing
https://ror.org/02p3et738,Laboratoire Matériaux et Phénomènes Quantiques,FR,France,73,SNS,2011-2015,outgoing
https://ror.org/02p3y5t84,Materials and Energy Research Center,IR,Iran,1,SNS,2011-2015,outgoing
https://ror.org/02p4far57,Robert H. Lurie Comprehensive Cancer Center of Northwestern University,US,United States,4,SNS,2011-2015,outgoing
https://ror.org/02p4mwa83,Western Health,AU,Australia,2,SNS,2011-2015,outgoing
https://ror.org/02p5vjg42,Dalton School,US,United States,2,SNS,2011-2015,outgoing
https://ror.org/02p5xjf12,The University of Texas Rio Grande Valley,US,United States,1,SNS,2011-2015,outgoing
https://ror.org/02p6aa271,North-Eastern Federal University,RU,Russia,3,SNS,2011-2015,outgoing
https://ror.org/02p702482,Institute of Molecular Biology and Biophysics,CH,Switzerland,8,SNS,2011-2015,outgoing
https://ror.org/02p72h367,University of Cincinnati Medical Center,US,United States,27,SNS,2011-2015,outgoing
https://ror.org/02p77k626,University of Rome Tor Vergata,IT,Italy,4077,SNS,2011-2015,outgoing
https://ror.org/02p9waa09,State Key Laboratory of Neuroscience,CN,China,17,SNS,2011-2015,outgoing
https://ror.org/02pammg90,Cedars-Sinai Medical Center,US,United States,14,SNS,2011-2015,outgoing
https://ror.org/02panr271,Max Planck Institute of Biophysics,DE,Germany,5,SNS,2011-2015,outgoing
https://ror.org/02pc6pc55,Okayama University,JP,Japan,2617,SNS,2011-2015,outgoing
https://ror.org/02pe2kf23,Max Planck Institute for Software Systems,DE,Germany,3,SNS,2011-2015,outgoing
https://ror.org/02pes1a77,Krankenhaus der Elisabethinen,AT,Austria,1,SNS,2011-2015,outgoing
https://ror.org/02pfge856,Institut d'Anàlisi Econòmica,ES,Spain,1,SNS,2011-2015,outgoing
https://ror.org/02pg0e883,University of Aizu,JP,Japan,11,SNS,2011-2015,outgoing
https://ror.org/02pgsjq66,Neuro-SU,FR,France,16,SNS,2011-2015,outgoing
https://ror.org/02pgvzy25,Ming Chuan University,TW,Taiwan,2,SNS,2011-2015,outgoing
https://ror.org/02phn5242,University of Colombo,LK,Sri Lanka,3,SNS,2011-2015,outgoing
https://ror.org/02pnjnj33,Dr. Margarete Fischer-Bosch-Institute of Clinical Pharmacology,DE,Germany,1,SNS,2011-2015,outgoing
https://ror.org/02pp7px91,Max Planck Institute for Human Development,DE,Germany,7,SNS,2011-2015,outgoing
https://ror.org/02ppyfa04,Centre Hospitalier Universitaire de Lille,FR,France,23,SNS,2011-2015,outgoing
https://ror.org/02pq29p90,"Istituto Nazionale di Fisica Nucleare, Sezione di Catania",IT,Italy,86,SNS,2011-2015,outgoing
https://ror.org/02pqn3g31,Deutschen Konsortium für Translationale Krebsforschung,DE,Germany,4,SNS,2011-2015,outgoing
https://ror.org/02pr0xw82,Laboratoire Chimie de l'Environnement,FR,France,2,SNS,2011-2015,outgoing
https://ror.org/02psedk13,Wisconsin Department of Health Services,US,United States,1,SNS,2011-2015,outgoing
https://ror.org/02pthyn77,New York University Florence,IT,Italy,3605,SNS,2011-2015,outgoing
https://ror.org/02pttbw34,Baylor College of Medicine,US,United States,128,SNS,2011-2015,outgoing
https://ror.org/02q1spa57,Tunis University,TN,Tunisia,3,SNS,2011-2015,outgoing
https://ror.org/02q1v5910,State Key Laboratory of Millimeter Waves,CN,China,1,SNS,2011-2015,outgoing
https://ror.org/02q2d2610,University of Brescia,IT,Italy,1980,SNS,2011-2015,outgoing
https://ror.org/02q49af68,Aberdeen Royal Infirmary,GB,United Kingdom,1,SNS,2011-2015,outgoing
https://ror.org/02q4res37,Institut d'électronique de microélectronique et de nanotechnologie,FR,France,7,SNS,2011-2015,outgoing
https://ror.org/02q73ep21,Laboratory of Organic Chemistry,CH,Switzerland,18,SNS,2011-2015,outgoing
https://ror.org/02q8ggc38,Transnational Family Research Institute,US,United States,13,SNS,2011-2015,outgoing
https://ror.org/02q8vys74,American Institute of Physics,US,United States,1,SNS,2011-2015,outgoing
https://ror.org/02qa1x782,Fisheries and Oceans Canada,CA,Canada,3,SNS,2011-2015,outgoing
https://ror.org/02qa5kg76,Australian Regenerative Medicine Institute,AU,Australia,2,SNS,2011-2015,outgoing
https://ror.org/02qb3f692,St Anna Children's Hospital,AT,Austria,1,SNS,2011-2015,outgoing
https://ror.org/02qbzdk74,Punjab Agricultural University,IN,India,58,SNS,2011-2015,outgoing
https://ror.org/02qcqwf93,Institut für Arbeitsmarkt und Berufsforschung,DE,Germany,6,SNS,2011-2015,outgoing
https://ror.org/02qdbgx97,Geisinger Health System,US,United States,2,SNS,2011-2015,outgoing
https://ror.org/02qdq4a41,Nippon Institute for Biological Science,JP,Japan,1,SNS,2011-2015,outgoing
https://ror.org/02qdtd855,Penn State Abington,US,United States,1,SNS,2011-2015,outgoing
https://ror.org/02qezmz13,Joint Research Centre,IT,Italy,8,SNS,2011-2015,outgoing
https://ror.org/02qf2tx24,Kwansei Gakuin University,JP,Japan,7,SNS,2011-2015,outgoing
https://ror.org/02qfef581,Nordic Optical Telescope Scientific Association,ES,Spain,2,SNS,2011-2015,outgoing
https://ror.org/02qg15b79,Okinawa Institute of Science and Technology Graduate University,JP,Japan,17,SNS,2011-2015,outgoing
https://ror.org/02qj9qr34,Ohio Wesleyan University,US,United States,2,SNS,2011-2015,outgoing
https://ror.org/02qjrjx09,University of Cyprus,CY,Cyprus,2701,SNS,2011-2015,outgoing
https://ror.org/02qkhhn56,Indian Institute of Technology Ropar,IN,India,1,SNS,2011-2015,outgoing
https://ror.org/02qm18h86,VA Pittsburgh Healthcare System,US,United States,12,SNS,2011-2015,outgoing
https://ror.org/02qn0hf26,"University of Agricultural Sciences, Dharwad",IN,India,2,SNS,2011-2015,outgoing
https://ror.org/02qnf3n86,Universiti Brunei Darussalam,BN,Brunei,2,SNS,2011-2015,outgoing
https://ror.org/02qnnz951,University of Mons,BE,Belgium,2180,SNS,2011-2015,outgoing
https://ror.org/02qnx8e75,Institute of Marine Engineering,IT,Italy,1,SNS,2011-2015,outgoing
https://ror.org/02qp25a50,Brandon University,CA,Canada,1,SNS,2011-2015,outgoing
https://ror.org/02qp3tb03,Mayo Clinic,US,United States,134,SNS,2011-2015,outgoing
https://ror.org/02qqy8j09,Instituto de Ciencia de Materiales de Madrid,ES,Spain,124,SNS,2011-2015,outgoing
https://ror.org/02qrdc062,Peoria campus of the University of Illinois System,US,United States,1,SNS,2011-2015,outgoing
https://ror.org/02qs1a797,Spanish National Centre for Cardiovascular Research,ES,Spain,14,SNS,2011-2015,outgoing
https://ror.org/02qs84g94,University of Piraeus,GR,Greece,3,SNS,2011-2015,outgoing
https://ror.org/02qskvh78,"University of Maryland, Baltimore County",US,United States,112,SNS,2011-2015,outgoing
https://ror.org/02qsmb048,University of Belgrade,RS,Serbia,3964,SNS,2011-2015,outgoing
https://ror.org/02qt0xs84,Cal Poly Humboldt,US,United States,57,SNS,2011-2015,outgoing
https://ror.org/02qt1p572,Hôpital Edouard Herriot,FR,France,3,SNS,2011-2015,outgoing
https://ror.org/02qte9q33,University of Stavanger,NO,Norway,2,SNS,2011-2015,outgoing
https://ror.org/02qthww36,Libin Cardiovascular Institute of Alberta,CA,Canada,2,SNS,2011-2015,outgoing
https://ror.org/02qtvee93,Carleton University,CA,Canada,1520,SNS,2011-2015,outgoing
https://ror.org/02qwkrw10,National Institute of Health,AM,Armenia,2,SNS,2011-2015,outgoing
https://ror.org/02qx2s478,Southern and Eastern Norway Regional Health Authority,NO,Norway,2,SNS,2011-2015,outgoing
https://ror.org/02qy5zc16,Women's Health In Women's Hands,CA,Canada,1,SNS,2011-2015,outgoing
https://ror.org/02qy75381,Cisco Systems (China),CN,China,18,SNS,2011-2015,outgoing
https://ror.org/02qyf5152,Indian Institute of Technology Bombay,IN,India,279,SNS,2011-2015,outgoing
https://ror.org/02qz8b764,Cold Spring Harbor Laboratory,US,United States,49,SNS,2011-2015,outgoing
https://ror.org/02qzs9336,National College of Ireland,IE,Ireland,2,SNS,2011-2015,outgoing
https://ror.org/02r0e4r58,Jülich Aachen Research Alliance,DE,Germany,12,SNS,2011-2015,outgoing
https://ror.org/02r109517,Weill Cornell Medicine,US,United States,1,SNS,2011-2015,outgoing
https://ror.org/02r1wpw81,Virginia Mason Franciscan Health,US,United States,7,SNS,2011-2015,outgoing
https://ror.org/02r25sw81,Hôpital Pontchaillou,FR,France,1,SNS,2011-2015,outgoing
https://ror.org/02r2k1c68,National Institute of Science Education and Research,IN,India,1265,SNS,2011-2015,outgoing
https://ror.org/02r2q1d96,Leibniz Institute of Virology (LIV),DE,Germany,2,SNS,2011-2015,outgoing
https://ror.org/02r3e0967,St. Jude Children's Research Hospital,US,United States,14,SNS,2011-2015,outgoing
https://ror.org/02r40rn49,Central Adelaide Local Health Network,AU,Australia,3,SNS,2011-2015,outgoing
https://ror.org/02r5cmz65,Babol University of Medical Sciences,IR,Iran,1,SNS,2011-2015,outgoing
https://ror.org/02r6fpx29,National Health Research Institutes,TW,Taiwan,8,SNS,2011-2015,outgoing
https://ror.org/02r785h72,Marine Research Centre,MV,Maldives,1,SNS,2011-2015,outgoing
https://ror.org/02r7md321,North Florida/South Georgia Veterans Health System,US,United States,1,SNS,2011-2015,outgoing
https://ror.org/02r7ybh06,Seven Bridges Genomics (United States),US,United States,5,SNS,2011-2015,outgoing
https://ror.org/02r839n55,Saint Mary's College,US,United States,9,SNS,2011-2015,outgoing
https://ror.org/02rb21j89,"Indian Institute of Science Education and Research, Bhopal",IN,India,3,SNS,2011-2015,outgoing
https://ror.org/02rbfnr22,Max Planck Florida Institute for Neuroscience,US,United States,1,SNS,2011-2015,outgoing
https://ror.org/02rc97e94,University of Calabria,IT,Italy,1566,SNS,2011-2015,outgoing
https://ror.org/02rcrvv70,Government of the United States of America,US,United States,61,SNS,2011-2015,outgoing
https://ror.org/02rdkx920,United States Army Combat Capabilities Development Command,US,United States,1,SNS,2011-2015,outgoing
https://ror.org/02rdpzb15,Bloomberg (United States),US,United States,1,SNS,2011-2015,outgoing
https://ror.org/02re25503,"Westerdals Oslo School of Arts, Communication and Technology",NO,Norway,1,SNS,2011-2015,outgoing
https://ror.org/02re32a17,University of Applied Sciences Mainz,DE,Germany,15,SNS,2011-2015,outgoing
https://ror.org/02retg991,University of Jammu,IN,India,268,SNS,2011-2015,outgoing
https://ror.org/02rg1r889,Tribhuvan University,NP,Nepal,10,SNS,2011-2015,outgoing
https://ror.org/02rg6ka44,Southwest Bahia State University,BR,Brazil,3,SNS,2011-2015,outgoing
https://ror.org/02rgb2k63,Universiti Sains Malaysia,MY,Malaysia,7,SNS,2011-2015,outgoing
https://ror.org/02rgtxm82,Instituto de Gestión de la Innovación y del Conocimiento,ES,Spain,1,SNS,2011-2015,outgoing
https://ror.org/02rh4fw73,University of Minnesota Rochester,US,United States,2,SNS,2011-2015,outgoing
https://ror.org/02rjhbb08,Universidade Federal Fluminense,BR,Brazil,24,SNS,2011-2015,outgoing
https://ror.org/02rjj2m04,Vanderbilt-Ingram Cancer Center,US,United States,7,SNS,2011-2015,outgoing
https://ror.org/02rka3n91,Mianyang Normal University,CN,China,11,SNS,2011-2015,outgoing
https://ror.org/02rktxt32,Royal Children's Hospital,AU,Australia,22,SNS,2011-2015,outgoing
https://ror.org/02rkvz144,Northeast Normal University,CN,China,29,SNS,2011-2015,outgoing
https://ror.org/02rmd1t30,Babeș-Bolyai University,RO,Romania,19,SNS,2011-2015,outgoing
https://ror.org/02rnyzs79,NatureServe,US,United States,1,SNS,2011-2015,outgoing
https://ror.org/02rqhpa98,KLA (United States),US,United States,3,SNS,2011-2015,outgoing
https://ror.org/02rrdvm96,Center for Excellence in Molecular Cell Science,CN,China,18,SNS,2011-2015,outgoing
https://ror.org/02rsjqy82,Point Loma Nazarene University,US,United States,1,SNS,2011-2015,outgoing
https://ror.org/02rsnav77,National University of San Juan,AR,Argentina,2,SNS,2011-2015,outgoing
https://ror.org/02rv1bf67,Centre de Recherche de l'Institut de Démographie de l'Université Paris 1,FR,France,2,SNS,2011-2015,outgoing
https://ror.org/02rv3w387,Universidade Aberta,PT,Portugal,2,SNS,2011-2015,outgoing
https://ror.org/02rwycx38,San Raffaele University of Rome,IT,Italy,2,SNS,2011-2015,outgoing
https://ror.org/02rx3b187,Université Grenoble Alpes,FR,France,5726,SNS,2011-2015,outgoing
https://ror.org/02rxc7m23,Universidad de Navarra,ES,Spain,31,SNS,2011-2015,outgoing
https://ror.org/02rxpxc98,Utah Valley University,US,United States,570,SNS,2011-2015,outgoing
https://ror.org/02ry60714,Minneapolis VA Health Care System,US,United States,1,SNS,2011-2015,outgoing
https://ror.org/02ryc4y44,East and North Hertfordshire NHS Trust,GB,United Kingdom,2,SNS,2011-2015,outgoing
https://ror.org/02ryfmr77,Université des Antilles,FR,France,2,SNS,2011-2015,outgoing
https://ror.org/02s04h872,D. E. Shaw Research,US,United States,14,SNS,2011-2015,outgoing
https://ror.org/02s08xt61,University of the Highlands and Islands,GB,United Kingdom,1,SNS,2011-2015,outgoing
https://ror.org/02s1hvj37,Indiana University South Bend,US,United States,14,SNS,2011-2015,outgoing
https://ror.org/02s2acn37,Kitware (United States),US,United States,11,SNS,2011-2015,outgoing
https://ror.org/02s32fb62,Novo Nordisk Foundation Center for Basic Metabolic Research,DK,Denmark,23,SNS,2011-2015,outgoing
https://ror.org/02s376052,École Polytechnique Fédérale de Lausanne,CH,Switzerland,4090,SNS,2011-2015,outgoing
https://ror.org/02s3ds748,Biomedical Research Center of the Slovak Academy of Sciences,SK,Slovakia,1,SNS,2011-2015,outgoing
https://ror.org/02s4gkg68,Adıyaman University,TR,Turkey,639,SNS,2011-2015,outgoing
https://ror.org/02s4h3z39,Ural Branch of the Russian Academy of Sciences,RU,Russia,1,SNS,2011-2015,outgoing
https://ror.org/02s56xp85,Institut d'écologie et des sciences de l'environnement de Paris,FR,France,2,SNS,2011-2015,outgoing
https://ror.org/02s5yma07,Himachal Pradesh University,IN,India,1,SNS,2011-2015,outgoing
https://ror.org/02s6gs133,Institute of Microelectronics,CN,China,5,SNS,2011-2015,outgoing
https://ror.org/02s6m8n84,Institut de Recherche de Chimie Paris,FR,France,21,SNS,2011-2015,outgoing
https://ror.org/02s70bh95,Cardiovascular Research Center,BR,Brazil,1,SNS,2011-2015,outgoing
https://ror.org/02s7et124,Azienda Ospedaliera Universitaria Senese,IT,Italy,24,SNS,2011-2015,outgoing
https://ror.org/02s8dab97,Junta de Castilla y León,ES,Spain,1,SNS,2011-2015,outgoing
https://ror.org/02s8k0k61,"Istituto Nazionale di Fisica Nucleare, Laboratori Nazionali del Gran Sasso",IT,Italy,56,SNS,2011-2015,outgoing
https://ror.org/02sat5y74,"Czech Academy of Sciences, J. Heyrovský Institute of Physical Chemistry",CZ,Czechia,6,SNS,2011-2015,outgoing
https://ror.org/02sb3b652,Laboratoire Ondes et Milieux Complexes,FR,France,38,SNS,2011-2015,outgoing
https://ror.org/02sc3r913,Griffith University,AU,Australia,67,SNS,2011-2015,outgoing
https://ror.org/02scfj030,RELX Group (Netherlands),NL,The Netherlands,1,SNS,2011-2015,outgoing
https://ror.org/02sdeme12,Innovation Research Center,US,United States,3,SNS,2011-2015,outgoing
https://ror.org/02se0t636,Leibniz Institute of Photonic Technology,DE,Germany,17,SNS,2011-2015,outgoing
https://ror.org/02sehzp52,Belarusian State University of Informatics and Radioelectronics,BY,Belarus,1,SNS,2011-2015,outgoing
https://ror.org/02sepg748,Institute of Materials Research and Engineering,SG,Singapore,24,SNS,2011-2015,outgoing
https://ror.org/02sghbs34,University of Rio Grande and Rio Grande Community College,US,United States,1,SNS,2011-2015,outgoing
https://ror.org/02sjnfb25,Versiti Blood Center of Wisconsin,US,United States,2,SNS,2011-2015,outgoing
https://ror.org/02sjwx878,Condensed Matter Physics Research Center,NP,Nepal,1,SNS,2011-2015,outgoing
https://ror.org/02skbsp27,Leibniz-Institut für Pflanzengenetik und Kulturpflanzenforschung (IPK),DE,Germany,1,SNS,2011-2015,outgoing
https://ror.org/02skhjj30,Federal Reserve Bank of St. Louis,US,United States,1,SNS,2011-2015,outgoing
https://ror.org/02skpkw64,Shenzhen KangNing Hospital,CN,China,1,SNS,2011-2015,outgoing
https://ror.org/02skytd81,IMDEA Nanoscience,ES,Spain,32,SNS,2011-2015,outgoing
https://ror.org/02smfhw86,Virginia Tech,US,United States,702,SNS,2011-2015,outgoing
https://ror.org/02smq5q54,Birmingham City Hospital,GB,United Kingdom,1,SNS,2011-2015,outgoing
https://ror.org/02smqg134,Institut Supérieur de Biotechnologie de Sfax,TN,Tunisia,1,SNS,2011-2015,outgoing
https://ror.org/02smvmz76,Research Institute for System Studies,RU,Russia,1,SNS,2011-2015,outgoing
https://ror.org/02sp3q482,"The University of Agriculture, Peshawar",PK,Pakistan,1,SNS,2011-2015,outgoing
https://ror.org/02sps0775,Chubu University,JP,Japan,2,SNS,2011-2015,outgoing
https://ror.org/02sptwz63,Danish Agency for Science and Higher Education,DK,Denmark,5,SNS,2011-2015,outgoing
https://ror.org/02spzyy34,University of Oregon,US,United States,2351,SNS,2011-2015,outgoing
https://ror.org/02sqt9870,University of Louisiana System,US,United States,1662,SNS,2011-2015,outgoing
https://ror.org/02ss0kx69,Kyung Hee University Dental Hospital,KR,South Korea,1,SNS,2011-2015,outgoing
https://ror.org/02st4q439,Institut de Chimie des Substances Naturelles,FR,France,12,SNS,2011-2015,outgoing
https://ror.org/02stey378,The University of Notre Dame Australia,AU,Australia,1,SNS,2011-2015,outgoing
https://ror.org/02swff503,Ahmedabad University,IN,India,1,SNS,2011-2015,outgoing
https://ror.org/02sy42d13,Bambino Gesù Children's Hospital,IT,Italy,18,SNS,2011-2015,outgoing
https://ror.org/02syg0q74,Hirosaki University,JP,Japan,3,SNS,2011-2015,outgoing
https://ror.org/02synbq51,TUM CREATE,SG,Singapore,1,SNS,2011-2015,outgoing
https://ror.org/02syy7986,Norwegian Water Resources and Energy Directorate,NO,Norway,3,SNS,2011-2015,outgoing
https://ror.org/02t0qr014,University of North Carolina Wilmington,US,United States,2,SNS,2011-2015,outgoing
https://ror.org/02t1bej08,Monash Health,AU,Australia,2,SNS,2011-2015,outgoing
https://ror.org/02t1cke57,Laboratoire de Photochimie et d'Ingénierie Macromoléculaire,FR,France,1,SNS,2011-2015,outgoing
https://ror.org/02t274463,"University of California, Santa Barbara",US,United States,4281,SNS,2011-2015,outgoing
https://ror.org/02t3j7969,Institut d'Electronique Fondamentale,FR,France,5,SNS,2011-2015,outgoing
https://ror.org/02t4ekc95,Medical University of Lodz,PL,Poland,9,SNS,2011-2015,outgoing
https://ror.org/02t4nyn12,Aryabhatta Research Institute of Observational Sciences,IN,India,5,SNS,2011-2015,outgoing
https://ror.org/02t54e151,Icesi University,CO,Colombia,1,SNS,2011-2015,outgoing
https://ror.org/02t6gq889,Instituto de Investigaciones Fisicoquímicas Teóricas y Aplicadas,AR,Argentina,3,SNS,2011-2015,outgoing
https://ror.org/02t83f864,Wessex Regional Genetics Laboratory,GB,United Kingdom,1,SNS,2011-2015,outgoing
https://ror.org/02tbvhh96,First Affiliated Hospital of Xi'an Jiaotong University,CN,China,5,SNS,2011-2015,outgoing
https://ror.org/02tbz8k15,University Research Co (United States),US,United States,6,SNS,2011-2015,outgoing
https://ror.org/02tdmfk69,Belfast Health and Social Care Trust,GB,United Kingdom,5,SNS,2011-2015,outgoing
https://ror.org/02tdtzx53,Sainsbury Laboratory,GB,United Kingdom,1,SNS,2011-2015,outgoing
https://ror.org/02tdyw459,Archives School Marburg,DE,Germany,1,SNS,2011-2015,outgoing
https://ror.org/02te3c603,Institute of Chemistry of the Slovak Academy of Sciences,SK,Slovakia,1,SNS,2011-2015,outgoing
https://ror.org/02teq1165,University of Mississippi,US,United States,3725,SNS,2011-2015,outgoing
https://ror.org/02teqse50,Yorkshire & Humber Academic Health Science Network,GB,United Kingdom,1,SNS,2011-2015,outgoing
https://ror.org/02tfv4t78,Corning (United States),US,United States,3,SNS,2011-2015,outgoing
https://ror.org/02tj04e91,Sydney Children's Hospital,AU,Australia,2,SNS,2011-2015,outgoing
https://ror.org/02tj7r959,Environmental Defense Fund,US,United States,1,SNS,2011-2015,outgoing
https://ror.org/02tjxem41,Steacie Institute for Molecular Sciences,CA,Canada,9,SNS,2011-2015,outgoing
https://ror.org/02tp7mm44,Centre de Recherches Insulaires et Observatoire de l'Environnement,FR,France,1,SNS,2011-2015,outgoing
https://ror.org/02tpgw303,Institute for Systems Biology,US,United States,25,SNS,2011-2015,outgoing
https://ror.org/02tphfq59,National University of Rosario,AR,Argentina,10,SNS,2011-2015,outgoing
https://ror.org/02tpw8g37,Institute of Nuclear Physics,KZ,Kazakhstan,2,SNS,2011-2015,outgoing
https://ror.org/02tr89m76,Flowminder Foundation,SE,Sweden,6,SNS,2011-2015,outgoing
https://ror.org/02tryst02,Agilent Technologies (United States),US,United States,5,SNS,2011-2015,outgoing
https://ror.org/02tsanh21,National Cancer Center,KR,South Korea,3,SNS,2011-2015,outgoing
https://ror.org/02tsqtg57,Maxwell Institute for Mathematical Sciences,GB,United Kingdom,1,SNS,2011-2015,outgoing
https://ror.org/02tt4fr50,Kanto Central Hospital,JP,Japan,2,SNS,2011-2015,outgoing
https://ror.org/02ttb5s67,Collurania Teramo Observatory,IT,Italy,1,SNS,2011-2015,outgoing
https://ror.org/02ttsq026,University of Colorado Boulder,US,United States,3620,SNS,2011-2015,outgoing
https://ror.org/02tv1yf50,"Czech Academy of Sciences, Institute of Mathematics",CZ,Czechia,1,SNS,2011-2015,outgoing
https://ror.org/02tv28881,Diabeteszentrum Bad Lauterberg,DE,Germany,1,SNS,2011-2015,outgoing
https://ror.org/02tvcev59,New School,US,United States,19,SNS,2011-2015,outgoing
https://ror.org/02tvj3q58,Centre National des Sciences et Technologies Nucléaires,TN,Tunisia,10,SNS,2011-2015,outgoing
https://ror.org/02txedb84,Shanghai Institute of Technical Physics,CN,China,12,SNS,2011-2015,outgoing
https://ror.org/02txfnf15,Yanshan University,CN,China,3,SNS,2011-2015,outgoing
https://ror.org/02ty3a980,National Institute of Animal Science,KR,South Korea,1,SNS,2011-2015,outgoing
https://ror.org/02tyer376,Leibniz Institute DSMZ – German Collection of Microorganisms and Cell Cultures,DE,Germany,35,SNS,2011-2015,outgoing
https://ror.org/02typaz40,National Children’s Research Centre,IE,Ireland,2,SNS,2011-2015,outgoing
https://ror.org/02tyrky19,Trinity College Dublin,IE,Ireland,132,SNS,2011-2015,outgoing
https://ror.org/02v1rsx93,Nofima,NO,Norway,1,SNS,2011-2015,outgoing
https://ror.org/02v2svk17,Laboratoire Hétérochimie Fondamentale et Appliquée,FR,France,1,SNS,2011-2015,outgoing
https://ror.org/02v3sdn51,MRC/CSO Social and Public Health Sciences Unit,GB,United Kingdom,1,SNS,2011-2015,outgoing
https://ror.org/02v3txv81,Portland VA Medical Center,US,United States,4,SNS,2011-2015,outgoing
https://ror.org/02v51f717,Peking University,CN,China,3652,SNS,2011-2015,outgoing
https://ror.org/02v5bgz72,"Groupe Hospitalier Cochin - Port-Royal, Hôtel-Dieu, Broca - La Collégiale",FR,France,9,SNS,2011-2015,outgoing
https://ror.org/02v66pf20,Novartis (Singapore),SG,Singapore,1,SNS,2011-2015,outgoing
https://ror.org/02v6d7v96,Joliet Public Library,US,United States,6,SNS,2011-2015,outgoing
https://ror.org/02v6kpv12,Université Toulouse III - Paul Sabatier,FR,France,574,SNS,2011-2015,outgoing
https://ror.org/02v80fc35,Auburn University,US,United States,18,SNS,2011-2015,outgoing
https://ror.org/02v89pq06,"Istituto Nazionale di Fisica Nucleare, Sezione di Genova",IT,Italy,89,SNS,2011-2015,outgoing
https://ror.org/02v8rz176,Guru Teg Bahadur Hospital,IN,India,1,SNS,2011-2015,outgoing
https://ror.org/02v8s3859,Azad University in Oxford,GB,United Kingdom,2,SNS,2011-2015,outgoing
https://ror.org/02v91gy68,Polytechnic University of Timişoara,RO,Romania,2,SNS,2011-2015,outgoing
https://ror.org/02v9bqx10,Başkent University,TR,Turkey,1,SNS,2011-2015,outgoing
https://ror.org/02v9m6h26,SUNY College of Optometry,US,United States,1,SNS,2011-2015,outgoing
https://ror.org/02v9wg343,State Key Laboratory of Information Photonics and Optical Communications,CN,China,2,SNS,2011-2015,outgoing
https://ror.org/02vajn858,CGH Medical Center,US,United States,1,SNS,2011-2015,outgoing
https://ror.org/02vb7sj25,Geneva College,US,United States,12,SNS,2011-2015,outgoing
https://ror.org/02vbab064,Institute for Stem Cell Biology and Regenerative Medicine,US,United States,6,SNS,2011-2015,outgoing
https://ror.org/02verss31,Chang Gung Memorial Hospital,TW,Taiwan,2,SNS,2011-2015,outgoing
https://ror.org/02vf4sk45,Institute of Evolutionary Physiology and Biochemistry,RU,Russia,1,SNS,2011-2015,outgoing
https://ror.org/02vg22c33,Desert Research Institute,US,United States,1,SNS,2011-2015,outgoing
https://ror.org/02vg7mz57,Guangdong Pharmaceutical University,CN,China,1,SNS,2011-2015,outgoing
https://ror.org/02vgg2808,Bundesministerium für Wirtschaft und Energie,DE,Germany,21,SNS,2011-2015,outgoing
https://ror.org/02vgs9327,Kumamoto University Hospital,JP,Japan,3,SNS,2011-2015,outgoing
https://ror.org/02vh2pt65,Ludwig Cancer Research,AU,Australia,1,SNS,2011-2015,outgoing
https://ror.org/02vh58j74,National Quantum Information Centre in Gdansk,PL,Poland,20,SNS,2011-2015,outgoing
https://ror.org/02vh8a032,Bilkent University,TR,Turkey,22,SNS,2011-2015,outgoing
https://ror.org/02vj1vm13,Minnan Normal University,CN,China,17,SNS,2011-2015,outgoing
https://ror.org/02vjkv261,Inserm,FR,France,441,SNS,2011-2015,outgoing
https://ror.org/02vk0sm33,Gas Technology Institute,US,United States,1,SNS,2011-2015,outgoing
https://ror.org/02vkaa689,Linac Coherent Light Source,US,United States,4,SNS,2011-2015,outgoing
https://ror.org/02vm5rt34,Vanderbilt University,US,United States,2374,SNS,2011-2015,outgoing
https://ror.org/02vnd0e65,"Laboratoire de Probabilités, Statistique et Modélisation",FR,France,87,SNS,2011-2015,outgoing
https://ror.org/02vnf0c38,Laboratoire Lorrain de Recherche en Informatique et ses Applications,FR,France,10,SNS,2011-2015,outgoing
https://ror.org/02vnq7240,Laboratoire Magmas et Volcans,FR,France,2,SNS,2011-2015,outgoing
https://ror.org/02vpfbn76,Boston University Brussels,BE,Belgium,90,SNS,2011-2015,outgoing
https://ror.org/02vpsdb40,New York University Shanghai,CN,China,3,SNS,2011-2015,outgoing
https://ror.org/02vptss42,Hebrew SeniorLife,US,United States,1,SNS,2011-2015,outgoing
https://ror.org/02vr0ne26,European Institute of Oncology,IT,Italy,31,SNS,2011-2015,outgoing
https://ror.org/02vt2xa24,Instituto de Neurología Cognitiva,AR,Argentina,1,SNS,2011-2015,outgoing
https://ror.org/02vtd2q19,Hospital Universitario Reina Sofía,ES,Spain,1,SNS,2011-2015,outgoing
https://ror.org/02vv5y108,"Istituto Nazionale di Fisica Nucleare, Sezione di Firenze",IT,Italy,108,SNS,2011-2015,outgoing
https://ror.org/02vv9p907,Nordic Optical Telescope,ES,Spain,2,SNS,2011-2015,outgoing
https://ror.org/02vw9t771,Akita Prefectural Akita High School,JP,Japan,1,SNS,2011-2015,outgoing
https://ror.org/02vwh7h84,Military Communication Institute,PL,Poland,1,SNS,2011-2015,outgoing
https://ror.org/02vwnat91,London South Bank University,GB,United Kingdom,2,SNS,2011-2015,outgoing
https://ror.org/02vwpg498,National Radiation Protection Institute,CZ,Czechia,4,SNS,2011-2015,outgoing
https://ror.org/02vwzrd76,Thomas Jefferson National Accelerator Facility,US,United States,99,SNS,2011-2015,outgoing
https://ror.org/02vxngq63,Latvian Academy of Sciences,LV,Latvia,2,SNS,2011-2015,outgoing
https://ror.org/02vygm709,Incheon Medical Center,KR,South Korea,1,SNS,2011-2015,outgoing
https://ror.org/02vz80y09,Centro Medico Nacional Siglo XXI,MX,Mexico,1,SNS,2011-2015,outgoing
https://ror.org/02vzbm991,Stanford Synchrotron Radiation Lightsource,US,United States,4,SNS,2011-2015,outgoing
https://ror.org/02vznxv75,Instituto de Química Médica,ES,Spain,16,SNS,2011-2015,outgoing
https://ror.org/02vzqaq35,First Hospital of Shanxi Medical University,CN,China,2,SNS,2011-2015,outgoing
https://ror.org/02w0sqd02,Universidad Juárez del Estado de Durango,MX,Mexico,1,SNS,2011-2015,outgoing
https://ror.org/02w0trx84,Montana State University,US,United States,243,SNS,2011-2015,outgoing
https://ror.org/02w2y2t16,Leuphana University of Lüneburg,DE,Germany,4,SNS,2011-2015,outgoing
https://ror.org/02w3ejv56,Eclipse Research Consultants (United Kingdom),GB,United Kingdom,1,SNS,2011-2015,outgoing
https://ror.org/02w3v0826,Institut Nanosciences et Cryogénie,FR,France,2,SNS,2011-2015,outgoing
https://ror.org/02w3v2f07,Canadian Centre for Electron Microscopy,CA,Canada,2,SNS,2011-2015,outgoing
https://ror.org/02w3y1050,Arena Pharmaceuticals (United States),US,United States,1,SNS,2011-2015,outgoing
https://ror.org/02w403h65,Utah State University Space Dynamics Laboratory,US,United States,1,SNS,2011-2015,outgoing
https://ror.org/02w42ss30,Budapest University of Technology and Economics,HU,Hungary,56,SNS,2011-2015,outgoing
https://ror.org/02w5vxx03,Centre de recherche en santé publique,CA,Canada,1,SNS,2011-2015,outgoing
https://ror.org/02w653772,Institut Universitaire d'Hématologie,FR,France,5,SNS,2011-2015,outgoing
https://ror.org/02w6gr951,Shanghai Institute of Applied Physics,CN,China,46,SNS,2011-2015,outgoing
https://ror.org/02w6m7e50,Universitäts-Herzzentrum Freiburg-Bad Krozingen,DE,Germany,2,SNS,2011-2015,outgoing
https://ror.org/02w7f3w92,Microsoft Research (India),IN,India,1,SNS,2011-2015,outgoing
https://ror.org/02w7vnb60,Bharathidasan University,IN,India,3,SNS,2011-2015,outgoing
https://ror.org/02w7z1d65,Stem Cell Institute,PA,Panama,3,SNS,2011-2015,outgoing
https://ror.org/02w8ez808,Fondazione Stella Maris,IT,Italy,1,SNS,2011-2015,outgoing
https://ror.org/02w8ws377,Chung Yuan Christian University,TW,Taiwan,30,SNS,2011-2015,outgoing
https://ror.org/02wae9s43,World Health Organization Regional Office for South-East Asia,IN,India,1,SNS,2011-2015,outgoing
https://ror.org/02wb73912,California Academy of Sciences,US,United States,1,SNS,2011-2015,outgoing
https://ror.org/02wc0kq10,Space Research Organisation Netherlands,NL,The Netherlands,107,SNS,2011-2015,outgoing
https://ror.org/02wdrwh83,Space Telescope European Coordinating Facility,DE,Germany,5,SNS,2011-2015,outgoing
https://ror.org/02wdwnk04,British Heart Foundation,GB,United Kingdom,2,SNS,2011-2015,outgoing
https://ror.org/02wdzfm91,Centro Siciliano di Fisica Nucleare e di Struttura della Materia,IT,Italy,39,SNS,2011-2015,outgoing
https://ror.org/02we6hx96,Institute of Physics,UA,Ukraine,75,SNS,2011-2015,outgoing
https://ror.org/02wfhk785,International Institute for Applied Systems Analysis,AT,Austria,17,SNS,2011-2015,outgoing
https://ror.org/02wgnr390,Italian University Line,IT,Italy,8,SNS,2011-2015,outgoing
https://ror.org/02wkcrp04,Mazandaran University of Medical Sciences,IR,Iran,1,SNS,2011-2015,outgoing
https://ror.org/02wkzzr31,Nanoscale Microscopy and Molecular Physiology of the Brain Cluster of Excellence 171 — DFG Research Center 103,DE,Germany,1,SNS,2011-2015,outgoing
https://ror.org/02wn5qz54,University of St Andrews,GB,United Kingdom,209,SNS,2011-2015,outgoing
https://ror.org/02wnmk332,Centro Brasileiro de Pesquisas Físicas,BR,Brazil,3863,SNS,2011-2015,outgoing
https://ror.org/02wnqcb97,National Health Service,GB,United Kingdom,5,SNS,2011-2015,outgoing
https://ror.org/02wnxgj78,Chungbuk National University,KR,South Korea,21,SNS,2011-2015,outgoing
https://ror.org/02wq1s711,Fédération de recherche Matière et Interactions,FR,France,422,SNS,2011-2015,outgoing
https://ror.org/02ws1xc11,Universitat Jaume I,ES,Spain,18,SNS,2011-2015,outgoing
https://ror.org/02wsd5p50,Vietnam Academy of Science and Technology,VN,Vietnam,16,SNS,2011-2015,outgoing
https://ror.org/02wt5sv47,Johns Hopkins University School of Advanced International Studies,US,United States,2,SNS,2011-2015,outgoing
https://ror.org/02wtdvm35,Saskatchewan Health Authority,CA,Canada,1,SNS,2011-2015,outgoing
https://ror.org/02wwzvj46,Université de Tours,FR,France,51,SNS,2011-2015,outgoing
https://ror.org/02wxx3e24,Brandenburg University of Technology Cottbus-Senftenberg,DE,Germany,662,SNS,2011-2015,outgoing
https://ror.org/02wy4ac67,Délégation Alsace,FR,France,1,SNS,2011-2015,outgoing
https://ror.org/02wyf1c22,St. Joseph Medical Center in Tacoma,US,United States,1,SNS,2011-2015,outgoing
https://ror.org/02x1pa065,Guizhou Normal University,CN,China,2,SNS,2011-2015,outgoing
https://ror.org/02x1q2477,Max Planck Institute for Behavioral Economics,DE,Germany,2,SNS,2011-2015,outgoing
https://ror.org/02x1xke62,State Key Laboratory of Cell Stress Biology,CN,China,1,SNS,2011-2015,outgoing
https://ror.org/02x2gk324,Abbott (Germany),DE,Germany,1,SNS,2011-2015,outgoing
https://ror.org/02x2mw849,Turing Institute,GB,United Kingdom,3,SNS,2011-2015,outgoing
https://ror.org/02x435584,Theological University Utrecht,NL,The Netherlands,5,SNS,2011-2015,outgoing
https://ror.org/02x4b0932,Cleveland Clinic Lerner College of Medicine,US,United States,19,SNS,2011-2015,outgoing
https://ror.org/02x581406,Hôpital Pellegrin,FR,France,2,SNS,2011-2015,outgoing
https://ror.org/02x681a42,Swiss Federal Laboratories for Materials Science and Technology,CH,Switzerland,8,SNS,2011-2015,outgoing
https://ror.org/02x73b849,University of Electro-Communications,JP,Japan,12,SNS,2011-2015,outgoing
https://ror.org/02x8svs93,Near East University,CY,Cyprus,12,SNS,2011-2015,outgoing
https://ror.org/02x91aj62,Peter the Great St. Petersburg Polytechnic University,RU,Russia,231,SNS,2011-2015,outgoing
https://ror.org/02x99ac45,Yazd University,IR,Iran,6,SNS,2011-2015,outgoing
https://ror.org/02xa0x739,Aichi Children's Health and Medical Center,JP,Japan,1,SNS,2011-2015,outgoing
https://ror.org/02xankh89,Universidade Nova de Lisboa,PT,Portugal,626,SNS,2011-2015,outgoing
https://ror.org/02xawj266,Central Michigan University,US,United States,4,SNS,2011-2015,outgoing
https://ror.org/02xbz6x26,State Key Laboratory of Space Weather,CN,China,2,SNS,2011-2015,outgoing
https://ror.org/02xcgb468,R.O.C Military Academy,TW,Taiwan,1,SNS,2011-2015,outgoing
https://ror.org/02xdzy536,Baden-Wuerttemberg Cooperative State University,DE,Germany,2,SNS,2011-2015,outgoing
https://ror.org/02xe5ns62,Jinan University,CN,China,8,SNS,2011-2015,outgoing
https://ror.org/02xey9a22,Fogarty International Center,US,United States,7,SNS,2011-2015,outgoing
https://ror.org/02xf0fd83,JSS Medical College and Hospital,IN,India,1,SNS,2011-2015,outgoing
https://ror.org/02xf66n48,University of Debrecen,HU,Hungary,2201,SNS,2011-2015,outgoing
https://ror.org/02xf7p935,Incheon National University,KR,South Korea,1,SNS,2011-2015,outgoing
https://ror.org/02xf8rf51,State Key Laboratory of Supramolecular Structure and Materials,CN,China,3,SNS,2011-2015,outgoing
https://ror.org/02xfp8v59,Universidade de Brasília,BR,Brazil,19,SNS,2011-2015,outgoing
https://ror.org/02xg1m795,National Institute of Genetics,JP,Japan,7,SNS,2011-2015,outgoing
https://ror.org/02xh9x144,University of Prince Edward Island,CA,Canada,1,SNS,2011-2015,outgoing
https://ror.org/02xhnzg94,Manhattan University,US,United States,530,SNS,2011-2015,outgoing
https://ror.org/02xjrkt08,Second Affiliated Hospital of Soochow University,CN,China,1,SNS,2011-2015,outgoing
https://ror.org/02xjxgz53,Joetsu University of Education,JP,Japan,1,SNS,2011-2015,outgoing
https://ror.org/02xkdev90,Department of Mathematical Sciences,RU,Russia,128,SNS,2011-2015,outgoing
https://ror.org/02xkx3e48,Queen Mary Hospital,CN,China,11,SNS,2011-2015,outgoing
https://ror.org/02xmkec90,Kaohsiung Medical University Chung-Ho Memorial Hospital,TW,Taiwan,2,SNS,2011-2015,outgoing
https://ror.org/02xmq6r77,Kibi International University,JP,Japan,5,SNS,2011-2015,outgoing
https://ror.org/02xmyxb72,Laboratoire de Recherche sur le Langage,FR,France,2,SNS,2011-2015,outgoing
https://ror.org/02xp2c270,Main Astronomical Observatory,UA,Ukraine,24,SNS,2011-2015,outgoing
https://ror.org/02xp9d883,Bank of Mexico,MX,Mexico,1,SNS,2011-2015,outgoing
https://ror.org/02xqkcw08,National Institute of Technology,JP,Japan,23,SNS,2011-2015,outgoing
https://ror.org/02xrw9r68,Université du Québec à Trois-Rivières,CA,Canada,2,SNS,2011-2015,outgoing
https://ror.org/02xsh5r57,Leeds Beckett University,GB,United Kingdom,1,SNS,2011-2015,outgoing
https://ror.org/02xstm723,HMU Potsdam – Health and Medical University Potsdam,DE,Germany,21,SNS,2011-2015,outgoing
https://ror.org/02xtbq882,Institute of Theoretical Physics,CN,China,101,SNS,2011-2015,outgoing
https://ror.org/02xvc5r05,Government of Victoria,AU,Australia,3,SNS,2011-2015,outgoing
https://ror.org/02xvk2686,Muhimbili National Hospital,TZ,Tanzania,1,SNS,2011-2015,outgoing
https://ror.org/02xvrx776,"Jerzy Haber Institute of Catalysis and Surface Chemistry, Polish Academy of Sciences",PL,Poland,1,SNS,2011-2015,outgoing
https://ror.org/02xw5dc73,Facility for Airborne Atmospheric Measurements,GB,United Kingdom,1,SNS,2011-2015,outgoing
https://ror.org/02xwa6p02,Cubist Pharmaceuticals (United States),US,United States,1,SNS,2011-2015,outgoing
https://ror.org/02xx07v13,Neurocentre Magendie,FR,France,7,SNS,2011-2015,outgoing
https://ror.org/02xxpjq61,Indian Institute of Management Bangalore,IN,India,1,SNS,2011-2015,outgoing
https://ror.org/02xyaf767,Transnational University Limburg,BE,Belgium,1,SNS,2011-2015,outgoing
https://ror.org/02xz7d723,Harry Perkins Institute of Medical Research,AU,Australia,1,SNS,2011-2015,outgoing
https://ror.org/02xznz413,Office of Energy Efficiency and Renewable Energy,US,United States,9,SNS,2011-2015,outgoing
https://ror.org/02xzytt36,Manipal Academy of Higher Education,IN,India,3,SNS,2011-2015,outgoing
https://ror.org/02y18ts25,Bushehr University of Medical Sciences,IR,Iran,1,SNS,2011-2015,outgoing
https://ror.org/02y22ws83,Institute of Natural Sciences,BE,Belgium,1,SNS,2011-2015,outgoing
https://ror.org/02y28sc20,Visva-Bharati University,IN,India,660,SNS,2011-2015,outgoing
https://ror.org/02y394t43,Sardar Vallabhbhai National Institute of Technology Surat,IN,India,3,SNS,2011-2015,outgoing
https://ror.org/02y3ad647,University of Florida,US,United States,4265,SNS,2011-2015,outgoing
https://ror.org/02y5f7c97,Association of Universities for Research in Astronomy,US,United States,2047,SNS,2011-2015,outgoing
https://ror.org/02y72wh86,Queen's University,CA,Canada,89,SNS,2011-2015,outgoing
https://ror.org/02y7rck89,Dali University,CN,China,3,SNS,2011-2015,outgoing
https://ror.org/02y9nww90,University of Nairobi,KE,Kenya,2,SNS,2011-2015,outgoing
https://ror.org/02y9qjz38,Cancer Genomics Centre,NL,The Netherlands,3,SNS,2011-2015,outgoing
https://ror.org/02ybsz607,Hospital General Universitario de Alicante Doctor Balmis,ES,Spain,1,SNS,2011-2015,outgoing
https://ror.org/02ycs5538,Parkinson's Research and Education Foundation,US,United States,8,SNS,2011-2015,outgoing
https://ror.org/02ycyys66,Istituto Ortopedico Rizzoli,IT,Italy,5,SNS,2011-2015,outgoing
https://ror.org/02yd1yr68,Jinzhou Medical University,CN,China,2,SNS,2011-2015,outgoing
https://ror.org/02ydh7m84,Dickinson College,US,United States,2,SNS,2011-2015,outgoing
https://ror.org/02yg0nm07,University of Puerto Rico System,US,United States,1595,SNS,2011-2015,outgoing
https://ror.org/02ygdtt22,HSBC Holdings,GB,United Kingdom,5,SNS,2011-2015,outgoing
https://ror.org/02yhj4v17,FZU ‒ Institute of Physics of the Academy of Sciences of the Czech Republic,CZ,Czechia,506,SNS,2011-2015,outgoing
https://ror.org/02yhrrk59,University of Derby,GB,United Kingdom,33,SNS,2011-2015,outgoing
https://ror.org/02yj55q56,Kunsan National University,KR,South Korea,15,SNS,2011-2015,outgoing
https://ror.org/02yjhrp74,State Key Laboratory of Plant Physiology and Biochemistry,CN,China,2,SNS,2011-2015,outgoing
https://ror.org/02yjyfs84,Max Planck Institute for Neurobiology of Behavior – caesar,DE,Germany,8,SNS,2011-2015,outgoing
https://ror.org/02ykdz073,Kwame Nkrumah University,ZM,Zambia,1,SNS,2011-2015,outgoing
https://ror.org/02ymw8z06,University of Missouri,US,United States,188,SNS,2011-2015,outgoing
https://ror.org/02yn5by09,Universidad Católica de Cuyo,AR,Argentina,2,SNS,2011-2015,outgoing
https://ror.org/02ypw0a72,École nationale d'ingénieurs de Brest,FR,France,16,SNS,2011-2015,outgoing
https://ror.org/02yrq0923,Memorial Sloan Kettering Cancer Center,US,United States,78,SNS,2011-2015,outgoing
https://ror.org/02yrs2n53,Constructor University,DE,Germany,104,SNS,2011-2015,outgoing
https://ror.org/02ys5x139,Illinois College,US,United States,1,SNS,2011-2015,outgoing
https://ror.org/02ysayy16,Institut d'Investigacions Biomèdiques de Barcelona,ES,Spain,3,SNS,2011-2015,outgoing
https://ror.org/02ytfzr55,"Indian Institute of Engineering Science and Technology, Shibpur",IN,India,6,SNS,2011-2015,outgoing
https://ror.org/02yv0b554,Centre d’Economie Industrielle - CERNA,FR,France,9,SNS,2011-2015,outgoing
https://ror.org/02yw1f353,Institut Bergonié,FR,France,2,SNS,2011-2015,outgoing
https://ror.org/02yw97t38,Search Technologies (United States),US,United States,1,SNS,2011-2015,outgoing
https://ror.org/02yxnh564,Northeast Forestry University,CN,China,6,SNS,2011-2015,outgoing
https://ror.org/02yxs9t24,Analytical Biological Services (United States),US,United States,1,SNS,2011-2015,outgoing
https://ror.org/02yy8x990,Swedish University of Agricultural Sciences,SE,Sweden,22,SNS,2011-2015,outgoing
https://ror.org/02yzaka98,Universitätsklinik Balgrist,CH,Switzerland,1,SNS,2011-2015,outgoing
https://ror.org/02yzgww51,Universidad de Costa Rica,CR,Costa Rica,4,SNS,2011-2015,outgoing
https://ror.org/02z0cah89,Universidad Publica de Navarra,ES,Spain,9,SNS,2011-2015,outgoing
https://ror.org/02z0jq636,Unit of Functional and Adaptive Biology,FR,France,1,SNS,2011-2015,outgoing
https://ror.org/02z1n9q24,University of the Ryukyus,JP,Japan,1,SNS,2011-2015,outgoing
https://ror.org/02z1vqm45,Peking University First Hospital,CN,China,9,SNS,2011-2015,outgoing
https://ror.org/02z31g829,Skåne University Hospital,SE,Sweden,45,SNS,2011-2015,outgoing
https://ror.org/02z384071,American Political Science Association,US,United States,1,SNS,2011-2015,outgoing
https://ror.org/02z43xh36,Stevens Institute of Technology,US,United States,17,SNS,2011-2015,outgoing
https://ror.org/02z4rsp10,Airbus (Netherlands),NL,The Netherlands,6,SNS,2011-2015,outgoing
https://ror.org/02z58ft15,University of Charleston,US,United States,1,SNS,2011-2015,outgoing
https://ror.org/02z749649,Universidad Pablo de Olavide,ES,Spain,18,SNS,2011-2015,outgoing
https://ror.org/02z85gz67,Mittag-Leffler Institute,SE,Sweden,1,SNS,2011-2015,outgoing
https://ror.org/02za18p66,Institut de Physique et Chimie des Matériaux de Strasbourg,FR,France,17,SNS,2011-2015,outgoing
https://ror.org/02zbb2597,Poznan University of Medical Sciences,PL,Poland,3,SNS,2011-2015,outgoing
https://ror.org/02zc6c986,Bethlem Royal Hospital,GB,United Kingdom,1,SNS,2011-2015,outgoing
https://ror.org/02zcam055,Canfranc Underground Laboratory,ES,Spain,2,SNS,2011-2015,outgoing
https://ror.org/02zdkmf61,Purdue University Calumet,US,United States,278,SNS,2011-2015,outgoing
https://ror.org/02zeryz43,Wyle (United States),US,United States,1,SNS,2011-2015,outgoing
https://ror.org/02zg69r60,Vancouver General Hospital,CA,Canada,3,SNS,2011-2015,outgoing
https://ror.org/02zh2vx86,Contrôle de la Réponse Immune B et Lymphoproliférations,FR,France,1,SNS,2011-2015,outgoing
https://ror.org/02zhj3b46,American Society for Clinical Pathology,US,United States,1,SNS,2011-2015,outgoing
https://ror.org/02zhqgq86,University of Hong Kong,CN,China,372,SNS,2011-2015,outgoing
https://ror.org/02zk3am42,Luzerner Kantonsspital,CH,Switzerland,1,SNS,2011-2015,outgoing
https://ror.org/02znffm54,Osaka Institute of Technology,JP,Japan,1,SNS,2011-2015,outgoing
https://ror.org/02zngfv65,Menéndez Pelayo International University,ES,Spain,5,SNS,2011-2015,outgoing
https://ror.org/02zqm6r10,Toyota Motor Corporation (Japan),JP,Japan,1,SNS,2011-2015,outgoing
https://ror.org/02zr5jr81,University of Douala,CM,Cameroon,2,SNS,2011-2015,outgoing
https://ror.org/02zs3hb12,Institute for Bioscience and Biotechnology Research,US,United States,8,SNS,2011-2015,outgoing
https://ror.org/02zsxwr40,University of Alabama in Huntsville,US,United States,46,SNS,2011-2015,outgoing
https://ror.org/02zv4ka60,Australian Museum,AU,Australia,1,SNS,2011-2015,outgoing
https://ror.org/02zvy6a06,Anthony J. Leggett Institute for Condensed Matter Theory,US,United States,1,SNS,2011-2015,outgoing
https://ror.org/02zww1c82,Earth Sciences New Zealand,NZ,New Zealand,4,SNS,2011-2015,outgoing
https://ror.org/02zwyfg51,Virginia Union University,US,United States,4326,SNS,2011-2015,outgoing
https://ror.org/02zx40v98,Central European University,AT,Austria,55,SNS,2011-2015,outgoing
https://ror.org/02zz6x768,Neurounion Biomedical Foundation,CL,Chile,1,SNS,2011-2015,outgoing
https://ror.org/0300m5276,Microsoft Research Asia (China),CN,China,3,SNS,2011-2015,outgoing
https://ror.org/0300pwe30,Ospedale San Giovanni Bosco,IT,Italy,1,SNS,2011-2015,outgoing
https://ror.org/03019wv17,National Multiple Sclerosis Society,US,United States,1,SNS,2011-2015,outgoing
https://ror.org/0301be148,STLab s.r.l. (Italy),IT,Italy,1,SNS,2011-2015,outgoing
https://ror.org/03025ga79,AC Camargo Hospital,BR,Brazil,1,SNS,2011-2015,outgoing
https://ror.org/0304hq317,Leibniz University Hannover,DE,Germany,300,SNS,2011-2015,outgoing
https://ror.org/0306aeb62,SUNY Brockport,US,United States,1,SNS,2011-2015,outgoing
https://ror.org/0307crw42,Albany Medical Center Hospital,US,United States,3,SNS,2011-2015,outgoing
https://ror.org/030847t23,Universiti Teknologi MARA System,MY,Malaysia,2,SNS,2011-2015,outgoing
https://ror.org/03085z545,Royal Devon & Exeter NHS Foundation Trust,GB,United Kingdom,1,SNS,2011-2015,outgoing
https://ror.org/0308wzx30,State Key Laboratory of Molecular Biology,CN,China,5,SNS,2011-2015,outgoing
https://ror.org/0309m1r07,Institute of Avian Research,DE,Germany,1,SNS,2011-2015,outgoing
https://ror.org/030bbe882,Universidad de la República de Uruguay,UY,Uruguay,19,SNS,2011-2015,outgoing
https://ror.org/030bhh786,ShanghaiTech University,CN,China,1,SNS,2011-2015,outgoing
https://ror.org/030br0314,Notre Dame University – Louaize,LB,Lebanon,2,SNS,2011-2015,outgoing
https://ror.org/030c92375,"Department of Agriculture, Water and the Environment",AU,Australia,1,SNS,2011-2015,outgoing
https://ror.org/030cszc07,Australian Astronomical Observatory,AU,Australia,224,SNS,2011-2015,outgoing
https://ror.org/030d6wr93,Laboratoire d'innovation moléculaire et applications,FR,France,1,SNS,2011-2015,outgoing
https://ror.org/030deh410,IHE Delft Institute for Water Education,NL,The Netherlands,1,SNS,2011-2015,outgoing
https://ror.org/030ev1m28,General Hospital of Central Theater Command,CN,China,1,SNS,2011-2015,outgoing
https://ror.org/030eybx10,Universidade de Santiago de Compostela,ES,Spain,2538,SNS,2011-2015,outgoing
https://ror.org/030fd1j28,Yamanashi Eiwa College,JP,Japan,2,SNS,2011-2015,outgoing
https://ror.org/030h7k016,Max Planck Institute for Dynamics of Complex Technical Systems,DE,Germany,6,SNS,2011-2015,outgoing
https://ror.org/030h9s280,St. Petersburg Department of Steklov Institute of Mathematics,RU,Russia,2,SNS,2011-2015,outgoing
https://ror.org/030hj3061,IMT Atlantique,FR,France,425,SNS,2011-2015,outgoing
https://ror.org/030j6qm79,Northwick Park Hospital,GB,United Kingdom,1,SNS,2011-2015,outgoing
https://ror.org/030jvtg87,Mike and Josie Harper Cancer Research Institute,US,United States,1,SNS,2011-2015,outgoing
https://ror.org/030k21z47,Beijing Institute of Nanoenergy and Nanosystems,CN,China,1,SNS,2011-2015,outgoing
https://ror.org/030kw0b65,Universidad de Medellín,CO,Colombia,5,SNS,2011-2015,outgoing
https://ror.org/030m18266,Tatung University,TW,Taiwan,1,SNS,2011-2015,outgoing
https://ror.org/030ma0n95,Ralph H. Johnson VA Medical Center,US,United States,1,SNS,2011-2015,outgoing
https://ror.org/030mz2444,Uniwersytet Komisji Edukacji Narodowej w Krakowie,PL,Poland,1,SNS,2011-2015,outgoing
https://ror.org/030nky627,Roche (South Korea),KR,South Korea,1,SNS,2011-2015,outgoing
https://ror.org/030pydv62,Norfolk State University,US,United States,18,SNS,2011-2015,outgoing
https://ror.org/030qbr085,Shanghai Key Laboratory of Trustworthy Computing,CN,China,1,SNS,2011-2015,outgoing
https://ror.org/030qtrs05,MRC Integrative Epidemiology Unit,GB,United Kingdom,1,SNS,2011-2015,outgoing
https://ror.org/030reqw53,Goa University,IN,India,4140,SNS,2011-2015,outgoing
https://ror.org/030s54078,University of the Philippines Los Baños,PH,Philippines,2,SNS,2011-2015,outgoing
https://ror.org/030sbze61,Institute for Molecular Medicine Finland,FI,Finland,5,SNS,2011-2015,outgoing
https://ror.org/030sqvy05,Laboratoire de Signalisation et Physiopathologie Cardiovasculaire,FR,France,1,SNS,2011-2015,outgoing
https://ror.org/030sr2v21,Hainan General Hospital,CN,China,1,SNS,2011-2015,outgoing
https://ror.org/030syve83,Observatoire Midi-Pyrénées,FR,France,259,SNS,2011-2015,outgoing
https://ror.org/030txnd05,École Navale,FR,France,1,SNS,2011-2015,outgoing
https://ror.org/030v00e77,Institute for the International Education of Students,US,United States,2,SNS,2011-2015,outgoing
https://ror.org/030vbmf58,RIKEN Advanced Science Institute,JP,Japan,13,SNS,2011-2015,outgoing
https://ror.org/030vmwa78,Institute of Geology and Geophysics,CN,China,1,SNS,2011-2015,outgoing
https://ror.org/030wyr187,Finnish Institute of Occupational Health,FI,Finland,6,SNS,2011-2015,outgoing
https://ror.org/030ym6p85,Laboratoire de Physique Théorique d’Orsay,FR,France,25,SNS,2011-2015,outgoing
https://ror.org/031056b37,TomoWave Laboratories (United States),US,United States,2,SNS,2011-2015,outgoing
https://ror.org/0311gd774,Research Institute of Industrial Economics,SE,Sweden,1,SNS,2011-2015,outgoing
https://ror.org/03124pm05,Netherlands Institute for the Study of Crime and Law Enforcement,NL,The Netherlands,1,SNS,2011-2015,outgoing
https://ror.org/0312pnr83,De Montfort University,GB,United Kingdom,5,SNS,2011-2015,outgoing
https://ror.org/031382m70,Royal Hobart Hospital,AU,Australia,1,SNS,2011-2015,outgoing
https://ror.org/0313jb750,Chinese Academy of Agricultural Sciences,CN,China,5,SNS,2011-2015,outgoing
https://ror.org/03144pv92,Lanzhou Jiaotong University,CN,China,3,SNS,2011-2015,outgoing
https://ror.org/031478740,Office of Scientific and Technical Information,US,United States,1,SNS,2011-2015,outgoing
https://ror.org/0314zyy82,Ferris University,JP,Japan,19,SNS,2011-2015,outgoing
https://ror.org/03151rh82,Louisiana State University Health Sciences Center Shreveport,US,United States,8,SNS,2011-2015,outgoing
https://ror.org/03154ek65,Osteoporosis Research Center,IR,Iran,1,SNS,2011-2015,outgoing
https://ror.org/0315ea826,Children's Hospital Agia Sophia,GR,Greece,2,SNS,2011-2015,outgoing
https://ror.org/0316ej306,Weizmann Institute of Science,IL,Israel,2338,SNS,2011-2015,outgoing
https://ror.org/0317dzj93,Tisch Cancer Institute,US,United States,2,SNS,2011-2015,outgoing
https://ror.org/0317prg89,Bastyr University,US,United States,2,SNS,2011-2015,outgoing
https://ror.org/03187yj51,"Islamic Azad University, Science and Research Branch",IR,Iran,47,SNS,2011-2015,outgoing
https://ror.org/0319d2e87,St Helens Hospital,GB,United Kingdom,1,SNS,2011-2015,outgoing
https://ror.org/0319y6677,Stafford University,UG,Uganda,79,SNS,2011-2015,outgoing
https://ror.org/031bsb921,University of Mannheim,DE,Germany,84,SNS,2011-2015,outgoing
https://ror.org/031cw6h45,I.C. Medical (United States),US,United States,2,SNS,2011-2015,outgoing
https://ror.org/031d5vw30,University of Medicine and Pharmacy of Craiova,RO,Romania,2,SNS,2011-2015,outgoing
https://ror.org/031dhcv14,Hainan Normal University,CN,China,37,SNS,2011-2015,outgoing
https://ror.org/031dp5151,Earth-Life Science Institute,JP,Japan,4,SNS,2011-2015,outgoing
https://ror.org/031e6xm45,Universidad del Norte,CO,Colombia,1,SNS,2011-2015,outgoing
https://ror.org/031g2ra50,PLA Air Force Aviation University,CN,China,1,SNS,2011-2015,outgoing
https://ror.org/031hmx230,Tokyo Medical University Ibaraki Medical Center,JP,Japan,1,SNS,2011-2015,outgoing
https://ror.org/031j63392,CAS-MPG Partner Institute for Computational Biology,CN,China,9,SNS,2011-2015,outgoing
https://ror.org/031n2c920,Instituto de Nanociencia y Materiales de Aragón,ES,Spain,23,SNS,2011-2015,outgoing
https://ror.org/031npqv35,Chongqing Institute of Green and Intelligent Technology,CN,China,3,SNS,2011-2015,outgoing
https://ror.org/031ph8d53,University of Applied Sciences Worms,DE,Germany,58,SNS,2011-2015,outgoing
https://ror.org/031q21x57,University of Wisconsin–Milwaukee,US,United States,606,SNS,2011-2015,outgoing
https://ror.org/031q2en94,Institute for Small Business Economics,DE,Germany,1,SNS,2011-2015,outgoing
https://ror.org/031qpfn56,VA Desert Pacific Healthcare Network,US,United States,5,SNS,2011-2015,outgoing
https://ror.org/031rekg67,Swinburne University of Technology,AU,Australia,2049,SNS,2011-2015,outgoing
https://ror.org/031rnv444,Goldman Sachs (United States),US,United States,3,SNS,2011-2015,outgoing
https://ror.org/031sp1p50,Forest Products Laboratory,US,United States,1,SNS,2011-2015,outgoing
https://ror.org/031t5w623,German Centre for Cardiovascular Research,DE,Germany,8,SNS,2011-2015,outgoing
https://ror.org/031va9m79,Universidade Federal do Amapá,BR,Brazil,1,SNS,2011-2015,outgoing
https://ror.org/031vc2293,TU Bergakademie Freiberg,DE,Germany,3,SNS,2011-2015,outgoing
https://ror.org/031vxrj29,National Institute of Malaria Research,IN,India,1,SNS,2011-2015,outgoing
https://ror.org/031xaae12,Unidade Local de Saúde Santa Maria,PT,Portugal,1,SNS,2011-2015,outgoing
https://ror.org/031y6w871,Fimlab (Finland),FI,Finland,1,SNS,2011-2015,outgoing
https://ror.org/031yh0y38,Center for Integrated Nanotechnologies,US,United States,17,SNS,2011-2015,outgoing
https://ror.org/031z8pr38,Mount Holyoke College,US,United States,69,SNS,2011-2015,outgoing
https://ror.org/031zps173,Jiangsu Ocean University,CN,China,1,SNS,2011-2015,outgoing
https://ror.org/031zwx660,Instituto de Biomedicina de Sevilla,ES,Spain,5,SNS,2011-2015,outgoing
https://ror.org/032000t02,Universität Ulm,DE,Germany,225,SNS,2011-2015,outgoing
https://ror.org/0321g0743,Institut Gustave Roussy,FR,France,23,SNS,2011-2015,outgoing
https://ror.org/032214n64,National Archives and Records Administration,US,United States,16,SNS,2011-2015,outgoing
https://ror.org/0323bey33,Institut Lumière Matière,FR,France,13,SNS,2011-2015,outgoing
https://ror.org/0324fzh77,Long Island University,US,United States,2,SNS,2011-2015,outgoing
https://ror.org/032582s48,Observatoire des Sciences de l’Univers Terre Homme Environnement Temps Astronomie,FR,France,10,SNS,2011-2015,outgoing
https://ror.org/03265fv13,University College Cork,IE,Ireland,79,SNS,2011-2015,outgoing
https://ror.org/0326knt82,Adolfo Ibáñez University,CL,Chile,2,SNS,2011-2015,outgoing
https://ror.org/0326v3z14,Toshiba (Japan),JP,Japan,3,SNS,2011-2015,outgoing
https://ror.org/0327f2m07,Consiglio per la ricerca in agricoltura e l’analisi dell’economia agraria,IT,Italy,1,SNS,2011-2015,outgoing
https://ror.org/0327f3359,Anhui Agricultural University,CN,China,3,SNS,2011-2015,outgoing
https://ror.org/0327y7e25,Institute of Materials Structure Science,JP,Japan,2,SNS,2011-2015,outgoing
https://ror.org/0329s8h62,Oeschger Centre for Climate Change Research,CH,Switzerland,2,SNS,2011-2015,outgoing
https://ror.org/032bg8m67,Centro Universitário da Cidade,BR,Brazil,11,SNS,2011-2015,outgoing
https://ror.org/032bgnz47,Cornell High Energy Synchrotron Source,US,United States,1,SNS,2011-2015,outgoing
https://ror.org/032bw1116,Hunan Women'S University,CN,China,93,SNS,2011-2015,outgoing
https://ror.org/032cph770,SGH Warsaw School of Economics,PL,Poland,3,SNS,2011-2015,outgoing
https://ror.org/032d0e990,"Indian Institute of Science Education and Research, Tirupati",IN,India,3,SNS,2011-2015,outgoing
https://ror.org/032d4f246,China Medical University,CN,China,11,SNS,2011-2015,outgoing
https://ror.org/032db5x82,University of South Florida,US,United States,2952,SNS,2011-2015,outgoing
https://ror.org/032e49973,Ministry of Science ICT and Future Planning,KR,South Korea,5,SNS,2011-2015,outgoing
https://ror.org/032e6b942,Alfred-Wegener-Institut Helmholtz-Zentrum für Polar- und Meeresforschung,DE,Germany,23,SNS,2011-2015,outgoing
https://ror.org/032fk0x53,Urmia University,IR,Iran,1,SNS,2011-2015,outgoing
https://ror.org/032hfv632,Bristol-Myers Squibb (Germany),DE,Germany,9,SNS,2011-2015,outgoing
https://ror.org/032hx4q18,Dow Chemical (United States),US,United States,1,SNS,2011-2015,outgoing
https://ror.org/032hzb643,Center for Integrated Protein Science Munich,DE,Germany,22,SNS,2011-2015,outgoing
https://ror.org/032j53342,Institut Interdisciplinaire de Neuroscience,FR,France,15,SNS,2011-2015,outgoing
https://ror.org/032jk8892,SASTRA University,IN,India,2,SNS,2011-2015,outgoing
https://ror.org/032kdwk38,University of Ilorin,NG,Nigeria,1,SNS,2011-2015,outgoing
https://ror.org/032m55064,Korea Institute of Ocean Science and Technology,KR,South Korea,13,SNS,2011-2015,outgoing
https://ror.org/032n1tr36,Hausdorff Center for Mathematics,DE,Germany,6,SNS,2011-2015,outgoing
https://ror.org/032nzv584,Universitätsklinikum Gießen und Marburg,DE,Germany,5,SNS,2011-2015,outgoing
https://ror.org/032q5ym94,Athinoula A. Martinos Center for Biomedical Imaging,US,United States,6,SNS,2011-2015,outgoing
https://ror.org/032qezt74,Institut de Recherche pour le Développement,BJ,Benin,14,SNS,2011-2015,outgoing
https://ror.org/032qqvq76,Cardiovascular Institute Hospital,JP,Japan,3,SNS,2011-2015,outgoing
https://ror.org/032se3k78,Yanbian University of Science and Technology,CN,China,1,SNS,2011-2015,outgoing
https://ror.org/032tyv240,Institute of Molecular Science and Technologies,IT,Italy,103,SNS,2011-2015,outgoing
https://ror.org/032va1j59,University of Missouri System,US,United States,3,SNS,2011-2015,outgoing
https://ror.org/032w6q449,Laboratoire Matière et Systèmes Complexes,FR,France,17,SNS,2011-2015,outgoing
https://ror.org/032x22645,Zhongshan Hospital,CN,China,3,SNS,2011-2015,outgoing
https://ror.org/032xf8h46,Kyonggi University,KR,South Korea,1,SNS,2011-2015,outgoing
https://ror.org/032xfst36,University of Kashmir,IN,India,3,SNS,2011-2015,outgoing
https://ror.org/032yym934,Kiel Institute for the World Economy,DE,Germany,14,SNS,2011-2015,outgoing
https://ror.org/033198s46,Max Planck Institute for Innovation and Competition,DE,Germany,2,SNS,2011-2015,outgoing
https://ror.org/0331kj160,Pedagogical University,MZ,Mozambique,2,SNS,2011-2015,outgoing
https://ror.org/0331xj092,Institute for Technologies Applied to Cultural Heritage,IT,Italy,2,SNS,2011-2015,outgoing
https://ror.org/0331z5r71,Zhejiang Shuren University,CN,China,152,SNS,2011-2015,outgoing
https://ror.org/0332bbh94,Juvenile Diabetes Research Foundation,GB,United Kingdom,1,SNS,2011-2015,outgoing
https://ror.org/0332k3m42,Syracuse VA Medical Center,US,United States,1,SNS,2011-2015,outgoing
https://ror.org/0333j0897,Canada's Michael Smith Genome Sciences Centre,CA,Canada,13,SNS,2011-2015,outgoing
https://ror.org/0335j3x48,Eurocontrol,FR,France,3,SNS,2011-2015,outgoing
https://ror.org/033647p67,Otsu Red Cross Hospital,JP,Japan,1,SNS,2011-2015,outgoing
https://ror.org/0336mm561,Oxford University Press (United Kingdom),GB,United Kingdom,17,SNS,2011-2015,outgoing
https://ror.org/0338jc112,St. Petersburg State Technological Institute,RU,Russia,89,SNS,2011-2015,outgoing
https://ror.org/033904843,New Economic School,RU,Russia,10,SNS,2011-2015,outgoing
https://ror.org/033bb5z47,Bauhaus-Universität Weimar,DE,Germany,4,SNS,2011-2015,outgoing
https://ror.org/033byn085,Royal Agricultural University,GB,United Kingdom,1,SNS,2011-2015,outgoing
https://ror.org/033c46s90,Université Européenne de Bretagne,FR,France,6,SNS,2011-2015,outgoing
https://ror.org/033cbzv42,Institute of Plasma Physics,CN,China,2,SNS,2011-2015,outgoing
https://ror.org/033dfsn42,Institute of Software,CN,China,5,SNS,2011-2015,outgoing
https://ror.org/033eqas34,Justus-Liebig-Universität Gießen,DE,Germany,1782,SNS,2011-2015,outgoing
https://ror.org/033gfa640,Royal Hospital Haslar,GB,United Kingdom,2,SNS,2011-2015,outgoing
https://ror.org/033jnv181,United States Department of Health and Human Services,US,United States,4,SNS,2011-2015,outgoing
https://ror.org/033js6g46,Institute of Electrical Engineering,CN,China,6,SNS,2011-2015,outgoing
https://ror.org/033jvzr14,University of Ruhuna,LK,Sri Lanka,117,SNS,2011-2015,outgoing
https://ror.org/033m02g29,National Hellenic Research Foundation,GR,Greece,8,SNS,2011-2015,outgoing
https://ror.org/033mqx355,NOAA National Marine Fisheries Service,US,United States,2,SNS,2011-2015,outgoing
https://ror.org/033n3pw66,University of South Bohemia in České Budějovice,CZ,Czechia,9,SNS,2011-2015,outgoing
https://ror.org/033n9gh91,Carl von Ossietzky Universität Oldenburg,DE,Germany,28,SNS,2011-2015,outgoing
https://ror.org/033p9g875,Institut National Polytechnique de Toulouse,FR,France,23,SNS,2011-2015,outgoing
https://ror.org/033pa2k60,Ceinge Biotecnologie Avanzate (Italy),IT,Italy,5,SNS,2011-2015,outgoing
https://ror.org/033pfj584,Dr. Babasaheb Ambedkar Marathwada University,IN,India,2,SNS,2011-2015,outgoing
https://ror.org/033qpss18,IRCCS Istituto Auxologico Italiano,IT,Italy,4,SNS,2011-2015,outgoing
https://ror.org/033sm2k57,Open University of Cyprus,CY,Cyprus,1,SNS,2011-2015,outgoing
https://ror.org/033tt8e33,NOAA Earth System Research Laboratory,US,United States,8,SNS,2011-2015,outgoing
https://ror.org/033tx3651,KAGRA,JP,Japan,20,SNS,2011-2015,outgoing
https://ror.org/033vc6k10,Neurological Institute of Thailand,TH,Thailand,1,SNS,2011-2015,outgoing
https://ror.org/033vfbz75,Mälardalen University,SE,Sweden,1,SNS,2011-2015,outgoing
https://ror.org/033vjfk17,Wuhan University,CN,China,112,SNS,2011-2015,outgoing
https://ror.org/033vnzz93,The Affiliated Yongchuan Hospital of Chongqing Medical University,CN,China,3,SNS,2011-2015,outgoing
https://ror.org/033xh9c11,Scientific Systems (United States),US,United States,1,SNS,2011-2015,outgoing
https://ror.org/033xvax87,Medisch Spectrum Twente,NL,The Netherlands,2,SNS,2011-2015,outgoing
https://ror.org/033y26782,Mitsubishi Electric (Japan),JP,Japan,1,SNS,2011-2015,outgoing
https://ror.org/033yb0967,Hôpitaux Universitaires Henri-Mondor,FR,France,1,SNS,2011-2015,outgoing
https://ror.org/033z83z59,Centre d’Investigation Clinique 1436,FR,France,6,SNS,2011-2015,outgoing
https://ror.org/033zpbv42,Moscow Aviation Institute,RU,Russia,6,SNS,2011-2015,outgoing
https://ror.org/0340mea86,Institutul de Chimie Macromoleculară Petru Poni,RO,Romania,3,SNS,2011-2015,outgoing
https://ror.org/0342s9s13,Laboratory of Inorganic Chemistry,CH,Switzerland,2,SNS,2011-2015,outgoing
https://ror.org/0342y5q78,Grønlands Naturinstitut,DK,Denmark,4,SNS,2011-2015,outgoing
https://ror.org/03441jy26,Yukhnovskii Institute for Condensed Matter Physics of the National Academy of Sciences of Ukraine,UA,Ukraine,1,SNS,2011-2015,outgoing
https://ror.org/0344x6030,Institute of Experimental Medicine,RU,Russia,2,SNS,2011-2015,outgoing
https://ror.org/0346k0491,Gulbenkian Institute for Molecular Medicine,PT,Portugal,19,SNS,2011-2015,outgoing
https://ror.org/03471w967,Hôpital Larrey,FR,France,1,SNS,2011-2015,outgoing
https://ror.org/0347fy350,Rothamsted Research,GB,United Kingdom,5,SNS,2011-2015,outgoing
https://ror.org/034882z59,Saint Petersburg State Forest Technical University,RU,Russia,1,SNS,2011-2015,outgoing
https://ror.org/034900433,"Ministry of Economy, Industry and Competitiveness",ES,Spain,2,SNS,2011-2015,outgoing
https://ror.org/034a4bk84,Laboratoire de Physique des deux infinis Bordeaux,FR,France,28,SNS,2011-2015,outgoing
https://ror.org/034afnt37,Our Lady's Hospital,IE,Ireland,1,SNS,2011-2015,outgoing
https://ror.org/034agrd14,Lebanese International University,LB,Lebanon,5,SNS,2011-2015,outgoing
https://ror.org/034ahpr11,IBM (India),IN,India,1,SNS,2011-2015,outgoing
https://ror.org/034b53w38,Chinese Academy of Meteorological Sciences,CN,China,7,SNS,2011-2015,outgoing
https://ror.org/034dn0836,Institute of Psychology,PL,Poland,3,SNS,2011-2015,outgoing
https://ror.org/034e92n57,Harbin Veterinary Research Institute,CN,China,2,SNS,2011-2015,outgoing
https://ror.org/034ezwg26,National Chung Shan Institute of Science and Technology,TW,Taiwan,6,SNS,2011-2015,outgoing
https://ror.org/034gcgd08,University of Hartford,US,United States,1,SNS,2011-2015,outgoing
https://ror.org/034gcgw60,Institute of Space and Astronautical Science,JP,Japan,120,SNS,2011-2015,outgoing
https://ror.org/034haf133,First Hospital of Jilin University,CN,China,2,SNS,2011-2015,outgoing
https://ror.org/034jd0m14,"National Institute of Technology, Nara College",JP,Japan,1,SNS,2011-2015,outgoing
https://ror.org/034m2b326,Shahid Beheshti University of Medical Sciences,IR,Iran,10,SNS,2011-2015,outgoing
https://ror.org/034mtvk83,University of New Orleans,US,United States,19,SNS,2011-2015,outgoing
https://ror.org/034nc1205,Institut de Nanociència i Nanotecnologia de la Universitat de Barcelona,ES,Spain,4,SNS,2011-2015,outgoing
https://ror.org/034nkkr84,Robert Bosch Hospital,DE,Germany,11,SNS,2011-2015,outgoing
https://ror.org/034npc439,Sixth Hospital of Changchun City,CN,China,1,SNS,2011-2015,outgoing
https://ror.org/034qxt397,Azienda Ospedaliero-Universitaria Cagliari,IT,Italy,1,SNS,2011-2015,outgoing
https://ror.org/034t30j35,Chinese Academy of Sciences,CN,China,2808,SNS,2011-2015,outgoing
https://ror.org/034thb936,Fundación Española para la Ciencia y la Tecnología,ES,Spain,1,SNS,2011-2015,outgoing
https://ror.org/034vb5t35,Royal Marsden Hospital,GB,United Kingdom,1,SNS,2011-2015,outgoing
https://ror.org/034vnkd20,Chatham House,GB,United Kingdom,1,SNS,2011-2015,outgoing
https://ror.org/034vpja60,Universidade Federal de Alfenas,BR,Brazil,11,SNS,2011-2015,outgoing
https://ror.org/034x2fx50,Information and Communication Technologies Centre,AU,Australia,2,SNS,2011-2015,outgoing
https://ror.org/034xvzb47,United States Food and Drug Administration,US,United States,20,SNS,2011-2015,outgoing
https://ror.org/034yrjf77,Institut national de l'environnement industriel et des risques,FR,France,2,SNS,2011-2015,outgoing
https://ror.org/034zgem50,Agenzia Spaziale Italiana,IT,Italy,99,SNS,2011-2015,outgoing
https://ror.org/034zkkc78,Teikyo Heisei University,JP,Japan,1,SNS,2011-2015,outgoing
https://ror.org/034zn5b34,Hôpital Rangueil,FR,France,5,SNS,2011-2015,outgoing
https://ror.org/035367g48,Tomakomai Komazawa University,JP,Japan,3,SNS,2011-2015,outgoing
https://ror.org/0354t7b78,RTX (United States),US,United States,46,SNS,2011-2015,outgoing
https://ror.org/0356cst02,Guangzhou Institute of Geochemistry,CN,China,2,SNS,2011-2015,outgoing
https://ror.org/0358tcd02,Northamptonshire Healthcare NHS Foundation Trust,GB,United Kingdom,26,SNS,2011-2015,outgoing
https://ror.org/03599d813,Ochanomizu University,JP,Japan,82,SNS,2011-2015,outgoing
https://ror.org/0359qxb80,Agence Parisienne du Climat,FR,France,23,SNS,2011-2015,outgoing
https://ror.org/035a15991,Instituto Argentino de Radioastronomía,AR,Argentina,14,SNS,2011-2015,outgoing
https://ror.org/035a68863,United States Geological Survey,US,United States,4,SNS,2011-2015,outgoing
https://ror.org/035b05819,University of Copenhagen,DK,Denmark,3189,SNS,2011-2015,outgoing
https://ror.org/035c3nf67,Serviço Nacional de Aprendizagem Industrial,BR,Brazil,1,SNS,2011-2015,outgoing
https://ror.org/035cy3r13,Pasteur Hellenic Institute,GR,Greece,1,SNS,2011-2015,outgoing
https://ror.org/035dkdb55,The Alan Turing Institute,GB,United Kingdom,4,SNS,2011-2015,outgoing
https://ror.org/035dmz332,World Health Organization - Australia,AU,Australia,1,SNS,2011-2015,outgoing
https://ror.org/035dsb084,HUN-REN Wigner Research Centre for Physics,HU,Hungary,2068,SNS,2011-2015,outgoing
https://ror.org/035f23321,Frobenius-Institut,DE,Germany,35,SNS,2011-2015,outgoing
https://ror.org/035g8xb75,World Health Organization - Lebanon,LB,Lebanon,1,SNS,2011-2015,outgoing
https://ror.org/035gh3a49,IMT School for Advanced Studies Lucca,IT,Italy,83,SNS,2011-2015,outgoing
https://ror.org/035gna214,Nova Scotia Health Authority,CA,Canada,1,SNS,2011-2015,outgoing
https://ror.org/035h3r191,Damietta University,EG,Egypt,1,SNS,2011-2015,outgoing
https://ror.org/035h6e956,College of American Pathologists,US,United States,3,SNS,2011-2015,outgoing
https://ror.org/035h6g182,Centro de Estudios Monetarios y Financieros,ES,Spain,5,SNS,2011-2015,outgoing
https://ror.org/035hs9g56,National Centre for Social research,GR,Greece,1,SNS,2011-2015,outgoing
https://ror.org/035hv2v80,Observatoire des sciences de l'univers de l'Université Versailles Saint-Quentin,FR,France,1,SNS,2011-2015,outgoing
https://ror.org/035j0tq82,Orange (France),FR,France,1,SNS,2011-2015,outgoing
https://ror.org/035jbxr46,Smithsonian Tropical Research Institute,PA,Panama,3,SNS,2011-2015,outgoing
https://ror.org/035mh1293,Link Campus University,IT,Italy,1,SNS,2011-2015,outgoing
https://ror.org/035n7q728,Saudi Aramco (United States),US,United States,2,SNS,2011-2015,outgoing
https://ror.org/035nzyk88,Hope Center for Neurological Disorders,US,United States,9,SNS,2011-2015,outgoing
https://ror.org/035psfh38,Donghua University,CN,China,3,SNS,2011-2015,outgoing
https://ror.org/035qedt02,Ministero della cultura,IT,Italy,954,SNS,2011-2015,outgoing
https://ror.org/035rreb34,Department of National Defence,CA,Canada,2,SNS,2011-2015,outgoing
https://ror.org/035rzkx15,Jena University Hospital,DE,Germany,49,SNS,2011-2015,outgoing
https://ror.org/035seyp42,Institute of Mathematics and Physics,BJ,Benin,6,SNS,2011-2015,outgoing
https://ror.org/035t8zc32,The University of Osaka,JP,Japan,1598,SNS,2011-2015,outgoing
https://ror.org/035vb3h42,University Children's Hospital Zurich,CH,Switzerland,1,SNS,2011-2015,outgoing
https://ror.org/035w1gb98,United States Department of the Army,US,United States,9,SNS,2011-2015,outgoing
https://ror.org/035xhk118,Audie L. Murphy Memorial VA Hospital,US,United States,1,SNS,2011-2015,outgoing
https://ror.org/035xkbk20,Aix-Marseille Université,FR,France,5547,SNS,2011-2015,outgoing
https://ror.org/035xqz322,Center for Functional Nanomaterials,US,United States,14,SNS,2011-2015,outgoing
https://ror.org/035y7a716,Guiyang Medical University,CN,China,1,SNS,2011-2015,outgoing
https://ror.org/035z18f46,State Key Laboratory of Quantum Optics and Quantum Optics Devices,CN,China,10,SNS,2011-2015,outgoing
https://ror.org/035z2ew45,Eastern Illinois University,US,United States,11,SNS,2011-2015,outgoing
https://ror.org/035z6xf33,Oklahoma Medical Research Foundation,US,United States,4,SNS,2011-2015,outgoing
https://ror.org/035zbbv42,First Affiliated Hospital of Henan University of Science and Technology,CN,China,1,SNS,2011-2015,outgoing
https://ror.org/035zn2q74,Pir Mehr Ali Shah Arid Agriculture University,PK,Pakistan,2,SNS,2011-2015,outgoing
https://ror.org/036054d36,Italian institute for Genomic Medicine,IT,Italy,3,SNS,2011-2015,outgoing
https://ror.org/03606hw36,University of Erfurt,DE,Germany,1,SNS,2011-2015,outgoing
https://ror.org/0360dkv71,Chinese Academy of Forestry,CN,China,2,SNS,2011-2015,outgoing
https://ror.org/03613d656,Brno University of Technology,CZ,Czechia,1,SNS,2011-2015,outgoing
https://ror.org/0361c8163,Ruppin Academic Center,IL,Israel,1,SNS,2011-2015,outgoing
https://ror.org/036266993,National Laboratory of the Rockies,US,United States,9,SNS,2011-2015,outgoing
https://ror.org/0363pts49,Institute for Nuclear Science and Technology,VN,Vietnam,2,SNS,2011-2015,outgoing
https://ror.org/03646q924,The Ohio State University at Marion,US,United States,1,SNS,2011-2015,outgoing
https://ror.org/0364a8z71,Denizli Devlet Hastanesi,TR,Turkey,1,SNS,2011-2015,outgoing
https://ror.org/0366c6s65,Institute of Rock and Soil Mechanics,CN,China,4,SNS,2011-2015,outgoing
https://ror.org/0366raz47,Naval Research Laboratory Remote Sensing Division,US,United States,97,SNS,2011-2015,outgoing
https://ror.org/03674y156,Instituto Nacional de Enfermedades Neoplásicas,PE,Peru,1,SNS,2011-2015,outgoing
https://ror.org/0367sye10,Atrium Medisch Centrum Parkstad,NL,The Netherlands,1,SNS,2011-2015,outgoing
https://ror.org/0368s4g32,China Medical University Hospital,TW,Taiwan,4,SNS,2011-2015,outgoing
https://ror.org/0369pvp92,Nanchang Hangkong University,CN,China,1,SNS,2011-2015,outgoing
https://ror.org/036a3f271,Institute for Medical Research,AR,Argentina,1,SNS,2011-2015,outgoing
https://ror.org/036atcw47,Alfred Mann Foundation,US,United States,33,SNS,2011-2015,outgoing
https://ror.org/036awca68,Institute of Ophthalmology,MX,Mexico,2,SNS,2011-2015,outgoing
https://ror.org/036b2ww28,Universidad de Málaga,ES,Spain,75,SNS,2011-2015,outgoing
https://ror.org/036bdjm06,Techniquest,GB,United Kingdom,2,SNS,2011-2015,outgoing
https://ror.org/036c9yv20,University of Kansas Medical Center,US,United States,18,SNS,2011-2015,outgoing
https://ror.org/036dyz052,PLA Navy General Hospital,CN,China,3,SNS,2011-2015,outgoing
https://ror.org/036f5mx38,Space Telescope Science Institute,US,United States,2014,SNS,2011-2015,outgoing
https://ror.org/036h8vg94,SKEMA Business School,FR,France,2,SNS,2011-2015,outgoing
https://ror.org/036j6sg82,Singapore General Hospital,SG,Singapore,4,SNS,2011-2015,outgoing
https://ror.org/036jn4298,The San Raffaele Telethon Institute for Gene Therapy,IT,Italy,15,SNS,2011-2015,outgoing
https://ror.org/036jqmy94,University of Iowa,US,United States,4784,SNS,2011-2015,outgoing
https://ror.org/036kgyt43,Chouaib Doukkali University,MA,Morocco,1,SNS,2011-2015,outgoing
https://ror.org/036kn0x67,Dean McGee Eye Institute,US,United States,2,SNS,2011-2015,outgoing
https://ror.org/036krsg33,CARTIF,ES,Spain,1,SNS,2011-2015,outgoing
https://ror.org/036n0x007,Lafayette College,US,United States,3,SNS,2011-2015,outgoing
https://ror.org/036nfer12,University of Central Florida,US,United States,80,SNS,2011-2015,outgoing
https://ror.org/036nq5137,Ministry of Education,TH,Thailand,4,SNS,2011-2015,outgoing
https://ror.org/036qrqq32,ARS University,ID,Indonesia,12,SNS,2011-2015,outgoing
https://ror.org/036ragn25,Research Center Borstel - Leibniz Lung Center,DE,Germany,1,SNS,2011-2015,outgoing
https://ror.org/036rp1748,Universidade de São Paulo,BR,Brazil,5,SNS,2011-2015,outgoing
https://ror.org/036trcv74,Nanjing Normal University,CN,China,82,SNS,2011-2015,outgoing
https://ror.org/036vg8r71,Colorado Cancer Research Program,US,United States,1,SNS,2011-2015,outgoing
https://ror.org/036wvs663,HUN-REN Research Centre for Astronomy and Earth Sciences,HU,Hungary,2,SNS,2011-2015,outgoing
https://ror.org/036wvzt09,"Agency for Science, Technology and Research",SG,Singapore,92,SNS,2011-2015,outgoing
https://ror.org/036x5ad56,University of Luxembourg,LU,Luxembourg,75,SNS,2011-2015,outgoing
https://ror.org/036x6gt55,North Bristol NHS Trust,GB,United Kingdom,5,SNS,2011-2015,outgoing
https://ror.org/036xhtv26,Institut de génétique et de développement de Rennes,FR,France,3,SNS,2011-2015,outgoing
https://ror.org/036zr1b90,Institute of Clinical and Experimental Medicine,CZ,Czechia,2,SNS,2011-2015,outgoing
https://ror.org/036zswm25,Laboratoire des Technologies de la Microélectronique,FR,France,2,SNS,2011-2015,outgoing
https://ror.org/0370htr03,UCL Queen Square Institute of Neurology,GB,United Kingdom,35,SNS,2011-2015,outgoing
https://ror.org/0371fqr87,Wuhan Union Hospital,CN,China,2,SNS,2011-2015,outgoing
https://ror.org/0371hy230,Institució Catalana de Recerca i Estudis Avançats,ES,Spain,883,SNS,2011-2015,outgoing
https://ror.org/0372th171,Université de Bretagne Occidentale,FR,France,6,SNS,2011-2015,outgoing
https://ror.org/03734cd59,Instituto Nacional de Rehabilitación,MX,Mexico,1,SNS,2011-2015,outgoing
https://ror.org/0373nm262,Kongju National University,KR,South Korea,3,SNS,2011-2015,outgoing
https://ror.org/037405308,Queensland Government,AU,Australia,3,SNS,2011-2015,outgoing
https://ror.org/037405c78,Cancer Research UK Manchester Institute,GB,United Kingdom,7,SNS,2011-2015,outgoing
https://ror.org/0374a5s68,Beijing Municipal Health Commission,CN,China,1,SNS,2011-2015,outgoing
https://ror.org/03754ky26,Tennessee Oncology,US,United States,1,SNS,2011-2015,outgoing
https://ror.org/0375f4d26,Alzheimer's Association,US,United States,4,SNS,2011-2015,outgoing
https://ror.org/03763ep67,Children's Hospital of Pittsburgh,US,United States,10,SNS,2011-2015,outgoing
https://ror.org/03769b225,University of Vaasa,FI,Finland,2,SNS,2011-2015,outgoing
https://ror.org/0377f6951,Foundation Center,US,United States,27,SNS,2011-2015,outgoing
https://ror.org/0377srw41,MetroHealth,US,United States,1,SNS,2011-2015,outgoing
https://ror.org/0377t1328,European Southern Observatory,CL,Chile,438,SNS,2011-2015,outgoing
https://ror.org/0377z4z10,CHU Dijon Bourgogne,FR,France,4,SNS,2011-2015,outgoing
https://ror.org/0378cd528,Institute for Cognitive Science Studies,IR,Iran,1,SNS,2011-2015,outgoing
https://ror.org/0378g3743,Animal and Plant Health Agency,GB,United Kingdom,1,SNS,2011-2015,outgoing
https://ror.org/0378sf364,Laboratoire Structure et Dynamique par Résonance Magnétique,FR,France,7,SNS,2011-2015,outgoing
https://ror.org/03791x537,U-center,NL,The Netherlands,4,SNS,2011-2015,outgoing
https://ror.org/037958547,Munch Museum,NO,Norway,1,SNS,2011-2015,outgoing
https://ror.org/037a8w620,MRC Metabolic Diseases Unit,GB,United Kingdom,1,SNS,2011-2015,outgoing
https://ror.org/037b1pp87,Beijing University of Technology,CN,China,16,SNS,2011-2015,outgoing
https://ror.org/037b5pv06,University of Pecs,HU,Hungary,4,SNS,2011-2015,outgoing
https://ror.org/037cnag11,University of Missouri–St. Louis,US,United States,11,SNS,2011-2015,outgoing
https://ror.org/037d0vf92,Nizhny Novgorod State Technical University,RU,Russia,3,SNS,2011-2015,outgoing
https://ror.org/037ejjy86,Wannan Medical College,CN,China,1,SNS,2011-2015,outgoing
https://ror.org/037gd6g64,Division of Atmospheric and Geospace Sciences,US,United States,1,SNS,2011-2015,outgoing
https://ror.org/037hby126,Établissement Français du Sang,FR,France,4,SNS,2011-2015,outgoing
https://ror.org/037hqgd69,Asia School of Business,MY,Malaysia,1,SNS,2011-2015,outgoing
https://ror.org/037m83a38,Royal Institution of Great Britain,GB,United Kingdom,2,SNS,2011-2015,outgoing
https://ror.org/037mrss42,Tshwane University of Technology,ZA,South Africa,1,SNS,2011-2015,outgoing
https://ror.org/037p13h95,Universidad CES,CO,Colombia,4,SNS,2011-2015,outgoing
https://ror.org/037p24858,"The First Affiliated Hospital, Sun Yat-sen University",CN,China,4,SNS,2011-2015,outgoing
https://ror.org/037p52j25,Institute of Theoretical and Applied Informatics,PL,Poland,2,SNS,2011-2015,outgoing
https://ror.org/037p86664,Leibniz Institute for Crystal Growth,DE,Germany,2,SNS,2011-2015,outgoing
https://ror.org/037r57b62,Buddhist Tzu Chi General Hospital,TW,Taiwan,1,SNS,2011-2015,outgoing
https://ror.org/037rt4a55,National Academy of Agricultural Science,KR,South Korea,1,SNS,2011-2015,outgoing
https://ror.org/037s24f05,Clemson University,US,United States,48,SNS,2011-2015,outgoing
https://ror.org/037s2db26,Gakushuin University,JP,Japan,3,SNS,2011-2015,outgoing
https://ror.org/037styt87,Petersburg Nuclear Physics Institute,RU,Russia,5206,SNS,2011-2015,outgoing
https://ror.org/037t3ry66,Illinois Institute of Technology,US,United States,22,SNS,2011-2015,outgoing
https://ror.org/037tm7f56,Courant Institute of Mathematical Sciences,US,United States,25,SNS,2011-2015,outgoing
https://ror.org/037tz0e16,London Health Sciences Centre,CA,Canada,2,SNS,2011-2015,outgoing
https://ror.org/037ve0v69,Yanbian University Hospital,CN,China,1,SNS,2011-2015,outgoing
https://ror.org/037vvf096,Karamanoğlu Mehmetbey University,TR,Turkey,1,SNS,2011-2015,outgoing
https://ror.org/037wmsn67,Nagoya Sangyo University,JP,Japan,22,SNS,2011-2015,outgoing
https://ror.org/037wny167,International Center for Tropical Agriculture,CO,Colombia,1,SNS,2011-2015,outgoing
https://ror.org/037wpkx04,University of Minho,PT,Portugal,926,SNS,2011-2015,outgoing
https://ror.org/037wq4b75,Klinikum Ludwigshafen,DE,Germany,1,SNS,2011-2015,outgoing
https://ror.org/037xafn82,William S. Middleton Memorial Veterans Hospital,US,United States,2,SNS,2011-2015,outgoing
https://ror.org/037zgn354,Johns Hopkins Medicine,US,United States,166,SNS,2011-2015,outgoing
https://ror.org/0380k9k47,Genopole (France),FR,France,1,SNS,2011-2015,outgoing
https://ror.org/0380n5h16,Federal Reserve Bank of Minneapolis,US,United States,1,SNS,2011-2015,outgoing
https://ror.org/0381bab64,Fondazione Edmund Mach,IT,Italy,2,SNS,2011-2015,outgoing
https://ror.org/038207k30,Laboratoire Génome et Développement des Plantes,FR,France,3,SNS,2011-2015,outgoing
https://ror.org/03826h192,Kao Corporation (Spain),ES,Spain,29,SNS,2011-2015,outgoing
https://ror.org/038321296,Gladstone Institutes,US,United States,10,SNS,2011-2015,outgoing
https://ror.org/038483r84,Eni (Italy),IT,Italy,2,SNS,2011-2015,outgoing
https://ror.org/0384j8v12,The University of Sydney,AU,Australia,2702,SNS,2011-2015,outgoing
https://ror.org/0384yev14,Otterbein University,US,United States,1,SNS,2011-2015,outgoing
https://ror.org/0385nmy68,Ministry of Industry and Information Technology,CN,China,12,SNS,2011-2015,outgoing
https://ror.org/03877wr45,Al-Muthanna University,IQ,Iraq,11,SNS,2011-2015,outgoing
https://ror.org/038792a28,Instituto de Tecnología Química,ES,Spain,4,SNS,2011-2015,outgoing
https://ror.org/0387jng26,Max Planck Institute for Human Cognitive and Brain Sciences,DE,Germany,1,SNS,2011-2015,outgoing
https://ror.org/0388c3403,Sichuan Agricultural University,CN,China,1,SNS,2011-2015,outgoing
https://ror.org/03893we55,Zhejiang Sci-Tech University,CN,China,1,SNS,2011-2015,outgoing
https://ror.org/038avdt50,Xi'an University of Technology,CN,China,1,SNS,2011-2015,outgoing
https://ror.org/038awey71,Management Research Institute,US,United States,3,SNS,2011-2015,outgoing
https://ror.org/038bmak92,Namur Research Institute for Life Sciences,BE,Belgium,1,SNS,2011-2015,outgoing
https://ror.org/038c3w259,Kunming Medical University,CN,China,1,SNS,2011-2015,outgoing
https://ror.org/038dg9e86,Hiroshima University Hospital,JP,Japan,1,SNS,2011-2015,outgoing
https://ror.org/038e2g226,Fujitsu (Japan),JP,Japan,3,SNS,2011-2015,outgoing
https://ror.org/038fcbc74,Institut de Génomique Fonctionnelle de Lyon,FR,France,18,SNS,2011-2015,outgoing
https://ror.org/038g7dk46,University of Miskolc,HU,Hungary,2,SNS,2011-2015,outgoing
https://ror.org/038hzq450,Henan Medical University,CN,China,1,SNS,2011-2015,outgoing
https://ror.org/038jp4m40,"National Centre of Scientific Research ""Demokritos""",GR,Greece,1629,SNS,2011-2015,outgoing
https://ror.org/038kffh84,Hellenic Centre for Marine Research,GR,Greece,2,SNS,2011-2015,outgoing
https://ror.org/038kp1442,Minnesota Supercomputing Institute,US,United States,12,SNS,2011-2015,outgoing
https://ror.org/038kr2d80,Emory National Primate Research Center,US,United States,3,SNS,2011-2015,outgoing
https://ror.org/038mfx688,National Academy of Sciences,US,United States,1484,SNS,2011-2015,outgoing
https://ror.org/038mzt421,Nerviano Medical Sciences,IT,Italy,1,SNS,2011-2015,outgoing
https://ror.org/038p3gq39,Yahoo (United Kingdom),GB,United Kingdom,1,SNS,2011-2015,outgoing
https://ror.org/038pb1155,Erzurum Technical University,TR,Turkey,1,SNS,2011-2015,outgoing
https://ror.org/038rjvd86,Department of Biological Sciences,RU,Russia,51,SNS,2011-2015,outgoing
https://ror.org/038st2x32,Lifenet Health,US,United States,1,SNS,2011-2015,outgoing
https://ror.org/038szmr31,Centro de Astrobiología,ES,Spain,131,SNS,2011-2015,outgoing
https://ror.org/038t36y30,Heidelberg University,DE,Germany,6188,SNS,2011-2015,outgoing
https://ror.org/038x2fh14,Charles R. Drew University of Medicine and Science,US,United States,2,SNS,2011-2015,outgoing
https://ror.org/038x9td67,Institute for Atomic and Molecular Physics,NL,The Netherlands,10,SNS,2011-2015,outgoing
https://ror.org/038xmzj21,Shanghai East Hospital,CN,China,1,SNS,2011-2015,outgoing
https://ror.org/038ygd080,Inner Mongolia Medical College Hospital,CN,China,1,SNS,2011-2015,outgoing
https://ror.org/038z7hb11,Institute of Laboratory Animal Science,CN,China,1,SNS,2011-2015,outgoing
https://ror.org/038zf2n28,Youngstown State University,US,United States,4,SNS,2011-2015,outgoing
https://ror.org/0390mzx53,London Institute for Mathematical Sciences,GB,United Kingdom,75,SNS,2011-2015,outgoing
https://ror.org/0390vdb22,Institute on Aging,US,United States,15,SNS,2011-2015,outgoing
https://ror.org/0390vgx68,European Theoretical Spectroscopy Facility,BE,Belgium,2,SNS,2011-2015,outgoing
https://ror.org/03911p935,World Health Organization - Afghanistan,AF,Afghanistan,1,SNS,2011-2015,outgoing
https://ror.org/039543c28,St Xavier’s College,IN,India,1,SNS,2011-2015,outgoing
https://ror.org/03967fe87,Tainan University of Technology,TW,Taiwan,1,SNS,2011-2015,outgoing
https://ror.org/0396bvs97,Truman State University,US,United States,1,SNS,2011-2015,outgoing
https://ror.org/0397knh37,Collegio Carlo Alberto,IT,Italy,21,SNS,2011-2015,outgoing
https://ror.org/0397tsa92,Clark Atlanta University,US,United States,27,SNS,2011-2015,outgoing
https://ror.org/0398a1r53,National metrology institute VTT MIKES,FI,Finland,8,SNS,2011-2015,outgoing
https://ror.org/039965637,University of Pavol Jozef Šafárik,SK,Slovakia,2,SNS,2011-2015,outgoing
https://ror.org/0399mhs52,Langley Research Center,US,United States,10,SNS,2011-2015,outgoing
https://ror.org/0399wt198,Summerland Research and Development Centre,CA,Canada,2,SNS,2011-2015,outgoing
https://ror.org/039a53269,Leibniz Institute on Aging - Fritz Lipmann Institute (FLI),DE,Germany,21,SNS,2011-2015,outgoing
https://ror.org/039bjqg32,University of Warsaw,PL,Poland,3028,SNS,2011-2015,outgoing
https://ror.org/039bp8j42,University of Verona,IT,Italy,155,SNS,2011-2015,outgoing
https://ror.org/039c6rk82,Ninewells Hospital,GB,United Kingdom,3,SNS,2011-2015,outgoing
https://ror.org/039d9wr27,National Heart Foundation of Australia,AU,Australia,1,SNS,2011-2015,outgoing
https://ror.org/039e7bg24,University of Taipei,TW,Taiwan,25,SNS,2011-2015,outgoing
https://ror.org/039epzh36,"Istituto Nazionale di Fisica Nucleare, Gruppo Collegato di Cosenza",IT,Italy,967,SNS,2011-2015,outgoing
https://ror.org/039evc422,Municipal Institute for Medical Research,ES,Spain,1,SNS,2011-2015,outgoing
https://ror.org/039fj2469,Observatoire de la Côte d’Azur,FR,France,338,SNS,2011-2015,outgoing
https://ror.org/039jmcx36,Konkoly Observatory,HU,Hungary,2,SNS,2011-2015,outgoing
https://ror.org/039k6f508,Korea Electronics Technology Institute,KR,South Korea,1,SNS,2011-2015,outgoing
https://ror.org/039n0s143,Ann Arbor VA Medical Center,US,United States,1,SNS,2011-2015,outgoing
https://ror.org/039pa0a74,DES Pune University,IN,India,82,SNS,2011-2015,outgoing
https://ror.org/039qvmf95,Wallenberg Wood Science Center,SE,Sweden,8,SNS,2011-2015,outgoing
https://ror.org/039r0r789,Government Dental College and Hospital,IN,India,1,SNS,2011-2015,outgoing
https://ror.org/039s6n838,Novartis (United Kingdom),GB,United Kingdom,1,SNS,2011-2015,outgoing
https://ror.org/039sbtn67,Connecticut State University System,US,United States,1,SNS,2011-2015,outgoing
https://ror.org/039shy520,Institute of High Energy Physics,AT,Austria,130,SNS,2011-2015,outgoing
https://ror.org/039ssy097,Instituto Pirenaico de Ecología,ES,Spain,2,SNS,2011-2015,outgoing
https://ror.org/039t4wk02,L3S Research Center,DE,Germany,2,SNS,2011-2015,outgoing
https://ror.org/039thcs93,Sri Venkateswara Institute of Medical Sciences,IN,India,1,SNS,2011-2015,outgoing
https://ror.org/039vqpp67,China Academy of Engineering Physics,CN,China,1,SNS,2011-2015,outgoing
https://ror.org/039w8qr24,North Bengal University,IN,India,3,SNS,2011-2015,outgoing
https://ror.org/039wwwz66,Banner Health,US,United States,10,SNS,2011-2015,outgoing
https://ror.org/039xnh269,Yanbian University,CN,China,2,SNS,2011-2015,outgoing
https://ror.org/039ygjf22,Jikei University School of Medicine,JP,Japan,5,SNS,2011-2015,outgoing
https://ror.org/039zd5s34,Integral University,IN,India,1,SNS,2011-2015,outgoing
https://ror.org/039zedc16,St George’s University Hospitals NHS Foundation Trust,GB,United Kingdom,3,SNS,2011-2015,outgoing
https://ror.org/039zvsn29,Natural History Museum,GB,United Kingdom,2,SNS,2011-2015,outgoing
https://ror.org/039zxt351,IRCCS Ospedale San Raffaele,IT,Italy,23,SNS,2011-2015,outgoing
https://ror.org/03a0vt050,Institute of Inorganic Methodologies and Plasmas,IT,Italy,61,SNS,2011-2015,outgoing
https://ror.org/03a11m818,Islamic Azad University Central Tehran Branch,IR,Iran,116,SNS,2011-2015,outgoing
https://ror.org/03a1crh56,Afyon Kocatepe University,TR,Turkey,1,SNS,2011-2015,outgoing
https://ror.org/03a1gte98,Canadian Space Agency,CA,Canada,1,SNS,2011-2015,outgoing
https://ror.org/03a1kt624,Universidad de Huelva,ES,Spain,15,SNS,2011-2015,outgoing
https://ror.org/03a1kwz48,University of Tübingen,DE,Germany,387,SNS,2011-2015,outgoing
https://ror.org/03a205534,State Key Laboratory of Geomechanics and Geotechnical Engineering,CN,China,4,SNS,2011-2015,outgoing
https://ror.org/03a26mh11,Laboratoire de Physique de l'Ecole Normale Supérieure,FR,France,434,SNS,2011-2015,outgoing
https://ror.org/03a2tac74,Florey Institute of Neuroscience and Mental Health,AU,Australia,18,SNS,2011-2015,outgoing
https://ror.org/03a39z514,Abia State University,NG,Nigeria,3,SNS,2011-2015,outgoing
https://ror.org/03a3qwm26,Augustana University,US,United States,285,SNS,2011-2015,outgoing
https://ror.org/03a42q045,Nara University,JP,Japan,15,SNS,2011-2015,outgoing
https://ror.org/03a5xsc56,Leibniz Institute for Tropospheric Research,DE,Germany,1,SNS,2011-2015,outgoing
https://ror.org/03a60m280,Hubei University,CN,China,3,SNS,2011-2015,outgoing
https://ror.org/03a62bv60,University of Malta,MT,Malta,31,SNS,2011-2015,outgoing
https://ror.org/03a64bh57,University of Catania,IT,Italy,2994,SNS,2011-2015,outgoing
https://ror.org/03a6zw892,Lurie Children's Hospital,US,United States,3,SNS,2011-2015,outgoing
https://ror.org/03a8gac78,Hospital Del Mar,ES,Spain,2,SNS,2011-2015,outgoing
https://ror.org/03a8gee76,National JALMA Institute for Leprosy & Other Mycobacterial Diseases,IN,India,1,SNS,2011-2015,outgoing
https://ror.org/03a9gd656,Institut des Molécules et Matériaux du Mans,FR,France,3,SNS,2011-2015,outgoing
https://ror.org/03a9mf398,Moscow State Pedagogical University,RU,Russia,2,SNS,2011-2015,outgoing
https://ror.org/03aam9155,KLE University,IN,India,1,SNS,2011-2015,outgoing
https://ror.org/03ab0at74,State Key Laboratory of Digital Medical Engineering,CN,China,3,SNS,2011-2015,outgoing
https://ror.org/03ab0zs98,Laboratoire de Mathématiques d'Orsay,FR,France,12,SNS,2011-2015,outgoing
https://ror.org/03ab8zv57,International Centre for Mathematical Sciences,GB,United Kingdom,62,SNS,2011-2015,outgoing
https://ror.org/03acrzv41,North China University of Water Resources and Electric Power,CN,China,1,SNS,2011-2015,outgoing
https://ror.org/03ad39j10,University of Pisa,IT,Italy,9403,SNS,2011-2015,outgoing
https://ror.org/03adhka07,Swiss Tropical and Public Health Institute,CH,Switzerland,5,SNS,2011-2015,outgoing
https://ror.org/03adqg323,Laboratoire Bordelais de Recherche en Informatique,FR,France,2,SNS,2011-2015,outgoing
https://ror.org/03ae6qy41,Phoenix Children's Hospital,US,United States,3,SNS,2011-2015,outgoing
https://ror.org/03af1ns45,Ospedale di Circolo di Busto Arsizio,IT,Italy,2,SNS,2011-2015,outgoing
https://ror.org/03afbx254,Waldkrankenhaus Protestant Hospital,DE,Germany,2,SNS,2011-2015,outgoing
https://ror.org/03ajk1m02,Arheološki Institut,RS,Serbia,1,SNS,2011-2015,outgoing
https://ror.org/03am10p12,Amrita Vishwa Vidyapeetham,IN,India,3,SNS,2011-2015,outgoing
https://ror.org/03am2jy38,Université de Perpignan,FR,France,18,SNS,2011-2015,outgoing
https://ror.org/03am4ny08,Maine Community College System,US,United States,1,SNS,2011-2015,outgoing
https://ror.org/03anc3s24,Austrian Academy of Sciences,AT,Austria,2559,SNS,2011-2015,outgoing
https://ror.org/03andr831,Christian Brothers University,US,United States,1,SNS,2011-2015,outgoing
https://ror.org/03angcq70,University of Birmingham,GB,United Kingdom,3870,SNS,2011-2015,outgoing
https://ror.org/03ap2av50,Max Planck Institute of Neurobiology,DE,Germany,12,SNS,2011-2015,outgoing
https://ror.org/03ap5bg83,National Dairy Research Institute,IN,India,6,SNS,2011-2015,outgoing
https://ror.org/03ap6wx93,Queen's Medical Centre,GB,United Kingdom,4,SNS,2011-2015,outgoing
https://ror.org/03apz2q12,Institute of Molecular Genetics,RU,Russia,3,SNS,2011-2015,outgoing
https://ror.org/03ar0mv07,United States Department of the Navy,US,United States,3,SNS,2011-2015,outgoing
https://ror.org/03arq3225,Michael J. Fox Foundation,US,United States,7,SNS,2011-2015,outgoing
https://ror.org/03arvq761,Volodymyr Dahl East Ukrainian National University,UA,Ukraine,1,SNS,2011-2015,outgoing
https://ror.org/03atapr58,Laboratoire d'Electrochimie Moléculaire,FR,France,4,SNS,2011-2015,outgoing
https://ror.org/03ate3e03,Max Planck Institute for Molecular Genetics,DE,Germany,46,SNS,2011-2015,outgoing
https://ror.org/03av75f26,Max Planck Institute for Multidisciplinary Sciences,DE,Germany,67,SNS,2011-2015,outgoing
https://ror.org/03aw5sn18,University of California San Diego Medical Center,US,United States,33,SNS,2011-2015,outgoing
https://ror.org/03awzbc87,Northeastern University,CN,China,27,SNS,2011-2015,outgoing
https://ror.org/03ay27p09,European Brain Research Institute,IT,Italy,117,SNS,2011-2015,outgoing
https://ror.org/03ayjn504,Tecnológico de Monterrey,MX,Mexico,1,SNS,2011-2015,outgoing
https://ror.org/03az1t892,Qinghai Normal University,CN,China,1,SNS,2011-2015,outgoing
https://ror.org/03azxga02,Nebraska Medical Center,US,United States,6,SNS,2011-2015,outgoing
https://ror.org/03azyh744,Institute of Organic Chemistry,HU,Hungary,3,SNS,2011-2015,outgoing
https://ror.org/03b08sh51,Beltsville Agricultural Research Center,US,United States,2,SNS,2011-2015,outgoing
https://ror.org/03b0x6j22,Niigata University Medical and Dental Hospital,JP,Japan,1,SNS,2011-2015,outgoing
https://ror.org/03b0ym704,Tokyo Keizai University,JP,Japan,3,SNS,2011-2015,outgoing
https://ror.org/03b21sh32,Basque Center for Applied Mathematics,ES,Spain,10,SNS,2011-2015,outgoing
https://ror.org/03b353k89,Saint Michael's College,US,United States,37,SNS,2011-2015,outgoing
https://ror.org/03b3baf09,Institute of Power Engineering,PL,Poland,1,SNS,2011-2015,outgoing
https://ror.org/03b5vk392,Center for Neurosciences,US,United States,17,SNS,2011-2015,outgoing
https://ror.org/03b657f73,Kio University,JP,Japan,2,SNS,2011-2015,outgoing
https://ror.org/03b6cpn03,Odesa I. I. Mechnikov National University,UA,Ukraine,1,SNS,2011-2015,outgoing
https://ror.org/03b6f4629,Institut de Recerca en Energia de Catalunya,ES,Spain,8,SNS,2011-2015,outgoing
https://ror.org/03b6sp482,Southern University System,US,United States,191,SNS,2011-2015,outgoing
https://ror.org/03b7pda13,Military Health System,US,United States,1,SNS,2011-2015,outgoing
https://ror.org/03b80zh39,Saskatchewan Science Centre,CA,Canada,1,SNS,2011-2015,outgoing
https://ror.org/03b94tp07,University of Auckland,NZ,New Zealand,2151,SNS,2011-2015,outgoing
https://ror.org/03ba28x55,Vall d'Hebron Hospital Universitari,ES,Spain,5,SNS,2011-2015,outgoing
https://ror.org/03bcvkf46,Fleet Science Center,US,United States,1,SNS,2011-2015,outgoing
https://ror.org/03bd8jh67,Vancouver Coastal Health,CA,Canada,7,SNS,2011-2015,outgoing
https://ror.org/03bdvdc06,Public Library of Science,GB,United Kingdom,3,SNS,2011-2015,outgoing
https://ror.org/03be58a36,Southern Arkansas University Tech,US,United States,106,SNS,2011-2015,outgoing
https://ror.org/03bea9k73,Ollscoil na Gaillimhe – University of Galway,IE,Ireland,44,SNS,2011-2015,outgoing
https://ror.org/03bfp2076,Beckman Laser Institute and Medical Clinic,US,United States,1,SNS,2011-2015,outgoing
https://ror.org/03bfqnx40,Democritus University of Thrace,GR,Greece,4,SNS,2011-2015,outgoing
https://ror.org/03bnma344,Institut de Biologie Valrose,FR,France,2,SNS,2011-2015,outgoing
https://ror.org/03bnmw459,University of Potsdam,DE,Germany,116,SNS,2011-2015,outgoing
https://ror.org/03bp5hc83,Universidad de Antioquia,CO,Colombia,61,SNS,2011-2015,outgoing
https://ror.org/03bpesm64,Instituto Nacional de Ciência e Tecnologia em Entomologia Molecular,BR,Brazil,1,SNS,2011-2015,outgoing
https://ror.org/03bq46k73,National University,US,United States,3,SNS,2011-2015,outgoing
https://ror.org/03bqk3e80,National Cancer Centre Singapore,SG,Singapore,2,SNS,2011-2015,outgoing
https://ror.org/03bqmcz70,Jagiellonian University,PL,Poland,3444,SNS,2011-2015,outgoing
https://ror.org/03br1wy20,Institut Fresnel,FR,France,16,SNS,2011-2015,outgoing
https://ror.org/03bra7668,Naval Research Laboratory Electronics Science and Technology Division,US,United States,2,SNS,2011-2015,outgoing
https://ror.org/03bs18y54,Infosys (India),IN,India,1,SNS,2011-2015,outgoing
https://ror.org/03btvgn05,Université Lille Nord de France,FR,France,1,SNS,2011-2015,outgoing
https://ror.org/03bvtqh46,Department of Embryology,US,United States,2,SNS,2011-2015,outgoing
https://ror.org/03bw34a45,UPMC Hillman Cancer Center,US,United States,5,SNS,2011-2015,outgoing
https://ror.org/03bwk9n44,Strategic Initiative Materials in Flanders,BE,Belgium,1,SNS,2011-2015,outgoing
https://ror.org/03bx4c072,The Spine Institute,US,United States,6,SNS,2011-2015,outgoing
https://ror.org/03bx60s49,Cancer Prevention Institute of California,US,United States,1,SNS,2011-2015,outgoing
https://ror.org/03bxk9355,Syktyvkar State University,RU,Russia,4,SNS,2011-2015,outgoing
https://ror.org/03bzbv419,Anhui Institute of Optics and Fine Mechanics,CN,China,2,SNS,2011-2015,outgoing
https://ror.org/03c0kvc14,Kavli Energy NanoScience Institute,US,United States,9,SNS,2011-2015,outgoing
https://ror.org/03c0nx407,Institut de Chimie Moléculaire de Reims,FR,France,2,SNS,2011-2015,outgoing
https://ror.org/03c2nxn64,Institut national du patrimoine,FR,France,1,SNS,2011-2015,outgoing
https://ror.org/03c3r2d17,Center for Astrophysics Harvard & Smithsonian,US,United States,2314,SNS,2011-2015,outgoing
https://ror.org/03c44v465,Polytechnic University of Bari,IT,Italy,2869,SNS,2011-2015,outgoing
https://ror.org/03c4atk17,Università della Svizzera italiana,CH,Switzerland,41,SNS,2011-2015,outgoing
https://ror.org/03c4kec23,Lyon College,US,United States,124,SNS,2011-2015,outgoing
https://ror.org/03c4mmv16,University of Ottawa,CA,Canada,67,SNS,2011-2015,outgoing
https://ror.org/03c4shz64,Abdelmalek Essaâdi University,MA,Morocco,2,SNS,2011-2015,outgoing
https://ror.org/03c52a632,Asia Pacific University of Technology & Innovation,MY,Malaysia,1,SNS,2011-2015,outgoing
https://ror.org/03c59nw07,Institute of Physics,HR,Croatia,2,SNS,2011-2015,outgoing
https://ror.org/03c62dg59,Ottawa Hospital,CA,Canada,12,SNS,2011-2015,outgoing
https://ror.org/03c6k3q87,National Research Center for Rehabilitation Technical Aids,CN,China,1,SNS,2011-2015,outgoing
https://ror.org/03c7s1f64,Maejo University,TH,Thailand,1,SNS,2011-2015,outgoing
https://ror.org/03c7zyj82,Sciences Po Grenoble,FR,France,3,SNS,2011-2015,outgoing
https://ror.org/03c8c9n80,Cathay General Hospital,TW,Taiwan,1,SNS,2011-2015,outgoing
https://ror.org/03c9ncn37,Wuhan National Laboratory for Optoelectronics,CN,China,5,SNS,2011-2015,outgoing
https://ror.org/03ca7a577,Fundación Universitaria Konrad Lorenz,CO,Colombia,6,SNS,2011-2015,outgoing
https://ror.org/03capj968,Institut de Recherche en Cancérologie de Montpellier,FR,France,1,SNS,2011-2015,outgoing
https://ror.org/03cbgzw80,Central Institute for Cotton Research,IN,India,1,SNS,2011-2015,outgoing
https://ror.org/03cbz4r60,Harold C. Simmons Comprehensive Cancer Center,US,United States,1,SNS,2011-2015,outgoing
https://ror.org/03cd02q50,United States Army Medical Research and Development Command,US,United States,3,SNS,2011-2015,outgoing
https://ror.org/03cdgfs84,Landschaftsverband Westfalen-Lippe,DE,Germany,5,SNS,2011-2015,outgoing
https://ror.org/03ceheh96,Qufu Normal University,CN,China,6,SNS,2011-2015,outgoing
https://ror.org/03cfem402,Laboratoire des Multimatériaux et Interfaces,FR,France,1,SNS,2011-2015,outgoing
https://ror.org/03chkg278,Coe College,US,United States,8,SNS,2011-2015,outgoing
https://ror.org/03chnr738,Hope College,US,United States,24,SNS,2011-2015,outgoing
https://ror.org/03cjm2544,Centre Inria de Sorbonne Université,FR,France,7,SNS,2011-2015,outgoing
https://ror.org/03cjntr43,Bio-Rad (United States),US,United States,2,SNS,2011-2015,outgoing
https://ror.org/03cjqqq10,Institut Clinique de la Souris,FR,France,2,SNS,2011-2015,outgoing
https://ror.org/03ckh6215,National Institute of Genetic Engineering and Biotechnology,IR,Iran,2,SNS,2011-2015,outgoing
https://ror.org/03ckrg061,International Collaboration On Repair Discoveries,CA,Canada,1,SNS,2011-2015,outgoing
https://ror.org/03cmntr54,Instituto de Astrofísica de Canarias,ES,Spain,602,SNS,2011-2015,outgoing
https://ror.org/03cmqpr17,Affiliated Hospital of Guilin Medical College,CN,China,1,SNS,2011-2015,outgoing
https://ror.org/03cn6tr16,Centro de Investigación Biomédica en Red de Enfermedades Hepáticas y Digestivas,ES,Spain,3,SNS,2011-2015,outgoing
https://ror.org/03cp5cj42,Sarah Cannon Research Institute,GB,United Kingdom,3,SNS,2011-2015,outgoing
https://ror.org/03cpe7c52,Allen Institute,US,United States,14,SNS,2011-2015,outgoing
https://ror.org/03cq4gr50,Khon Kaen University,TH,Thailand,6,SNS,2011-2015,outgoing
https://ror.org/03cqe8w59,Consejo Nacional de Investigaciones Científicas y Técnicas,AR,Argentina,372,SNS,2011-2015,outgoing
https://ror.org/03cqnhx95,St. John's College of Nursing,US,United States,1,SNS,2011-2015,outgoing
https://ror.org/03cqsth74,Muhlenberg College,US,United States,64,SNS,2011-2015,outgoing
https://ror.org/03crn0n59,NOAA Pacific Marine Environmental Laboratory,US,United States,1,SNS,2011-2015,outgoing
https://ror.org/03cs53d16,United States Navy,US,United States,1,SNS,2011-2015,outgoing
https://ror.org/03ctacd45,Korea Electrotechnology Research Institute,KR,South Korea,1,SNS,2011-2015,outgoing
https://ror.org/03ctjbj91,Liverpool Hope University,GB,United Kingdom,2,SNS,2011-2015,outgoing
https://ror.org/03cv38k47,University Medical Center Groningen,NL,The Netherlands,49,SNS,2011-2015,outgoing
https://ror.org/03cv6f983,Texas A&M University School of Law,US,United States,2,SNS,2011-2015,outgoing
https://ror.org/03cve4549,Tsinghua University,CN,China,2953,SNS,2011-2015,outgoing
https://ror.org/03cw63y62,Women's College Hospital,CA,Canada,1,SNS,2011-2015,outgoing
https://ror.org/03cwzta72,Direction des Energies,FR,France,2,SNS,2011-2015,outgoing
https://ror.org/03cx5n871,OZ Biosciences (France),FR,France,2,SNS,2011-2015,outgoing
https://ror.org/03cx6bg69,National Technical University of Athens,GR,Greece,1431,SNS,2011-2015,outgoing
https://ror.org/03cxys317,Yamaguchi University,JP,Japan,1,SNS,2011-2015,outgoing
https://ror.org/03cyvdv85,First Affiliated Hospital of Wenzhou Medical University,CN,China,1,SNS,2011-2015,outgoing
https://ror.org/03czfpz43,Emory University,US,United States,235,SNS,2011-2015,outgoing
https://ror.org/03d0p2685,Helmholtz Centre for Infection Research,DE,Germany,18,SNS,2011-2015,outgoing
https://ror.org/03d0s8302,Universidade Estadual de Alagoas,BR,Brazil,1,SNS,2011-2015,outgoing
https://ror.org/03d1maw17,University of Namur,BE,Belgium,47,SNS,2011-2015,outgoing
https://ror.org/03d1wq758,Maine Medical Center Research Institute,US,United States,4,SNS,2011-2015,outgoing
https://ror.org/03d1zwe41,Center for Behavioral Brain Sciences,DE,Germany,4,SNS,2011-2015,outgoing
https://ror.org/03d2ezn18,Institut Cartogràfic i Geològic de Catalunya,ES,Spain,1,SNS,2011-2015,outgoing
https://ror.org/03d3v3e93,Evotec (Germany),DE,Germany,2,SNS,2011-2015,outgoing
https://ror.org/03d47z838,National Observatory,BR,Brazil,80,SNS,2011-2015,outgoing
https://ror.org/03d4d3711,Central Taiwan University of Science and Technology,TW,Taiwan,1,SNS,2011-2015,outgoing
https://ror.org/03d532p87,Hôpital Xavier Arnozan,FR,France,5,SNS,2011-2015,outgoing
https://ror.org/03d543283,Children's Minnesota,US,United States,1,SNS,2011-2015,outgoing
https://ror.org/03d58dr58,National Neuroscience Institute,SG,Singapore,3,SNS,2011-2015,outgoing
https://ror.org/03d61dw70,State Key Laboratory of Luminescent Materials and Devices,CN,China,5,SNS,2011-2015,outgoing
https://ror.org/03d64na34,Prince Mohammad bin Fahd University,SA,Saudi Arabia,2,SNS,2011-2015,outgoing
https://ror.org/03d7a9c68,Valencia Catholic University Saint Vincent Martyr,ES,Spain,1,SNS,2011-2015,outgoing
https://ror.org/03d7c1451,Indonesian Institute of Sciences,ID,Indonesia,1,SNS,2011-2015,outgoing
https://ror.org/03d7sax13,South Central Minzu University,CN,China,2,SNS,2011-2015,outgoing
https://ror.org/03d7vz670,College of Mount Saint Vincent,US,United States,1,SNS,2011-2015,outgoing
https://ror.org/03dakdm13,St. John's College,US,United States,1,SNS,2011-2015,outgoing
https://ror.org/03db3by08,Northeast Radio Observatory Corporation,US,United States,202,SNS,2011-2015,outgoing
https://ror.org/03db5ay71,Yale Peabody Museum,US,United States,1,SNS,2011-2015,outgoing
https://ror.org/03dbr7087,University of Toronto,CA,Canada,3504,SNS,2011-2015,outgoing
https://ror.org/03dc0dy65,Kashan University of Medical Sciences,IR,Iran,1,SNS,2011-2015,outgoing
https://ror.org/03dcxwy38,Taiwan Space Agency,TW,Taiwan,3,SNS,2011-2015,outgoing
https://ror.org/03ddh2c27,LG (South Korea),KR,South Korea,2,SNS,2011-2015,outgoing
https://ror.org/03dewsa74,Blue Marble Space,US,United States,1,SNS,2011-2015,outgoing
https://ror.org/03df8gj37,Defense Health Agency,US,United States,3,SNS,2011-2015,outgoing
https://ror.org/03dftj863,Anatomische Anstalt,DE,Germany,9,SNS,2011-2015,outgoing
https://ror.org/03dgaqz26,Chongqing University of Posts and Telecommunications,CN,China,14,SNS,2011-2015,outgoing
https://ror.org/03dkvy735,New York Medical College,US,United States,6,SNS,2011-2015,outgoing
https://ror.org/03dm7dd93,Austrian Centre of Industrial Biotechnology (Austria),AT,Austria,3,SNS,2011-2015,outgoing
https://ror.org/03dnc6n82,National Institute for Biological Standards and Control,GB,United Kingdom,1,SNS,2011-2015,outgoing
https://ror.org/03dnytd23,Shenyang Pharmaceutical University,CN,China,4,SNS,2011-2015,outgoing
https://ror.org/03dqcb840,Luther College,US,United States,409,SNS,2011-2015,outgoing
https://ror.org/03dsd0g48,Laboratoire des Sciences du Climat et de l'Environnement,FR,France,4,SNS,2011-2015,outgoing
https://ror.org/03dtdvk23,Consorzio Interuniversitario Risonanze Magnetiche di Metallo Proteine,IT,Italy,1,SNS,2011-2015,outgoing
https://ror.org/03dtebk39,National Observatory of Athens,GR,Greece,271,SNS,2011-2015,outgoing
https://ror.org/03dtejd64,Fraunhofer USA Center for Molecular Biotechnology,US,United States,1,SNS,2011-2015,outgoing
https://ror.org/03dv9mn33,Swedish Species Information Centre,SE,Sweden,1,SNS,2011-2015,outgoing
https://ror.org/03dveyr97,Guangxi Medical University,CN,China,5,SNS,2011-2015,outgoing
https://ror.org/03dvm1235,Glasgow Caledonian University,GB,United Kingdom,2,SNS,2011-2015,outgoing
https://ror.org/03dwx1z96,Maulana Azad Medical College,IN,India,1,SNS,2011-2015,outgoing
https://ror.org/03dx11k66,German Center for Lung Research,DE,Germany,1,SNS,2011-2015,outgoing
https://ror.org/03dx46b94,Royal National Orthopaedic Hospital NHS Trust,GB,United Kingdom,3,SNS,2011-2015,outgoing
https://ror.org/03dykc861,Fondazione Istituto G. Giglio di Cefalù,IT,Italy,1,SNS,2011-2015,outgoing
https://ror.org/03dzc0485,University of Regina,CA,Canada,1069,SNS,2011-2015,outgoing
https://ror.org/03e044190,Spintronique et Technologie des Composants,FR,France,4,SNS,2011-2015,outgoing
https://ror.org/03e04g978,Tanzania Commission for Science and Technology,TZ,Tanzania,71,SNS,2011-2015,outgoing
https://ror.org/03e04kk51,Women and Children’s Health Research Institute,CA,Canada,1,SNS,2011-2015,outgoing
https://ror.org/03e06qt98,GE Global Research (United States),US,United States,2,SNS,2011-2015,outgoing
https://ror.org/03e10x626,Universitat de les Illes Balears,ES,Spain,334,SNS,2011-2015,outgoing
https://ror.org/03e1sv842,Abdus Salam Centre for Physics,PK,Pakistan,1559,SNS,2011-2015,outgoing
https://ror.org/03e1yhr47,Advanced Research Institute,US,United States,1,SNS,2011-2015,outgoing
https://ror.org/03e26wv14,"California State University, Sacramento",US,United States,2,SNS,2011-2015,outgoing
https://ror.org/03e29r284,National Taipei University,TW,Taiwan,16,SNS,2011-2015,outgoing
https://ror.org/03e2qe334,Naresuan University,TH,Thailand,6,SNS,2011-2015,outgoing
https://ror.org/03e2r1r87,École Nationale Supérieure d'Architecture de Paris-La Villette,FR,France,2,SNS,2011-2015,outgoing
https://ror.org/03e3kts03,South Australian Health and Medical Research Institute,AU,Australia,2,SNS,2011-2015,outgoing
https://ror.org/03e59a529,Molecular Cardiology and Neuromuscular Institute,US,United States,1,SNS,2011-2015,outgoing
https://ror.org/03e5eem51,Budker Institute of Nuclear Physics,RU,Russia,3913,SNS,2011-2015,outgoing
https://ror.org/03e5mzp60,University of West London,GB,United Kingdom,1,SNS,2011-2015,outgoing
https://ror.org/03e71c577,Centre for Addiction and Mental Health,CA,Canada,7,SNS,2011-2015,outgoing
https://ror.org/03e76ya46,Max Planck Institute for Biophysical Chemistry,DE,Germany,13,SNS,2011-2015,outgoing
https://ror.org/03e7xy909,People’s University,IN,India,1,SNS,2011-2015,outgoing
https://ror.org/03e835785,Centre de Recherches et d'Etudes Administratives de Montpellier,FR,France,1,SNS,2011-2015,outgoing
https://ror.org/03e8rf594,IMT Mines Alès,FR,France,1,SNS,2011-2015,outgoing
https://ror.org/03e8s1d88,Potsdam Institute for Climate Impact Research,DE,Germany,8,SNS,2011-2015,outgoing
https://ror.org/03e8tm275,Shriners Hospitals for Children,US,United States,2,SNS,2011-2015,outgoing
https://ror.org/03ebbfh95,Fraunhofer Institute for Laser Technology,DE,Germany,2,SNS,2011-2015,outgoing
https://ror.org/03ed91q10,State Key Laboratory of Inorganic Synthesis and Preparative Chemistry,CN,China,2,SNS,2011-2015,outgoing
https://ror.org/03ef4a036,Universität für Weiterbildung Krems,AT,Austria,4,SNS,2011-2015,outgoing
https://ror.org/03efa9j76,Solid State Physics Laboratory,IN,India,20,SNS,2011-2015,outgoing
https://ror.org/03efbq855,Károli Gáspár University of the Reformed Church in Hungary,HU,Hungary,1,SNS,2011-2015,outgoing
https://ror.org/03efc2j36,Gran Telescopio Canarias (Spain),ES,Spain,25,SNS,2011-2015,outgoing
https://ror.org/03efmqc40,Arizona State University,US,United States,691,SNS,2011-2015,outgoing
https://ror.org/03efxn362,Universidad Veracruzana,MX,Mexico,2,SNS,2011-2015,outgoing
https://ror.org/03eg83y24,Pacific Island Ecosystems Research Center,US,United States,2,SNS,2011-2015,outgoing
https://ror.org/03eh3y714,Paul Scherrer Institute,CH,Switzerland,2307,SNS,2011-2015,outgoing
https://ror.org/03ehk1n67,Indus University,IN,India,1,SNS,2011-2015,outgoing
https://ror.org/03ejnre35,Niğde Ömer Halisdemir Üniversitesi,TR,Turkey,4,SNS,2011-2015,outgoing
https://ror.org/03ek23472,Huaibei Normal University,CN,China,1,SNS,2011-2015,outgoing
https://ror.org/03ekhbz91,Renmin Hospital of Wuhan University,CN,China,3,SNS,2011-2015,outgoing
https://ror.org/03eksqx74,Winthrop-University Hospital,US,United States,1,SNS,2011-2015,outgoing
https://ror.org/03ekzka28,Antioch University,US,United States,11,SNS,2011-2015,outgoing
https://ror.org/03emtbt60,Ministry of Science and Technology,IN,India,31,SNS,2011-2015,outgoing
https://ror.org/03en4sq15,State Key Laboratory of Rare Earth Resources Utilization,CN,China,1,SNS,2011-2015,outgoing
https://ror.org/03enmdz06,"California State University, Fresno",US,United States,532,SNS,2011-2015,outgoing
https://ror.org/03ep23f07,Korea Research Institute of Bioscience and Biotechnology,KR,South Korea,14,SNS,2011-2015,outgoing
https://ror.org/03ep3hs23,National Institute of Animal Nutrition and Physiology,IN,India,1,SNS,2011-2015,outgoing
https://ror.org/03eqd4a41,National Institute of Chemical Physics and Biophysics,EE,Estonia,2281,SNS,2011-2015,outgoing
https://ror.org/03eqeqg74,Institute of Protein Biochemistry,IT,Italy,3,SNS,2011-2015,outgoing
https://ror.org/03eqttr49,Research Triangle Park Foundation,US,United States,23,SNS,2011-2015,outgoing
https://ror.org/03eqyg336,Great Lakes Institute for Environmental Research,CA,Canada,1,SNS,2011-2015,outgoing
https://ror.org/03ery9d53,Office of Fossil Energy,US,United States,2,SNS,2011-2015,outgoing
https://ror.org/03es66g06,Leiden Observatory,NL,The Netherlands,1676,SNS,2011-2015,outgoing
https://ror.org/03et85d35,Ningbo University,CN,China,160,SNS,2011-2015,outgoing
https://ror.org/03eta9142,Rowland Institute at Harvard,US,United States,39,SNS,2011-2015,outgoing
https://ror.org/03etyjw28,Pontificia Universidad Javeriana,CO,Colombia,1,SNS,2011-2015,outgoing
https://ror.org/03evbwn87,Centre Hospitalier Régional Universitaire de Brest,FR,France,1,SNS,2011-2015,outgoing
https://ror.org/03eve7z35,Hospital Universitário da Universidade Federal do Maranhão,BR,Brazil,1,SNS,2011-2015,outgoing
https://ror.org/03evg0379,Higher Institute of Technologies and Applied Sciences,CU,Cuba,5,SNS,2011-2015,outgoing
https://ror.org/03ewx7v96,TOBB University of Economics and Technology,TR,Turkey,1386,SNS,2011-2015,outgoing
https://ror.org/03exgrk66,Ewha Womans University Medical Center,KR,South Korea,2,SNS,2011-2015,outgoing
https://ror.org/03ey7ve44,Regulus Therapeutics (United States),US,United States,2,SNS,2011-2015,outgoing
https://ror.org/03eykgw84,Fujirebio (Japan),JP,Japan,1,SNS,2011-2015,outgoing
https://ror.org/03eyq4y97,Hamad bin Khalifa University,QA,Qatar,17,SNS,2011-2015,outgoing
https://ror.org/03ez40v33,BI Norwegian Business School,NO,Norway,1,SNS,2011-2015,outgoing
https://ror.org/03f099r71,Instituts Universitaires de Technologie,FR,France,19,SNS,2011-2015,outgoing
https://ror.org/03f0apy98,Laboratoire de Physique Subatomique et de Cosmologie,FR,France,2157,SNS,2011-2015,outgoing
https://ror.org/03f0f6041,University of Technology Sydney,AU,Australia,30,SNS,2011-2015,outgoing
https://ror.org/03f27y887,Universidad Nacional de Asunción,PY,Paraguay,2,SNS,2011-2015,outgoing
https://ror.org/03f2ct267,APC Microbiome Institute,IE,Ireland,1,SNS,2011-2015,outgoing
https://ror.org/03f61zm76,National Research Centre for the Working Environment,DK,Denmark,1,SNS,2011-2015,outgoing
https://ror.org/03f6h9044,Camilo José Cela University,ES,Spain,5,SNS,2011-2015,outgoing
https://ror.org/03f6n9m15,University Hospital Frankfurt,DE,Germany,1,SNS,2011-2015,outgoing
https://ror.org/03f72zw41,Henan Provincial People's Hospital,CN,China,1,SNS,2011-2015,outgoing
https://ror.org/03f8bz564,Technical University of Crete,GR,Greece,11,SNS,2011-2015,outgoing
https://ror.org/03f9f1d95,U.S. Air Force Institute of Technology,US,United States,1,SNS,2011-2015,outgoing
https://ror.org/03f9nc143,Skolkovo Institute of Science and Technology,RU,Russia,10,SNS,2011-2015,outgoing
https://ror.org/03fa2nf38,Methodist University,US,United States,1,SNS,2011-2015,outgoing
https://ror.org/03fag5224,West Bengal University of Health Sciences,IN,India,2,SNS,2011-2015,outgoing
https://ror.org/03fatne33,Mamun University,UZ,Uzbekistan,1,SNS,2011-2015,outgoing
https://ror.org/03faz3d81,Centro de Investigação de Montanha,PT,Portugal,2,SNS,2011-2015,outgoing
https://ror.org/03fbwjm33,Cancer Research Center,US,United States,3,SNS,2011-2015,outgoing
https://ror.org/03fbzmy04,22q11 Ireland,IE,Ireland,1,SNS,2011-2015,outgoing
https://ror.org/03fc1k060,University of Salento,IT,Italy,1592,SNS,2011-2015,outgoing
https://ror.org/03fcjvn64,Centre Inria de l'Université de Lorraine,FR,France,9,SNS,2011-2015,outgoing
https://ror.org/03fd77x13,Institut National de Physique Nucléaire et de Physique des Particules,FR,France,8806,SNS,2011-2015,outgoing
https://ror.org/03fdnmv92,Hôpital Bichat-Claude-Bernard,FR,France,2,SNS,2011-2015,outgoing
https://ror.org/03fe56089,GlaxoSmithKline (Italy),IT,Italy,1,SNS,2011-2015,outgoing
https://ror.org/03fe7t173,Wuhan University of Technology,CN,China,10,SNS,2011-2015,outgoing
https://ror.org/03feyt230,Tougaloo College,US,United States,1,SNS,2011-2015,outgoing
https://ror.org/03fgcf430,Energy Institute,GB,United Kingdom,1,SNS,2011-2015,outgoing
https://ror.org/03fgher32,UC Irvine Health,US,United States,8,SNS,2011-2015,outgoing
https://ror.org/03fhjvs31,Center for Molecular Medicine and Immunology,US,United States,5,SNS,2011-2015,outgoing
https://ror.org/03fk87k11,Institut de Mathématiques de Jussieu-Paris Rive Gauche,FR,France,17,SNS,2011-2015,outgoing
https://ror.org/03fkbz285,Saint Louis University,ES,Spain,112,SNS,2011-2015,outgoing
https://ror.org/03fkc8c64,University of the West Indies,JM,Jamaica,5,SNS,2011-2015,outgoing
https://ror.org/03fmvqd28,BioMarin (United States),US,United States,1,SNS,2011-2015,outgoing
https://ror.org/03fpf5m04,Weston Area Health NHS Trust,GB,United Kingdom,2,SNS,2011-2015,outgoing
https://ror.org/03frdh605,Huaqiao University,CN,China,3,SNS,2011-2015,outgoing
https://ror.org/03frj4r98,Japan Advanced Institute of Science and Technology,JP,Japan,2,SNS,2011-2015,outgoing
https://ror.org/03frjya69,Daegu Gyeongbuk Institute of Science and Technology,KR,South Korea,4,SNS,2011-2015,outgoing
https://ror.org/03fs7vk32,American International Group (United States),US,United States,4,SNS,2011-2015,outgoing
https://ror.org/03fs9z545,Mahidol Oxford Tropical Medicine Research Unit,TH,Thailand,2,SNS,2011-2015,outgoing
https://ror.org/03ftejk10,V. N. Karazin Kharkiv National University,UA,Ukraine,6,SNS,2011-2015,outgoing
https://ror.org/03ftngr23,Institute for Technical Physics and Materials Science,HU,Hungary,6,SNS,2011-2015,outgoing
https://ror.org/03fvnza37,"St. Mary's University, Texas",US,United States,4,SNS,2011-2015,outgoing
https://ror.org/03fvwxc59,National Center For Child Health and Development,JP,Japan,2,SNS,2011-2015,outgoing
https://ror.org/03fwfk305,Instituto de Neurociencias de Castilla y León,ES,Spain,2,SNS,2011-2015,outgoing
https://ror.org/03fyv3102,Hospital Clínico Universitario Lozano Blesa,ES,Spain,2,SNS,2011-2015,outgoing
https://ror.org/03fyvh407,Dokkyo Medical University Saitama Medical Center,JP,Japan,1,SNS,2011-2015,outgoing
https://ror.org/03g001n57,Champalimaud Foundation,PT,Portugal,4,SNS,2011-2015,outgoing
https://ror.org/03g03ge92,Amgen (United States),US,United States,7,SNS,2011-2015,outgoing
https://ror.org/03g1q6c06,SUNY Geneseo,US,United States,1,SNS,2011-2015,outgoing
https://ror.org/03g267s60,Max Planck Institute for Biological Intelligence,DE,Germany,26,SNS,2011-2015,outgoing
https://ror.org/03g2am276,"National Research, Development and Innovation Office",HU,Hungary,5,SNS,2011-2015,outgoing
https://ror.org/03g2c2k71,Laboratoire de Mathématiques et Physique Théorique,FR,France,10,SNS,2011-2015,outgoing
https://ror.org/03g35dg18,Delaware State University,US,United States,1,SNS,2011-2015,outgoing
https://ror.org/03g3p3b82,Mount Saint Vincent University,CA,Canada,1,SNS,2011-2015,outgoing
https://ror.org/03g5ew477,Institute of Photonic Sciences,ES,Spain,178,SNS,2011-2015,outgoing
https://ror.org/03g5f5777,Maine Medical Center,US,United States,4,SNS,2011-2015,outgoing
https://ror.org/03g7eh380,Federal Ministry of Defence,DE,Germany,2,SNS,2011-2015,outgoing
https://ror.org/03g83vg44,ALS Biopharma (United States),US,United States,1,SNS,2011-2015,outgoing
https://ror.org/03g897070,Shanghai Institute of Optics and Fine Mechanics,CN,China,2,SNS,2011-2015,outgoing
https://ror.org/03g9ch715,National Center for Supercomputing Applications,BG,Bulgaria,9,SNS,2011-2015,outgoing
https://ror.org/03gb7n667,University General Hospital Attikon,GR,Greece,2,SNS,2011-2015,outgoing
https://ror.org/03gbw6p94,University of Technology,RU,Russia,37,SNS,2011-2015,outgoing
https://ror.org/03gc1p724,Laboratoire de Physique des 2 Infinis Irène Joliot-Curie,FR,France,4607,SNS,2011-2015,outgoing
https://ror.org/03gc39678,Antonine University,LB,Lebanon,2,SNS,2011-2015,outgoing
https://ror.org/03gcbhc33,IFP Énergies nouvelles,FR,France,1,SNS,2011-2015,outgoing
https://ror.org/03gcvf773,Decision Sciences (United States),US,United States,2,SNS,2011-2015,outgoing
https://ror.org/03gd0dm95,Aga Khan University,PK,Pakistan,5,SNS,2011-2015,outgoing
https://ror.org/03gds6c39,The University of Texas Health Science Center at Houston,US,United States,176,SNS,2011-2015,outgoing
https://ror.org/03gf02c22,Folkwang University of the Arts,DE,Germany,331,SNS,2011-2015,outgoing
https://ror.org/03gf7z214,Institut universitaire de cardiologie et de pneumologie de Québec,CA,Canada,3,SNS,2011-2015,outgoing
https://ror.org/03gf8rp76,National Centre for Biological Sciences,IN,India,7,SNS,2011-2015,outgoing
https://ror.org/03gfgbw10,Institut für Prophylaxe und Epidemiologie der Kreislaufkrankheiten,DE,Germany,1,SNS,2011-2015,outgoing
https://ror.org/03gfmry48,Sheppard and Enoch Pratt Hospital,US,United States,1,SNS,2011-2015,outgoing
https://ror.org/03gh3xj41,Institute of Economic Sciences,RS,Serbia,1,SNS,2011-2015,outgoing
https://ror.org/03gh96r95,Bowdoin College,US,United States,2,SNS,2011-2015,outgoing
https://ror.org/03gk81f96,Kaohsiung Medical University,TW,Taiwan,6,SNS,2011-2015,outgoing
https://ror.org/03gkvrb60,Raytheon (United States),US,United States,1,SNS,2011-2015,outgoing
https://ror.org/03gn3ta84,Wroclaw University of Health and Sport Sciences,PL,Poland,1,SNS,2011-2015,outgoing
https://ror.org/03gn5cg19,Kahramanmaraş Sütçü İmam University,TR,Turkey,103,SNS,2011-2015,outgoing
https://ror.org/03gnh5541,Institute of Science and Technology Austria,AT,Austria,13,SNS,2011-2015,outgoing
https://ror.org/03gnr7b55,Nantes Université,FR,France,622,SNS,2011-2015,outgoing
https://ror.org/03gq8fr08,Rutherford Appleton Laboratory,GB,United Kingdom,7374,SNS,2011-2015,outgoing
https://ror.org/03gq8sg42,Yahoo (Spain),ES,Spain,24,SNS,2011-2015,outgoing
https://ror.org/03grc6f14,Mount Allison University,CA,Canada,1,SNS,2011-2015,outgoing
https://ror.org/03grvy078,University of Minnesota System,US,United States,2891,SNS,2011-2015,outgoing
https://ror.org/03grx7119,University of Science and Technology Liaoning,CN,China,13,SNS,2011-2015,outgoing
https://ror.org/03gsa2724,Texas Lutheran University,US,United States,6,SNS,2011-2015,outgoing
https://ror.org/03gtdcg60,Universidad Diego Portales,CL,Chile,140,SNS,2011-2015,outgoing
https://ror.org/03gv2xk61,RIKEN Center for Emergent Matter Science,JP,Japan,14,SNS,2011-2015,outgoing
https://ror.org/03gvnh520,Paris Cardiovascular Research Center,FR,France,12,SNS,2011-2015,outgoing
https://ror.org/03gxj8t57,Central American Technological University,HN,Honduras,1,SNS,2011-2015,outgoing
https://ror.org/03gzbrs57,NewYork–Presbyterian Hospital,US,United States,8,SNS,2011-2015,outgoing
https://ror.org/03h0qfp10,Halmstad University,SE,Sweden,1,SNS,2011-2015,outgoing
https://ror.org/03h0qhk21,Cornell Atkinson Center for Sustainability,US,United States,1,SNS,2011-2015,outgoing
https://ror.org/03h1gw307,St. Eugenio Hospital,IT,Italy,1,SNS,2011-2015,outgoing
https://ror.org/03h1hsz49,"Czech Academy of Sciences, Institute of Information Theory and Automation",CZ,Czechia,12,SNS,2011-2015,outgoing
https://ror.org/03h2bh287,Oxford University Hospitals NHS Trust,GB,United Kingdom,37,SNS,2011-2015,outgoing
https://ror.org/03h2bxq36,University of Dundee,GB,United Kingdom,74,SNS,2011-2015,outgoing
https://ror.org/03h2xy876,Institute of Cardiology,PL,Poland,1,SNS,2011-2015,outgoing
https://ror.org/03h33sq24,State Key Laboratory of Tribology,CN,China,1,SNS,2011-2015,outgoing
https://ror.org/03h3fdc41,Collaborative Innovation Center of Suzhou Nano Science and Technology,CN,China,5,SNS,2011-2015,outgoing
https://ror.org/03h3jqn23,European Space Research and Technology Centre,NL,The Netherlands,157,SNS,2011-2015,outgoing
https://ror.org/03h3tds63,Toyohashi Municipal Hospital,JP,Japan,1,SNS,2011-2015,outgoing
https://ror.org/03h3w3289,Deutscher Verein des Gas und Wasserfaches,DE,Germany,1,SNS,2011-2015,outgoing
https://ror.org/03h4e4c54,Model Animal Research Center,CN,China,1,SNS,2011-2015,outgoing
https://ror.org/03h4zjr91,Carnegie Observatories,US,United States,1042,SNS,2011-2015,outgoing
https://ror.org/03h7mcc28,"Directorate for Social, Behavioral & Economic Sciences",US,United States,1,SNS,2011-2015,outgoing
https://ror.org/03h7qq074,Slovak Academy of Sciences,SK,Slovakia,2937,SNS,2011-2015,outgoing
https://ror.org/03h7r5v07,Università Cattolica del Sacro Cuore,IT,Italy,164,SNS,2011-2015,outgoing
https://ror.org/03h86rm10,Centro de Estudos do Ambiente e do Mar,PT,Portugal,2,SNS,2011-2015,outgoing
https://ror.org/03ha2q922,National Science Centre,PL,Poland,1544,SNS,2011-2015,outgoing
https://ror.org/03ha6v181,National Chi Nan University,TW,Taiwan,1,SNS,2011-2015,outgoing
https://ror.org/03hakdk41,UNC/NCSU Joint Department of Biomedical Engineering,US,United States,2,SNS,2011-2015,outgoing
https://ror.org/03hamhx47,University of Massachusetts Lowell,US,United States,17,SNS,2011-2015,outgoing
https://ror.org/03hapbz02,Electric Technology Research Association,JP,Japan,1,SNS,2011-2015,outgoing
https://ror.org/03haqsp75,"Institute of Atomic and Molecular Sciences, Academia Sinica",TW,Taiwan,2,SNS,2011-2015,outgoing
https://ror.org/03hasqf61,Institut de Ciència de Materials de Barcelona,ES,Spain,23,SNS,2011-2015,outgoing
https://ror.org/03hass884,Ernst Ruska Centre,DE,Germany,5,SNS,2011-2015,outgoing
https://ror.org/03hbp5t65,University of Idaho,US,United States,7,SNS,2011-2015,outgoing
https://ror.org/03hdrgy42,Thomas Young Centre,GB,United Kingdom,27,SNS,2011-2015,outgoing
https://ror.org/03hf69k85,bioMérieux (France),FR,France,1,SNS,2011-2015,outgoing
https://ror.org/03hgsyv65,Laboratoire Temps Espace,FR,France,4,SNS,2011-2015,outgoing
https://ror.org/03hjcs512,Automatic Control Laboratory,CH,Switzerland,1,SNS,2011-2015,outgoing
https://ror.org/03hjgt059,Barcelona Institute for Global Health,ES,Spain,1,SNS,2011-2015,outgoing
https://ror.org/03hkzcg46,Scottish Confederation of University and Research Libraries,GB,United Kingdom,18,SNS,2011-2015,outgoing
https://ror.org/03hm8w204,Pharmacyclics (United States),US,United States,1,SNS,2011-2015,outgoing
https://ror.org/03hnwy706,Experimental Medicine and Biology Institute,AR,Argentina,2,SNS,2011-2015,outgoing
https://ror.org/03hp7bq97,Laboratoire d’Économie d’Orléans,FR,France,1,SNS,2011-2015,outgoing
https://ror.org/03hqv2x85,Mitochondrial and Cardiovascular Physiopathology,FR,France,1,SNS,2011-2015,outgoing
https://ror.org/03hqwnx39,Hebei North University,CN,China,1,SNS,2011-2015,outgoing
https://ror.org/03hsf0573,William & Mary,US,United States,243,SNS,2011-2015,outgoing
https://ror.org/03ht1xw27,Tata Institute of Fundamental Research,IN,India,3620,SNS,2011-2015,outgoing
https://ror.org/03hv1ad10,Akita University,JP,Japan,2,SNS,2011-2015,outgoing
https://ror.org/03hvr8395,Universidad Cuauhtémoc Guadalajara,MX,Mexico,3,SNS,2011-2015,outgoing
https://ror.org/03hwe2705,UCSF Benioff Children's Hospital,US,United States,3,SNS,2011-2015,outgoing
https://ror.org/03hx19n93,Naval Research Laboratory Space Science Division,US,United States,37,SNS,2011-2015,outgoing
https://ror.org/03hxbk195,Kliniken der Stadt Köln,DE,Germany,1,SNS,2011-2015,outgoing
https://ror.org/03hxyy717,Institut für Humangenetik,DE,Germany,64,SNS,2011-2015,outgoing
https://ror.org/03hxzy361,Institute of Physics,NL,The Netherlands,1515,SNS,2011-2015,outgoing
https://ror.org/03hya7h57,Roman L. Hruska U.S. Meat Animal Research Center,US,United States,3,SNS,2011-2015,outgoing
https://ror.org/03hypw319,Université de Reims Champagne-Ardenne,FR,France,20,SNS,2011-2015,outgoing
https://ror.org/03j05zz84,Philadelphia VA Medical Center,US,United States,1,SNS,2011-2015,outgoing
https://ror.org/03j1pdd39,Shanghai Industrial Technology Institute,CN,China,1,SNS,2011-2015,outgoing
https://ror.org/03j283p93,State Key Laboratory of Molecular Reaction Dynamics,CN,China,34,SNS,2011-2015,outgoing
https://ror.org/03j307b25,Observatoire de Lyon,FR,France,242,SNS,2011-2015,outgoing
https://ror.org/03j33bp92,State Key Laboratory of Fine Chemicals,CN,China,20,SNS,2011-2015,outgoing
https://ror.org/03j3dbz94,Trinity College,US,United States,1,SNS,2011-2015,outgoing
https://ror.org/03j4rrt43,International Centre for Genetic Engineering and Biotechnology,IN,India,1,SNS,2011-2015,outgoing
https://ror.org/03j4x9j18,Institute of Process Engineering,CN,China,6,SNS,2011-2015,outgoing
https://ror.org/03j4zvd18,Foro Italico University of Rome,IT,Italy,1,SNS,2011-2015,outgoing
https://ror.org/03j5gm982,Institute for Molecular Systems Biology,CH,Switzerland,16,SNS,2011-2015,outgoing
https://ror.org/03j6mx979,Hakodate Goryoukaku Hospital,JP,Japan,1,SNS,2011-2015,outgoing
https://ror.org/03j6pc929,Emirates International University,YE,Yemen,2,SNS,2011-2015,outgoing
https://ror.org/03j7gdf68,Mogam Institute for Biomedical Research,KR,South Korea,1,SNS,2011-2015,outgoing
https://ror.org/03j7sze86,Yale Cancer Center,US,United States,10,SNS,2011-2015,outgoing
https://ror.org/03j85fc72,Fraunhofer Institute for Molecular Biology and Applied Ecology,DE,Germany,1,SNS,2011-2015,outgoing
https://ror.org/03j87dy80,Directorate of Coldwater Fisheries Research,IN,India,1,SNS,2011-2015,outgoing
https://ror.org/03j8tnm47,Federal Center for Technological Education Celso Suckow da Fonseca,BR,Brazil,1,SNS,2011-2015,outgoing
https://ror.org/03j96nc67,Central Metallurgical Research and Development Institute,EG,Egypt,1,SNS,2011-2015,outgoing
https://ror.org/03j96wp44,Association for Innovation and Biomedical Research on Light and Image,PT,Portugal,2,SNS,2011-2015,outgoing
https://ror.org/03j9npf54,Geisinger Medical Center,US,United States,1,SNS,2011-2015,outgoing
https://ror.org/03j9xzm13,Naval Research Laboratory Optical Sciences Division,US,United States,174,SNS,2011-2015,outgoing
https://ror.org/03jbbze48,University of San Diego,US,United States,3,SNS,2011-2015,outgoing
https://ror.org/03jbf6q27,Max-Born-Institute for Nonlinear Optics and Short Pulse Spectroscopy,DE,Germany,10,SNS,2011-2015,outgoing
https://ror.org/03jc41j30,Jiangsu University,CN,China,4,SNS,2011-2015,outgoing
https://ror.org/03jca6281,Laboratoire de Mathématiques et Modélisation d'Évry,FR,France,4,SNS,2011-2015,outgoing
https://ror.org/03jdg7625,Institut des Sciences Sociales du Politique,FR,France,1,SNS,2011-2015,outgoing
https://ror.org/03jdj0g52,Applied Research Laboratory at Penn State,US,United States,1,SNS,2011-2015,outgoing
https://ror.org/03jdj4y14,Nvidia (United States),US,United States,3,SNS,2011-2015,outgoing
https://ror.org/03je5c526,Atatürk University,TR,Turkey,3,SNS,2011-2015,outgoing
https://ror.org/03je9ev90,World Health Organization - Malawi,MW,Malawi,1,SNS,2011-2015,outgoing
https://ror.org/03jep7677,Carleton College,US,United States,226,SNS,2011-2015,outgoing
https://ror.org/03jh5a977,Center for Information Technology,US,United States,76,SNS,2011-2015,outgoing
https://ror.org/03jkshc47,Medical University of Varna,BG,Bulgaria,1,SNS,2011-2015,outgoing
https://ror.org/03jm2hc44,Laboratoire de Mathématiques Nicolas Oresme,FR,France,3,SNS,2011-2015,outgoing
https://ror.org/03jn38r85,Collaborative Innovation Center of Quantum Matter,CN,China,57,SNS,2011-2015,outgoing
https://ror.org/03jp3w522,Institute of Electronic Materials Technology,PL,Poland,6,SNS,2011-2015,outgoing
https://ror.org/03jp40720,Mayo Clinic in Arizona,US,United States,24,SNS,2011-2015,outgoing
https://ror.org/03jp7rg16,LNM Institute of Information Technology,IN,India,1,SNS,2011-2015,outgoing
https://ror.org/03jpm9j23,Hospital da Luz,PT,Portugal,1,SNS,2011-2015,outgoing
https://ror.org/03jq88n71,Seattle Cancer Care Alliance,US,United States,1,SNS,2011-2015,outgoing
https://ror.org/03jqa2c59,Institute for Prevention and Occupational Medicine,DE,Germany,1,SNS,2011-2015,outgoing
https://ror.org/03jqp6d56,University of Applied Sciences Upper Austria,AT,Austria,5,SNS,2011-2015,outgoing
https://ror.org/03jqs2n27,Macau University of Science and Technology,CN,China,5,SNS,2011-2015,outgoing
https://ror.org/03jrh3t05,Royal Devon and Exeter Hospital,GB,United Kingdom,1,SNS,2011-2015,outgoing
https://ror.org/03jrmgg47,Alvin J. Siteman Cancer Center,US,United States,3,SNS,2011-2015,outgoing
https://ror.org/03jrn4k58,GlaxoSmithKline (China),CN,China,7,SNS,2011-2015,outgoing
https://ror.org/03jspcw28,University of Belgrade – Faculty of Mathematics,RS,Serbia,3,SNS,2011-2015,outgoing
https://ror.org/03jtrja12,Dumlupinar University,TR,Turkey,563,SNS,2011-2015,outgoing
https://ror.org/03jtvc520,Institute of Energy Economics at the University of Cologne,DE,Germany,29,SNS,2011-2015,outgoing
https://ror.org/03jty3219,A.E. Arbuzov Institute of Organic and Physical Chemistry,RU,Russia,3,SNS,2011-2015,outgoing
https://ror.org/03jv6w209,Maison de la Simulation,FR,France,2,SNS,2011-2015,outgoing
https://ror.org/03jvfq589,Deutsche Bundesbank,DE,Germany,7,SNS,2011-2015,outgoing
https://ror.org/03jwrz939,Biomathematics and Statistics Scotland,GB,United Kingdom,1,SNS,2011-2015,outgoing
https://ror.org/03jwzwq24,Xerox (United States),US,United States,4,SNS,2011-2015,outgoing
https://ror.org/03jxkz251,Istituto Tumori Bari,IT,Italy,1,SNS,2011-2015,outgoing
https://ror.org/03jyr9x65,The Open University of Japan,JP,Japan,2,SNS,2011-2015,outgoing
https://ror.org/03jyskd58,South East Physics Network,GB,United Kingdom,22,SNS,2011-2015,outgoing
https://ror.org/03jyzk483,Hôpital Beaujon,FR,France,3,SNS,2011-2015,outgoing
https://ror.org/03jzs4815,A. N. Nesmeyanov Institute of Organoelement Compounds,RU,Russia,2,SNS,2011-2015,outgoing
https://ror.org/03k0md330,Taipei Medical University Hospital,TW,Taiwan,2,SNS,2011-2015,outgoing
https://ror.org/03k0z2z93,WZB Berlin Social Science Center,DE,Germany,45,SNS,2011-2015,outgoing
https://ror.org/03k174p87,Xuchang University,CN,China,1,SNS,2011-2015,outgoing
https://ror.org/03k1bsr36,Université de Bourgogne,FR,France,60,SNS,2011-2015,outgoing
https://ror.org/03k1e4r14,Unité de Technologies Chimiques et Biologiques pour la Santé,FR,France,1,SNS,2011-2015,outgoing
https://ror.org/03k1gpj17,Colorado State University,US,United States,785,SNS,2011-2015,outgoing
https://ror.org/03k32n603,CEPN - Centre d'Economie de l'Université Paris Nord,FR,France,1,SNS,2011-2015,outgoing
https://ror.org/03k3c2t50,University of Alaska Anchorage,US,United States,44,SNS,2011-2015,outgoing
https://ror.org/03k3ky186,Federal Institute for Risk Assessment,DE,Germany,3,SNS,2011-2015,outgoing
https://ror.org/03k3p7647,Universidade Federal da Bahia,BR,Brazil,23,SNS,2011-2015,outgoing
https://ror.org/03k4xgp92,Guangzhou Psychiatric Hospital,CN,China,3,SNS,2011-2015,outgoing
https://ror.org/03k4zc121,Cell Signaling Technology (United States),US,United States,7,SNS,2011-2015,outgoing
https://ror.org/03k51z204,Hotchkiss Brain Institute,CA,Canada,13,SNS,2011-2015,outgoing
https://ror.org/03k5xes38,Data Storage Institute,SG,Singapore,3,SNS,2011-2015,outgoing
https://ror.org/03k7r0z51,Fachhochschule Wiener Neustadt,AT,Austria,299,SNS,2011-2015,outgoing
https://ror.org/03k84rm07,Center for Environmental Health,US,United States,2,SNS,2011-2015,outgoing
https://ror.org/03k8zj440,Servicio de Salud de Castilla La Mancha,ES,Spain,3,SNS,2011-2015,outgoing
https://ror.org/03k9qs827,Fritz Haber Institute of the Max Planck Society,DE,Germany,53,SNS,2011-2015,outgoing
https://ror.org/03ka4h071,Consorzio Interuniversitario per le Biotecnologie,IT,Italy,1,SNS,2011-2015,outgoing
https://ror.org/03ke6tv85,University of Southern Maine,US,United States,2,SNS,2011-2015,outgoing
https://ror.org/03kf4rc21,Ohio University Lancaster,US,United States,110,SNS,2011-2015,outgoing
https://ror.org/03kfjwy31,"Laboratoire d'Automatique, de Génie des Procédés et de Génie Pharmaceutique",FR,France,2,SNS,2011-2015,outgoing
https://ror.org/03kgj4539,TRIUMF,CA,Canada,1221,SNS,2011-2015,outgoing
https://ror.org/03kgsv495,Bar-Ilan University,IL,Israel,56,SNS,2011-2015,outgoing
https://ror.org/03kgwb284,Central University of Odisha,IN,India,4,SNS,2011-2015,outgoing
https://ror.org/03khjyh83,Genome Research Foundation,KR,South Korea,5,SNS,2011-2015,outgoing
https://ror.org/03khw1425,Korea AeroSpace Administration,KR,South Korea,62,SNS,2011-2015,outgoing
https://ror.org/03kj6ny93,National Optical Astronomy Observatory,US,United States,537,SNS,2011-2015,outgoing
https://ror.org/03kjjhe36,Tokyo Women's Medical University,JP,Japan,5,SNS,2011-2015,outgoing
https://ror.org/03kjmz544,Université de Nantes,FR,France,516,SNS,2011-2015,outgoing
https://ror.org/03kjyy960,Instituto de Biomedicina y Genética Molecular de Valladolid,ES,Spain,2,SNS,2011-2015,outgoing
https://ror.org/03kk7td41,Cardiff University,GB,United Kingdom,861,SNS,2011-2015,outgoing
https://ror.org/03kkfk814,University of Jijel,DZ,Algeria,2,SNS,2011-2015,outgoing
https://ror.org/03kkjyb15,Peking University Shenzhen Hospital,CN,China,7,SNS,2011-2015,outgoing
https://ror.org/03kn4xv14,Institute for High Energy Physics,RU,Russia,3521,SNS,2011-2015,outgoing
https://ror.org/03kp2qt98,Ramakrishna Mission Vivekananda Educational and Research Institute,IN,India,1,SNS,2011-2015,outgoing
https://ror.org/03kpa7r53,Herttoniemi Hospital,FI,Finland,1,SNS,2011-2015,outgoing
https://ror.org/03kpps236,Barcelona Institute of Science and Technology,ES,Spain,3553,SNS,2011-2015,outgoing
https://ror.org/03kpvby98,MRC Unit for Lifelong Health and Ageing,GB,United Kingdom,1,SNS,2011-2015,outgoing
https://ror.org/03kqpb082,Czech Technical University in Prague,CZ,Czechia,2362,SNS,2011-2015,outgoing
https://ror.org/03kr30n36,Manchester Royal Infirmary,GB,United Kingdom,2,SNS,2011-2015,outgoing
https://ror.org/03ks1vk59,Centro di Riferimento Oncologico,IT,Italy,1,SNS,2011-2015,outgoing
https://ror.org/03ks2a131,Mitre (United States),US,United States,3,SNS,2011-2015,outgoing
https://ror.org/03kw5ag50,Halla University,KR,South Korea,3,SNS,2011-2015,outgoing
https://ror.org/03kw9gc02,Aligarh Muslim University,IN,India,263,SNS,2011-2015,outgoing
https://ror.org/03kwaeq96,Population Health Research Institute,CA,Canada,2,SNS,2011-2015,outgoing
https://ror.org/03kwnqq69,Centre d’Élaboration de Matériaux et d’Études Structurales,FR,France,2,SNS,2011-2015,outgoing
https://ror.org/03kwrfk72,Women's and Children's Hospital,AU,Australia,10,SNS,2011-2015,outgoing
https://ror.org/03kx02w94,Experimental Drug Development Centre,SG,Singapore,4,SNS,2011-2015,outgoing
https://ror.org/03kxdn807,Universiti Tenaga Nasional,MY,Malaysia,1,SNS,2011-2015,outgoing
https://ror.org/03m01yf64,Ministry of Education,TW,Taiwan,1,SNS,2011-2015,outgoing
https://ror.org/03m04df46,University Hospital Magdeburg,DE,Germany,1,SNS,2011-2015,outgoing
https://ror.org/03m0n3c07,Istituto di Matematica Applicata e Tecnologie Informatiche,IT,Italy,11,SNS,2011-2015,outgoing
https://ror.org/03m0vk445,Kunming Institute of Zoology,CN,China,7,SNS,2011-2015,outgoing
https://ror.org/03m0zs870,Institut Cellule Souche et Cerveau,FR,France,4,SNS,2011-2015,outgoing
https://ror.org/03m1g2s55,Sanford Burnham Prebys Medical Discovery Institute,US,United States,32,SNS,2011-2015,outgoing
https://ror.org/03m2kj587,Hochschule Hannover,DE,Germany,1,SNS,2011-2015,outgoing
https://ror.org/03m2x1q45,University of Arizona,US,United States,3735,SNS,2011-2015,outgoing
https://ror.org/03m3gzv89,École Nationale Vétérinaire de Toulouse,FR,France,9,SNS,2011-2015,outgoing
https://ror.org/03m3hse57,"Department of Environment, Land, Water and Planning",AU,Australia,1,SNS,2011-2015,outgoing
https://ror.org/03m5qkb69,Cancer Council Australia,AU,Australia,1,SNS,2011-2015,outgoing
https://ror.org/03m6ee736,Vermont State University,US,United States,2,SNS,2011-2015,outgoing
https://ror.org/03m775f27,Institute of Social Sciences of the Centre of Social and Psychological Sciences of the Slovak Academy of Sciences,SK,Slovakia,3,SNS,2011-2015,outgoing
https://ror.org/03m7pt185,Bay Zoltán Foundation for Applied Research,HU,Hungary,1,SNS,2011-2015,outgoing
https://ror.org/03m7qwy32,William Penn University,US,United States,24,SNS,2011-2015,outgoing
https://ror.org/03m8vkq32,Institut National du Cancer,FR,France,2,SNS,2011-2015,outgoing
https://ror.org/03m8w6896,Quantum Chemistry Research Institute,JP,Japan,3,SNS,2011-2015,outgoing
https://ror.org/03m908832,Lehman College,US,United States,2,SNS,2011-2015,outgoing
https://ror.org/03m964n84,Aichi University of Education,JP,Japan,3,SNS,2011-2015,outgoing
https://ror.org/03m96p165,Nanjing Forestry University,CN,China,1,SNS,2011-2015,outgoing
https://ror.org/03mb6wj31,Universitat Politècnica de Catalunya,ES,Spain,265,SNS,2011-2015,outgoing
https://ror.org/03mbq3y29,Lahey Hospital and Medical Center,US,United States,1,SNS,2011-2015,outgoing
https://ror.org/03mc19e15,Weston General Hospital,GB,United Kingdom,2,SNS,2011-2015,outgoing
https://ror.org/03mchdq19,Rigshospitalet,DK,Denmark,9,SNS,2011-2015,outgoing
https://ror.org/03mfyme49,Instituto de Investigación Biomédica de Lleida,ES,Spain,3,SNS,2011-2015,outgoing
https://ror.org/03mjcd737,University of the East,PH,Philippines,3,SNS,2011-2015,outgoing
https://ror.org/03mkjjy25,Université de Versailles Saint-Quentin-en-Yvelines,FR,France,111,SNS,2011-2015,outgoing
https://ror.org/03mkrhh61,Institute for Building Materials,CH,Switzerland,1,SNS,2011-2015,outgoing
https://ror.org/03mnm0t94,University of Wisconsin–Eau Claire,US,United States,10,SNS,2011-2015,outgoing
https://ror.org/03mnpq162,Second Genome (United States),US,United States,1,SNS,2011-2015,outgoing
https://ror.org/03mq8q210,State Key Laboratory of Membrane Biology,CN,China,1,SNS,2011-2015,outgoing
https://ror.org/03mqfn238,University of South China,CN,China,62,SNS,2011-2015,outgoing
https://ror.org/03mrbr458,Leibniz Institute for Astrophysics Potsdam,DE,Germany,366,SNS,2011-2015,outgoing
https://ror.org/03mstc592,European Molecular Biology Laboratory,DE,Germany,253,SNS,2011-2015,outgoing
https://ror.org/03mt5nv96,Institut Universitaire en Santé Mentale de Québec,CA,Canada,2,SNS,2011-2015,outgoing
https://ror.org/03mtd9a03,Stanford Medicine,US,United States,81,SNS,2011-2015,outgoing
https://ror.org/03mvawd68,North Dakota University System,US,United States,2,SNS,2011-2015,outgoing
https://ror.org/03mw4pt79,State Key Laboratory for Structural Chemistry of Unstable and Stable Species,CN,China,13,SNS,2011-2015,outgoing
https://ror.org/03mwa7s65,Ministry of Health Labour and Welfare,JP,Japan,3,SNS,2011-2015,outgoing
https://ror.org/03mwaf730,Center for Nano Science and Technology,IT,Italy,3,SNS,2011-2015,outgoing
https://ror.org/03mwgfy56,Tarbiat Modares University,IR,Iran,6,SNS,2011-2015,outgoing
https://ror.org/03mx8d427,National Institute of Health Dr. Ricardo Jorge,PT,Portugal,7,SNS,2011-2015,outgoing
https://ror.org/03mxktp47,Institut de Biologie de l'École Normale Supérieure,FR,France,10,SNS,2011-2015,outgoing
https://ror.org/03mxyqx84,National Center for Climate Change Strategy and International Cooperation,CN,China,7,SNS,2011-2015,outgoing
https://ror.org/03myafa32,"Oxford Centre for Diabetes, Endocrinology and Metabolism",GB,United Kingdom,1,SNS,2011-2015,outgoing
https://ror.org/03mynna02,Centro Nacional de Análisis Genómico,ES,Spain,9,SNS,2011-2015,outgoing
https://ror.org/03myvh511,Zhangzhou Vocational and Technical College,CN,China,1,SNS,2011-2015,outgoing
https://ror.org/03mzbmf11,Institute for Physics of Microstructures,RU,Russia,3,SNS,2011-2015,outgoing
https://ror.org/03mzbnj03,VA Southeast Network,US,United States,3,SNS,2011-2015,outgoing
https://ror.org/03n0nnh89,Hospital Kuala Lumpur,MY,Malaysia,1,SNS,2011-2015,outgoing
https://ror.org/03n15ch10,CEA Paris-Saclay,FR,France,1157,SNS,2011-2015,outgoing
https://ror.org/03n1tgd19,Museum Conservation Institute,US,United States,1,SNS,2011-2015,outgoing
https://ror.org/03n2a3p06,New York Stem Cell Foundation,US,United States,1,SNS,2011-2015,outgoing
https://ror.org/03n2ay196,South Texas Veterans Health Care System,US,United States,8,SNS,2011-2015,outgoing
https://ror.org/03n3yg876,Laboratoire de physique des lasers,FR,France,37,SNS,2011-2015,outgoing
https://ror.org/03n6nwv02,Universidad Politécnica de Madrid,ES,Spain,34,SNS,2011-2015,outgoing
https://ror.org/03n7a5z57,Huainan Normal University,CN,China,2,SNS,2011-2015,outgoing
https://ror.org/03n9hr695,China National GeneBank,CN,China,3,SNS,2011-2015,outgoing
https://ror.org/03nadee84,Vilnius University,LT,Lithuania,2126,SNS,2011-2015,outgoing
https://ror.org/03nadks56,Riga Stradiņš University,LV,Latvia,1,SNS,2011-2015,outgoing
https://ror.org/03natay60,Istanbul Arel University,TR,Turkey,23,SNS,2011-2015,outgoing
https://ror.org/03natb733,Hamamatsu Photonics (Japan),JP,Japan,3,SNS,2011-2015,outgoing
https://ror.org/03navsr28,Hôpital Mère-Enfant,FR,France,1,SNS,2011-2015,outgoing
https://ror.org/03nawhv43,"University of California, Riverside",US,United States,4419,SNS,2011-2015,outgoing
https://ror.org/03nb7bx92,Centro Andaluz de Biología Molecular y Medicina Regenerativa,ES,Spain,5,SNS,2011-2015,outgoing
https://ror.org/03nb7yk44,Centro de Física Teórica e Computacional,PT,Portugal,74,SNS,2011-2015,outgoing
https://ror.org/03nd63441,The Christie Hospital,GB,United Kingdom,1,SNS,2011-2015,outgoing
https://ror.org/03net5943,Northeast Petroleum University,CN,China,1,SNS,2011-2015,outgoing
https://ror.org/03nf36p02,University of Beira Interior,PT,Portugal,2,SNS,2011-2015,outgoing
https://ror.org/03ngg2631,Ministry of Defence of the Russian Federation,RU,Russia,1,SNS,2011-2015,outgoing
https://ror.org/03ngjpk76,General Atomics (United States),US,United States,3,SNS,2011-2015,outgoing
https://ror.org/03ngp7731,Advanced Cooling Technologies (United States),US,United States,1,SNS,2011-2015,outgoing
https://ror.org/03nhjew95,Université de Rouen Normandie,FR,France,27,SNS,2011-2015,outgoing
https://ror.org/03nhmbj89,United States Nuclear Regulatory Commission,US,United States,1,SNS,2011-2015,outgoing
https://ror.org/03nj2kd75,Houston Health and Human Services Department,US,United States,28,SNS,2011-2015,outgoing
https://ror.org/03njebb69,IRCCS San Camillo Hospital,IT,Italy,14,SNS,2011-2015,outgoing
https://ror.org/03njmea73,Duke Medical Center,US,United States,55,SNS,2011-2015,outgoing
https://ror.org/03njrcx45,Laboratoire de Biologie et Pharmacologie Appliquée,FR,France,2,SNS,2011-2015,outgoing
https://ror.org/03nknpw16,Laboratoire de Chimie Physique et Microbiologie pour l'Environnement,FR,France,1,SNS,2011-2015,outgoing
https://ror.org/03nm76w91,Universidad Instituto Universitario del Estado de México,MX,Mexico,1,SNS,2011-2015,outgoing
https://ror.org/03nmxrr49,Research Institute of Health Sciences,ES,Spain,6,SNS,2011-2015,outgoing
https://ror.org/03np4e098,Haukeland University Hospital,NO,Norway,7,SNS,2011-2015,outgoing
https://ror.org/03nqvpf75,Laboratoire d'Étude des Microstructures,FR,France,1,SNS,2011-2015,outgoing
https://ror.org/03nr2fs68,NOVA School of Business and Economics,PT,Portugal,2,SNS,2011-2015,outgoing
https://ror.org/03ntccx93,National Hospital Organization,JP,Japan,5,SNS,2011-2015,outgoing
https://ror.org/03nteze27,National Taiwan University Hospital,TW,Taiwan,10,SNS,2011-2015,outgoing
https://ror.org/03ntmtb29,Centre Val de Loire,FR,France,1,SNS,2011-2015,outgoing
https://ror.org/03nvtfm43,Concordia University,US,United States,3804,SNS,2011-2015,outgoing
https://ror.org/03nxfhe13,Baylor University Medical Center,US,United States,7,SNS,2011-2015,outgoing
https://ror.org/03nyxmy82,Sumitomo Chemical (Japan),JP,Japan,2,SNS,2011-2015,outgoing
https://ror.org/03nzegx43,Hospital de Cruces,ES,Spain,2,SNS,2011-2015,outgoing
https://ror.org/03p14d497,University of Augsburg,DE,Germany,120,SNS,2011-2015,outgoing
https://ror.org/03p15s250,National Center for Health Statistics,US,United States,2,SNS,2011-2015,outgoing
https://ror.org/03p2z7827,Benemérita Universidad Autónoma de Puebla,MX,Mexico,2300,SNS,2011-2015,outgoing
https://ror.org/03p3aeb86,Universidad de Murcia,ES,Spain,127,SNS,2011-2015,outgoing
https://ror.org/03p3sm411,Marine Biodiversity Institute of Korea,KR,South Korea,1,SNS,2011-2015,outgoing
https://ror.org/03p64mj41,Greenwood Genetic Center,US,United States,11,SNS,2011-2015,outgoing
https://ror.org/03p6ach34,Structure Fédérative de Recherche Bonamy,FR,France,1,SNS,2011-2015,outgoing
https://ror.org/03p6fpw74,Summa Health System,US,United States,1,SNS,2011-2015,outgoing
https://ror.org/03p74gp79,University of Cape Town,ZA,South Africa,1116,SNS,2011-2015,outgoing
https://ror.org/03p7jen43,Direction des Sciences du Vivant,FR,France,41,SNS,2011-2015,outgoing
https://ror.org/03p8qrw52,Texas A&M Engineering Experiment Station,US,United States,1,SNS,2011-2015,outgoing
https://ror.org/03p96ke84,Développement Adaptation et Vieillissement,FR,France,3,SNS,2011-2015,outgoing
https://ror.org/03pa1rf77,Institute of Metal Research,CN,China,10,SNS,2011-2015,outgoing
https://ror.org/03pa87f90,Institut Claudius Regaud,FR,France,4,SNS,2011-2015,outgoing
https://ror.org/03paz5966,"Istituto Nazionale di Fisica Nucleare, Sezione di Cagliari",IT,Italy,369,SNS,2011-2015,outgoing
https://ror.org/03pbgwk21,Université Bordeaux Montaigne,FR,France,46,SNS,2011-2015,outgoing
https://ror.org/03pcc9z86,Université de franche-comté,FR,France,64,SNS,2011-2015,outgoing
https://ror.org/03pcw1780,State Key Laboratory of Robotics,CN,China,2,SNS,2011-2015,outgoing
https://ror.org/03pef0w96,Hôpital Raymond-Poincaré,FR,France,8,SNS,2011-2015,outgoing
https://ror.org/03pejb093,National Research Development Institute for Animal Biology and Nutrition,RO,Romania,1,SNS,2011-2015,outgoing
https://ror.org/03pfqk412,Allergan (United States),US,United States,1,SNS,2011-2015,outgoing
https://ror.org/03pfsnq21,University of Rzeszów,PL,Poland,32,SNS,2011-2015,outgoing
https://ror.org/03phm3r45,Clinica Universidad de Navarra,ES,Spain,2,SNS,2011-2015,outgoing
https://ror.org/03pj6ge82,Ministry of Education and Science of the Republic of Kazakhstan,KZ,Kazakhstan,1,SNS,2011-2015,outgoing
https://ror.org/03pjj1n42,Dhahran Health Center,SA,Saudi Arabia,1,SNS,2011-2015,outgoing
https://ror.org/03pm18j10,Hofstra University,US,United States,3,SNS,2011-2015,outgoing
https://ror.org/03pnmqc26,Yale School of Medicine,US,United States,6,SNS,2011-2015,outgoing
https://ror.org/03pnv4752,Queensland University of Technology,AU,Australia,69,SNS,2011-2015,outgoing
https://ror.org/03pp6gj92,Spanish Center for Pulsed Lasers,ES,Spain,3,SNS,2011-2015,outgoing
https://ror.org/03pp86w19,Beatson West of Scotland Cancer Centre,GB,United Kingdom,1,SNS,2011-2015,outgoing
https://ror.org/03ppnws78,Nanomaterials and Nanotechnology Research Center,ES,Spain,3,SNS,2011-2015,outgoing
https://ror.org/03ppx1p25,University of Nagasaki,JP,Japan,1,SNS,2011-2015,outgoing
https://ror.org/03pr08s76,Consejo Nacional de Ciencia y Tecnología,GT,Guatemala,5,SNS,2011-2015,outgoing
https://ror.org/03prydq77,University of Vienna,AT,Austria,528,SNS,2011-2015,outgoing
https://ror.org/03ps48j85,Hochschule für Musik Karlsruhe,DE,Germany,3,SNS,2011-2015,outgoing
https://ror.org/03ps5d564,Boston University School of Medicine,US,United States,11,SNS,2011-2015,outgoing
https://ror.org/03pt86f80,Innsbruck Medical University,AT,Austria,726,SNS,2011-2015,outgoing
https://ror.org/03ptaj492,Seikei University,JP,Japan,2,SNS,2011-2015,outgoing
https://ror.org/03pv69j64,Cancer Research UK Scotland Institute,GB,United Kingdom,9,SNS,2011-2015,outgoing
https://ror.org/03pvr2g57,Universitätsklinikum Würzburg,DE,Germany,38,SNS,2011-2015,outgoing
https://ror.org/03pw3x387,Gangneung Asan Hospital,KR,South Korea,1,SNS,2011-2015,outgoing
https://ror.org/03pwcc270,Auburn University System,US,United States,18,SNS,2011-2015,outgoing
https://ror.org/03pwdyd87,Port d'Informació Científica,ES,Spain,1,SNS,2011-2015,outgoing
https://ror.org/03pwyy961,Fraunhofer Institute for Manufacturing Technology and Advanced Materials,DE,Germany,6,SNS,2011-2015,outgoing
https://ror.org/03px4ez74,Zoological Society of London,GB,United Kingdom,2,SNS,2011-2015,outgoing
https://ror.org/03pxz9p87,International Food Policy Research Institute,US,United States,1,SNS,2011-2015,outgoing
https://ror.org/03q0vrn42,Al-Farabi Kazakh National University,KZ,Kazakhstan,2,SNS,2011-2015,outgoing
https://ror.org/03q11y497,Japan Community Healthcare Organization,JP,Japan,1,SNS,2011-2015,outgoing
https://ror.org/03q21mh05,Cairo University,EG,Egypt,503,SNS,2011-2015,outgoing
https://ror.org/03q28x580,MAX IV Laboratory,SE,Sweden,2,SNS,2011-2015,outgoing
https://ror.org/03q2d8x50,Digestive CARE,US,United States,27,SNS,2011-2015,outgoing
https://ror.org/03q397159,Data61,AU,Australia,1,SNS,2011-2015,outgoing
https://ror.org/03q4c3e69,Andalusian Health Service,ES,Spain,8,SNS,2011-2015,outgoing
https://ror.org/03q674f15,Polish Academy of Learning,PL,Poland,4947,SNS,2011-2015,outgoing
https://ror.org/03q7p3t30,Laboratoire de Chimie Moléculaire et Thioorganique,FR,France,2,SNS,2011-2015,outgoing
https://ror.org/03q82t418,NHS Lothian,GB,United Kingdom,6,SNS,2011-2015,outgoing
https://ror.org/03q83t159,Fund for Scientific Research,BE,Belgium,10,SNS,2011-2015,outgoing
https://ror.org/03q8dnn23,City University of Hong Kong,CN,China,54,SNS,2011-2015,outgoing
https://ror.org/03q8sby79,İstanbul Esenyurt Üniversitesi,TR,Turkey,36,SNS,2011-2015,outgoing
https://ror.org/03q99v794,Unité Matériaux et Transformations,FR,France,1,SNS,2011-2015,outgoing
https://ror.org/03q9sr818,Universidade Federal do Pará,BR,Brazil,11,SNS,2011-2015,outgoing
https://ror.org/03qafph14,Istituto di Astrofisica Spaziale e Fisica cosmica di Palermo,IT,Italy,8,SNS,2011-2015,outgoing
https://ror.org/03qan4b12,Centro Científico Tecnológico - La Plata,AR,Argentina,917,SNS,2011-2015,outgoing
https://ror.org/03qb7bg95,Guangzhou University of Chinese Medicine,CN,China,1,SNS,2011-2015,outgoing
https://ror.org/03qbxj466,University of North Texas System,US,United States,577,SNS,2011-2015,outgoing
https://ror.org/03qc8vh97,University of Trás-os-Montes and Alto Douro,PT,Portugal,2,SNS,2011-2015,outgoing
https://ror.org/03qcx4p52,David Hide Asthma and Allergy Research Centre,GB,United Kingdom,1,SNS,2011-2015,outgoing
https://ror.org/03qd7mz70,Johnson & Johnson (United States),US,United States,298,SNS,2011-2015,outgoing
https://ror.org/03qesm017,Southern Health NHS Foundation Trust,GB,United Kingdom,2,SNS,2011-2015,outgoing
https://ror.org/03qfmrs34,Central Institute of Fisheries Education,IN,India,1,SNS,2011-2015,outgoing
https://ror.org/03qg5ja35,National Children's Advocacy Center,US,United States,1,SNS,2011-2015,outgoing
https://ror.org/03qg6r976,The Catholic University of Korea Catholic Medical Center,KR,South Korea,3,SNS,2011-2015,outgoing
https://ror.org/03qhz4n98,Center for Excellence in Education,US,United States,1,SNS,2011-2015,outgoing
https://ror.org/03qjsrb10,Soonchunhyang University,KR,South Korea,1,SNS,2011-2015,outgoing
https://ror.org/03qma7a12,Observatoire Aquitain des Sciences de l'Univers,FR,France,89,SNS,2011-2015,outgoing
https://ror.org/03qn8fb07,Commonwealth Scientific and Industrial Research Organisation,AU,Australia,524,SNS,2011-2015,outgoing
https://ror.org/03qnpty21,Jai Narain Vyas University,IN,India,1,SNS,2011-2015,outgoing
https://ror.org/03qnxaf80,Fordham University,US,United States,6,SNS,2011-2015,outgoing
https://ror.org/03qp8ma69,Center for Clinical Research Dalarna,SE,Sweden,3,SNS,2011-2015,outgoing
https://ror.org/03qpd8w66,Istituto di Genetica Molecolare,IT,Italy,17,SNS,2011-2015,outgoing
https://ror.org/03qqbe534,Korea National University of Transportation,KR,South Korea,10,SNS,2011-2015,outgoing
https://ror.org/03qryx823,Technion – Israel Institute of Technology,IL,Israel,1496,SNS,2011-2015,outgoing
https://ror.org/03qt6ba18,Georgia State University,US,United States,109,SNS,2011-2015,outgoing
https://ror.org/03qtkxb61,Collegium Helveticum,CH,Switzerland,4,SNS,2011-2015,outgoing
https://ror.org/03qtxy027,Research Foundation - Flanders,BE,Belgium,1,SNS,2011-2015,outgoing
https://ror.org/03qv8yq19,Toronto Western Hospital,CA,Canada,12,SNS,2011-2015,outgoing
https://ror.org/03qvqb743,Chuo University,JP,Japan,27,SNS,2011-2015,outgoing
https://ror.org/03qvtpc38,Dong-A University,KR,South Korea,4,SNS,2011-2015,outgoing
https://ror.org/03qwfxy81,National Disease Research Interchange,US,United States,3,SNS,2011-2015,outgoing
https://ror.org/03qwpn290,Johnson & Johnson (United Kingdom),GB,United Kingdom,295,SNS,2011-2015,outgoing
https://ror.org/03qwqnb95,Deutsche Bank (Germany),DE,Germany,5,SNS,2011-2015,outgoing
https://ror.org/03qxff017,Hebrew University of Jerusalem,IL,Israel,544,SNS,2011-2015,outgoing
https://ror.org/03qxwgf98,Centro de Ingeniería Genética y Biotecnología,CU,Cuba,4,SNS,2011-2015,outgoing
https://ror.org/03qygnx22,Wills Eye Hospital,US,United States,1,SNS,2011-2015,outgoing
https://ror.org/03qzxj964,China National Institute of Standardization,CN,China,1,SNS,2011-2015,outgoing
https://ror.org/03r06fs10,Nordic Institute for Theoretical Physics,SE,Sweden,6,SNS,2011-2015,outgoing
https://ror.org/03r0ha626,University of Utah,US,United States,226,SNS,2011-2015,outgoing
https://ror.org/03r10zj06,National Center for Supercomputing Applications,US,United States,14,SNS,2011-2015,outgoing
https://ror.org/03r1ch818,Indiana Institute of Technology,US,United States,72,SNS,2011-2015,outgoing
https://ror.org/03r3n3715,Ecole Nationale des Sciences Géographiques,FR,France,4,SNS,2011-2015,outgoing
https://ror.org/03r4m3349,Erasmus MC Cancer Institute,NL,The Netherlands,5,SNS,2011-2015,outgoing
https://ror.org/03r519674,RIKEN Center for Computational Science,JP,Japan,4,SNS,2011-2015,outgoing
https://ror.org/03r5zec51,HES-SO Valais-Wallis,CH,Switzerland,1,SNS,2011-2015,outgoing
https://ror.org/03r6hpz93,State University of Trade and Economics,UA,Ukraine,1,SNS,2011-2015,outgoing
https://ror.org/03r6k1a05,Institute of Occupational Medicine,GB,United Kingdom,3,SNS,2011-2015,outgoing
https://ror.org/03r7eh527,Laboratoire de Photophysique et Photochimie Supramoléculaires et Macromoléculaires,FR,France,4,SNS,2011-2015,outgoing
https://ror.org/03r8z3t63,UNSW Sydney,AU,Australia,187,SNS,2011-2015,outgoing
https://ror.org/03r97y618,International Center for Relativistic Astrophysics Network,AM,Armenia,1,SNS,2011-2015,outgoing
https://ror.org/03r9qc142,UCL Biomedical Research Centre,GB,United Kingdom,4,SNS,2011-2015,outgoing
https://ror.org/03rafms67,Plant Gene Expression Center,US,United States,1,SNS,2011-2015,outgoing
https://ror.org/03rc6as71,Tongji University,CN,China,23,SNS,2011-2015,outgoing
https://ror.org/03rc99w60,Second Hospital of Tianjin Medical University,CN,China,1,SNS,2011-2015,outgoing
https://ror.org/03rcspa57,Kettering University,US,United States,15,SNS,2011-2015,outgoing
https://ror.org/03rcwtr18,Laurentian University,CA,Canada,15,SNS,2011-2015,outgoing
https://ror.org/03rd0p893,Tokyo Metropolitan Institute of Gerontology,JP,Japan,3,SNS,2011-2015,outgoing
https://ror.org/03rdc4968,Hôpital Maisonneuve-Rosemont,CA,Canada,2,SNS,2011-2015,outgoing
https://ror.org/03rehvw54,Hospital das Clínicas da Universidade Federal de Pernambuco,BR,Brazil,1,SNS,2011-2015,outgoing
https://ror.org/03rfvyw43,Slovak University of Agriculture in Nitra,SK,Slovakia,2,SNS,2011-2015,outgoing
https://ror.org/03rh3e906,TERI University,IN,India,5,SNS,2011-2015,outgoing
https://ror.org/03rj6e862,Graphenea (Spain),ES,Spain,18,SNS,2011-2015,outgoing
https://ror.org/03rjt0z37,German University in Cairo,EG,Egypt,1,SNS,2011-2015,outgoing
https://ror.org/03rke0285,Baker Heart and Diabetes Institute,AU,Australia,4,SNS,2011-2015,outgoing
https://ror.org/03rkmps36,Berlin School of Economics and Law,DE,Germany,1,SNS,2011-2015,outgoing
https://ror.org/03rm3gk43,National Cancer Center Hospital East,JP,Japan,2,SNS,2011-2015,outgoing
https://ror.org/03rmrcq20,University of British Columbia,CA,Canada,2987,SNS,2011-2015,outgoing
https://ror.org/03rmwy138,Children's Hospital Zagreb,HR,Croatia,1,SNS,2011-2015,outgoing
https://ror.org/03rn0z073,Ministry of Public Health,TH,Thailand,1,SNS,2011-2015,outgoing
https://ror.org/03rnk6m14,Institut Agro Montpellier,FR,France,8,SNS,2011-2015,outgoing
https://ror.org/03rp50x72,University of the Witwatersrand,ZA,South Africa,1362,SNS,2011-2015,outgoing
https://ror.org/03rpsvy57,Research Center for Eco-Environmental Sciences,CN,China,5,SNS,2011-2015,outgoing
https://ror.org/03rq50d77,Royal Victoria Hospital,GB,United Kingdom,3,SNS,2011-2015,outgoing
https://ror.org/03rq94151,Institute of Astronomy and Space Physics,AR,Argentina,33,SNS,2011-2015,outgoing
https://ror.org/03rqk8h36,National Chengchi University,TW,Taiwan,2,SNS,2011-2015,outgoing
https://ror.org/03rqtqb02,Institute of Biostructure and Bioimaging,IT,Italy,88,SNS,2011-2015,outgoing
https://ror.org/03rrh5171,Centro de Investigação Interdisciplinar Egas Moniz,PT,Portugal,1,SNS,2011-2015,outgoing
https://ror.org/03rrkrc24,Shandong Institute of Business and Technology,CN,China,1,SNS,2011-2015,outgoing
https://ror.org/03rs0fg31,Division of Materials Science and Engineering,AU,Australia,45,SNS,2011-2015,outgoing
https://ror.org/03rs2w544,Central Agricultural University,IN,India,1,SNS,2011-2015,outgoing
https://ror.org/03rshf720,Innovationsgesellschaft Technische Universität Braunschweig,DE,Germany,1,SNS,2011-2015,outgoing
https://ror.org/03rt48n94,Délégation Paris 6,FR,France,5,SNS,2011-2015,outgoing
https://ror.org/03rtgjq94,University of South Carolina System,US,United States,1382,SNS,2011-2015,outgoing
https://ror.org/03rth4p18,Université Lumière Lyon 2,FR,France,4,SNS,2011-2015,outgoing
https://ror.org/03rtrce80,National Centre for Infectious Diseases,SG,Singapore,2,SNS,2011-2015,outgoing
https://ror.org/03rtykw43,ARC Centre of Excellence for Engineered Quantum Systems,AU,Australia,10,SNS,2011-2015,outgoing
https://ror.org/03rwgpn18,Clarkson University,US,United States,1,SNS,2011-2015,outgoing
https://ror.org/03rx2tr07,National Synchrotron Radiation Laboratory,CN,China,3,SNS,2011-2015,outgoing
https://ror.org/03rxtdc22,École Normale Supérieure de Rennes,FR,France,12,SNS,2011-2015,outgoing
https://ror.org/03ryywt80,Gachon University,KR,South Korea,8,SNS,2011-2015,outgoing
https://ror.org/03rzb4f20,Universidad Autónoma del Estado de Morelos,MX,Mexico,6,SNS,2011-2015,outgoing
https://ror.org/03rzp5127,James Hutton Institute,GB,United Kingdom,2,SNS,2011-2015,outgoing
https://ror.org/03rzyjb72,Centre de Recherche en Nutrition Humaine d'Auvergne,FR,France,1,SNS,2011-2015,outgoing
https://ror.org/03s0gj002,Centre de Recherche en Mathématiques de la Décision,FR,France,24,SNS,2011-2015,outgoing
https://ror.org/03s0hv140,Instituto de Recursos Naturales y Agrobiología de Sevilla,ES,Spain,1,SNS,2011-2015,outgoing
https://ror.org/03s0pzj56,Station Biologique de Roscoff,FR,France,1,SNS,2011-2015,outgoing
https://ror.org/03s262162,Athens University of Economics and Business,GR,Greece,14,SNS,2011-2015,outgoing
https://ror.org/03s2x9d90,Ramapo College,US,United States,1,SNS,2011-2015,outgoing
https://ror.org/03s3dhf22,St Mary's Hospital Centre,CA,Canada,8,SNS,2011-2015,outgoing
https://ror.org/03s4khd80,Cliniques Universitaires Saint-Luc,BE,Belgium,7,SNS,2011-2015,outgoing
https://ror.org/03s53g630,National High Magnetic Field Laboratory,US,United States,23,SNS,2011-2015,outgoing
https://ror.org/03s53tn92,Akademia Pożarnicza,PL,Poland,18,SNS,2011-2015,outgoing
https://ror.org/03s5q0090,Asan Medical Center,KR,South Korea,4,SNS,2011-2015,outgoing
https://ror.org/03s5z5x70,Institut des Sciences Analytiques,FR,France,3,SNS,2011-2015,outgoing
https://ror.org/03s65by71,"University of California, Santa Cruz",US,United States,4478,SNS,2011-2015,outgoing
https://ror.org/03s7gtk40,Leipzig University,DE,Germany,108,SNS,2011-2015,outgoing
https://ror.org/03s8txj32,Second Affiliated Hospital of Harbin Medical University,CN,China,2,SNS,2011-2015,outgoing
https://ror.org/03s8xc553,Shanxi Datong University,CN,China,4,SNS,2011-2015,outgoing
https://ror.org/03s9hs139,International Islamic University Malaysia,MY,Malaysia,9,SNS,2011-2015,outgoing
https://ror.org/03sbhge02,Hallym University,KR,South Korea,4,SNS,2011-2015,outgoing
https://ror.org/03sbpja79,Department of Health and Social Care,GB,United Kingdom,6,SNS,2011-2015,outgoing
https://ror.org/03sbzv212,Institute for Scientific and Technological Research,MX,Mexico,41,SNS,2011-2015,outgoing
https://ror.org/03scae842,United States Special Operations Command,US,United States,1,SNS,2011-2015,outgoing
https://ror.org/03sd35x91,Nanjing Tech University,CN,China,25,SNS,2011-2015,outgoing
https://ror.org/03se9eg94,Hospital das Clínicas da Faculdade de Medicina da Universidade de São Paulo,BR,Brazil,4,SNS,2011-2015,outgoing
https://ror.org/03sf55932,Badji Mokhtar-Annaba University,DZ,Algeria,1,SNS,2011-2015,outgoing
https://ror.org/03sf7t726,Gongju National University of Education,KR,South Korea,2,SNS,2011-2015,outgoing
https://ror.org/03sfb9j07,China University of Science and Technology,TW,Taiwan,36,SNS,2011-2015,outgoing
https://ror.org/03sfybe47,BC Cancer Agency,CA,Canada,16,SNS,2011-2015,outgoing
https://ror.org/03sgbh608,La Jolla Bioengineering Institute,US,United States,3,SNS,2011-2015,outgoing
https://ror.org/03sgyqj04,École Nationale Supérieure de Chimie de Montpellier,FR,France,25,SNS,2011-2015,outgoing
https://ror.org/03sjk9a61,"Ministère de l'Enseignement Supérieur, de la Recherche et de l'Espace",FR,France,22,SNS,2011-2015,outgoing
https://ror.org/03sk1we31,National Nuclear Security Administration,US,United States,72,SNS,2011-2015,outgoing
https://ror.org/03sk2bs13,European Foundation for the Improvement of Living and Working Conditions,IE,Ireland,1,SNS,2011-2015,outgoing
https://ror.org/03skt0t88,Laboratoire de Biométrie et Biologie Evolutive,FR,France,8,SNS,2011-2015,outgoing
https://ror.org/03smk3872,Centre de Recherche en Acquisition et Traitement de l'Image pour la Santé,FR,France,4,SNS,2011-2015,outgoing
https://ror.org/03snqfa66,Zayed University,AE,United Arab Emirates,3,SNS,2011-2015,outgoing
https://ror.org/03spzdh62,Computational Sciences (United States),US,United States,8,SNS,2011-2015,outgoing
https://ror.org/03sqy6516,Agricultural Research Service - Plains Area,US,United States,6,SNS,2011-2015,outgoing
https://ror.org/03srd4412,Center for HIV and Hepatogastroenterology,DE,Germany,5,SNS,2011-2015,outgoing
https://ror.org/03srn9y98,Institute of Advanced Chemistry of Catalonia,ES,Spain,4,SNS,2011-2015,outgoing
https://ror.org/03srtnf24,Universidade Federal do Ceará,BR,Brazil,25,SNS,2011-2015,outgoing
https://ror.org/03sry2h30,Max Planck Institute for Gravitational Physics,DE,Germany,535,SNS,2011-2015,outgoing
https://ror.org/03ss88z23,Kagoshima University,JP,Japan,6,SNS,2011-2015,outgoing
https://ror.org/03sswts20,University of Mobile,US,United States,2,SNS,2011-2015,outgoing
https://ror.org/03st4jm89,Moscow University of the Ministry of Internal Affairs of Russia,RU,Russia,3,SNS,2011-2015,outgoing
https://ror.org/03stptj97,Izmir Institute of Technology,TR,Turkey,1789,SNS,2011-2015,outgoing
https://ror.org/03stxzb56,"Agencia Nacional de Promoción de la Investigación, el Desarrollo Tecnológico y la Innovación",AR,Argentina,8,SNS,2011-2015,outgoing
https://ror.org/03svjbs84,Liverpool School of Tropical Medicine,GB,United Kingdom,1,SNS,2011-2015,outgoing
https://ror.org/03svwq685,Università degli Studi della Tuscia,IT,Italy,50,SNS,2011-2015,outgoing
https://ror.org/03sx84n71,Teagasc - The Irish Agriculture and Food Development Authority,IE,Ireland,12,SNS,2011-2015,outgoing
https://ror.org/03sxdvx36,Nevada System of Higher Education,US,United States,79,SNS,2011-2015,outgoing
https://ror.org/03sxpbt26,Institute of Applied Physics and Computational Mathematics,CN,China,4,SNS,2011-2015,outgoing
https://ror.org/03t0t6y08,University of California Division of Agriculture and Natural Resources,US,United States,1,SNS,2011-2015,outgoing
https://ror.org/03t1jzs40,IRCCS Materno Infantile Burlo Garofolo,IT,Italy,2,SNS,2011-2015,outgoing
https://ror.org/03t1yn780,First Affiliated Hospital of Anhui Medical University,CN,China,1,SNS,2011-2015,outgoing
https://ror.org/03t2f0a12,Institut des NanoSciences de Paris,FR,France,8,SNS,2011-2015,outgoing
https://ror.org/03t4gr691,Amsterdam UMC Location University of Amsterdam,NL,The Netherlands,18,SNS,2011-2015,outgoing
https://ror.org/03t52dk35,Western Sydney University,AU,Australia,52,SNS,2011-2015,outgoing
https://ror.org/03t54am93,Jönköping University,SE,Sweden,2,SNS,2011-2015,outgoing
https://ror.org/03t5hbz89,Institute of Organic Chemistry,UA,Ukraine,1,SNS,2011-2015,outgoing
https://ror.org/03t6cz096,Astronomical Institute of the Slovak Academy of Sciences,SK,Slovakia,45,SNS,2011-2015,outgoing
https://ror.org/03t78wx29,Hiroshima University,JP,Japan,759,SNS,2011-2015,outgoing
https://ror.org/03t879f74,American Samoa Government,US,United States,1,SNS,2011-2015,outgoing
https://ror.org/03ta25k06,Universidade Estadual de Goiás,BR,Brazil,2,SNS,2011-2015,outgoing
https://ror.org/03ta6rc77,Lloyds Banking Group (United Kingdom),GB,United Kingdom,1,SNS,2011-2015,outgoing
https://ror.org/03ta8pf33,Istituto di Farmacologia Traslazionale,IT,Italy,30,SNS,2011-2015,outgoing
https://ror.org/03taa9n66,"Institut de Microélectronique, Electromagnétisme et Photonique",FR,France,1,SNS,2011-2015,outgoing
https://ror.org/03taest98,Max Planck Institute for Plasma Physics,DE,Germany,112,SNS,2011-2015,outgoing
https://ror.org/03tashy42,Instituto de Higiene e Medicina Tropical Biblioteca,PT,Portugal,1,SNS,2011-2015,outgoing
https://ror.org/03taz7m60,University of Southern California,US,United States,278,SNS,2011-2015,outgoing
https://ror.org/03tb37539,Moorfields Eye Hospital,GB,United Kingdom,1,SNS,2011-2015,outgoing
https://ror.org/03tbh6y23,University of the Philippines Diliman,PH,Philippines,2,SNS,2011-2015,outgoing
https://ror.org/03tc05689,University of Basilicata,IT,Italy,4117,SNS,2011-2015,outgoing
https://ror.org/03tf0c761,Finnish Institute for Health and Welfare,FI,Finland,10,SNS,2011-2015,outgoing
https://ror.org/03tg3eb07,Bursa Uludağ Üni̇versi̇tesi̇,TR,Turkey,246,SNS,2011-2015,outgoing
https://ror.org/03tghng59,Southwest Research Institute,US,United States,12,SNS,2011-2015,outgoing
https://ror.org/03tgm5090,Spanish National Observatory,ES,Spain,206,SNS,2011-2015,outgoing
https://ror.org/03tgsfw79,Kobe University,JP,Japan,1375,SNS,2011-2015,outgoing
https://ror.org/03thb3e06,American Museum of Natural History,US,United States,70,SNS,2011-2015,outgoing
https://ror.org/03ths8210,Universidad Carlos III de Madrid,ES,Spain,25,SNS,2011-2015,outgoing
https://ror.org/03tj5qd85,Tampa General Hospital,US,United States,1,SNS,2011-2015,outgoing
https://ror.org/03tjsyq23,Department of Biotechnology,IN,India,14,SNS,2011-2015,outgoing
https://ror.org/03tkwyq76,HFML-FELIX,NL,The Netherlands,16,SNS,2011-2015,outgoing
https://ror.org/03tmbn325,GM University Davanagere Karnataka,IN,India,1,SNS,2011-2015,outgoing
https://ror.org/03tn5ee41,Benha University,EG,Egypt,1,SNS,2011-2015,outgoing
https://ror.org/03tn5kh37,Second Hospital of Shanxi Medical University,CN,China,1,SNS,2011-2015,outgoing
https://ror.org/03tnjrr49,Laboratoire AstroParticule et Cosmologie,FR,France,78,SNS,2011-2015,outgoing
https://ror.org/03tns0030,Environmental Protection Agency,US,United States,5,SNS,2011-2015,outgoing
https://ror.org/03tp8z347,"Czech Academy of Sciences, Astronomical Institute",CZ,Czechia,23,SNS,2011-2015,outgoing
https://ror.org/03tqb8s11,Yangzhou University,CN,China,9,SNS,2011-2015,outgoing
https://ror.org/03tqeft14,Wentworth Institute of Technology,US,United States,1,SNS,2011-2015,outgoing
https://ror.org/03trvqr13,Victor Chang Cardiac Research Institute,AU,Australia,6,SNS,2011-2015,outgoing
https://ror.org/03tscbz39,Fondation Jean-Marie Lehn,FR,France,4,SNS,2011-2015,outgoing
https://ror.org/03tw5w184,Institut für Kardiovaskuläre Physiologie und Pathophysiologie,DE,Germany,7,SNS,2011-2015,outgoing
https://ror.org/03tzaeb71,University of Hawaii System,US,United States,891,SNS,2011-2015,outgoing
https://ror.org/03tzb2h73,Ajou University,KR,South Korea,12,SNS,2011-2015,outgoing
https://ror.org/03v0r5n49,Indian Institute of Technology Madras,IN,India,453,SNS,2011-2015,outgoing
https://ror.org/03v188q73,Earthquake Engineering Research Institute,US,United States,27,SNS,2011-2015,outgoing
https://ror.org/03v2nbx43,Bank of Italy,IT,Italy,11,SNS,2011-2015,outgoing
https://ror.org/03v40yp04,Corporation for Production and Research of Laboratory Primates,JP,Japan,1,SNS,2011-2015,outgoing
https://ror.org/03v48ps49,O.Ya. Usikov Institute for Radiophysics and Electronics,UA,Ukraine,3,SNS,2011-2015,outgoing
https://ror.org/03v4gjf40,Technische Universität Berlin,DE,Germany,89,SNS,2011-2015,outgoing
https://ror.org/03v4mhk58,World Health Organization - Nigeria,NG,Nigeria,1,SNS,2011-2015,outgoing
https://ror.org/03v5jj203,Stazione Zoologica Anton Dohrn,IT,Italy,14,SNS,2011-2015,outgoing
https://ror.org/03v6m3209,Frederick National Laboratory for Cancer Research,US,United States,6,SNS,2011-2015,outgoing
https://ror.org/03v6yxf25,Institut National de la Statistique et des Etudes Economiques,FR,France,10,SNS,2011-2015,outgoing
https://ror.org/03v76x132,Yale University,US,United States,4759,SNS,2011-2015,outgoing
https://ror.org/03v7h1165,Institute for Microstructural Sciences,CA,Canada,4,SNS,2011-2015,outgoing
https://ror.org/03v7tny92,Institute of Physics Rosario,AR,Argentina,4,SNS,2011-2015,outgoing
https://ror.org/03v7tx966,Huntsman Cancer Institute,US,United States,9,SNS,2011-2015,outgoing
https://ror.org/03v85ar63,Hospital Universitario Central de Asturias,ES,Spain,4,SNS,2011-2015,outgoing
https://ror.org/03v8adn41,"Queens College, CUNY",US,United States,13,SNS,2011-2015,outgoing
https://ror.org/03v8t4025,Russian Quantum Center,RU,Russia,6,SNS,2011-2015,outgoing
https://ror.org/03v8tnc06,Institute of High Energy Physics,CN,China,3187,SNS,2011-2015,outgoing
https://ror.org/03v9e8t09,Centro de Biología Molecular Severo Ochoa,ES,Spain,22,SNS,2011-2015,outgoing
https://ror.org/03v9efr22,The Christie NHS Foundation Trust,GB,United Kingdom,2,SNS,2011-2015,outgoing
https://ror.org/03va9g668,University of Chinese Academy of Social Sciences,CN,China,2,SNS,2011-2015,outgoing
https://ror.org/03vam5b06,Laboratoire des systèmes et applications des technologies de l'information et de l'énergie,FR,France,1,SNS,2011-2015,outgoing
https://ror.org/03vaqfv64,GNS Science,NZ,New Zealand,3,SNS,2011-2015,outgoing
https://ror.org/03vayv672,University of Veterinary Medicine,HU,Hungary,4,SNS,2011-2015,outgoing
https://ror.org/03vb4dm14,Texas A&M University at Qatar,QA,Qatar,83,SNS,2011-2015,outgoing
https://ror.org/03vba6259,Centre Spatial de l'Université de Montpellier,FR,France,2,SNS,2011-2015,outgoing
https://ror.org/03vbz5k97,"Associated Universities, Inc.",US,United States,1,SNS,2011-2015,outgoing
https://ror.org/03vcm6439,Laboratoire d'Analyse et d'Architecture des Systèmes,FR,France,11,SNS,2011-2015,outgoing
https://ror.org/03vcx3f97,Hôpital Purpan,FR,France,4,SNS,2011-2015,outgoing
https://ror.org/03vdjbj89,École Nationale Supérieure d'Architecture Paris-Val de Seine,FR,France,2,SNS,2011-2015,outgoing
https://ror.org/03veakt65,Military Institute of Engineering,BR,Brazil,1,SNS,2011-2015,outgoing
https://ror.org/03vek6s52,Harvard University,US,United States,23,SNS,2011-2015,outgoing
https://ror.org/03vfjzd38,Center for Biomedical Research of La Rioja,ES,Spain,1,SNS,2011-2015,outgoing
https://ror.org/03vfw8w96,Royal Belgian Institute for Space Aeronomy,BE,Belgium,5,SNS,2011-2015,outgoing
https://ror.org/03vgfxd91,Institut Pascal,FR,France,310,SNS,2011-2015,outgoing
https://ror.org/03vhnve41,Southern California Earthquake Center,US,United States,347,SNS,2011-2015,outgoing
https://ror.org/03vj88s15,Centre d'Etudes Prospectives et d'Informations Internationales,FR,France,3,SNS,2011-2015,outgoing
https://ror.org/03vjkf643,Shanghai Tenth People's Hospital,CN,China,1,SNS,2011-2015,outgoing
https://ror.org/03vk18a84,Australian Synchrotron,AU,Australia,24,SNS,2011-2015,outgoing
https://ror.org/03vmmgg57,Singapore Immunology Network,SG,Singapore,2,SNS,2011-2015,outgoing
https://ror.org/03vmn1898,NOAA Geophysical Fluid Dynamics Laboratory,US,United States,3,SNS,2011-2015,outgoing
https://ror.org/03vn1bh77,Istituto Nazionale di Ricerca Metrologica,IT,Italy,56,SNS,2011-2015,outgoing
https://ror.org/03vn1ts68,Princeton Plasma Physics Laboratory,US,United States,1,SNS,2011-2015,outgoing
https://ror.org/03vn2ff22,Missouri Western State University,US,United States,1,SNS,2011-2015,outgoing
https://ror.org/03vnxht79,Medipost (South Korea),KR,South Korea,1,SNS,2011-2015,outgoing
https://ror.org/03vp67w60,Max Planck Institute for Social Law and Social Policy,DE,Germany,3,SNS,2011-2015,outgoing
https://ror.org/03vpj4s62,Max Planck Institute of Molecular Physiology,DE,Germany,23,SNS,2011-2015,outgoing
https://ror.org/03vr22992,Connecticut State Colleges and Universities,US,United States,3,SNS,2011-2015,outgoing
https://ror.org/03vrj4p82,Federal University of São João del-Rei,BR,Brazil,1635,SNS,2011-2015,outgoing
https://ror.org/03vrx7m55,University of Allahabad,IN,India,1,SNS,2011-2015,outgoing
https://ror.org/03vs03g62,Montreal Heart Institute,CA,Canada,2,SNS,2011-2015,outgoing
https://ror.org/03vs3wt56,Baidu (China),CN,China,2,SNS,2011-2015,outgoing
https://ror.org/03vs46t66,Université de Cergy-Pontoise,FR,France,5,SNS,2011-2015,outgoing
https://ror.org/03vsmv677,Texas Instruments (United States),US,United States,36,SNS,2011-2015,outgoing
https://ror.org/03vsxz193,Advanced Centre for Energetic Materials,IN,India,2,SNS,2011-2015,outgoing
https://ror.org/03vtagt31,Paris Jourdan Sciences Economiques,FR,France,4,SNS,2011-2015,outgoing
https://ror.org/03vte9x46,Observatoire des Sciences de l'Univers de Grenoble,FR,France,222,SNS,2011-2015,outgoing
https://ror.org/03vvynj75,United States Department of State,US,United States,10,SNS,2011-2015,outgoing
https://ror.org/03vw2zn10,Hôpital Saint-Vincent-de-Paul,FR,France,1,SNS,2011-2015,outgoing
https://ror.org/03vxkne37,Centro Científico Tecnológico - Córdoba,AR,Argentina,4,SNS,2011-2015,outgoing
https://ror.org/03vyjkj45,Centre d’Immunologie de Marseille-Luminy,FR,France,3,SNS,2011-2015,outgoing
https://ror.org/03vyzg221,Groupe de Spectrométrie Moléculaire et Atmosphérique,FR,France,14,SNS,2011-2015,outgoing
https://ror.org/03vz8ns51,Ziauddin University,PK,Pakistan,1,SNS,2011-2015,outgoing
https://ror.org/03vzbgh69,University Medical Center Freiburg,DE,Germany,15,SNS,2011-2015,outgoing
https://ror.org/03vzpaf33,Einstein Medical Center Philadelphia,US,United States,3,SNS,2011-2015,outgoing
https://ror.org/03vzvbw58,Riley Hospital for Children,US,United States,1,SNS,2011-2015,outgoing
https://ror.org/03w04rv71,Iran University of Medical Sciences,IR,Iran,1,SNS,2011-2015,outgoing
https://ror.org/03w0tq079,Colonial Williamsburg Foundation,US,United States,1,SNS,2011-2015,outgoing
https://ror.org/03w2dn060,African Institute for Capacity Development,KE,Kenya,1,SNS,2011-2015,outgoing
https://ror.org/03w2j5y17,National University of Sciences and Technology,PK,Pakistan,1,SNS,2011-2015,outgoing
https://ror.org/03w44ff23,Brigham and Women's Faulkner Hospital,US,United States,227,SNS,2011-2015,outgoing
https://ror.org/03w5dn804,Dutch Institute for Fundamental Energy Research,NL,The Netherlands,3,SNS,2011-2015,outgoing
https://ror.org/03w5j8p12,Rega Institute for Medical Research,BE,Belgium,10,SNS,2011-2015,outgoing
https://ror.org/03w5sq511,Indian Institute of Technology Kharagpur,IN,India,35,SNS,2011-2015,outgoing
https://ror.org/03w6nzd18,Cerro Tololo Inter-American Observatory,CL,Chile,14,SNS,2011-2015,outgoing
https://ror.org/03wa2q724,Children's National,US,United States,19,SNS,2011-2015,outgoing
https://ror.org/03wbt1f24,Institut de Política Econòmica i Governança,ES,Spain,1,SNS,2011-2015,outgoing
https://ror.org/03wct8w46,CERMICS,FR,France,13,SNS,2011-2015,outgoing
https://ror.org/03wcw7m36,Business Breakthrough University,JP,Japan,6,SNS,2011-2015,outgoing
https://ror.org/03wd9za21,European Space Agency,FR,France,449,SNS,2011-2015,outgoing
https://ror.org/03we1zb10,Warneford Hospital,GB,United Kingdom,3,SNS,2011-2015,outgoing
https://ror.org/03wefcv03,Sunnybrook Health Science Centre,CA,Canada,8,SNS,2011-2015,outgoing
https://ror.org/03wevmz92,Harvard Medical School,US,United States,188,SNS,2011-2015,outgoing
https://ror.org/03wfca816,National University of Kyiv-Mohyla Academy,UA,Ukraine,2,SNS,2011-2015,outgoing
https://ror.org/03wfqwh68,Duke University Health System,US,United States,53,SNS,2011-2015,outgoing
https://ror.org/03wg7b808,Soonchunhyang University Hospital Bucheon,KR,South Korea,1,SNS,2011-2015,outgoing
https://ror.org/03whgj090,Science et Technologie du Lait et de l'Oeuf,FR,France,1,SNS,2011-2015,outgoing
https://ror.org/03whr7s66,Center for Interdisciplinary Studies,IN,India,1,SNS,2011-2015,outgoing
https://ror.org/03wkg3b53,National Eye Institute,US,United States,11,SNS,2011-2015,outgoing
https://ror.org/03wkt5x30,Muséum national d'Histoire naturelle,FR,France,33,SNS,2011-2015,outgoing
https://ror.org/03wmf1y16,University of Colorado Anschutz Medical Campus,US,United States,8,SNS,2011-2015,outgoing
https://ror.org/03wmj4s33,College of Management Academic Studies,IL,Israel,4,SNS,2011-2015,outgoing
https://ror.org/03wnqyy64,Netherlands Consortium for Healthy Ageing,NL,The Netherlands,6,SNS,2011-2015,outgoing
https://ror.org/03wnrjx87,Royal Society,GB,United Kingdom,4,SNS,2011-2015,outgoing
https://ror.org/03wnrsb51,Shandong Provincial QianFoShan Hospital,CN,China,2,SNS,2011-2015,outgoing
https://ror.org/03wqknk68,Lou Ruvo Brain Institute,US,United States,2,SNS,2011-2015,outgoing
https://ror.org/03wsadn68,Association for Computing Machinery,US,United States,2,SNS,2011-2015,outgoing
https://ror.org/03wv1cb14,Ministry of Education and Research,NO,Norway,1,SNS,2011-2015,outgoing
https://ror.org/03wx2rr30,University of Ibadan,NG,Nigeria,1,SNS,2011-2015,outgoing
https://ror.org/03wxndv36,Centre de Recherche Saint-Antoine,FR,France,5,SNS,2011-2015,outgoing
https://ror.org/03wyf0g15,Istituto di Chimica Biomolecolare,IT,Italy,13,SNS,2011-2015,outgoing
https://ror.org/03wyzt892,Centre for Genomic Regulation,ES,Spain,20,SNS,2011-2015,outgoing
https://ror.org/03wzyp716,Mount Carmel Health,US,United States,1,SNS,2011-2015,outgoing
https://ror.org/03x0g1010,Laboratoire de génie civil et génie mécanique,FR,France,1,SNS,2011-2015,outgoing
https://ror.org/03x1ewr52,Thermo Fisher Scientific (United States),US,United States,20,SNS,2011-2015,outgoing
https://ror.org/03x1jna21,Central China Normal University,CN,China,1082,SNS,2011-2015,outgoing
https://ror.org/03x1zq178,College of Business Administration,LV,Latvia,4,SNS,2011-2015,outgoing
https://ror.org/03x297z98,University of Agder,NO,Norway,8,SNS,2011-2015,outgoing
https://ror.org/03x2a1f75,Instituto de Ciencias de La Construcción Eduardo Torroja,ES,Spain,2,SNS,2011-2015,outgoing
https://ror.org/03x2xt559,Pfizer (Spain),ES,Spain,1,SNS,2011-2015,outgoing
https://ror.org/03x42jk29,Université Gustave Eiffel,FR,France,83,SNS,2011-2015,outgoing
https://ror.org/03x516a66,Federal Institute For Materials Research and Testing,DE,Germany,1,SNS,2011-2015,outgoing
https://ror.org/03x57gn41,Australian Institute of Marine Science,AU,Australia,1,SNS,2011-2015,outgoing
https://ror.org/03x6hbh34,Second Affiliated Hospital of Jilin University,CN,China,1,SNS,2011-2015,outgoing
https://ror.org/03x7fn667,Western Regional Research Center,US,United States,3,SNS,2011-2015,outgoing
https://ror.org/03x7xkr71,Institute of Sciences of Food Production,IT,Italy,2,SNS,2011-2015,outgoing
https://ror.org/03x80pn82,Harbin Engineering University,CN,China,4,SNS,2011-2015,outgoing
https://ror.org/03x8p5f11,Molecular Sciences Software Institute,US,United States,25,SNS,2011-2015,outgoing
https://ror.org/03x8rhq63,Institute of Modern Physics,CN,China,74,SNS,2011-2015,outgoing
https://ror.org/03x94j517,Medical Research Council,GB,United Kingdom,268,SNS,2011-2015,outgoing
https://ror.org/03x9frp33,Institut du Fer à Moulin,FR,France,2,SNS,2011-2015,outgoing
https://ror.org/03x9g7m54,Lebanese German University,LB,Lebanon,6,SNS,2011-2015,outgoing
https://ror.org/03xasj370,Centre for Global Health Research,CA,Canada,1,SNS,2011-2015,outgoing
https://ror.org/03xawq568,Agricultural University of Athens,GR,Greece,2,SNS,2011-2015,outgoing
https://ror.org/03xaz7s88,Claremont Colleges,US,United States,341,SNS,2011-2015,outgoing
https://ror.org/03xb04968,Anhui Medical University,CN,China,4,SNS,2011-2015,outgoing
https://ror.org/03xba7c91,Fiona Stanley Fremantle Hospitals Group,AU,Australia,1,SNS,2011-2015,outgoing
https://ror.org/03xbccz06,Wellcome Centre for Cell Biology,GB,United Kingdom,17,SNS,2011-2015,outgoing
https://ror.org/03xddgg98,Mexican Social Security Institute,MX,Mexico,3,SNS,2011-2015,outgoing
https://ror.org/03xe7w214,East–West University,US,United States,30,SNS,2011-2015,outgoing
https://ror.org/03xec1444,Science Systems and Applications (United States),US,United States,4,SNS,2011-2015,outgoing
https://ror.org/03xejxm22,"Istituto Nazionale di Fisica Nucleare, Sezione di Milano Bicocca",IT,Italy,333,SNS,2011-2015,outgoing
https://ror.org/03xez1567,Salk Institute for Biological Studies,US,United States,59,SNS,2011-2015,outgoing
https://ror.org/03xfq7a50,Centre Oscar Lambret,FR,France,1,SNS,2011-2015,outgoing
https://ror.org/03xg85719,Institute for Advanced Study,DE,Germany,108,SNS,2011-2015,outgoing
https://ror.org/03xg8m734,Institut de Recherche Interdisciplinaire sur les Enjeux Sociaux,FR,France,1,SNS,2011-2015,outgoing
https://ror.org/03xhggy77,Centre Interuniversitaire de Recherche et d’Ingénierie des Matériaux,FR,France,5,SNS,2011-2015,outgoing
https://ror.org/03xj0x983,Colorado State University System,US,United States,2,SNS,2011-2015,outgoing
https://ror.org/03xj2sn10,Complejo Hospitalario Universitario de Ferrol,ES,Spain,1,SNS,2011-2015,outgoing
https://ror.org/03xj60w92,St Michael’s Hospital,GB,United Kingdom,2,SNS,2011-2015,outgoing
https://ror.org/03xjacd83,Cleveland Clinic,US,United States,70,SNS,2011-2015,outgoing
https://ror.org/03xjwb503,Université Paris-Saclay,FR,France,10304,SNS,2011-2015,outgoing
https://ror.org/03xk60j79,Instituto de Química Física Blas Cabrera,ES,Spain,14,SNS,2011-2015,outgoing
https://ror.org/03xmq3f10,Institute for Regenerative and Cellular Medicine,US,United States,1,SNS,2011-2015,outgoing
https://ror.org/03xpwj629,Liaoning University,CN,China,67,SNS,2011-2015,outgoing
https://ror.org/03xq4x896,Instituut voor Tropische Geneeskunde,BE,Belgium,2,SNS,2011-2015,outgoing
https://ror.org/03xqtf034,The Netherlands Cancer Institute,NL,The Netherlands,17,SNS,2011-2015,outgoing
https://ror.org/03xrhmk39,Vlaams Instituut voor Biotechnologie,BE,Belgium,33,SNS,2011-2015,outgoing
https://ror.org/03xrrjk67,University of Alabama,US,United States,2040,SNS,2011-2015,outgoing
https://ror.org/03xs9yg50,Rural Development Administration,KR,South Korea,2,SNS,2011-2015,outgoing
https://ror.org/03xt1x768,State Key Laboratory of Oncogene and Related Genes,CN,China,2,SNS,2011-2015,outgoing
https://ror.org/03xvggv44,Huaiyin Normal University,CN,China,1,SNS,2011-2015,outgoing
https://ror.org/03xwa9562,University of Pennsylvania Press,US,United States,3453,SNS,2011-2015,outgoing
https://ror.org/03xy0wx88,Biomedical Research Council,SG,Singapore,37,SNS,2011-2015,outgoing
https://ror.org/03xyjdy64,Los Angeles County Department of Health Services,US,United States,3,SNS,2011-2015,outgoing
https://ror.org/03xzagw65,Hôpital Lapeyronie,FR,France,1,SNS,2011-2015,outgoing
https://ror.org/03y0ep822,World Health Organization - Zambia,ZM,Zambia,1,SNS,2011-2015,outgoing
https://ror.org/03y0qc033,Institut National des Sciences Appliquées Centre Val de Loire,FR,France,7,SNS,2011-2015,outgoing
https://ror.org/03y1aw075,State Key Laboratory of Coal Combustion,CN,China,2,SNS,2011-2015,outgoing
https://ror.org/03y1kax64,Micro & Nano Research Institute,CN,China,1,SNS,2011-2015,outgoing
https://ror.org/03y1zyv86,Oklahoma State University Oklahoma City,US,United States,20,SNS,2011-2015,outgoing
https://ror.org/03y3e3s17,Shanxi University,CN,China,79,SNS,2011-2015,outgoing
https://ror.org/03y3pdm07,Veterans Biomedical Research Institute,US,United States,1,SNS,2011-2015,outgoing
https://ror.org/03y3y9v44,Universidad EAFIT,CO,Colombia,19,SNS,2011-2015,outgoing
https://ror.org/03y4dt428,University of Nottingham Ningbo China,CN,China,1,SNS,2011-2015,outgoing
https://ror.org/03y5egs41,University of Pannonia,HU,Hungary,2,SNS,2011-2015,outgoing
https://ror.org/03y6k2j68,Universidad Católica de la Santísima Concepción,CL,Chile,11,SNS,2011-2015,outgoing
https://ror.org/03y71xh61,University of Richmond,US,United States,12,SNS,2011-2015,outgoing
https://ror.org/03y7q9t39,University of Canterbury,NZ,New Zealand,2129,SNS,2011-2015,outgoing
https://ror.org/03yacj906,Indian Institute of Technology Jodhpur,IN,India,2,SNS,2011-2015,outgoing
https://ror.org/03ybx0x41,Department of Biomedicine Basel,CH,Switzerland,283,SNS,2011-2015,outgoing
https://ror.org/03ycms792,National Nuclear Energy Commission,BR,Brazil,4,SNS,2011-2015,outgoing
https://ror.org/03ycqrz18,Centro Nacional de Microelectrónica,ES,Spain,38,SNS,2011-2015,outgoing
https://ror.org/03yczjf25,Universidad Peruana Cayetano Heredia,PE,Peru,5,SNS,2011-2015,outgoing
https://ror.org/03ydkyb10,University of Wisconsin System,US,United States,6318,SNS,2011-2015,outgoing
https://ror.org/03ye20z12,HolsboerMaschmeyer NeuroChemie (Germany),DE,Germany,2,SNS,2011-2015,outgoing
https://ror.org/03yeq9x20,University of Lincoln,GB,United Kingdom,24,SNS,2011-2015,outgoing
https://ror.org/03yez3163,King Fahd University of Petroleum and Minerals,SA,Saudi Arabia,1,SNS,2011-2015,outgoing
https://ror.org/03yg7hz06,Centre for Cancer Biology,AU,Australia,3,SNS,2011-2015,outgoing
https://ror.org/03yghzc09,University of Exeter,GB,United Kingdom,169,SNS,2011-2015,outgoing
https://ror.org/03ygmq230,Trent University,CA,Canada,8,SNS,2011-2015,outgoing
https://ror.org/03yh0n709,Liaocheng University,CN,China,3,SNS,2011-2015,outgoing
https://ror.org/03yj89h83,University of Oulu,FI,Finland,190,SNS,2011-2015,outgoing
https://ror.org/03yjb2x39,University of Calgary,CA,Canada,123,SNS,2011-2015,outgoing
https://ror.org/03yjkej49,Center for Interuniversity Research and Analysis on Organizations,CA,Canada,7,SNS,2011-2015,outgoing
https://ror.org/03ykbk197,University of Portsmouth,GB,United Kingdom,203,SNS,2011-2015,outgoing
https://ror.org/03yme6x53,International Business School,HU,Hungary,1,SNS,2011-2015,outgoing
https://ror.org/03ymk3103,University of Washington School of Medicine,US,United States,45,SNS,2011-2015,outgoing
https://ror.org/03ymmms77,Institute of Continuous Media Mechanics,RU,Russia,4,SNS,2011-2015,outgoing
https://ror.org/03ymy8z76,Taipei Veterans General Hospital,TW,Taiwan,6,SNS,2011-2015,outgoing
https://ror.org/03yn8s215,Vienna University of Economics and Business,AT,Austria,4,SNS,2011-2015,outgoing
https://ror.org/03yn94905,Fonctions Optiques pour les Technologies de l’information,FR,France,1,SNS,2011-2015,outgoing
https://ror.org/03yp8z857,University of Missouri Health System,US,United States,308,SNS,2011-2015,outgoing
https://ror.org/03ypap427,Saudi Aramco (Saudi Arabia),SA,Saudi Arabia,2,SNS,2011-2015,outgoing
https://ror.org/03ypbx660,Renji Hospital,CN,China,2,SNS,2011-2015,outgoing
https://ror.org/03yph8055,Changsha University of Science and Technology,CN,China,6,SNS,2011-2015,outgoing
https://ror.org/03ypqe447,Santa Clara University,US,United States,36,SNS,2011-2015,outgoing
https://ror.org/03yq5aa85,Medtronic (Italy),IT,Italy,1,SNS,2011-2015,outgoing
https://ror.org/03yr0pg70,Biomedical Research Institute,US,United States,8,SNS,2011-2015,outgoing
https://ror.org/03yrrjy16,University of Southern Denmark,DK,Denmark,279,SNS,2011-2015,outgoing
https://ror.org/03ysk5e42,University of Suwon,KR,South Korea,2,SNS,2011-2015,outgoing
https://ror.org/03ysstz10,Electronics and Telecommunications Research Institute,KR,South Korea,12,SNS,2011-2015,outgoing
https://ror.org/03yt1ez60,Cisco Systems (United States),US,United States,18,SNS,2011-2015,outgoing
https://ror.org/03ytdtb31,Sanofi (Germany),DE,Germany,2,SNS,2011-2015,outgoing
https://ror.org/03ytpa045,Centre Hospitalier Henri Laborit,FR,France,1,SNS,2011-2015,outgoing
https://ror.org/03ytqnm28,Central University of Tamil Nadu,IN,India,1,SNS,2011-2015,outgoing
https://ror.org/03ytt7k16,Danish Cancer Society,DK,Denmark,2,SNS,2011-2015,outgoing
https://ror.org/03ytyhv33,Intel (United Arab Emirates),AE,United Arab Emirates,2,SNS,2011-2015,outgoing
https://ror.org/03yv4n892,Vanderbilt University School of Medicine,US,United States,15,SNS,2011-2015,outgoing
https://ror.org/03yvabt26,Instituto de Ecología,MX,Mexico,2,SNS,2011-2015,outgoing
https://ror.org/03yvemy54,Unité Mixte de Recherche sur les Herbivores,FR,France,1,SNS,2011-2015,outgoing
https://ror.org/03yvpw311,State Key Laboratory of High Performance Ceramics and Superfine Microstructure,CN,China,2,SNS,2011-2015,outgoing
https://ror.org/03ywn7d79,Institut de Chimie Organique et Analytique,FR,France,1,SNS,2011-2015,outgoing
https://ror.org/03yxgmm62,Fremantle Hospital,AU,Australia,1,SNS,2011-2015,outgoing
https://ror.org/03yxnpp24,Universidad de Sevilla,ES,Spain,70,SNS,2011-2015,outgoing
https://ror.org/03z20vp15,Laboratoire de Chimie Physique - Matière et Rayonnement,FR,France,5,SNS,2011-2015,outgoing
https://ror.org/03z28gk75,Teesside University,GB,United Kingdom,1,SNS,2011-2015,outgoing
https://ror.org/03z391397,Guilin University of Technology,CN,China,3,SNS,2011-2015,outgoing
https://ror.org/03z3mg085,Paracelsus Medical University,AT,Austria,5,SNS,2011-2015,outgoing
https://ror.org/03z475876,Policlinico Tor Vergata,IT,Italy,1,SNS,2011-2015,outgoing
https://ror.org/03z4c6358,Institute of Nuclear Physics of Lyon,FR,France,3417,SNS,2011-2015,outgoing
https://ror.org/03z6jp965,Université Sorbonne Nouvelle,FR,France,6,SNS,2011-2015,outgoing
https://ror.org/03z77qz90,University of Tartu,EE,Estonia,31,SNS,2011-2015,outgoing
https://ror.org/03z8jm198,Herzberg Institute of Astrophysics,CA,Canada,149,SNS,2011-2015,outgoing
https://ror.org/03z8x2j90,Frenchay Hospital,GB,United Kingdom,4,SNS,2011-2015,outgoing
https://ror.org/03z9tma90,Boğaziçi University,TR,Turkey,3419,SNS,2011-2015,outgoing
https://ror.org/03zaddr67,Moorfields Eye Hospital NHS Foundation Trust,GB,United Kingdom,1,SNS,2011-2015,outgoing
https://ror.org/03zan4871,Collaborative Centre for Applied Nanotechnology,IE,Ireland,1,SNS,2011-2015,outgoing
https://ror.org/03zayce58,Princess Margaret Cancer Centre,CA,Canada,10,SNS,2011-2015,outgoing
https://ror.org/03zbnzt98,Woods Hole Oceanographic Institution,US,United States,10,SNS,2011-2015,outgoing
https://ror.org/03zcpvf19,University Hospitals of the Ruhr-University of Bochum,DE,Germany,7,SNS,2011-2015,outgoing
https://ror.org/03zd3ta61,Shanxi Normal University,CN,China,3,SNS,2011-2015,outgoing
https://ror.org/03zdwsf69,University of Rostock,DE,Germany,2317,SNS,2011-2015,outgoing
https://ror.org/03ze70h02,Gonzaga University,US,United States,6,SNS,2011-2015,outgoing
https://ror.org/03zeg8w71,Steklov Mathematical Institute,RU,Russia,74,SNS,2011-2015,outgoing
https://ror.org/03zek0r74,Institut Agro Dijon,FR,France,7,SNS,2011-2015,outgoing
https://ror.org/03zeyg902,Institute of Engineering Science,RU,Russia,1,SNS,2011-2015,outgoing
https://ror.org/03zga2b32,University of Bergen,NO,Norway,2469,SNS,2011-2015,outgoing
https://ror.org/03zhhr656,Kyoto University of Education,JP,Japan,880,SNS,2011-2015,outgoing
https://ror.org/03zhmy467,San Gallicano Hospital,IT,Italy,9,SNS,2011-2015,outgoing
https://ror.org/03zj2rn70,Hunan Institute of Engineering,CN,China,1,SNS,2011-2015,outgoing
https://ror.org/03zjqec80,Hospital for Special Surgery,US,United States,2,SNS,2011-2015,outgoing
https://ror.org/03zm2br59,Centrum Badań Kosmicznych,PL,Poland,6,SNS,2011-2015,outgoing
https://ror.org/03zmjc935,US Forest Service,US,United States,1,SNS,2011-2015,outgoing
https://ror.org/03zmrmn05,Xi’an Jiaotong-Liverpool University,CN,China,40,SNS,2011-2015,outgoing
https://ror.org/03zmsge54,NSF NOIRLab,US,United States,988,SNS,2011-2015,outgoing
https://ror.org/03znjxt55,Mercatorum University,IT,Italy,4,SNS,2011-2015,outgoing
https://ror.org/03znpfq81,Institute of Nuclear and Particle Physics,GR,Greece,941,SNS,2011-2015,outgoing
https://ror.org/03zpnb459,Bikur Cholim Hospital,IL,Israel,2,SNS,2011-2015,outgoing
https://ror.org/03zqd3v71,The Japan Research Institute of Industrial Science,JP,Japan,4,SNS,2011-2015,outgoing
https://ror.org/03zrdpv47,Institute of Molecular Biology and Biotechnology,BG,Bulgaria,1,SNS,2011-2015,outgoing
https://ror.org/03zscq151,Suwon Science College,KR,South Korea,3,SNS,2011-2015,outgoing
https://ror.org/03zsp3p94,University of the Aegean,GR,Greece,111,SNS,2011-2015,outgoing
https://ror.org/03zta4r50,Bangladesh University,BD,Bangladesh,1,SNS,2011-2015,outgoing
https://ror.org/03zttf063,Swedish Research Council,SE,Sweden,5,SNS,2011-2015,outgoing
https://ror.org/03zww1h73,University Hospital of Ioannina,GR,Greece,1,SNS,2011-2015,outgoing
https://ror.org/03zwxja46,HUN-REN Research Centre for Natural Sciences,HU,Hungary,15,SNS,2011-2015,outgoing
https://ror.org/03zx86w41,ESPCI Paris,FR,France,195,SNS,2011-2015,outgoing
https://ror.org/03zydm450,Great Ormond Street Hospital for Children NHS Foundation Trust,GB,United Kingdom,6,SNS,2011-2015,outgoing
https://ror.org/03zyp6p76,Yokohama National University,JP,Japan,12,SNS,2011-2015,outgoing
https://ror.org/03zyxxj44,Centre intégré universitaire de santé et de services sociaux de l'Est-de-l'Île-de-Montréal,CA,Canada,2,SNS,2011-2015,outgoing
https://ror.org/03zzw1w08,Mayo Clinic in Florida,US,United States,23,SNS,2011-2015,outgoing
https://ror.org/0400avk24,University of Bedfordshire,GB,United Kingdom,1,SNS,2011-2015,outgoing
https://ror.org/0400g8r85,Sun Yat-sen University Cancer Center,CN,China,2,SNS,2011-2015,outgoing
https://ror.org/0400j3f74,GTx (United States),US,United States,1,SNS,2011-2015,outgoing
https://ror.org/04032fz76,Hospitais da Universidade de Coimbra,PT,Portugal,6,SNS,2011-2015,outgoing
https://ror.org/0403nr398,Presbyterian Healthcare Services,US,United States,4,SNS,2011-2015,outgoing
https://ror.org/04043k259,Austral University,AR,Argentina,1,SNS,2011-2015,outgoing
https://ror.org/0405mnx93,Texas Tech University,US,United States,2670,SNS,2011-2015,outgoing
https://ror.org/0405n5e57,National Institute of Mental Health and Neurosciences,IN,India,3,SNS,2011-2015,outgoing
https://ror.org/0405v9k44,International Centre for Advanced Materials (United Kingdom),GB,United Kingdom,1,SNS,2011-2015,outgoing
https://ror.org/0406gha72,"University of Nevada, Las Vegas",US,United States,49,SNS,2011-2015,outgoing
https://ror.org/0406jsq08,Hospital Universitário da Universidade de São Paulo,BR,Brazil,1,SNS,2011-2015,outgoing
https://ror.org/0406t3m57,Université Nantes Angers Le Mans,FR,France,3,SNS,2011-2015,outgoing
https://ror.org/0408b4j80,B.J. Medical College,IN,India,1,SNS,2011-2015,outgoing
https://ror.org/0408v4c28,Centraal Bureau voor de Statistiek,NL,The Netherlands,2,SNS,2011-2015,outgoing
https://ror.org/0409c3995,Institut Méditerranéen de Biodiversité et d'Ecologie Marine et Continentale,FR,France,3,SNS,2011-2015,outgoing
https://ror.org/0409dgb37,Universidade Federal de Viçosa,BR,Brazil,3,SNS,2011-2015,outgoing
https://ror.org/0409egh51,Centre for High Performance Computing,ZA,South Africa,2,SNS,2011-2015,outgoing
https://ror.org/0409k5a27,Shenzhen Children's Hospital,CN,China,1,SNS,2011-2015,outgoing
https://ror.org/0409zd934,University of Cartagena,CO,Colombia,2,SNS,2011-2015,outgoing
https://ror.org/040a2r459,Belarusian National Technical University,BY,Belarus,2,SNS,2011-2015,outgoing
https://ror.org/040af2s02,University of Helsinki,FI,Finland,4498,SNS,2011-2015,outgoing
https://ror.org/040at6s67,Centro de Investigação em Química,PT,Portugal,6,SNS,2011-2015,outgoing
https://ror.org/040baw385,Centrale Marseille,FR,France,38,SNS,2011-2015,outgoing
https://ror.org/040c17130,Kyungpook National University,KR,South Korea,3699,SNS,2011-2015,outgoing
https://ror.org/040ck2b86,Natural History Museum of Denmark,DK,Denmark,31,SNS,2011-2015,outgoing
https://ror.org/040cnym54,Pennington Biomedical Research Center,US,United States,5,SNS,2011-2015,outgoing
https://ror.org/040djv263,Max Planck Institute for Molecular Biomedicine,DE,Germany,4,SNS,2011-2015,outgoing
https://ror.org/040dky007,Indian Institute of Chemical Technology,IN,India,12,SNS,2011-2015,outgoing
https://ror.org/040dkzz12,Yahoo (United States),US,United States,33,SNS,2011-2015,outgoing
https://ror.org/040f08y74,"St George's, University of London",GB,United Kingdom,6,SNS,2011-2015,outgoing
https://ror.org/040f6ar92,Tafresh University,IR,Iran,1,SNS,2011-2015,outgoing
https://ror.org/040g76k92,IQVIA (United Kingdom),GB,United Kingdom,1,SNS,2011-2015,outgoing
https://ror.org/040gcmg81,National Cancer Institute,US,United States,85,SNS,2011-2015,outgoing
https://ror.org/040hqpc16,Mater Misericordiae University Hospital,IE,Ireland,4,SNS,2011-2015,outgoing
https://ror.org/040hwdc70,Université Lille 1,FR,France,49,SNS,2011-2015,outgoing
https://ror.org/040hwr020,Borough of Manhattan Community College,US,United States,19,SNS,2011-2015,outgoing
https://ror.org/040jf9322,Luxembourg Institute of Socio-Economic Research,LU,Luxembourg,2,SNS,2011-2015,outgoing
https://ror.org/040kfrw16,SUNY Upstate Medical University,US,United States,20,SNS,2011-2015,outgoing
https://ror.org/040kx1j83,Instituto de Física de Cantabria,ES,Spain,2892,SNS,2011-2015,outgoing
https://ror.org/040m2wv49,Skaraborg Hospital,SE,Sweden,1,SNS,2011-2015,outgoing
https://ror.org/040mc4x48,Slovak Medical University,SK,Slovakia,1,SNS,2011-2015,outgoing
https://ror.org/040qhpb54,Aomori University,JP,Japan,35,SNS,2011-2015,outgoing
https://ror.org/040r3xq19,Universidad de León,MX,Mexico,1,SNS,2011-2015,outgoing
https://ror.org/040r57n67,Nicolaus Copernicus Astronomical Center,PL,Poland,32,SNS,2011-2015,outgoing
https://ror.org/040r8fr65,Aarhus University Hospital,DK,Denmark,14,SNS,2011-2015,outgoing
https://ror.org/040scgh75,Comunidad de Madrid,ES,Spain,12,SNS,2011-2015,outgoing
https://ror.org/040t43x18,University of West Bohemia in Pilsen,CZ,Czechia,12,SNS,2011-2015,outgoing
https://ror.org/040tq8233,Aschehoug (Norway),NO,Norway,4,SNS,2011-2015,outgoing
https://ror.org/040vwpm13,University of Houston System,US,United States,1,SNS,2011-2015,outgoing
https://ror.org/040w2dm02,Interuniversity Institute for High Energies,BE,Belgium,20,SNS,2011-2015,outgoing
https://ror.org/040wb2y55,University of Luhansk,UA,Ukraine,154,SNS,2011-2015,outgoing
https://ror.org/040wg7k59,Chalmers University of Technology,SE,Sweden,442,SNS,2011-2015,outgoing
https://ror.org/040wrkp27,Institute of Biomedical Chemistry,RU,Russia,2,SNS,2011-2015,outgoing
https://ror.org/040xhth73,Institute of Cell Biology and Neurobiology,IT,Italy,27,SNS,2011-2015,outgoing
https://ror.org/040xx6p34,National Institutes for the Humanities,JP,Japan,1,SNS,2011-2015,outgoing
https://ror.org/040xzg562,Hospital Universitario Puerta del Mar,ES,Spain,1,SNS,2011-2015,outgoing
https://ror.org/0410a8y51,Centre Hospitalier de l’Université de Montréal,CA,Canada,12,SNS,2011-2015,outgoing
https://ror.org/0410xnr11,Instytut Techniczny Wojsk Lotniczych,PL,Poland,1,SNS,2011-2015,outgoing
https://ror.org/0411b0f77,Max Planck Institute for the Structure and Dynamics of Matter,DE,Germany,39,SNS,2011-2015,outgoing
https://ror.org/0411seq30,Kocaeli Üniversitesi,TR,Turkey,12,SNS,2011-2015,outgoing
https://ror.org/0412y9z21,Far Eastern Federal University,RU,Russia,2,SNS,2011-2015,outgoing
https://ror.org/0413xn342,Houston Advanced Research Center,US,United States,14,SNS,2011-2015,outgoing
https://ror.org/04140y156,CEA Marcoule,FR,France,2,SNS,2011-2015,outgoing
https://ror.org/0414ppq07,San Juan Bautista School of Medicine,US,United States,1,SNS,2011-2015,outgoing
https://ror.org/04155gf20,Institute of Technologists,JP,Japan,12,SNS,2011-2015,outgoing
https://ror.org/041621784,Texas Health and Science University,US,United States,18,SNS,2011-2015,outgoing
https://ror.org/041684t28,Mental Health Research Institute,AU,Australia,2,SNS,2011-2015,outgoing
https://ror.org/0416g8z79,Laboratoire Collisions Agrégats Réactivité,FR,France,14,SNS,2011-2015,outgoing
https://ror.org/0417sdw47,Korea Basic Science Institute,KR,South Korea,11,SNS,2011-2015,outgoing
https://ror.org/0417ye583,Statens Serum Institut,DK,Denmark,1,SNS,2011-2015,outgoing
https://ror.org/0418a3v02,Setsunan University,JP,Japan,1,SNS,2011-2015,outgoing
https://ror.org/0419drx70,Hokkaido University Hospital,JP,Japan,1,SNS,2011-2015,outgoing
https://ror.org/0419nfc77,China Three Gorges University,CN,China,3,SNS,2011-2015,outgoing
https://ror.org/041akq887,Universidade Federal de Santa Catarina,BR,Brazil,19,SNS,2011-2015,outgoing
https://ror.org/041bz9r75,Fulda University of Applied Sciences,DE,Germany,1,SNS,2011-2015,outgoing
https://ror.org/041e7q719,Institute of Molecular and Translational Medicine,CZ,Czechia,1,SNS,2011-2015,outgoing
https://ror.org/041e85345,Bhumibol Adulyadej Hospital,TH,Thailand,1,SNS,2011-2015,outgoing
https://ror.org/041gqhg24,University of Maine at Augusta,US,United States,3,SNS,2011-2015,outgoing
https://ror.org/041gvmd67,Fundació de Recerca Clínic Barcelona-Institut d’Investigacions Biomèdiques August Pi i Sunyer,ES,Spain,14,SNS,2011-2015,outgoing
https://ror.org/041hz9568,Korea Institute for Advanced Study,KR,South Korea,171,SNS,2011-2015,outgoing
https://ror.org/041j8js14,Qingdao University of Science and Technology,CN,China,6,SNS,2011-2015,outgoing
https://ror.org/041jswc25,Central Research Institute of Electric Power Industry,JP,Japan,1,SNS,2011-2015,outgoing
https://ror.org/041jyzp61,Van Yüzüncü Yıl Üniversitesi,TR,Turkey,2,SNS,2011-2015,outgoing
https://ror.org/041kmwe10,Imperial College London,GB,United Kingdom,7443,SNS,2011-2015,outgoing
https://ror.org/041ktbj76,Ural Institute of Cardiology,RU,Russia,1,SNS,2011-2015,outgoing
https://ror.org/041m9xr71,Ames National Laboratory,US,United States,11,SNS,2011-2015,outgoing
https://ror.org/041nas322,University of Bonn,DE,Germany,2666,SNS,2011-2015,outgoing
https://ror.org/041ndzj79,University of New Mexico,US,United States,2780,SNS,2011-2015,outgoing
https://ror.org/041nk4h53,Lawrence Livermore National Laboratory,US,United States,2948,SNS,2011-2015,outgoing
https://ror.org/041pakw92,Renmin University of China,CN,China,23,SNS,2011-2015,outgoing
https://ror.org/041phzg73,Raymond and Ruth Perelman School of Medicine at the University of Pennsylvania,US,United States,13,SNS,2011-2015,outgoing
https://ror.org/041qf4r12,"China University of Petroleum, Beijing",CN,China,2,SNS,2011-2015,outgoing
https://ror.org/041rdq190,National Institutes for Food and Drug Control,CN,China,1,SNS,2011-2015,outgoing
https://ror.org/041rhpw39,Centre Hospitalier Universitaire de Grenoble,FR,France,9,SNS,2011-2015,outgoing
https://ror.org/041rme308,Heart of England NHS Foundation Trust,GB,United Kingdom,2,SNS,2011-2015,outgoing
https://ror.org/041sz8d87,University of Reggio Calabria,IT,Italy,1,SNS,2011-2015,outgoing
https://ror.org/041vb4f30,UCD Centre for Veterinary Epidemiology and Risk Analysis,IE,Ireland,10,SNS,2011-2015,outgoing
https://ror.org/041wbs441,Commissione Nazionale per le Società e la Borsa,IT,Italy,1,SNS,2011-2015,outgoing
https://ror.org/041xs8a23,University of North Carolina School of Medicine,US,United States,5,SNS,2011-2015,outgoing
https://ror.org/041xya991,University of Wisconsin School of Medicine and Public Health,US,United States,3,SNS,2011-2015,outgoing
https://ror.org/041xzk838,Instituto di Biofisica,ES,Spain,55,SNS,2011-2015,outgoing
https://ror.org/041yg4h55,École Nationale Supérieure de Chimie de Lille,FR,France,2,SNS,2011-2015,outgoing
https://ror.org/041yj5753,Stomatology Hospital,CN,China,1,SNS,2011-2015,outgoing
https://ror.org/041yqj635,Steel Authority of India Limited,IN,India,1,SNS,2011-2015,outgoing
https://ror.org/041zkgm14,University of Ferrara,IT,Italy,3396,SNS,2011-2015,outgoing
https://ror.org/04204gr61,University of Havana,CU,Cuba,5,SNS,2011-2015,outgoing
https://ror.org/0420db125,Rockefeller University,US,United States,3371,SNS,2011-2015,outgoing
https://ror.org/0421ba211,Turku Centre for Biotechnology,FI,Finland,2,SNS,2011-2015,outgoing
https://ror.org/0422kzb24,Pontificia Universidad Católica Argentina,AR,Argentina,18,SNS,2011-2015,outgoing
https://ror.org/0423jsj19,HEC Paris,FR,France,7,SNS,2011-2015,outgoing
https://ror.org/0424bsv16,Universitair Ziekenhuis Leuven,BE,Belgium,3,SNS,2011-2015,outgoing
https://ror.org/0424g0k78,Istituto Giannina Gaslini,IT,Italy,7,SNS,2011-2015,outgoing
https://ror.org/0427k1a73,Bose (United States),US,United States,1,SNS,2011-2015,outgoing
https://ror.org/042949r55,HESAM Université,FR,France,2,SNS,2011-2015,outgoing
https://ror.org/0429x9p85,Children's Hospital of Michigan,US,United States,1,SNS,2011-2015,outgoing
https://ror.org/042aqky30,Technische Universität Dresden,DE,Germany,2155,SNS,2011-2015,outgoing
https://ror.org/042b6j696,Nanzan University,JP,Japan,1,SNS,2011-2015,outgoing
https://ror.org/042bbge36,Nova Southeastern University,US,United States,255,SNS,2011-2015,outgoing
https://ror.org/042bhxs14,Burdwan Medical College & Hospital,IN,India,2,SNS,2011-2015,outgoing
https://ror.org/042ckra75,Research Foundation For Mental Hygiene,US,United States,1,SNS,2011-2015,outgoing
https://ror.org/042dp4138,Technology Service Corporation (United States),US,United States,1,SNS,2011-2015,outgoing
https://ror.org/042dsac10,Helmholtz Institute for Pharmaceutical Research Saarland,DE,Germany,4,SNS,2011-2015,outgoing
https://ror.org/042f28677,Tehran Heart Center,IR,Iran,1,SNS,2011-2015,outgoing
https://ror.org/042fqyp44,University College London Hospitals NHS Foundation Trust,GB,United Kingdom,19,SNS,2011-2015,outgoing
https://ror.org/042ga5208,Las Campanas Observatory,CL,Chile,42,SNS,2011-2015,outgoing
https://ror.org/042gmmd19,South Australian Research and Development Institute,AU,Australia,1,SNS,2011-2015,outgoing
https://ror.org/042gs1a72,Weston Park Cancer Centre,GB,United Kingdom,1,SNS,2011-2015,outgoing
https://ror.org/042h2y225,Institut de Mathématiques de Marseille,FR,France,6,SNS,2011-2015,outgoing
https://ror.org/042kgb568,AgriBio,AU,Australia,1,SNS,2011-2015,outgoing
https://ror.org/042nb2s44,Massachusetts Institute of Technology,US,United States,10381,SNS,2011-2015,outgoing
https://ror.org/042nkmz09,Hospital del Mar Research Institute,ES,Spain,6,SNS,2011-2015,outgoing
https://ror.org/042pyga86,Tianjin Institute of Industrial Biotechnology,CN,China,1,SNS,2011-2015,outgoing
https://ror.org/042rvyb12,European Mathematical Society,FI,Finland,3,SNS,2011-2015,outgoing
https://ror.org/042ser453,Sendai City Hospital,JP,Japan,2,SNS,2011-2015,outgoing
https://ror.org/042t7yh44,"Women's Hospital, School of Medicine, Zhejiang University",CN,China,2,SNS,2011-2015,outgoing
https://ror.org/042t93s57,Italian Institute of Technology,IT,Italy,912,SNS,2011-2015,outgoing
https://ror.org/042tdr378,Southern Methodist University,US,United States,2725,SNS,2011-2015,outgoing
https://ror.org/042tfbd02,Institut Polytechnique de Paris,FR,France,2353,SNS,2011-2015,outgoing
https://ror.org/042twtr12,Centers for Disease Control and Prevention,US,United States,12,SNS,2011-2015,outgoing
https://ror.org/042v6xz23,Nanchang University,CN,China,13,SNS,2011-2015,outgoing
https://ror.org/042ver755,University College Birmingham,GB,United Kingdom,9,SNS,2011-2015,outgoing
https://ror.org/042wftp98,University of Chicago Medicine Comprehensive Cancer Center,US,United States,1,SNS,2011-2015,outgoing
https://ror.org/042xt5161,University Health Network,CA,Canada,42,SNS,2011-2015,outgoing
https://ror.org/043071f54,University of Roehampton,GB,United Kingdom,3,SNS,2011-2015,outgoing
https://ror.org/0430z0381,Endocrinology and Metabolism Clinical Sciences Institute,IR,Iran,2,SNS,2011-2015,outgoing
https://ror.org/04310tc15,Laboratoire de Cristallographie et Sciences des Matériaux,FR,France,5,SNS,2011-2015,outgoing
https://ror.org/0431ec194,Institut für Experimentelle Pneumologie,DE,Germany,3,SNS,2011-2015,outgoing
https://ror.org/0431hh004,Institut d'Électronique et des Systèmes,FR,France,11,SNS,2011-2015,outgoing
https://ror.org/0431j1t39,University of Iowa Health Care,US,United States,4,SNS,2011-2015,outgoing
https://ror.org/0431v7h69,Fundación Instituto Leloir,AR,Argentina,1,SNS,2011-2015,outgoing
https://ror.org/0432jq872,Mississippi State University,US,United States,18,SNS,2011-2015,outgoing
https://ror.org/0433abe34,K.N.Toosi University of Technology,IR,Iran,2,SNS,2011-2015,outgoing
https://ror.org/0433e6t24,Universität Koblenz,DE,Germany,4,SNS,2011-2015,outgoing
https://ror.org/0433kqc49,Pukyong National University,KR,South Korea,5,SNS,2011-2015,outgoing
https://ror.org/0435rc536,Novo Nordisk (Denmark),DK,Denmark,5,SNS,2011-2015,outgoing
https://ror.org/0436mv865,Czech Agrifood Research Center,CZ,Czechia,1,SNS,2011-2015,outgoing
https://ror.org/04374qe70,SickKids Foundation,CA,Canada,62,SNS,2011-2015,outgoing
https://ror.org/04387x656,Università degli Studi del Piemonte Orientale “Amedeo Avogadro”,IT,Italy,2553,SNS,2011-2015,outgoing
https://ror.org/04389kb95,Queen Mary's Hospital,GB,United Kingdom,1,SNS,2011-2015,outgoing
https://ror.org/0438wbg98,Organisation de Coopération et de Développement Economiques,FR,France,4,SNS,2011-2015,outgoing
https://ror.org/0439y7842,Engineering and Physical Sciences Research Council,GB,United Kingdom,5,SNS,2011-2015,outgoing
https://ror.org/043ae3f44,Hospital Research Foundation,AU,Australia,2,SNS,2011-2015,outgoing
https://ror.org/043ae9h44,Regis University,US,United States,3,SNS,2011-2015,outgoing
https://ror.org/043axf581,St. Marianna University School of Medicine,JP,Japan,2,SNS,2011-2015,outgoing
https://ror.org/043b26x63,National Research Council Institute for Biodiagnostics,CA,Canada,4,SNS,2011-2015,outgoing
https://ror.org/043bgf219,International Centre for Genetic Engineering and Biotechnology,IT,Italy,16,SNS,2011-2015,outgoing
https://ror.org/043bhwh19,Istituto Nazionale Biostrutture e Biosistemi,IT,Italy,3,SNS,2011-2015,outgoing
https://ror.org/043bpky34,Nanjing University of Posts and Telecommunications,CN,China,8,SNS,2011-2015,outgoing
https://ror.org/043c0p156,Royal Netherlands Academy of Arts and Sciences,NL,The Netherlands,66,SNS,2011-2015,outgoing
https://ror.org/043cec594,AstraZeneca (United States),US,United States,4,SNS,2011-2015,outgoing
https://ror.org/043dxc061,Sichuan Normal University,CN,China,3,SNS,2011-2015,outgoing
https://ror.org/043ea4m21,State Key Laboratory of Pharmaceutical Biotechnology,CN,China,5,SNS,2011-2015,outgoing
https://ror.org/043ehm030,UNC Lineberger Comprehensive Cancer Center,US,United States,49,SNS,2011-2015,outgoing
https://ror.org/043fjaj52,Capita (United Kingdom),GB,United Kingdom,1,SNS,2011-2015,outgoing
https://ror.org/043hjsp66,P.L. Kapitza Institute for Physical Problems,RU,Russia,1,SNS,2011-2015,outgoing
https://ror.org/043htjv09,CY Cergy Paris Université,FR,France,400,SNS,2011-2015,outgoing
https://ror.org/043hw6336,Institut de Neurosciences de la Timone,FR,France,2,SNS,2011-2015,outgoing
https://ror.org/043j0f473,German Center for Neurodegenerative Diseases,DE,Germany,95,SNS,2011-2015,outgoing
https://ror.org/043j90n04,MRC Prion Unit,GB,United Kingdom,2,SNS,2011-2015,outgoing
https://ror.org/043jzw605,Institute of Cancer Research,GB,United Kingdom,14,SNS,2011-2015,outgoing
https://ror.org/043k4kk20,Korea Research Institute of Chemical Technology,KR,South Korea,1,SNS,2011-2015,outgoing
https://ror.org/043kfae87,"Istituto Nazionale di Fisica Nucleare, Gruppo Collegato di Salerno",IT,Italy,7,SNS,2011-2015,outgoing
https://ror.org/043kppn11,Swedish Institute of Space Physics,SE,Sweden,4,SNS,2011-2015,outgoing
https://ror.org/043mer456,University of Nebraska–Lincoln,US,United States,2444,SNS,2011-2015,outgoing
https://ror.org/043mz5j54,"University of California, San Francisco",US,United States,6745,SNS,2011-2015,outgoing
https://ror.org/043mzjj67,Beaumont Hospital,IE,Ireland,1,SNS,2011-2015,outgoing
https://ror.org/043n4fm24,Laboratoire Paul Painlevé,FR,France,3,SNS,2011-2015,outgoing
https://ror.org/043nepn57,Direction Générale Déléguée à la Science,FR,France,1,SNS,2011-2015,outgoing
https://ror.org/043nxc105,Universitat de València,ES,Spain,3268,SNS,2011-2015,outgoing
https://ror.org/043pfpy19,Laboratoire des Écoulements Géophysiques et Industriels,FR,France,1,SNS,2011-2015,outgoing
https://ror.org/043pgqy52,Universities Space Research Association,US,United States,134,SNS,2011-2015,outgoing
https://ror.org/043pjwk57,DNAnexus (United States),US,United States,5,SNS,2011-2015,outgoing
https://ror.org/043ppnw54,Ospedale San Donato,IT,Italy,2,SNS,2011-2015,outgoing
https://ror.org/043pwc612,Universidade do Porto,PT,Portugal,21,SNS,2011-2015,outgoing
https://ror.org/043q8yx54,Ontario Institute for Cancer Research,CA,Canada,32,SNS,2011-2015,outgoing
https://ror.org/043qcb444,Gran Sasso Science Institute,IT,Italy,169,SNS,2011-2015,outgoing
https://ror.org/043qkx395,Centre for Ultrahigh Bandwidth Devices for Optical Systems,AU,Australia,3,SNS,2011-2015,outgoing
https://ror.org/043raxx74,University of Houston Sugar Land,US,United States,19,SNS,2011-2015,outgoing
https://ror.org/043vr8e29,Instituto de Biología Molecular y Celular del Cáncer de Salamanca,ES,Spain,10,SNS,2011-2015,outgoing
https://ror.org/043we9s22,Institut Jean Le Rond d'Alembert,FR,France,3,SNS,2011-2015,outgoing
https://ror.org/043wmc583,Institut de Génomique Fonctionnelle,FR,France,10,SNS,2011-2015,outgoing
https://ror.org/043z4tv69,National Institute of Allergy and Infectious Diseases,US,United States,23,SNS,2011-2015,outgoing
https://ror.org/0440c3437,Information Technology Laboratory,US,United States,12,SNS,2011-2015,outgoing
https://ror.org/0441q2c30,DVGW - Technologiezentrum Wasser,DE,Germany,1,SNS,2011-2015,outgoing
https://ror.org/0442rdt85,Kangda College of Nanjing Medical University,CN,China,1,SNS,2011-2015,outgoing
https://ror.org/0442zbe52,Universidade da Madeira,PT,Portugal,2,SNS,2011-2015,outgoing
https://ror.org/04437j066,Solar System Exploration Research Virtual Institute,US,United States,29,SNS,2011-2015,outgoing
https://ror.org/0443cwa12,Tallinn University of Technology,EE,Estonia,3,SNS,2011-2015,outgoing
https://ror.org/0443n9e75,Université Toulouse-I-Capitole,FR,France,16,SNS,2011-2015,outgoing
https://ror.org/0444j5556,Xi'an Institute of Optics and Precision Mechanics,CN,China,2,SNS,2011-2015,outgoing
https://ror.org/0445phv87,University of Toyama,JP,Japan,16,SNS,2011-2015,outgoing
https://ror.org/04476hk95,Institute for Social and Economic Research,GB,United Kingdom,1,SNS,2011-2015,outgoing
https://ror.org/0447fe631,United States Department of Defense,US,United States,26,SNS,2011-2015,outgoing
https://ror.org/0447kww10,University of Miyazaki,JP,Japan,15,SNS,2011-2015,outgoing
https://ror.org/04488qa52,Centro Interdisciplinar de Investigação Psicossocial,PT,Portugal,2,SNS,2011-2015,outgoing
https://ror.org/0448sak71,Fraunhofer Institute for Ceramic Technologies and Systems,DE,Germany,1,SNS,2011-2015,outgoing
https://ror.org/0449kf092,Prairie View A&M University,US,United States,62,SNS,2011-2015,outgoing
https://ror.org/0449khs19,Centre de Recherche en Économie et Statistique,FR,France,16,SNS,2011-2015,outgoing
https://ror.org/044bfsy89,Research Institute on Sustainable Economic Growth,IT,Italy,1,SNS,2011-2015,outgoing
https://ror.org/044cqdj35,Mie Chukyo University,JP,Japan,38,SNS,2011-2015,outgoing
https://ror.org/044fgj614,Institut de Ciències del Cosmos,ES,Spain,281,SNS,2011-2015,outgoing
https://ror.org/044g3zk14,Max Planck Institute for Plant Breeding Research,DE,Germany,1,SNS,2011-2015,outgoing
https://ror.org/044gwpv05,"Ministry of Education, Science, Research and Sport of the Slovak Republic",SK,Slovakia,5,SNS,2011-2015,outgoing
https://ror.org/044j76961,University of Lethbridge,CA,Canada,78,SNS,2011-2015,outgoing
https://ror.org/044jp1563,Analysis Group (United States),US,United States,3,SNS,2011-2015,outgoing
https://ror.org/044jxhp58,Ifremer,FR,France,61,SNS,2011-2015,outgoing
https://ror.org/044k9ta02,University of Palermo,IT,Italy,285,SNS,2011-2015,outgoing
https://ror.org/044kkfr75,AlbaNova,SE,Sweden,94,SNS,2011-2015,outgoing
https://ror.org/044knj408,Complexo Hospitalario Universitario A Coruña,ES,Spain,2,SNS,2011-2015,outgoing
https://ror.org/044kxby82,Institut Montpelliérain Alexander Grothendieck,FR,France,4,SNS,2011-2015,outgoing
https://ror.org/044m46d61,Technological Educational Institute of Athens,GR,Greece,3,SNS,2011-2015,outgoing
https://ror.org/044mj7r89,Institut de Biologia Evolutiva,ES,Spain,3,SNS,2011-2015,outgoing
https://ror.org/044nptt90,King's College Hospital,GB,United Kingdom,7,SNS,2011-2015,outgoing
https://ror.org/044ntvm43,Montefiore Medical Center,US,United States,2,SNS,2011-2015,outgoing
https://ror.org/044pcn091,University of Mississippi Medical Center,US,United States,8,SNS,2011-2015,outgoing
https://ror.org/044qmqe70,Institute for Biological Research “Siniša Stanković”,RS,Serbia,1,SNS,2011-2015,outgoing
https://ror.org/044rb3f07,Délégation Régionale Nouvelle-Aquitaine,FR,France,1,SNS,2011-2015,outgoing
https://ror.org/044rmp068,Choju Medical Institute,JP,Japan,1,SNS,2011-2015,outgoing
https://ror.org/044s2fj67,Yaroslavl State University,RU,Russia,1,SNS,2011-2015,outgoing
https://ror.org/044s61914,Centre Hospitalier Universitaire de Liège,BE,Belgium,4,SNS,2011-2015,outgoing
https://ror.org/044s9gr80,"Japanese Red Cross Society, Japan",JP,Japan,1,SNS,2011-2015,outgoing
https://ror.org/044tecp05,Institutul de Fizică Atomică,RO,Romania,1,SNS,2011-2015,outgoing
https://ror.org/044vhe029,UF Health Cancer Center,US,United States,4,SNS,2011-2015,outgoing
https://ror.org/044vy1d05,Tokushima University,JP,Japan,13,SNS,2011-2015,outgoing
https://ror.org/044w3nw43,Bioinformatics Institute,SG,Singapore,3,SNS,2011-2015,outgoing
https://ror.org/044w7a341,Towson University,US,United States,4,SNS,2011-2015,outgoing
https://ror.org/044wq1q96,Deutsche Zentren der Gesundheitsforschung,DE,Germany,117,SNS,2011-2015,outgoing
https://ror.org/044xrc068,Toronto Centre for Phenogenomics,CA,Canada,1,SNS,2011-2015,outgoing
https://ror.org/044yd9t77,Joint Institute for Nuclear Research,RU,Russia,5593,SNS,2011-2015,outgoing
https://ror.org/04523zj19,Nanjing University of Chinese Medicine,CN,China,1,SNS,2011-2015,outgoing
https://ror.org/0452jzg20,Chapman University,US,United States,14,SNS,2011-2015,outgoing
https://ror.org/04533wk67,Kearney Agricultural Research and Extension Center,US,United States,1,SNS,2011-2015,outgoing
https://ror.org/045380x72,Honey bee and Silkworm Research Unit,IT,Italy,1,SNS,2011-2015,outgoing
https://ror.org/0453rk787,Laboratoire de Sciences de la Terre,FR,France,1,SNS,2011-2015,outgoing
https://ror.org/0453v4r20,University of Puerto Rico at Río Piedras,US,United States,28,SNS,2011-2015,outgoing
https://ror.org/045495t75,Ifo Institute for Economic Research,DE,Germany,6,SNS,2011-2015,outgoing
https://ror.org/04567sh69,United Nations Office on Drugs and Crime,AT,Austria,1,SNS,2011-2015,outgoing
https://ror.org/0456r8d26,Gates Foundation,US,United States,1,SNS,2011-2015,outgoing
https://ror.org/0457zbj98,University of Oklahoma Health Sciences Center,US,United States,12,SNS,2011-2015,outgoing
https://ror.org/045bk1a41,Fondation du CHUM,CA,Canada,6,SNS,2011-2015,outgoing
https://ror.org/045dj7z60,International Fertilizer Development Center,US,United States,12,SNS,2011-2015,outgoing
https://ror.org/045e26x92,Gettysburg College,US,United States,6,SNS,2011-2015,outgoing
https://ror.org/045f0ws19,Universities of Giessen and Marburg Lung Center,DE,Germany,3,SNS,2011-2015,outgoing
https://ror.org/045hgzm75,Selçuk University,TR,Turkey,3,SNS,2011-2015,outgoing
https://ror.org/045ktmd28,Laboratoire National des Champs Magnétiques Intenses,FR,France,17,SNS,2011-2015,outgoing
https://ror.org/045mkqe52,University Center of Brasília,BR,Brazil,1,SNS,2011-2015,outgoing
https://ror.org/045ney286,Oulu University Hospital,FI,Finland,39,SNS,2011-2015,outgoing
https://ror.org/045ntgf29,Oklahoma State University System,US,United States,1838,SNS,2011-2015,outgoing
https://ror.org/045p44t13,National Institutes of Health,MY,Malaysia,2,SNS,2011-2015,outgoing
https://ror.org/045pn2j94,BGI Group (China),CN,China,37,SNS,2011-2015,outgoing
https://ror.org/045qk7v62,Centre d'études et de recherches internationales de Sciences Po,FR,France,1,SNS,2011-2015,outgoing
https://ror.org/045qszf23,Institut de Chimie de Clermont-Ferrand,FR,France,3,SNS,2011-2015,outgoing
https://ror.org/045s99b94,NASA Earth Science,US,United States,9,SNS,2011-2015,outgoing
https://ror.org/045wgfr59,University of Stirling,GB,United Kingdom,27,SNS,2011-2015,outgoing
https://ror.org/045wr3278,Daegu Haany University,KR,South Korea,1,SNS,2011-2015,outgoing
https://ror.org/045x2ah69,University Carlo Cattaneo,IT,Italy,1,SNS,2011-2015,outgoing
https://ror.org/045x93337,Yeshiva University,US,United States,36,SNS,2011-2015,outgoing
https://ror.org/045y6d111,University of Vechta,DE,Germany,1,SNS,2011-2015,outgoing
https://ror.org/045ybte48,Center for Nanoscale Materials,US,United States,9,SNS,2011-2015,outgoing
https://ror.org/045ydbe97,Institutos Nacionais de Ciência e Tecnologia,BR,Brazil,9,SNS,2011-2015,outgoing
https://ror.org/045yf0774,Center for Neuroscience and Cognitive Systems,IT,Italy,11,SNS,2011-2015,outgoing
https://ror.org/045yjpn53,Hebei Mental Health Center,CN,China,1,SNS,2011-2015,outgoing
https://ror.org/045yy3r21,Instituto de Ciencia y Tecnología de Alimentos y Nutrición,ES,Spain,1,SNS,2011-2015,outgoing
https://ror.org/04601vy80,Al-Ameen College of Pharmacy,IN,India,1,SNS,2011-2015,outgoing
https://ror.org/0460jpj73,University of Concepción,CL,Chile,214,SNS,2011-2015,outgoing
https://ror.org/0460vf117,Neurosciences Institute,US,United States,5,SNS,2011-2015,outgoing
https://ror.org/0461cvh40,Gangneung–Wonju National University,KR,South Korea,279,SNS,2011-2015,outgoing
https://ror.org/04625j688,University of Maine School of Law,US,United States,1,SNS,2011-2015,outgoing
https://ror.org/0462wa640,Guangdong Ocean University,CN,China,3,SNS,2011-2015,outgoing
https://ror.org/0463y2v87,Universiti Malaysia Kelantan,MY,Malaysia,1,SNS,2011-2015,outgoing
https://ror.org/0463yzy10,Chongqing Population and Family Planning Science and Technology Research Institute,CN,China,2,SNS,2011-2015,outgoing
https://ror.org/0464eyp60,University of Massachusetts Chan Medical School,US,United States,54,SNS,2011-2015,outgoing
https://ror.org/04650gr34,Centre for Research in Astrophysics of Québec,CA,Canada,39,SNS,2011-2015,outgoing
https://ror.org/04664mr26,"Institute for Materials Research, Tohoku University",JP,Japan,18,SNS,2011-2015,outgoing
https://ror.org/04679fh62,Lake Erie College of Osteopathic Medicine,US,United States,1,SNS,2011-2015,outgoing
https://ror.org/046865y68,Hanyang University,KR,South Korea,663,SNS,2011-2015,outgoing
https://ror.org/0468j1635,Recep Tayyip Erdoğan University,TR,Turkey,9,SNS,2011-2015,outgoing
https://ror.org/0468k6j36,Institute of Psychiatry and Neurology,PL,Poland,1,SNS,2011-2015,outgoing
https://ror.org/0469ejq24,Instituto de Química y Fisicoquímica Biológicas,AR,Argentina,2,SNS,2011-2015,outgoing
https://ror.org/046a9q865,Space Science Institute,US,United States,231,SNS,2011-2015,outgoing
https://ror.org/046ak2485,Freie Universität Berlin,DE,Germany,176,SNS,2011-2015,outgoing
https://ror.org/046b3cj80,École Pratique des Hautes Études,FR,France,34,SNS,2011-2015,outgoing
https://ror.org/046cjf283,Laboratoire Interuniversitaire des Systèmes Atmosphériques,FR,France,49,SNS,2011-2015,outgoing
https://ror.org/046denk61,National Institute of Industrial Technology,AR,Argentina,1,SNS,2011-2015,outgoing
https://ror.org/046dg4z72,Marine Biological Laboratory,US,United States,7,SNS,2011-2015,outgoing
https://ror.org/046e0mt33,Europa-Universität Flensburg,DE,Germany,1,SNS,2011-2015,outgoing
https://ror.org/046eh8t80,CHDI Foundation,US,United States,1,SNS,2011-2015,outgoing
https://ror.org/046f6cx68,Fujita Health University,JP,Japan,79,SNS,2011-2015,outgoing
https://ror.org/046fa4y88,The Heart Research Institute,AU,Australia,4,SNS,2011-2015,outgoing
https://ror.org/046ffzj20,Universidad de Cantabria,ES,Spain,3946,SNS,2011-2015,outgoing
https://ror.org/046fkpt18,Xi'an University of Science and Technology,CN,China,1,SNS,2011-2015,outgoing
https://ror.org/046fm7598,Gunma University,JP,Japan,24,SNS,2011-2015,outgoing
https://ror.org/046hjmc37,Laboratoire Charles Fabry,FR,France,15,SNS,2011-2015,outgoing
https://ror.org/046htjf88,PHENIX laboratory,FR,France,1,SNS,2011-2015,outgoing
https://ror.org/046hw5281,Nova School of Business and Economics Library,PT,Portugal,1,SNS,2011-2015,outgoing
https://ror.org/046n57345,Hefei Institutes of Physical Science,CN,China,26,SNS,2011-2015,outgoing
https://ror.org/046nvst19,Norwegian Institute of Public Health,NO,Norway,1,SNS,2011-2015,outgoing
https://ror.org/046q1bp69,Guizhou Provincial People's Hospital,CN,China,1,SNS,2011-2015,outgoing
https://ror.org/046r13h33,Ministère de la Santé et des Services Sociaux (Québec),CA,Canada,2,SNS,2011-2015,outgoing
https://ror.org/046rm7j60,"University of California, Los Angeles",US,United States,4594,SNS,2011-2015,outgoing
https://ror.org/046s04e65,National University,YE,Yemen,1,SNS,2011-2015,outgoing
https://ror.org/046s2rf49,Applied Research Laboratory at the University of Hawai‘i,US,United States,1,SNS,2011-2015,outgoing
https://ror.org/046v9f126,Material Sciences (United States),US,United States,5,SNS,2011-2015,outgoing
https://ror.org/046vare28,St. Josef-Hospital,DE,Germany,1,SNS,2011-2015,outgoing
https://ror.org/046vje122,MRC Biostatistics Unit,GB,United Kingdom,5,SNS,2011-2015,outgoing
https://ror.org/046w3ze59,Laboratoire de l'Accélérateur Linéaire,FR,France,34,SNS,2011-2015,outgoing
https://ror.org/046wsbf61,St Michael's Hospital,GB,United Kingdom,2,SNS,2011-2015,outgoing
https://ror.org/046yatd98,Midwestern University,US,United States,2,SNS,2011-2015,outgoing
https://ror.org/046zezr58,Office of Disease Prevention,US,United States,1,SNS,2011-2015,outgoing
https://ror.org/04718hx42,Srinakharinwirot University,TH,Thailand,6,SNS,2011-2015,outgoing
https://ror.org/0471cyx86,Microbiologie de l’alimentation au service de la santé,FR,France,1,SNS,2011-2015,outgoing
https://ror.org/047272k79,The University of Western Australia,AU,Australia,674,SNS,2011-2015,outgoing
https://ror.org/047302w76,University for Foreigners Perugia,IT,Italy,1,SNS,2011-2015,outgoing
https://ror.org/0473a4773,Hertie School,DE,Germany,8,SNS,2011-2015,outgoing
https://ror.org/047426m28,University of Illinois Urbana-Champaign,US,United States,1275,SNS,2011-2015,outgoing
https://ror.org/04743aj70,Wuhan Third Hospital,CN,China,1,SNS,2011-2015,outgoing
https://ror.org/0474bqk45,California Public Utilities Commission,US,United States,3,SNS,2011-2015,outgoing
https://ror.org/047908t24,Universidade Federal de Pernambuco,BR,Brazil,9,SNS,2011-2015,outgoing
https://ror.org/0479kf329,"Istituto Nazionale di Fisica Nucleare, Gruppo Collegato di Alessandria",IT,Italy,19,SNS,2011-2015,outgoing
https://ror.org/047afsm11,Erasmus MC - Sophia Children’s Hospital,NL,The Netherlands,3,SNS,2011-2015,outgoing
https://ror.org/047aswc67,National Center for Genetic Engineering and Biotechnology,TH,Thailand,1,SNS,2011-2015,outgoing
https://ror.org/047bn1w15,World Health Organization - Pakistan,PK,Pakistan,1,SNS,2011-2015,outgoing
https://ror.org/047c3xe48,Advanced Imaging Research (United States),US,United States,2,SNS,2011-2015,outgoing
https://ror.org/047dqcg40,Korea University,KR,South Korea,3387,SNS,2011-2015,outgoing
https://ror.org/047fwb937,Biotechnologie et Signalisation Cellulaire,FR,France,3,SNS,2011-2015,outgoing
https://ror.org/047g8vk19,Erciyes University,TR,Turkey,33,SNS,2011-2015,outgoing
https://ror.org/047gc3g35,University of Chile,CL,Chile,199,SNS,2011-2015,outgoing
https://ror.org/047kx5j58,Hanson Institute,AU,Australia,1,SNS,2011-2015,outgoing
https://ror.org/047m6hg73,Management Intelligenter Technologien (Germany),DE,Germany,3,SNS,2011-2015,outgoing
https://ror.org/047n0b268,Aichi Prefectural University,JP,Japan,3,SNS,2011-2015,outgoing
https://ror.org/047p7y759,Pace University,US,United States,1,SNS,2011-2015,outgoing
https://ror.org/047q8av65,"Centre de Recherche sur les Expertises, les Arts et les Transitions",FR,France,3,SNS,2011-2015,outgoing
https://ror.org/047qgg117,Guangzhou Institute of Energy Conversion,CN,China,1,SNS,2011-2015,outgoing
https://ror.org/047qy5748,Worldwide Protein Data Bank,US,United States,1,SNS,2011-2015,outgoing
https://ror.org/047rhhm47,Brigham Young University,US,United States,23,SNS,2011-2015,outgoing
https://ror.org/047rmsn51,Institute for the Science and Technology of Plasmas,IT,Italy,42,SNS,2011-2015,outgoing
https://ror.org/047s2c258,"University of Maryland, College Park",US,United States,5338,SNS,2011-2015,outgoing
https://ror.org/047s7ex42,University of Utah Health Care,US,United States,9,SNS,2011-2015,outgoing
https://ror.org/047xz1e88,Ottawa Institute of Systems Biology,CA,Canada,5,SNS,2011-2015,outgoing
https://ror.org/047ybhc09,"City St George's, University of London",GB,United Kingdom,55,SNS,2011-2015,outgoing
https://ror.org/047yd9004,Institute for Color Science and Technology,IR,Iran,1,SNS,2011-2015,outgoing
https://ror.org/047yk3s18,Catholic University of America,US,United States,146,SNS,2011-2015,outgoing
https://ror.org/0480tmh03,"Adolf-Butenandt-Institut für Physiologische Chemie, Physikalische Biochemie und Zellbiologie",DE,Germany,7,SNS,2011-2015,outgoing
https://ror.org/0482b5b22,Brazilian Agricultural Research Corporation,BR,Brazil,2,SNS,2011-2015,outgoing
https://ror.org/0482ksk80,Purdue University in Indianapolis,US,United States,2,SNS,2011-2015,outgoing
https://ror.org/0483fn738,Institute of Communication and Computer Systems,GR,Greece,2,SNS,2011-2015,outgoing
https://ror.org/048400679,Space Sciences Laboratory,US,United States,251,SNS,2011-2015,outgoing
https://ror.org/0485axj58,University Hospital Southampton NHS Foundation Trust,GB,United Kingdom,9,SNS,2011-2015,outgoing
https://ror.org/048768v87,USF Health Byrd Alzheimer's Institute,US,United States,1,SNS,2011-2015,outgoing
https://ror.org/04884sy85,Ramathibodi Hospital,TH,Thailand,1,SNS,2011-2015,outgoing
https://ror.org/0488cct49,Orlando Health,US,United States,2,SNS,2011-2015,outgoing
https://ror.org/0488pxx86,University of Granma,CU,Cuba,6,SNS,2011-2015,outgoing
https://ror.org/0489f0s93,Institute of Protein Research,RU,Russia,1,SNS,2011-2015,outgoing
https://ror.org/0489f6q08,Cardiff and Vale University Health Board,GB,United Kingdom,4,SNS,2011-2015,outgoing
https://ror.org/0489gab80,Leibniz Institute for High Performance Microelectronics,DE,Germany,2,SNS,2011-2015,outgoing
https://ror.org/0489ggv38,Canterbury Christ Church University,GB,United Kingdom,4,SNS,2011-2015,outgoing
https://ror.org/048a87296,Uppsala University,SE,Sweden,2122,SNS,2011-2015,outgoing
https://ror.org/048a96r61,Glenfield Hospital,GB,United Kingdom,4,SNS,2011-2015,outgoing
https://ror.org/048b34d51,National Hospital for Neurology and Neurosurgery,GB,United Kingdom,13,SNS,2011-2015,outgoing
https://ror.org/048cwvf49,University of South Africa,ZA,South Africa,16,SNS,2011-2015,outgoing
https://ror.org/048d1b238,Miami Children's Hospital,US,United States,3,SNS,2011-2015,outgoing
https://ror.org/048dd0611,Institute of Semiconductors,CN,China,28,SNS,2011-2015,outgoing
https://ror.org/048e91n87,Chulabhorn Graduate Institute,TH,Thailand,1,SNS,2011-2015,outgoing
https://ror.org/048emj907,Queen Elizabeth Hospital Birmingham,GB,United Kingdom,1,SNS,2011-2015,outgoing
https://ror.org/048f36m54,Instituto de Tecnologías en Detección y Astropartículas,AR,Argentina,3,SNS,2011-2015,outgoing
https://ror.org/048f5b183,The King's University,CA,Canada,1,SNS,2011-2015,outgoing
https://ror.org/048fxk571,Edison Pharmaceuticals (United States),US,United States,1,SNS,2011-2015,outgoing
https://ror.org/048fyec77,Murdoch Children's Research Institute,AU,Australia,23,SNS,2011-2015,outgoing
https://ror.org/048g2sh07,Universiti Teknologi Petronas,MY,Malaysia,1,SNS,2011-2015,outgoing
https://ror.org/048gmay44,University of the Sciences,US,United States,962,SNS,2011-2015,outgoing
https://ror.org/048m81442,National Institute of Economic and Social Research,GB,United Kingdom,1,SNS,2011-2015,outgoing
https://ror.org/048nfjm95,"National University of Ireland, Maynooth",IE,Ireland,109,SNS,2011-2015,outgoing
https://ror.org/048nswj43,State Key Laboratory for Modification of Chemical Fibers and Polymer Materials,CN,China,1,SNS,2011-2015,outgoing
https://ror.org/048nxq511,Tokyo University of Marine Science and Technology,JP,Japan,1,SNS,2011-2015,outgoing
https://ror.org/048par152,Ingenious Targeting Laboratory (United States),US,United States,1,SNS,2011-2015,outgoing
https://ror.org/048rj2z13,"Ministry of Education, Culture, Sports, Science and Technology",JP,Japan,7,SNS,2011-2015,outgoing
https://ror.org/048s2rn92,United States Naval Observatory,US,United States,2,SNS,2011-2015,outgoing
https://ror.org/048sx0r50,University of Houston,US,United States,375,SNS,2011-2015,outgoing
https://ror.org/048tbm396,University of Turin,IT,Italy,4819,SNS,2011-2015,outgoing
https://ror.org/048tnm037,Institute of Biochemical Physics NM Emanuel,RU,Russia,2,SNS,2011-2015,outgoing
https://ror.org/048v13307,National Institute for Physiological Sciences,JP,Japan,11,SNS,2011-2015,outgoing
https://ror.org/048wy7h78,State Key Laboratory of Brain and Cognitive Science,CN,China,4,SNS,2011-2015,outgoing
https://ror.org/048xwe611,Institut de Biochimie et Génétique Cellulaires,FR,France,1,SNS,2011-2015,outgoing
https://ror.org/048y1rc66,Institute of Chemistry,CN,China,70,SNS,2011-2015,outgoing
https://ror.org/048zcaj52,Charles Darwin University,AU,Australia,2,SNS,2011-2015,outgoing
https://ror.org/0491yz035,Saha Institute of Nuclear Physics,IN,India,2226,SNS,2011-2015,outgoing
https://ror.org/04929s478,NewYork–Presbyterian Brooklyn Methodist Hospital,US,United States,1,SNS,2011-2015,outgoing
https://ror.org/0492g1k39,Community Science and Data Center,US,United States,1,SNS,2011-2015,outgoing
https://ror.org/0492k9x16,Centre for Social Sciences,HU,Hungary,2,SNS,2011-2015,outgoing
https://ror.org/0492sjc74,Max Planck Institute for the History of Science,DE,Germany,4,SNS,2011-2015,outgoing
https://ror.org/0492wrx28,Indian Council of Medical Research,IN,India,9,SNS,2011-2015,outgoing
https://ror.org/0493xsw21,Berlin Institute of Health at Charité - Universitätsmedizin Berlin,DE,Germany,30,SNS,2011-2015,outgoing
https://ror.org/0494jpz02,Centre de Recherche en Cancérologie de Marseille,FR,France,1,SNS,2011-2015,outgoing
https://ror.org/0495fxg12,Institut Pasteur,FR,France,73,SNS,2011-2015,outgoing
https://ror.org/0496n6574,"Czech Academy of Sciences, Institute of Computer Science",CZ,Czechia,2,SNS,2011-2015,outgoing
https://ror.org/04970qw83,National Institute of Nutrition,IN,India,2,SNS,2011-2015,outgoing
https://ror.org/0497crr92,Smith College,US,United States,6,SNS,2011-2015,outgoing
https://ror.org/04988re48,Polytechnic Institute of Porto,PT,Portugal,2,SNS,2011-2015,outgoing
https://ror.org/0498pcx51,Taylor's University,MY,Malaysia,1,SNS,2011-2015,outgoing
https://ror.org/0499dwk57,Roswell Park Comprehensive Cancer Center,US,United States,21,SNS,2011-2015,outgoing
https://ror.org/049ajby27,Edo State University Uzairue,NG,Nigeria,3,SNS,2011-2015,outgoing
https://ror.org/049am9t04,Hôpital Saint-Louis,FR,France,5,SNS,2011-2015,outgoing
https://ror.org/049asqa32,Sabancı Üniversitesi,TR,Turkey,16,SNS,2011-2015,outgoing
https://ror.org/049b5m346,École Française de Rome,IT,Italy,1,SNS,2011-2015,outgoing
https://ror.org/049bdss47,Joanneum Research,AT,Austria,12,SNS,2011-2015,outgoing
https://ror.org/049bjee35,St. Anne's University Hospital Brno,CZ,Czechia,3,SNS,2011-2015,outgoing
https://ror.org/049c9xv68,Department of Medical Sciences,BY,Belarus,4,SNS,2011-2015,outgoing
https://ror.org/049cbmb74,Children's Hospital of Wisconsin,US,United States,2,SNS,2011-2015,outgoing
https://ror.org/049cvkb03,Reserve Bank of Australia,AU,Australia,2,SNS,2011-2015,outgoing
https://ror.org/049d6bh38,Institute of Geochemistry,CN,China,1,SNS,2011-2015,outgoing
https://ror.org/049da5t36,Universidad de Burgos,ES,Spain,8,SNS,2011-2015,outgoing
https://ror.org/049e6bc10,Northumbria University,GB,United Kingdom,8,SNS,2011-2015,outgoing
https://ror.org/049ebw417,Istituto di Fotonica e Nanotecnologie,IT,Italy,37,SNS,2011-2015,outgoing
https://ror.org/049emcs32,The University of Texas at Dallas,US,United States,2131,SNS,2011-2015,outgoing
https://ror.org/049epw866,Shenzhen Shajing Affiliated Hospital of Guangzhou Medical University,CN,China,1,SNS,2011-2015,outgoing
https://ror.org/049f0ha78,Universitas Jember,ID,Indonesia,2,SNS,2011-2015,outgoing
https://ror.org/049fnxe71,Bioprocessing Technology Institute,SG,Singapore,1,SNS,2011-2015,outgoing
https://ror.org/049hrzs50,University of Wisconsin–Whitewater,US,United States,2,SNS,2011-2015,outgoing
https://ror.org/049jf1a25,"Istituto Nazionale di Fisica Nucleare, Laboratori Nazionali di Frascati",IT,Italy,6208,SNS,2011-2015,outgoing
https://ror.org/049jtt335,Université du Québec à Rimouski,CA,Canada,6,SNS,2011-2015,outgoing
https://ror.org/049k0qb06,Information Systems Laboratories (United States),US,United States,10,SNS,2011-2015,outgoing
https://ror.org/049k66y27,Laboratoire de Physique et Chimie de l’Environnement et de l’Espace,FR,France,82,SNS,2011-2015,outgoing
https://ror.org/049kefs16,Southern Illinois University Carbondale,US,United States,5,SNS,2011-2015,outgoing
https://ror.org/049mk3j45,Heart Institute,US,United States,1,SNS,2011-2015,outgoing
https://ror.org/049mqh532,State Key Laboratory of Natural and Biomimetic Drugs,CN,China,2,SNS,2011-2015,outgoing
https://ror.org/049ncjx51,Sage Bionetworks,US,United States,9,SNS,2011-2015,outgoing
https://ror.org/049nhh297,Laboratoire d’Annecy de Physique des Particules,FR,France,4197,SNS,2011-2015,outgoing
https://ror.org/049nnjd96,GlaxoSmithKline (Spain),ES,Spain,1,SNS,2011-2015,outgoing
https://ror.org/049peqw80,San Francisco VA Medical Center,US,United States,4,SNS,2011-2015,outgoing
https://ror.org/049pfb863,Kent State University,US,United States,134,SNS,2011-2015,outgoing
https://ror.org/049qtwc86,Jesse Brown VA Medical Center,US,United States,3,SNS,2011-2015,outgoing
https://ror.org/049r1ts75,J. Craig Venter Institute,US,United States,6,SNS,2011-2015,outgoing
https://ror.org/049rrx986,Universidade Estadual do Paraná,BR,Brazil,9,SNS,2011-2015,outgoing
https://ror.org/049s0rh22,Dartmouth College,US,United States,183,SNS,2011-2015,outgoing
https://ror.org/049tgcd06,Indian Institute of Technology Delhi,IN,India,5,SNS,2011-2015,outgoing
https://ror.org/049tv2d57,Southern University of Science and Technology,CN,China,28,SNS,2011-2015,outgoing
https://ror.org/049v69k10,Rowan University,US,United States,2,SNS,2011-2015,outgoing
https://ror.org/049v75w11,National Institute on Aging,US,United States,93,SNS,2011-2015,outgoing
https://ror.org/049xfwy04,Rhodes College,US,United States,45,SNS,2011-2015,outgoing
https://ror.org/049ygtv97,Landstinget Dalarna,SE,Sweden,3,SNS,2011-2015,outgoing
https://ror.org/049ztct72,Medical University Pleven,BG,Bulgaria,1,SNS,2011-2015,outgoing
https://ror.org/04a0bad71,"Institute of Solid State Physics, UL",LV,Latvia,2,SNS,2011-2015,outgoing
https://ror.org/04a0dbe36,Fundación Universitaria San Pablo CEU,ES,Spain,6,SNS,2011-2015,outgoing
https://ror.org/04a0gnr15,Alacris (Germany),DE,Germany,2,SNS,2011-2015,outgoing
https://ror.org/04a0y3b96,Material Measurement Laboratory,US,United States,5,SNS,2011-2015,outgoing
https://ror.org/04a1a1e81,Dublin City University,IE,Ireland,26,SNS,2011-2015,outgoing
https://ror.org/04a1mvv97,Norwegian University of Life Sciences,NO,Norway,9,SNS,2011-2015,outgoing
https://ror.org/04a3akw68,Airbus (Germany),DE,Germany,1,SNS,2011-2015,outgoing
https://ror.org/04a3njz22,University Dermatology,US,United States,1,SNS,2011-2015,outgoing
https://ror.org/04a3nrb88,Institute of Energy Problems of Chemical Physics,RU,Russia,1,SNS,2011-2015,outgoing
https://ror.org/04a46mh28,Shanghai First People's Hospital,CN,China,1,SNS,2011-2015,outgoing
https://ror.org/04a5hr295,Complejo Hospitalario Universitario de Albacete,ES,Spain,2,SNS,2011-2015,outgoing
https://ror.org/04a5szx83,University of North Dakota,US,United States,4,SNS,2011-2015,outgoing
https://ror.org/04a7gbp98,British Geological Survey,GB,United Kingdom,1,SNS,2011-2015,outgoing
https://ror.org/04a7rxb17,University of Hyderabad,IN,India,8,SNS,2011-2015,outgoing
https://ror.org/04a7xee56,Institute of Neuroinformatics,CH,Switzerland,1,SNS,2011-2015,outgoing
https://ror.org/04a8t1e98,Osaka Gakuin University,JP,Japan,9,SNS,2011-2015,outgoing
https://ror.org/04a97mm30,Kafrelsheikh University,EG,Egypt,4,SNS,2011-2015,outgoing
https://ror.org/04a9tmd77,Icahn School of Medicine at Mount Sinai,US,United States,72,SNS,2011-2015,outgoing
https://ror.org/04aaa2n62,Andrews University,US,United States,3,SNS,2011-2015,outgoing
https://ror.org/04aah1z61,Norwegian Institute of Bioeconomy Research,NO,Norway,1,SNS,2011-2015,outgoing
https://ror.org/04abpa862,Holst Centre (Netherlands),NL,The Netherlands,1,SNS,2011-2015,outgoing
https://ror.org/04afed728,Laboratoire d'Informatique de l'École Polytechnique,FR,France,3,SNS,2011-2015,outgoing
https://ror.org/04agmb972,Georgia Southern University,US,United States,8,SNS,2011-2015,outgoing
https://ror.org/04agqs597,Institut Européen de Chimie et Biologie,FR,France,3,SNS,2011-2015,outgoing
https://ror.org/04ahnxd67,St. Claraspital,CH,Switzerland,1,SNS,2011-2015,outgoing
https://ror.org/04aj4sh46,Brookings Institution,US,United States,1,SNS,2011-2015,outgoing
https://ror.org/04ajwkn20,Gangnam Severance Hospital,KR,South Korea,1,SNS,2011-2015,outgoing
https://ror.org/04akaak77,Technical Institute of Physics and Chemistry,CN,China,7,SNS,2011-2015,outgoing
https://ror.org/04am5a125,Mount Vernon Hospital,GB,United Kingdom,28,SNS,2011-2015,outgoing
https://ror.org/04andmq85,Institut National de Recherches Archéologiques Préventives,FR,France,1,SNS,2011-2015,outgoing
https://ror.org/04anq5q02,Danish Multiple Sclerosis Center,DK,Denmark,1,SNS,2011-2015,outgoing
https://ror.org/04ap5x931,Division of Physics,US,United States,107,SNS,2011-2015,outgoing
https://ror.org/04apff558,Universidad Benavente,MX,Mexico,1,SNS,2011-2015,outgoing
https://ror.org/04aqg9s78,Beiersdorf (Germany),DE,Germany,12,SNS,2011-2015,outgoing
https://ror.org/04aqjf708,New York State Psychiatric Institute,US,United States,10,SNS,2011-2015,outgoing
https://ror.org/04aqtsh50,Centre Clermont-Auvergne-Rhône-Alpes,FR,France,3,SNS,2011-2015,outgoing
https://ror.org/04arkmn57,University of Defence,CZ,Czechia,1,SNS,2011-2015,outgoing
https://ror.org/04as3rk94,Grenoble Institute of Neurosciences,FR,France,8,SNS,2011-2015,outgoing
https://ror.org/04asdee31,Université Marie et Louis Pasteur,FR,France,82,SNS,2011-2015,outgoing
https://ror.org/04asyj427,National Defence Medical Centre,CA,Canada,3,SNS,2011-2015,outgoing
https://ror.org/04atb9h07,Amsterdam Movement Sciences,NL,The Netherlands,2,SNS,2011-2015,outgoing
https://ror.org/04atsbb87,Florida Institute of Technology,US,United States,2188,SNS,2011-2015,outgoing
https://ror.org/04aty2659,Moscow State University of Fine Chemical Technologies,RU,Russia,28,SNS,2011-2015,outgoing
https://ror.org/04avk7z79,Sacred Heart Hospital,IE,Ireland,1,SNS,2011-2015,outgoing
https://ror.org/04avkmd49,Williams College,US,United States,5,SNS,2011-2015,outgoing
https://ror.org/04axnyp10,Samsung Advanced Institute of Technology (South Korea),KR,South Korea,20,SNS,2011-2015,outgoing
https://ror.org/04ayaw261,Australian Centre for Advanced Photovoltaics,AU,Australia,3,SNS,2011-2015,outgoing
https://ror.org/04azbjn80,Guangdong University of Technology,CN,China,2,SNS,2011-2015,outgoing
https://ror.org/04b05q786,KineMed (United States),US,United States,1,SNS,2011-2015,outgoing
https://ror.org/04b08hq31,Instituto Gulbenkian de Ciência,PT,Portugal,6,SNS,2011-2015,outgoing
https://ror.org/04b0z7q78,Institut des Sciences Humaines et Sociales,FR,France,137,SNS,2011-2015,outgoing
https://ror.org/04b12nt82,PNSensor (Germany),DE,Germany,1,SNS,2011-2015,outgoing
https://ror.org/04b181w54,VTT Technical Research Centre of Finland,FI,Finland,82,SNS,2011-2015,outgoing
https://ror.org/04b1np478,"National Institute of Technology, Niihama College",JP,Japan,7,SNS,2011-2015,outgoing
https://ror.org/04b2dty93,"Merck KGaA, Darmstadt (Germany)",DE,Germany,2,SNS,2011-2015,outgoing
https://ror.org/04b69g067,Walailak University,TH,Thailand,1,SNS,2011-2015,outgoing
https://ror.org/04b6nzv94,Brigham and Women's Hospital,US,United States,28,SNS,2011-2015,outgoing
https://ror.org/04b6x2g63,Loyola University Chicago,US,United States,11,SNS,2011-2015,outgoing
https://ror.org/04b7xxn32,United States Social Security Administration,US,United States,1,SNS,2011-2015,outgoing
https://ror.org/04b85d432,Universitäts-HNO-Klinik Heidelberg,DE,Germany,34,SNS,2011-2015,outgoing
https://ror.org/04b8v1s79,Tilburg University,NL,The Netherlands,23,SNS,2011-2015,outgoing
https://ror.org/04b8zcj45,Roche (Spain),ES,Spain,1,SNS,2011-2015,outgoing
https://ror.org/04b9q5f39,Laboratoire de Spectrométrie Ionique et Moléculaire,FR,France,8,SNS,2011-2015,outgoing
https://ror.org/04bcdt432,Universidade Europeia,PT,Portugal,1,SNS,2011-2015,outgoing
https://ror.org/04bckew43,Hôpitaux Universitaires de Strasbourg,FR,France,5,SNS,2011-2015,outgoing
https://ror.org/04bct7p84,Duke University Hospital,US,United States,53,SNS,2011-2015,outgoing
https://ror.org/04bcwdq54,State Key Laboratory of Biology of Plant Diseases and Insect Pests,CN,China,1,SNS,2011-2015,outgoing
https://ror.org/04bdffz58,Drexel University,US,United States,195,SNS,2011-2015,outgoing
https://ror.org/04bdnn252,Sussex County Community College,US,United States,7,SNS,2011-2015,outgoing
https://ror.org/04bgfm609,Stowers Institute for Medical Research,US,United States,13,SNS,2011-2015,outgoing
https://ror.org/04bgneb83,Breast Cancer Help,US,United States,11,SNS,2011-2015,outgoing
https://ror.org/04bj28v14,Loma Linda University,US,United States,7,SNS,2011-2015,outgoing
https://ror.org/04bk7v425,Mercer University,US,United States,2,SNS,2011-2015,outgoing
https://ror.org/04bkad313,Autism Speaks,US,United States,1,SNS,2011-2015,outgoing
https://ror.org/04bpn6s66,Beijing Municipal Education Commission,CN,China,1,SNS,2011-2015,outgoing
https://ror.org/04bqfk210,Geisinger Commonwealth School of Medicine,US,United States,1,SNS,2011-2015,outgoing
https://ror.org/04bqkh239,Zagreb School of Economics and Management,HR,Croatia,2,SNS,2011-2015,outgoing
https://ror.org/04bqqa360,Universidade Estadual de Maringá,BR,Brazil,2,SNS,2011-2015,outgoing
https://ror.org/04bqs3e84,Health and Environmental Sciences Institute,US,United States,1,SNS,2011-2015,outgoing
https://ror.org/04bs1pb34,Hamburg University of Technology,DE,Germany,7,SNS,2011-2015,outgoing
https://ror.org/04bspkv73,Zhejiang Gongshang University Hangzhou College of Commerce,CN,China,5,SNS,2011-2015,outgoing
https://ror.org/04bswr545,"Hospital of Stomatology, Sun Yat-sen University",CN,China,2,SNS,2011-2015,outgoing
https://ror.org/04bthcb08,La Roche College,US,United States,1,SNS,2011-2015,outgoing
https://ror.org/04btxg914,Bioinformatics Institute,RU,Russia,2,SNS,2011-2015,outgoing
https://ror.org/04bwf3e34,Deutsches Zentrum für Luft- und Raumfahrt e. V. (DLR),DE,Germany,83,SNS,2011-2015,outgoing
https://ror.org/04bxa3v83,Shiraz University of Technology,IR,Iran,2,SNS,2011-2015,outgoing
https://ror.org/04bxjes65,Resnick Sustainability Institute,US,United States,1,SNS,2011-2015,outgoing
https://ror.org/04bya8j72,Center for Experimental and Clinical Infection Research,DE,Germany,1,SNS,2011-2015,outgoing
https://ror.org/04byxyr05,Eunice Kennedy Shriver National Institute of Child Health and Human Development,US,United States,32,SNS,2011-2015,outgoing
https://ror.org/04c07bj87,Institute of Mental Health,SG,Singapore,1,SNS,2011-2015,outgoing
https://ror.org/04c3cgg32,Liaoning Normal University,CN,China,3,SNS,2011-2015,outgoing
https://ror.org/04c3j3t84,National Engineering Research Center for Information Technology in Agriculture,CN,China,1,SNS,2011-2015,outgoing
https://ror.org/04c3yce28,Centre Hospitalier Le Vinatier,FR,France,2,SNS,2011-2015,outgoing
https://ror.org/04c3ymz82,Faculdade de Tecnologia e Ciências,BR,Brazil,1,SNS,2011-2015,outgoing
https://ror.org/04c4bm785,CGIAR,FR,France,6,SNS,2011-2015,outgoing
https://ror.org/04c4bwh63,Cologne Excellence Cluster on Cellular Stress Responses in Aging Associated Diseases,DE,Germany,11,SNS,2011-2015,outgoing
https://ror.org/04c4dkn09,University of Science and Technology of China,CN,China,2767,SNS,2011-2015,outgoing
https://ror.org/04c5jwj47,Collegium Medicum in Bydgoszcz,PL,Poland,3,SNS,2011-2015,outgoing
https://ror.org/04c6bry31,St. James's Hospital,IE,Ireland,13,SNS,2011-2015,outgoing
https://ror.org/04c8bjx39,Oxford Health NHS Foundation Trust,GB,United Kingdom,3,SNS,2011-2015,outgoing
https://ror.org/04c8e9019,Madurai Kamaraj University,IN,India,2,SNS,2011-2015,outgoing
https://ror.org/04c8eg608,Dalian Medical University,CN,China,3,SNS,2011-2015,outgoing
https://ror.org/04c91wj10,Seattle Institute for Biomedical and Clinical Research,US,United States,6,SNS,2011-2015,outgoing
https://ror.org/04cadha73,Instituto Geológico y Minero de España,ES,Spain,1,SNS,2011-2015,outgoing
https://ror.org/04caj7738,State Key Laboratory of Molecular Developmental Biology,CN,China,2,SNS,2011-2015,outgoing
https://ror.org/04ccqwj03,Mitsubishi Electric (Germany),DE,Germany,1,SNS,2011-2015,outgoing
https://ror.org/04cd75h10,Iwate University,JP,Japan,4,SNS,2011-2015,outgoing
https://ror.org/04cdgtt98,German Cancer Research Center,DE,Germany,71,SNS,2011-2015,outgoing
https://ror.org/04cdk4t75,Centre Hospitalier Universitaire de Rouen,FR,France,4,SNS,2011-2015,outgoing
https://ror.org/04cdn2797,Banaras Hindu University,IN,India,79,SNS,2011-2015,outgoing
https://ror.org/04cg70g73,Atmospheric and Environmental Research,US,United States,1,SNS,2011-2015,outgoing
https://ror.org/04cgmbd24,Pharos University in Alexandria,EG,Egypt,1,SNS,2011-2015,outgoing
https://ror.org/04chrp450,Nagoya University,JP,Japan,2114,SNS,2011-2015,outgoing
https://ror.org/04chzd762,National University of Tucumán,AR,Argentina,2,SNS,2011-2015,outgoing
https://ror.org/04ckqgs57,Kenyon College,US,United States,1,SNS,2011-2015,outgoing
https://ror.org/04cm2y595,Toronto General Hospital Research Institute,CA,Canada,3,SNS,2011-2015,outgoing
https://ror.org/04cntmc13,London North West Healthcare NHS Trust,GB,United Kingdom,2,SNS,2011-2015,outgoing
https://ror.org/04cpxjv19,McGill University Health Centre,CA,Canada,8,SNS,2011-2015,outgoing
https://ror.org/04cqn7d42,University of Colorado Cancer Center,US,United States,12,SNS,2011-2015,outgoing
https://ror.org/04cqs5j56,Southern Illinois University Edwardsville,US,United States,1,SNS,2011-2015,outgoing
https://ror.org/04cqyfy93,Korea Institute of Marine Science and Technology Promotion,KR,South Korea,5,SNS,2011-2015,outgoing
https://ror.org/04cr1bk24,NASA Planetary Science,US,United States,13,SNS,2011-2015,outgoing
https://ror.org/04crh2b66,Institut des Matériaux,FR,France,6,SNS,2011-2015,outgoing
https://ror.org/04ct4d772,Southeast University,CN,China,79,SNS,2011-2015,outgoing
https://ror.org/04ct9as78,Jinzhou Kangning Hospital,CN,China,1,SNS,2011-2015,outgoing
https://ror.org/04cv8g472,Systems Technology (United States),US,United States,12,SNS,2011-2015,outgoing
https://ror.org/04cvxnb49,Goethe University Frankfurt,DE,Germany,499,SNS,2011-2015,outgoing
https://ror.org/04cw6st05,University of London,GB,United Kingdom,1416,SNS,2011-2015,outgoing
https://ror.org/04cwrbc27,Hospital Israelita Albert Einstein,BR,Brazil,2,SNS,2011-2015,outgoing
https://ror.org/04cxm4j25,Australian Catholic University,AU,Australia,33,SNS,2011-2015,outgoing
https://ror.org/04cxs7048,Hospital Universitario de Valme,ES,Spain,1,SNS,2011-2015,outgoing
https://ror.org/04cxsn644,"Délégation Nord, Pas-de-Calais et Picardie",FR,France,3,SNS,2011-2015,outgoing
https://ror.org/04cybtr86,Iwate Medical University,JP,Japan,2,SNS,2011-2015,outgoing
https://ror.org/04d0xx942,Ministry of Education,BR,Brazil,1,SNS,2011-2015,outgoing
https://ror.org/04d0ybj29,Hospital Clínico San Carlos,ES,Spain,2,SNS,2011-2015,outgoing
https://ror.org/04d139241,Tokai National Higher Education and Research System,JP,Japan,2119,SNS,2011-2015,outgoing
https://ror.org/04d1tk502,Agricultural Research Service - Midwest Area,US,United States,2,SNS,2011-2015,outgoing
https://ror.org/04d23a975,United States Naval Research Laboratory,US,United States,261,SNS,2011-2015,outgoing
https://ror.org/04d3djg48,Qualcomm (United Kingdom),GB,United Kingdom,1,SNS,2011-2015,outgoing
https://ror.org/04d4d3c02,University of Peloponnese,GR,Greece,1,SNS,2011-2015,outgoing
https://ror.org/04d4sd432,University of Sfax,TN,Tunisia,4,SNS,2011-2015,outgoing
https://ror.org/04d5mb615,University of Nebraska at Kearney,US,United States,2515,SNS,2011-2015,outgoing
https://ror.org/04d5w7479,Aurora Health Care,US,United States,1,SNS,2011-2015,outgoing
https://ror.org/04d70nb60,Centre de recherche Translationnelle en Médecine moléculaire,FR,France,1,SNS,2011-2015,outgoing
https://ror.org/04d7e4m76,I-Shou University,TW,Taiwan,3,SNS,2011-2015,outgoing
https://ror.org/04d7es448,Ospedale Policlinico San Martino,IT,Italy,8,SNS,2011-2015,outgoing
https://ror.org/04d836q62,TU Wien,AT,Austria,1023,SNS,2011-2015,outgoing
https://ror.org/04d87y574,Sydney Children’s Hospitals Network,AU,Australia,2,SNS,2011-2015,outgoing
https://ror.org/04d996474,Southwest University of Science and Technology,CN,China,1,SNS,2011-2015,outgoing
https://ror.org/04dab1g54,SAGA Light Source,JP,Japan,1,SNS,2011-2015,outgoing
https://ror.org/04dabmn58,Monterey Institute for Research in Astronomy,US,United States,1,SNS,2011-2015,outgoing
https://ror.org/04dawnj30,University of North Carolina at Charlotte,US,United States,18,SNS,2011-2015,outgoing
https://ror.org/04db3be62,Laboratoire de Chimie Organique,FR,France,1,SNS,2011-2015,outgoing
https://ror.org/04dbch786,Yandex (Russia),RU,Russia,2,SNS,2011-2015,outgoing
https://ror.org/04dbzz632,Institut Néel,FR,France,127,SNS,2011-2015,outgoing
https://ror.org/04dcc3438,Centre de Calcul de l’Institut National de Physique Nucléaire et de Physique des Particules,FR,France,3848,SNS,2011-2015,outgoing
https://ror.org/04dcvdp86,Cray (United States),US,United States,4,SNS,2011-2015,outgoing
https://ror.org/04dese585,Indian Institute of Science Bangalore,IN,India,133,SNS,2011-2015,outgoing
https://ror.org/04dfr7a85,University of Pamplona,CO,Colombia,4,SNS,2011-2015,outgoing
https://ror.org/04dfrdm61,Unitelma Sapienza University,IT,Italy,4,SNS,2011-2015,outgoing
https://ror.org/04dgb8y52,Instituto de Investigación en Ciencias de la Alimentación,ES,Spain,3,SNS,2011-2015,outgoing
https://ror.org/04dh2y609,School of the Art Institute of Chicago,US,United States,56,SNS,2011-2015,outgoing
https://ror.org/04dhg0348,Heidelberg Repatriation Hospital,AU,Australia,1,SNS,2011-2015,outgoing
https://ror.org/04djymq25,Kamioka Observatory,JP,Japan,20,SNS,2011-2015,outgoing
https://ror.org/04dkns738,Procter & Gamble (United States),US,United States,3,SNS,2011-2015,outgoing
https://ror.org/04dkp9463,University of Amsterdam,NL,The Netherlands,4144,SNS,2011-2015,outgoing
https://ror.org/04dmgsx60,Center for Neuroscience and Regenerative Medicine,US,United States,8,SNS,2011-2015,outgoing
https://ror.org/04dmnxh66,CTBC Business School,TW,Taiwan,1,SNS,2011-2015,outgoing
https://ror.org/04dn2ax39,State Key Laboratory of Oncology in South China,CN,China,3,SNS,2011-2015,outgoing
https://ror.org/04dndfk38,University of Bío-Bío,CL,Chile,1,SNS,2011-2015,outgoing
https://ror.org/04dp7tp96,Motilal Nehru National Institute of Technology,IN,India,1,SNS,2011-2015,outgoing
https://ror.org/04dpa3g90,Yunnan Agricultural University,CN,China,1,SNS,2011-2015,outgoing
https://ror.org/04dpm2z73,Institut Pasteur de Montevideo,UY,Uruguay,2,SNS,2011-2015,outgoing
https://ror.org/04dpymk59,National Agricultural Statistics Service,US,United States,1,SNS,2011-2015,outgoing
https://ror.org/04dq56617,Max Planck Institute of Psychiatry,DE,Germany,14,SNS,2011-2015,outgoing
https://ror.org/04drvxt59,Beth Israel Deaconess Medical Center,US,United States,47,SNS,2011-2015,outgoing
https://ror.org/04ds0jm32,National Institute of Technology Durgapur,IN,India,1,SNS,2011-2015,outgoing
https://ror.org/04dt46w81,University of Evansville,US,United States,20,SNS,2011-2015,outgoing
https://ror.org/04dt6bw53,Tokyo City University,JP,Japan,4,SNS,2011-2015,outgoing
https://ror.org/04dtfyh05,Peninsula College of Medicine and Dentistry,GB,United Kingdom,2,SNS,2011-2015,outgoing
https://ror.org/04dv3aq25,International Iberian Nanotechnology Laboratory,PT,Portugal,4,SNS,2011-2015,outgoing
https://ror.org/04dx54y73,Peace Research Institute Oslo,NO,Norway,1,SNS,2011-2015,outgoing
https://ror.org/04dx82x73,Nanning Normal University,CN,China,13,SNS,2011-2015,outgoing
https://ror.org/04dxbz091,Constellation Pharmaceuticals (United States),US,United States,1,SNS,2011-2015,outgoing
https://ror.org/04dxgvn87,Istituto Mediterraneo per i Trapianti e Terapie ad Alta Specializzazione,IT,Italy,1,SNS,2011-2015,outgoing
https://ror.org/04dxnaz06,Key Laboratory of Zoological Systematics and Evolution,CN,China,1,SNS,2011-2015,outgoing
https://ror.org/04dyeh227,Bordeaux Imaging Center,FR,France,1,SNS,2011-2015,outgoing
https://ror.org/04dzdm737,deCODE Genetics (Iceland),IS,Iceland,8,SNS,2011-2015,outgoing
https://ror.org/04dzvks42,XinHua Hospital,CN,China,4,SNS,2011-2015,outgoing
https://ror.org/04e1w6923,Hôpital d'Hautepierre,FR,France,1,SNS,2011-2015,outgoing
https://ror.org/04e209f39,Loewe Center for Synthetic Microbiology,DE,Germany,1,SNS,2011-2015,outgoing
https://ror.org/04e2ah412,University of Atlanta,US,United States,6,SNS,2011-2015,outgoing
https://ror.org/04e2h0037,QUANTIC: QUANTum Information Circuits,FR,France,5,SNS,2011-2015,outgoing
https://ror.org/04e3ktk27,Laboratoire de Recherche en Informatique,FR,France,5,SNS,2011-2015,outgoing
https://ror.org/04e4qaj02,Central Maine Community College,US,United States,1,SNS,2011-2015,outgoing
https://ror.org/04e698d63,Ministry of Water Resources of the People's Republic of China,CN,China,3,SNS,2011-2015,outgoing
https://ror.org/04e6y1282,Harbin University of Science and Technology,CN,China,1,SNS,2011-2015,outgoing
https://ror.org/04e874t64,Einaudi Institute for Economics and Finance,IT,Italy,1,SNS,2011-2015,outgoing
https://ror.org/04e90ca47,Faculty of Electrical Engineering and Computing in Zagreb,HR,Croatia,1,SNS,2011-2015,outgoing
https://ror.org/04e9czp26,Mimar Sinan Güzel Sanatlar Üniversitesi,TR,Turkey,190,SNS,2011-2015,outgoing
https://ror.org/04ea70f07,Instituto Politécnico de Lisboa,PT,Portugal,70,SNS,2011-2015,outgoing
https://ror.org/04eaec870,Acuitas Therapeutics (Canada),CA,Canada,1,SNS,2011-2015,outgoing
https://ror.org/04ebbpp93,Istituto Sperimentale Italiano Lazzaro Spallanzani,IT,Italy,2,SNS,2011-2015,outgoing
https://ror.org/04ebzxq58,Centro de Investigaciones Cardiovasculares,AR,Argentina,1,SNS,2011-2015,outgoing
https://ror.org/04ecxrz19,Japan Chemical Analysis Center,JP,Japan,1,SNS,2011-2015,outgoing
https://ror.org/04ed7fw48,Université de Bretagne Sud,FR,France,11,SNS,2011-2015,outgoing
https://ror.org/04ef65y11,"Institut de Chimie Moléculaire de Paris : organique, inorganique et biologique",FR,France,1,SNS,2011-2015,outgoing
https://ror.org/04efg9a07,Sidi Mohamed Ben Abdellah University,MA,Morocco,2,SNS,2011-2015,outgoing
https://ror.org/04eg5s337,Mediterranean Universities Union,IT,Italy,2,SNS,2011-2015,outgoing
https://ror.org/04egehb02,European Corporate Governance Institute,BE,Belgium,4,SNS,2011-2015,outgoing
https://ror.org/04ehecz88,University of Pittsburgh Medical Center,US,United States,22,SNS,2011-2015,outgoing
https://ror.org/04ehykb85,Institute of Biomedical Technologies,IT,Italy,43,SNS,2011-2015,outgoing
https://ror.org/04ejdtr48,"Institute of Bioorganic Chemistry, Polish Academy of Sciences",PL,Poland,1,SNS,2011-2015,outgoing
https://ror.org/04em18c81,NOVA SBE Venture Lab,PT,Portugal,7,SNS,2011-2015,outgoing
https://ror.org/04em2sh18,State Key Laboratory of Marine Environmental Science,CN,China,1,SNS,2011-2015,outgoing
https://ror.org/04em8c151,Irrua Specialist Teaching Hospital,NG,Nigeria,5,SNS,2011-2015,outgoing
https://ror.org/04en4ww09,Institute for Behavioral Medicine,US,United States,4,SNS,2011-2015,outgoing
https://ror.org/04enqja79,Andalusian Centre for Nanomedicine and Biotechnology,ES,Spain,1,SNS,2011-2015,outgoing
https://ror.org/04eq83d71,Henan Agricultural University,CN,China,1,SNS,2011-2015,outgoing
https://ror.org/04eqvyq94,Jashore University of Science and Technology,BD,Bangladesh,1,SNS,2011-2015,outgoing
https://ror.org/04er32z07,Rockefeller University Press,US,United States,52,SNS,2011-2015,outgoing
https://ror.org/04ers2y35,University of Bremen,DE,Germany,38,SNS,2011-2015,outgoing
https://ror.org/04esvpn06,Virginia State University,US,United States,2,SNS,2011-2015,outgoing
https://ror.org/04esx4891,Dorset HealthCare University NHS Foundation Trust,GB,United Kingdom,6,SNS,2011-2015,outgoing
https://ror.org/04etcj997,Inter-University Centre for Astronomy and Astrophysics,IN,India,307,SNS,2011-2015,outgoing
https://ror.org/04ett5b41,Laboratoire Jean Kuntzmann,FR,France,6,SNS,2011-2015,outgoing
https://ror.org/04ev03g22,Science for Life Laboratory,SE,Sweden,101,SNS,2011-2015,outgoing
https://ror.org/04ew43640,Center for Excellence in Molecular Plant Sciences,CN,China,6,SNS,2011-2015,outgoing
https://ror.org/04ews3245,Deutsches Diabetes-Zentrum e.V.,DE,Germany,6,SNS,2011-2015,outgoing
https://ror.org/04ex24z53,Collège de France,FR,France,404,SNS,2011-2015,outgoing
https://ror.org/04exd0a76,Jinggangshan University,CN,China,1,SNS,2011-2015,outgoing
https://ror.org/04exg7985,Instituto de Fomento Pesquero,CL,Chile,1,SNS,2011-2015,outgoing
https://ror.org/04eyc6d95,Universidad de Antofagasta,CL,Chile,3,SNS,2011-2015,outgoing
https://ror.org/04eymdx19,Hebei Medical University,CN,China,5,SNS,2011-2015,outgoing
https://ror.org/04ez3r306,Wuhan Engineering Science & Technology Institute,CN,China,2,SNS,2011-2015,outgoing
https://ror.org/04ezg6d83,Toyohashi University of Technology,JP,Japan,2,SNS,2011-2015,outgoing
https://ror.org/04ezk3x31,Université Toulouse - Jean Jaurès,FR,France,43,SNS,2011-2015,outgoing
https://ror.org/04f0qj703,Robert Gordon University,GB,United Kingdom,5,SNS,2011-2015,outgoing
https://ror.org/04f0ydx59,Bioengineering Center,RU,Russia,1,SNS,2011-2015,outgoing
https://ror.org/04f2nsd36,Lancaster University,GB,United Kingdom,2487,SNS,2011-2015,outgoing
https://ror.org/04f2zcj37,PoliMaT Centre of Excellence (Slovenia),SI,Slovenia,1,SNS,2011-2015,outgoing
https://ror.org/04f41cb79,Hubei University of Education,CN,China,3,SNS,2011-2015,outgoing
https://ror.org/04f49ff35,National Center for Nanoscience and Technology,CN,China,27,SNS,2011-2015,outgoing
https://ror.org/04f4syj68,Polo Universitario Città di Prato,IT,Italy,3,SNS,2011-2015,outgoing
https://ror.org/04f4wg107,Saga University,JP,Japan,58,SNS,2011-2015,outgoing
https://ror.org/04f6hmf16,COMUE Languedoc-Roussillon Universités,FR,France,1,SNS,2011-2015,outgoing
https://ror.org/04f761z39,Instituto Superior da Maia,PT,Portugal,1,SNS,2011-2015,outgoing
https://ror.org/04f7h3b65,University of San Andrés,AR,Argentina,2,SNS,2011-2015,outgoing
https://ror.org/04f7pyb58,Hospital Universitari Sant Joan de Reus,ES,Spain,1,SNS,2011-2015,outgoing
https://ror.org/04f81fm77,Sivas Cumhuriyet Üniversitesi,TR,Turkey,2,SNS,2011-2015,outgoing
https://ror.org/04f86t017,Hospital de Especialidades,MX,Mexico,1,SNS,2011-2015,outgoing
https://ror.org/04f8k9513,National Heart Centre Singapore,SG,Singapore,1,SNS,2011-2015,outgoing
https://ror.org/04fab7w85,Centro de Estudos Sociais,PT,Portugal,2,SNS,2011-2015,outgoing
https://ror.org/04facnr46,"EU Business School, Geneva",CH,Switzerland,1,SNS,2011-2015,outgoing
https://ror.org/04fbh1w34,Gombe State University,NG,Nigeria,2,SNS,2011-2015,outgoing
https://ror.org/04fbnx371,West Virginia University Hospitals,US,United States,1,SNS,2011-2015,outgoing
https://ror.org/04fc8dp24,Génétique Médicale & Génomique Fonctionelle,FR,France,2,SNS,2011-2015,outgoing
https://ror.org/04fceqm38,Macalester College,US,United States,24,SNS,2011-2015,outgoing
https://ror.org/04fe46645,University Hospital in Halle,DE,Germany,4,SNS,2011-2015,outgoing
https://ror.org/04fe7hy80,Xuzhou Medical College,CN,China,1,SNS,2011-2015,outgoing
https://ror.org/04fegvg32,Rosalind Franklin University of Medicine and Science,US,United States,6,SNS,2011-2015,outgoing
https://ror.org/04fg7fb49,Institute of Cell Biology,UA,Ukraine,10,SNS,2011-2015,outgoing
https://ror.org/04fgpet95,University Hospital of Wales,GB,United Kingdom,4,SNS,2011-2015,outgoing
https://ror.org/04fhee747,National Institute of Immunology,IN,India,1,SNS,2011-2015,outgoing
https://ror.org/04fhrs205,Centre de recherche cerveau et cognition,FR,France,1,SNS,2011-2015,outgoing
https://ror.org/04fht8c22,Bharathiar University,IN,India,3,SNS,2011-2015,outgoing
https://ror.org/04fhvpc68,Département de Pharmacochimie Moléculaire,FR,France,1,SNS,2011-2015,outgoing
https://ror.org/04fhwda97,Centre for Structural Systems Biology,DE,Germany,1,SNS,2011-2015,outgoing
https://ror.org/04fhxp168,VA Healthcare-VISN 4,US,United States,1,SNS,2011-2015,outgoing
https://ror.org/04fkqna53,University of Maryland Medical System,US,United States,4,SNS,2011-2015,outgoing
https://ror.org/04fktme39,Cleveland University,US,United States,2,SNS,2011-2015,outgoing
https://ror.org/04fkwzm96,Donostiako Unibertsitate Ospitalea,ES,Spain,1,SNS,2011-2015,outgoing
https://ror.org/04fm87419,Carol Davila University of Medicine and Pharmacy,RO,Romania,3,SNS,2011-2015,outgoing
https://ror.org/04fme8709,Center for Free-Electron Laser Science,DE,Germany,25,SNS,2011-2015,outgoing
https://ror.org/04fnmyb71,"Istituto Nazionale di Fisica Nucleare, Gruppo Collegato di Parma",IT,Italy,31,SNS,2011-2015,outgoing
https://ror.org/04fnrxr62,Haverford College,US,United States,134,SNS,2011-2015,outgoing
https://ror.org/04fnxsj42,University of North Carolina at Greensboro,US,United States,303,SNS,2011-2015,outgoing
https://ror.org/04fp4ps48,Franklin & Marshall College,US,United States,5,SNS,2011-2015,outgoing
https://ror.org/04fp78s33,Hunter Holmes McGuire VA Medical Center,US,United States,2,SNS,2011-2015,outgoing
https://ror.org/04fq9j139,Max Planck Institute for Intelligent Systems,DE,Germany,8,SNS,2011-2015,outgoing
https://ror.org/04fqe9p30,San Diego Zoo Institute for Conservation Research,US,United States,1,SNS,2011-2015,outgoing
https://ror.org/04frcff47,Malaysia University of Science and Technology,MY,Malaysia,1,SNS,2011-2015,outgoing
https://ror.org/04frzv033,Institute of Medical Biology,SG,Singapore,2,SNS,2011-2015,outgoing
https://ror.org/04fttyv97,University of Arkansas at Little Rock,US,United States,10,SNS,2011-2015,outgoing
https://ror.org/04fves619,Forest Institute,US,United States,3,SNS,2011-2015,outgoing
https://ror.org/04fw0fr46,The Kinghorn Cancer Centre,AU,Australia,4,SNS,2011-2015,outgoing
https://ror.org/04fw54a43,Indian Council of Agricultural Research,IN,India,140,SNS,2011-2015,outgoing
https://ror.org/04fxknd68,Daegu Catholic University,KR,South Korea,2,SNS,2011-2015,outgoing
https://ror.org/04fy20a51,Institut de Recherches sur la Catalyse et l'Environnement de Lyon,FR,France,21,SNS,2011-2015,outgoing
https://ror.org/04fzbxp95,Defence Institute of Physiology and Allied Sciences,IN,India,1,SNS,2011-2015,outgoing
https://ror.org/04fzm7v55,University of Zielona Góra,PL,Poland,116,SNS,2011-2015,outgoing
https://ror.org/04fzwnh64,Northwestern Medicine,US,United States,5,SNS,2011-2015,outgoing
https://ror.org/04g0t2d47,Western Eye Hospital,GB,United Kingdom,2,SNS,2011-2015,outgoing
https://ror.org/04g1hjn96,Laboratoire de Mathématiques Jean Leray,FR,France,1,SNS,2011-2015,outgoing
https://ror.org/04g26vc28,Institut de Chimie Moléculaire de Grenoble,FR,France,1,SNS,2011-2015,outgoing
https://ror.org/04g2pxh42,Korea Astronomy and Space Science Institute,KR,South Korea,62,SNS,2011-2015,outgoing
https://ror.org/04g2rbh88,Analytical Services,US,United States,1,SNS,2011-2015,outgoing
https://ror.org/04g2swc55,University of Iowa Hospitals and Clinics,US,United States,4,SNS,2011-2015,outgoing
https://ror.org/04g2vpn86,Royal Holloway University of London,GB,United Kingdom,2564,SNS,2011-2015,outgoing
https://ror.org/04g3dn724,Massachusetts Eye and Ear Infirmary,US,United States,5,SNS,2011-2015,outgoing
https://ror.org/04g3hr176,Kingdom University,BH,Bahrain,157,SNS,2011-2015,outgoing
https://ror.org/04g3mbv81,European Graduate School,CH,Switzerland,1,SNS,2011-2015,outgoing
https://ror.org/04g3scy39,Government of South Australia,AU,Australia,4,SNS,2011-2015,outgoing
https://ror.org/04g4rsk10,Petromat,TH,Thailand,1,SNS,2011-2015,outgoing
https://ror.org/04g6bbq64,Adam Mickiewicz University in Poznań,PL,Poland,17,SNS,2011-2015,outgoing
https://ror.org/04g6v3637,Great Western Hospitals NHS Foundation Trust,GB,United Kingdom,1,SNS,2011-2015,outgoing
https://ror.org/04g7y4303,Ernest Gallo Clinic and Research Center,US,United States,2,SNS,2011-2015,outgoing
https://ror.org/04g9e0f44,Willamette University,US,United States,16,SNS,2011-2015,outgoing
https://ror.org/04g9q2h37,San Francisco VA Health Care System,US,United States,4,SNS,2011-2015,outgoing
https://ror.org/04g9rt435,Institut des Cellules Souches pour le Traitement et l'Étude des Maladies Monogéniques,FR,France,1,SNS,2011-2015,outgoing
https://ror.org/04g9wch13,Yale-NUS College,SG,Singapore,2,SNS,2011-2015,outgoing
https://ror.org/04g9xj393,Legacy Health,US,United States,1,SNS,2011-2015,outgoing
https://ror.org/04gaexw88,Southwest Minzu University,CN,China,3,SNS,2011-2015,outgoing
https://ror.org/04gbhgc79,Montreal General Hospital,CA,Canada,1,SNS,2011-2015,outgoing
https://ror.org/04gbpnx96,University of Opole,PL,Poland,9,SNS,2011-2015,outgoing
https://ror.org/04gcc2383,Yakult Central Institute,JP,Japan,2,SNS,2011-2015,outgoing
https://ror.org/04gd4wn47,Arabian Gulf University,BH,Bahrain,2,SNS,2011-2015,outgoing
https://ror.org/04gecbm52,Lam Research (United States),US,United States,6,SNS,2011-2015,outgoing
https://ror.org/04gfxe325,Black Swamp Bird Observatory,US,United States,1,SNS,2011-2015,outgoing
https://ror.org/04gh4er46,Shenzhen Institutes of Advanced Technology,CN,China,1,SNS,2011-2015,outgoing
https://ror.org/04gjfdj81,MacDiarmid Institute for Advanced Materials and Nanotechnology,NZ,New Zealand,9,SNS,2011-2015,outgoing
https://ror.org/04gjkkf30,Banner Sun Health Research Institute,US,United States,7,SNS,2011-2015,outgoing
https://ror.org/04gknbs13,National Chiayi University,TW,Taiwan,9,SNS,2011-2015,outgoing
https://ror.org/04gmsar03,Fraunhofer Institute for Computer Graphics Research,DE,Germany,1,SNS,2011-2015,outgoing
https://ror.org/04gndp242,Genentech,US,United States,46,SNS,2011-2015,outgoing
https://ror.org/04gnjpq42,National and Kapodistrian University of Athens,GR,Greece,5159,SNS,2011-2015,outgoing
https://ror.org/04gnp7x40,West Texas A&M University,US,United States,2,SNS,2011-2015,outgoing
https://ror.org/04gns8903,Joint Institute for High Temperatures,RU,Russia,1,SNS,2011-2015,outgoing
https://ror.org/04gp5j812,Materials Research Center,IN,India,1,SNS,2011-2015,outgoing
https://ror.org/04gp5yv64,Westmead Hospital,AU,Australia,2,SNS,2011-2015,outgoing
https://ror.org/04gq0w522,Flemish Institute for Technological Research,BE,Belgium,6,SNS,2011-2015,outgoing
https://ror.org/04gqg1a07,Université Savoie Mont Blanc,FR,France,5193,SNS,2011-2015,outgoing
https://ror.org/04gqx4x78,Università Campus Bio-Medico,IT,Italy,13,SNS,2011-2015,outgoing
https://ror.org/04gr4te78,Marquette University,US,United States,7,SNS,2011-2015,outgoing
https://ror.org/04grmx538,National Bureau of Economic Research,US,United States,71,SNS,2011-2015,outgoing
https://ror.org/04gsp2c11,James Cook University,AU,Australia,19,SNS,2011-2015,outgoing
https://ror.org/04gtdp803,Central Inland Fisheries Research Institute,IN,India,1,SNS,2011-2015,outgoing
https://ror.org/04gw3ra78,Chinese PLA General Hospital,CN,China,2,SNS,2011-2015,outgoing
https://ror.org/04gwbew76,Ministry of Ecology and Environment,CN,China,7,SNS,2011-2015,outgoing
https://ror.org/04gx72j20,Indian Institute of Technology Bhubaneswar,IN,India,46,SNS,2011-2015,outgoing
https://ror.org/04gyf1771,"University of California, Irvine",US,United States,4119,SNS,2011-2015,outgoing
https://ror.org/04gzb2213,University of Delhi,IN,India,2684,SNS,2011-2015,outgoing
https://ror.org/04gzbav43,Amirkabir University of Technology,IR,Iran,5,SNS,2011-2015,outgoing
https://ror.org/04h1h0y33,Centre National d'Études Spatiales,FR,France,1730,SNS,2011-2015,outgoing
https://ror.org/04h1pq403,Materials Process Technology Center,JP,Japan,3,SNS,2011-2015,outgoing
https://ror.org/04h1q4c89,Applied Materials (United States),US,United States,6,SNS,2011-2015,outgoing
https://ror.org/04h3c2e31,Institute of Fluid Flow-Machinery,PL,Poland,1,SNS,2011-2015,outgoing
https://ror.org/04h3h5b09,Institute of Physics Belgrade,RS,Serbia,114,SNS,2011-2015,outgoing
https://ror.org/04h42fc75,Meijo University,JP,Japan,3,SNS,2011-2015,outgoing
https://ror.org/04h699437,University of Leicester,GB,United Kingdom,423,SNS,2011-2015,outgoing
https://ror.org/04h7zpy51,Instituto Superior de Engenharia do Porto,PT,Portugal,2,SNS,2011-2015,outgoing
https://ror.org/04h81rw26,University of Pennsylvania Health System,US,United States,4,SNS,2011-2015,outgoing
https://ror.org/04h8jph19,Soonchunhyang University Hospital Cheonan,KR,South Korea,1,SNS,2011-2015,outgoing
https://ror.org/04h9pn542,Seoul National University,KR,South Korea,3956,SNS,2011-2015,outgoing
https://ror.org/04hadk112,Institute of Genetics and Biophysics,IT,Italy,26,SNS,2011-2015,outgoing
https://ror.org/04haebc03,Memorial University of Newfoundland,CA,Canada,14,SNS,2011-2015,outgoing
https://ror.org/04hawj979,Department of Terrestrial Magnetism,US,United States,2,SNS,2011-2015,outgoing
https://ror.org/04hbwba26,Deutsches Herzzentrum München,DE,Germany,2,SNS,2011-2015,outgoing
https://ror.org/04hf5kq57,New York State Department of Health,US,United States,8,SNS,2011-2015,outgoing
https://ror.org/04hfg7v94,Center for Theoretical Biological Physics,US,United States,7,SNS,2011-2015,outgoing
https://ror.org/04hfv3620,Benue State University,NG,Nigeria,1,SNS,2011-2015,outgoing
https://ror.org/04hg19818,Shimane Institute for Industrial Technology,JP,Japan,1,SNS,2011-2015,outgoing
https://ror.org/04hhrpp03,Institut für Neuropathologie,DE,Germany,20,SNS,2011-2015,outgoing
https://ror.org/04hj57858,Tokyo Metropolitan Children's Medical Center,JP,Japan,1,SNS,2011-2015,outgoing
https://ror.org/04hja5e04,State Key Laboratory of Respiratory Disease,CN,China,1,SNS,2011-2015,outgoing
https://ror.org/04hjbmv12,Takeda (Japan),JP,Japan,2,SNS,2011-2015,outgoing
https://ror.org/04hjc7403,Laboratoire de Probabilités et Modèles Aléatoires,FR,France,11,SNS,2011-2015,outgoing
https://ror.org/04hjf5k52,Pivotal Labs,US,United States,1,SNS,2011-2015,outgoing
https://ror.org/04hjr4202,İzmir University of Economics,TR,Turkey,1,SNS,2011-2015,outgoing
https://ror.org/04hk86037,University of Matanzas,CU,Cuba,5,SNS,2011-2015,outgoing
https://ror.org/04hm8eb66,Fraunhofer Institute for Mechanics of Materials,DE,Germany,3,SNS,2011-2015,outgoing
https://ror.org/04hmgwg30,Karolinska Institutet Innovations (Sweden),SE,Sweden,138,SNS,2011-2015,outgoing
https://ror.org/04hmn8g73,Bayer (Germany),DE,Germany,7,SNS,2011-2015,outgoing
https://ror.org/04hnf9a51,Islamic Azad University of Tabriz,IR,Iran,1,SNS,2011-2015,outgoing
https://ror.org/04hnzva96,Smithsonian Conservation Biology Institute,US,United States,1,SNS,2011-2015,outgoing
https://ror.org/04hpp6453,Texas Southmost College,US,United States,45,SNS,2011-2015,outgoing
https://ror.org/04hqfvm50,Institute of Bioinformatics,IN,India,1,SNS,2011-2015,outgoing
https://ror.org/04hr99439,Pfizer-University of Granada-Junta de Andalucía Centre for Genomics and Oncological Research,ES,Spain,11,SNS,2011-2015,outgoing
https://ror.org/04hrjej96,Leeds General Infirmary,GB,United Kingdom,4,SNS,2011-2015,outgoing
https://ror.org/04hrrh248,Institute of Mathematics,PL,Poland,3,SNS,2011-2015,outgoing
https://ror.org/04hrxxd90,Centre d'histoire du XIXe siècle,FR,France,1,SNS,2011-2015,outgoing
https://ror.org/04hteea03,Pittsburg State University,US,United States,3,SNS,2011-2015,outgoing
https://ror.org/04htzww22,Vancouver Coastal Health Research Institute,CA,Canada,1,SNS,2011-2015,outgoing
https://ror.org/04hx2r306,Eureka Scientific,US,United States,5,SNS,2011-2015,outgoing
https://ror.org/04hxcaz34,National Institute of Water and Atmospheric Research,NZ,New Zealand,1,SNS,2011-2015,outgoing
https://ror.org/04hy0x592,Woolcock Institute of Medical Research,AU,Australia,1,SNS,2011-2015,outgoing
https://ror.org/04hym7e04,Al-Quds University,PS,Palestine,1,SNS,2011-2015,outgoing
https://ror.org/04hzkx672,Equipe de Recherche en Epidémiologie Nutritionnelle,FR,France,2,SNS,2011-2015,outgoing
https://ror.org/04j0x0h93,"Istituto Nazionale di Fisica Nucleare, Sezione di Bologna",IT,Italy,61,SNS,2011-2015,outgoing
https://ror.org/04j198w64,Western Michigan University,US,United States,38,SNS,2011-2015,outgoing
https://ror.org/04j1n1c04,RIKEN Center for Brain Science,JP,Japan,1,SNS,2011-2015,outgoing
https://ror.org/04j1w0q97,Islamic University,BD,Bangladesh,2,SNS,2011-2015,outgoing
https://ror.org/04j351e79,Koblenz University of Applied Sciences,DE,Germany,1,SNS,2011-2015,outgoing
https://ror.org/04j36h363,Children's Hospital & Medical Center,US,United States,6,SNS,2011-2015,outgoing
https://ror.org/04j3eks61,Institute of Solid State Physics,CN,China,9,SNS,2011-2015,outgoing
https://ror.org/04j3r8z61,Bank of Finland,FI,Finland,3,SNS,2011-2015,outgoing
https://ror.org/04j3vr751,Hunan University of Technology,CN,China,1,SNS,2011-2015,outgoing
https://ror.org/04j5wtv36,Directorate-General Joint Research Centre,BE,Belgium,28,SNS,2011-2015,outgoing
https://ror.org/04j6jb515,Istituti Fisioterapici Ospitalieri,IT,Italy,11,SNS,2011-2015,outgoing
https://ror.org/04j757h98,Victoria University,AU,Australia,53,SNS,2011-2015,outgoing
https://ror.org/04j7b2v61,Ningxia University,CN,China,1,SNS,2011-2015,outgoing
https://ror.org/04j7mzp05,Kagawa University,JP,Japan,2,SNS,2011-2015,outgoing
https://ror.org/04j9bvy88,BG University Hospital Bergmannsheil Bochum,DE,Germany,1,SNS,2011-2015,outgoing
https://ror.org/04j9rp686,Benaroya Research Institute,US,United States,4,SNS,2011-2015,outgoing
https://ror.org/04ja5n907,Universidade Estadual do Maranhão,BR,Brazil,1,SNS,2011-2015,outgoing
https://ror.org/04jabhf80,Jiangsu University of Technology,CN,China,1,SNS,2011-2015,outgoing
https://ror.org/04jaeba88,"California State University, East Bay",US,United States,1,SNS,2011-2015,outgoing
https://ror.org/04jb47e97,Centre de recherches sociologiques et politiques de Paris,FR,France,4,SNS,2011-2015,outgoing
https://ror.org/04jbyz122,Edmond and Lily Safra Children's Hospital,IL,Israel,1,SNS,2011-2015,outgoing
https://ror.org/04jc43x05,TUM Klinikum,DE,Germany,11,SNS,2011-2015,outgoing
https://ror.org/04jcykh16,Wuhan Institute of Technology,CN,China,2,SNS,2011-2015,outgoing
https://ror.org/04je6yw13,Cheikh Anta Diop University,SN,Senegal,6,SNS,2011-2015,outgoing
https://ror.org/04je98850,Fu Jen Catholic University,TW,Taiwan,141,SNS,2011-2015,outgoing
https://ror.org/04jedda80,Kaohsiung Veterans General Hospital,TW,Taiwan,1,SNS,2011-2015,outgoing
https://ror.org/04jewc589,Lillebaelt Hospital,DK,Denmark,1,SNS,2011-2015,outgoing
https://ror.org/04jf04g79,International Foundation for Integrated Care,ES,Spain,4,SNS,2011-2015,outgoing
https://ror.org/04jg69j33,Hainan Medical College Hospital,CN,China,1,SNS,2011-2015,outgoing
https://ror.org/04jjxmt88,Tenaga Nasional Berhad (Malaysia),MY,Malaysia,1,SNS,2011-2015,outgoing
https://ror.org/04jm8zw14,Architecture et Fonction des Macromolécules Biologiques,FR,France,1,SNS,2011-2015,outgoing
https://ror.org/04jmt9361,University of Madras,IN,India,2,SNS,2011-2015,outgoing
https://ror.org/04jn0td46,Xi’an University of Posts and Telecommunications,CN,China,3,SNS,2011-2015,outgoing
https://ror.org/04jndar25,NEC (Japan),JP,Japan,4,SNS,2011-2015,outgoing
https://ror.org/04jnprq39,University of Minnesota Medical School,US,United States,3,SNS,2011-2015,outgoing
https://ror.org/04jnxr720,IBM Research - Ireland,IE,Ireland,17,SNS,2011-2015,outgoing
https://ror.org/04jp2hx10,University of Northampton,GB,United Kingdom,1,SNS,2011-2015,outgoing
https://ror.org/04jp6nz39,Bat Conservation International,US,United States,1,SNS,2011-2015,outgoing
https://ror.org/04jpmg381,University of Health Science,KH,Cambodia,1,SNS,2011-2015,outgoing
https://ror.org/04jq4p608,Hospital Garcia de Orta,PT,Portugal,5,SNS,2011-2015,outgoing
https://ror.org/04jqeag92,Institut d'Economie Scientifique Et de Gestion,FR,France,8,SNS,2011-2015,outgoing
https://ror.org/04jqj7p05,Hitotsubashi University,JP,Japan,6,SNS,2011-2015,outgoing
https://ror.org/04jr01610,Carnegie Institution for Science,US,United States,5,SNS,2011-2015,outgoing
https://ror.org/04jr1s763,University of Florence,IT,Italy,4401,SNS,2011-2015,outgoing
https://ror.org/04jr71r83,Institute of Mathematics,VN,Vietnam,1,SNS,2011-2015,outgoing
https://ror.org/04js6xx21,McGowan Institute for Regenerative Medicine,US,United States,4,SNS,2011-2015,outgoing
https://ror.org/04jscf286,Ottawa University,US,United States,2,SNS,2011-2015,outgoing
https://ror.org/04jsk0b74,Institut des Nanotechnologies de Lyon,FR,France,11,SNS,2011-2015,outgoing
https://ror.org/04jswqb94,Defence Science and Technology Laboratory,GB,United Kingdom,1,SNS,2011-2015,outgoing
https://ror.org/04jsz6e67,Dutch Research Council,NL,The Netherlands,4270,SNS,2011-2015,outgoing
https://ror.org/04jtwax81,Liquidia Technologies (United States),US,United States,1,SNS,2011-2015,outgoing
https://ror.org/04jvemc39,Max Planck Institute for Radio Astronomy,DE,Germany,671,SNS,2011-2015,outgoing
https://ror.org/04jvka613,"National Institute of Technology, Toyama College",JP,Japan,9,SNS,2011-2015,outgoing
https://ror.org/04jw21793,"Bundesministerium für Landwirtschaft, Ernährung und Heimat",DE,Germany,10,SNS,2011-2015,outgoing
https://ror.org/04jymbd90,"Czech Academy of Sciences, Nuclear Physics Institute",CZ,Czechia,1,SNS,2011-2015,outgoing
https://ror.org/04jzmdh37,Centre for Economic Policy Research,GB,United Kingdom,41,SNS,2011-2015,outgoing
https://ror.org/04jzps455,Structural Genomics Consortium,CA,Canada,17,SNS,2011-2015,outgoing
https://ror.org/04jztag35,Peking Union Medical College Hospital,CN,China,2,SNS,2011-2015,outgoing
https://ror.org/04k031t90,École Nationale Vétérinaire d'Alfort,FR,France,8,SNS,2011-2015,outgoing
https://ror.org/04k0drf78,Institut photonique d'analyse non-destructive européen des matériaux anciens,FR,France,1,SNS,2011-2015,outgoing
https://ror.org/04k0yqc48,Buskerud University College,NO,Norway,30,SNS,2011-2015,outgoing
https://ror.org/04k3jt835,Ronald Reagan UCLA Medical Center,US,United States,6,SNS,2011-2015,outgoing
https://ror.org/04k51q396,University Hospital of Basel,CH,Switzerland,12,SNS,2011-2015,outgoing
https://ror.org/04k5dj193,Russian State Geological Prospecting University,RU,Russia,15,SNS,2011-2015,outgoing
https://ror.org/04k5jw363,Laboratoire de Mathématiques de Versailles,FR,France,6,SNS,2011-2015,outgoing
https://ror.org/04k5rxe29,Guangdong Medical College,CN,China,3,SNS,2011-2015,outgoing
https://ror.org/04k7dar27,United States Fish and Wildlife Service,US,United States,1,SNS,2011-2015,outgoing
https://ror.org/04k7qar56,Ministry of Health,PT,Portugal,7,SNS,2011-2015,outgoing
https://ror.org/04k80k910,National Interuniversity Consortium of Materials Science and Technology,IT,Italy,11,SNS,2011-2015,outgoing
https://ror.org/04k820v98,Saudi Aramco Medical Services Organization,SA,Saudi Arabia,1,SNS,2011-2015,outgoing
https://ror.org/04k83g518,Concordia University Wisconsin,US,United States,6,SNS,2011-2015,outgoing
https://ror.org/04k8k6n84,Université de Haute-Alsace,FR,France,3095,SNS,2011-2015,outgoing
https://ror.org/04k9dce70,Taipei Medical University-Shuang Ho Hospital,TW,Taiwan,2,SNS,2011-2015,outgoing
https://ror.org/04ka0vh05,Instituto de Astrofísica de Andalucía,ES,Spain,267,SNS,2011-2015,outgoing
https://ror.org/04kaae654,State Key Laboratory of Organometallic Chemistry,CN,China,4,SNS,2011-2015,outgoing
https://ror.org/04kbz1397,Calvary Mater Newcastle Hospital,AU,Australia,2,SNS,2011-2015,outgoing
https://ror.org/04kcgyj43,The Microsoft Research - University of Trento Centre for Computational and Systems Biology,IT,Italy,2,SNS,2011-2015,outgoing
https://ror.org/04kdfz702,Institut National des Sciences de l'Univers,FR,France,4716,SNS,2011-2015,outgoing
https://ror.org/04kdh6x72,FZI Research Center for Information Technology,DE,Germany,1,SNS,2011-2015,outgoing
https://ror.org/04ke6ht85,Scottish Association For Marine Science,GB,United Kingdom,1,SNS,2011-2015,outgoing
https://ror.org/04kf5kc54,Netherlands Interdisciplinary Demographic Institute,NL,The Netherlands,3,SNS,2011-2015,outgoing
https://ror.org/04kfn4587,Mount Sinai Health System,US,United States,6,SNS,2011-2015,outgoing
https://ror.org/04kfyt897,Center for Theoretical Physics,PL,Poland,4,SNS,2011-2015,outgoing
https://ror.org/04khwmr87,Vienna Biocenter,AT,Austria,4,SNS,2011-2015,outgoing
https://ror.org/04kj1hn59,Harvard Stem Cell Institute,US,United States,38,SNS,2011-2015,outgoing
https://ror.org/04kjcjc51,Brazilian Biosciences National Laboratory,BR,Brazil,1,SNS,2011-2015,outgoing
https://ror.org/04kkyet53,ESSCA School of Management,FR,France,1,SNS,2011-2015,outgoing
https://ror.org/04kmpyd03,Nanjing General Hospital of Nanjing Military Command,CN,China,2,SNS,2011-2015,outgoing
https://ror.org/04knbh022,Austrian Institute of Technology,AT,Austria,4,SNS,2011-2015,outgoing
https://ror.org/04kp2b655,University of Brighton,GB,United Kingdom,15,SNS,2011-2015,outgoing
https://ror.org/04kp3hw27,Urbana University,US,United States,6,SNS,2011-2015,outgoing
https://ror.org/04kptf457,Scientific Centre of Monaco,MC,Monaco,1,SNS,2011-2015,outgoing
https://ror.org/04kpwcf85,UCLA Clinical and Translational Science Institute,US,United States,3,SNS,2011-2015,outgoing
https://ror.org/04kq4yy23,Joint Institute for Nuclear Astrophysics,US,United States,27,SNS,2011-2015,outgoing
https://ror.org/04kqgqa72,Mississippi Institutions of Higher Learning,US,United States,3754,SNS,2011-2015,outgoing
https://ror.org/04krpx645,Tabriz University of Medical Sciences,IR,Iran,8,SNS,2011-2015,outgoing
https://ror.org/04ksd4g47,National Institute of Informatics,JP,Japan,14,SNS,2011-2015,outgoing
https://ror.org/04kv7c795,Délégation Régionale Est,FR,France,1,SNS,2011-2015,outgoing
https://ror.org/04kwfkk85,Nokia (France),FR,France,1,SNS,2011-2015,outgoing
https://ror.org/04kwvgz42,Hacettepe University,TR,Turkey,17,SNS,2011-2015,outgoing
https://ror.org/04kzeme37,Hartebeesthoek Radio Astronomy Observatory,ZA,South Africa,10,SNS,2011-2015,outgoing
https://ror.org/04m01e293,University of York,GB,United Kingdom,167,SNS,2011-2015,outgoing
https://ror.org/04m1ydt32,Delaware Biotechnology Institute,US,United States,2,SNS,2011-2015,outgoing
https://ror.org/04m219c69,Medicina,PL,Poland,1,SNS,2011-2015,outgoing
https://ror.org/04m21mw32,Universidade Estadual do Amapá,BR,Brazil,1,SNS,2011-2015,outgoing
https://ror.org/04m24yn62,National Radio Astronomy Observatory,US,United States,1409,SNS,2011-2015,outgoing
https://ror.org/04m2z2476,The Aga Khan University (International) in the United Kingdom,GB,United Kingdom,1,SNS,2011-2015,outgoing
https://ror.org/04m5j1k67,Aalborg University,DK,Denmark,43,SNS,2011-2015,outgoing
https://ror.org/04m61mj84,Centre Hospitalier Universitaire Henri-Mondor,FR,France,2,SNS,2011-2015,outgoing
https://ror.org/04m6cjv19,Development Research Center,CN,China,3,SNS,2011-2015,outgoing
https://ror.org/04m6sq715,Hôpital Arnaud de Villeneuve,FR,France,1,SNS,2011-2015,outgoing
https://ror.org/04m8m1253,CSC - IT Center for Science (Finland),FI,Finland,2,SNS,2011-2015,outgoing
https://ror.org/04m8t3f14,"Istituto Nazionale di Fisica Nucleare, Gruppo Collegato di Udine",IT,Italy,1526,SNS,2011-2015,outgoing
https://ror.org/04mb2v544,Institut de recherches économiques et sociales,FR,France,1,SNS,2011-2015,outgoing
https://ror.org/04mb6s476,RIKEN Center for Integrative Medical Sciences,JP,Japan,5,SNS,2011-2015,outgoing
https://ror.org/04mbfgm16,Simmons University,US,United States,14,SNS,2011-2015,outgoing
https://ror.org/04mc23283,Tartu Observatory,EE,Estonia,6,SNS,2011-2015,outgoing
https://ror.org/04mcdza51,"Centre universitaire de médecine générale et santé publique, Lausanne",CH,Switzerland,1,SNS,2011-2015,outgoing
https://ror.org/04mczx267,National Academy of Sciences of Armenia,AM,Armenia,19,SNS,2011-2015,outgoing
https://ror.org/04md8p839,Materials Research Institute (United States),US,United States,23,SNS,2011-2015,outgoing
https://ror.org/04mf6js28,Credit Valley Hospital,CA,Canada,1,SNS,2011-2015,outgoing
https://ror.org/04mg3nk07,San Diego Supercomputer Center,US,United States,40,SNS,2011-2015,outgoing
https://ror.org/04mg8wm74,Division of Astronomical Sciences,US,United States,3,SNS,2011-2015,outgoing
https://ror.org/04mghma93,Heriot-Watt University,GB,United Kingdom,140,SNS,2011-2015,outgoing
https://ror.org/04mh52z70,Smithsonian Astrophysical Observatory,US,United States,221,SNS,2011-2015,outgoing
https://ror.org/04mhx6838,National Institute on Deafness and Other Communication Disorders,US,United States,2,SNS,2011-2015,outgoing
https://ror.org/04mhzgx49,Tel Aviv University,IL,Israel,2745,SNS,2011-2015,outgoing
https://ror.org/04mk5mk38,Cyprus International University,CY,Cyprus,1,SNS,2011-2015,outgoing
https://ror.org/04mkzax54,Jiangnan University,CN,China,5,SNS,2011-2015,outgoing
https://ror.org/04mm9fg30,IMDEA Networks,ES,Spain,2,SNS,2011-2015,outgoing
https://ror.org/04mmhnh95,Quantum Science and Technology in Arcetri,IT,Italy,1,SNS,2011-2015,outgoing
https://ror.org/04mnmrh54,Saint-Gobain Recherche Paris,FR,France,1,SNS,2011-2015,outgoing
https://ror.org/04mq2g308,FHNW University of Applied Sciences and Arts Northwestern Switzerland,CH,Switzerland,8,SNS,2011-2015,outgoing
https://ror.org/04mqb0968,Princess Alexandra Hospital,AU,Australia,7,SNS,2011-2015,outgoing
https://ror.org/04mr1by41,Instituto de Investigaciones Químico Biológicas,MX,Mexico,1,SNS,2011-2015,outgoing
https://ror.org/04mrb6c22,Inova Health System,US,United States,2,SNS,2011-2015,outgoing
https://ror.org/04msnz457,Laboratoire de l'Informatique du Parallélisme,FR,France,7,SNS,2011-2015,outgoing
https://ror.org/04mte1k06,National Research Council Canada,CA,Canada,277,SNS,2011-2015,outgoing
https://ror.org/04mv1z119,La Rochelle Université,FR,France,84,SNS,2011-2015,outgoing
https://ror.org/04mvr1r74,Intermountain Healthcare,US,United States,3,SNS,2011-2015,outgoing
https://ror.org/04mwhg379,Notre Dame University,PH,Philippines,2,SNS,2011-2015,outgoing
https://ror.org/04mwvcn50,"Islamic Azad University, Yazd",IR,Iran,1,SNS,2011-2015,outgoing
https://ror.org/04mxxkb11,Universidad de Cádiz,ES,Spain,7,SNS,2011-2015,outgoing
https://ror.org/04my10541,Centre of Advanced Studies,RU,Russia,1,SNS,2011-2015,outgoing
https://ror.org/04mybzy26,Vienna Institute for International Economic Studies,AT,Austria,6,SNS,2011-2015,outgoing
https://ror.org/04mynmy44,Alzahra Medical and Education Center,IR,Iran,1,SNS,2011-2015,outgoing
https://ror.org/04mz5ra38,University of Duisburg-Essen,DE,Germany,70,SNS,2011-2015,outgoing
https://ror.org/04mzk4q39,Showa University,JP,Japan,2,SNS,2011-2015,outgoing
https://ror.org/04n0g0b29,Universitat Pompeu Fabra,ES,Spain,84,SNS,2011-2015,outgoing
https://ror.org/04n1me355,Claremont McKenna College,US,United States,4,SNS,2011-2015,outgoing
https://ror.org/04n1mwm18,Istituto Zooprofilattico Sperimentale delle Venezie,IT,Italy,1,SNS,2011-2015,outgoing
https://ror.org/04n1n3n22,QB3,US,United States,23,SNS,2011-2015,outgoing
https://ror.org/04n1nkp35,Hôpital Intercommunal de Créteil,FR,France,1,SNS,2011-2015,outgoing
https://ror.org/04n35qp23,Institute of Pharmaceutical Sciences,CH,Switzerland,13,SNS,2011-2015,outgoing
https://ror.org/04n3e7v86,The Fourth Affiliated Hospital of Soochow University (Suzhou Dushu Lake Hospital),CN,China,1,SNS,2011-2015,outgoing
https://ror.org/04n40zv07,Shanghai Ocean University,CN,China,1,SNS,2011-2015,outgoing
https://ror.org/04n4dcv16,Ardabil University of Medical Sciences,IR,Iran,1,SNS,2011-2015,outgoing
https://ror.org/04n4f3r80,Military Hospital of Tunis,TN,Tunisia,1,SNS,2011-2015,outgoing
https://ror.org/04n7py080,National Institute for Mathematical Sciences,KR,South Korea,159,SNS,2011-2015,outgoing
https://ror.org/04n901w50,BC Children's Hospital,CA,Canada,10,SNS,2011-2015,outgoing
https://ror.org/04nap1310,American College of Financial Services,US,United States,5,SNS,2011-2015,outgoing
https://ror.org/04nbhqj75,Hasselt University,BE,Belgium,25,SNS,2011-2015,outgoing
https://ror.org/04nbqb988,CHA University Bundang Medical Center,KR,South Korea,1,SNS,2011-2015,outgoing
https://ror.org/04nc32781,Fraunhofer Institute for Intelligent Analysis and Information Systems,DE,Germany,2,SNS,2011-2015,outgoing
https://ror.org/04nd58p63,Tel Aviv Sourasky Medical Center,IL,Israel,9,SNS,2011-2015,outgoing
https://ror.org/04neydj61,Institute of Robotics and Intelligent Systems,CH,Switzerland,6,SNS,2011-2015,outgoing
https://ror.org/04nfvby78,World Health Organization Regional Office for the Western Pacific,PH,Philippines,1,SNS,2011-2015,outgoing
https://ror.org/04ngpga37,Park University,US,United States,17,SNS,2011-2015,outgoing
https://ror.org/04nh79216,Instituto de Investigación Médica Mercedes y Martín Ferreyra,AR,Argentina,2,SNS,2011-2015,outgoing
https://ror.org/04njjy449,Universidad de Granada,ES,Spain,1629,SNS,2011-2015,outgoing
https://ror.org/04nkhwh30,University of Hull,GB,United Kingdom,44,SNS,2011-2015,outgoing
https://ror.org/04nkkrh90,LWL-Universitätsklinikum Bochum,DE,Germany,5,SNS,2011-2015,outgoing
https://ror.org/04nm1cv11,University Hospitals Bristol NHS Foundation Trust,GB,United Kingdom,4,SNS,2011-2015,outgoing
https://ror.org/04npss011,Gandhi Medical College,IN,India,1,SNS,2011-2015,outgoing
https://ror.org/04npwsp41,Coriell Institute For Medical Research,US,United States,7,SNS,2011-2015,outgoing
https://ror.org/04nqdwb39,Mersin Üniversitesi,TR,Turkey,648,SNS,2011-2015,outgoing
https://ror.org/04nrcyx09,Centro Atómico Constituyentes,AR,Argentina,2,SNS,2011-2015,outgoing
https://ror.org/04nrmrg07,Korea Meteorological Administration,KR,South Korea,1,SNS,2011-2015,outgoing
https://ror.org/04nt8b154,Fukuoka University,JP,Japan,3,SNS,2011-2015,outgoing
https://ror.org/04ntr0v89,Dongguan Frontier Technology Research Institute,CN,China,2,SNS,2011-2015,outgoing
https://ror.org/04nw8w376,Leatherhead Food Research,GB,United Kingdom,1,SNS,2011-2015,outgoing
https://ror.org/04nxkaq16,Università degli studi di Cassino e del Lazio Meridionale,IT,Italy,1105,SNS,2011-2015,outgoing
https://ror.org/04nybae35,Drug Discovery Laboratory (Norway),NO,Norway,1,SNS,2011-2015,outgoing
https://ror.org/04nyf1f54,Shanghai Center For Bioinformation Technology,CN,China,1,SNS,2011-2015,outgoing
https://ror.org/04nytyj38,Shanghai Institute of Microsystem and Information Technology,CN,China,8,SNS,2011-2015,outgoing
https://ror.org/04nz0wq19,HudsonAlpha Institute for Biotechnology,US,United States,6,SNS,2011-2015,outgoing
https://ror.org/04nzrzs08,Skidmore College,US,United States,2,SNS,2011-2015,outgoing
https://ror.org/04nzv4p86,Ospedale San Luigi Gonzaga,IT,Italy,2,SNS,2011-2015,outgoing
https://ror.org/04p0nk708,Regional Hospital West Jutland,DK,Denmark,1,SNS,2011-2015,outgoing
https://ror.org/04p181a07,Danish Ministry of Employment,DK,Denmark,1,SNS,2011-2015,outgoing
https://ror.org/04p2pa451,Institute of Transport Economics,NO,Norway,4,SNS,2011-2015,outgoing
https://ror.org/04p2rkp70,European University at Saint Petersburg,RU,Russia,2,SNS,2011-2015,outgoing
https://ror.org/04p2sbk06,Panjab University,IN,India,3324,SNS,2011-2015,outgoing
https://ror.org/04p2y4s44,Medical University of Warsaw,PL,Poland,5,SNS,2011-2015,outgoing
https://ror.org/04p3y0q03,Bank of England,GB,United Kingdom,17,SNS,2011-2015,outgoing
https://ror.org/04p491231,Pennsylvania State University,US,United States,1290,SNS,2011-2015,outgoing
https://ror.org/04p4e8t29,Research Organization of Information and Systems,JP,Japan,7,SNS,2011-2015,outgoing
https://ror.org/04p5baq95,Mattel Children's Hospital,US,United States,3,SNS,2011-2015,outgoing
https://ror.org/04p5ggc03,Max Delbrück Center,DE,Germany,54,SNS,2011-2015,outgoing
https://ror.org/04p61dj41,Technische Hochschule Mannheim,DE,Germany,1,SNS,2011-2015,outgoing
https://ror.org/04p6eac84,Moi University,KE,Kenya,2,SNS,2011-2015,outgoing
https://ror.org/04p977q83,Eurofins (Luxembourg),LU,Luxembourg,1,SNS,2011-2015,outgoing
https://ror.org/04p9k2z50,Universitat Ramon Llull,ES,Spain,1535,SNS,2011-2015,outgoing
https://ror.org/04pag4b70,Hôpital Jean-Verdier,FR,France,2,SNS,2011-2015,outgoing
https://ror.org/04paq1j76,ScienceScope (United Kingdom),GB,United Kingdom,7,SNS,2011-2015,outgoing
https://ror.org/04pcnys31,Numerical Algorithms Group (United Kingdom),GB,United Kingdom,1,SNS,2011-2015,outgoing
https://ror.org/04pd3v454,Atilim University,TR,Turkey,1,SNS,2011-2015,outgoing
https://ror.org/04pexwy87,Consorzio Interuniversitario Nazionale EnSiEL,IT,Italy,1,SNS,2011-2015,outgoing
https://ror.org/04pge2a40,Second Affiliated Hospital of Nanjing Medical University,CN,China,1,SNS,2011-2015,outgoing
https://ror.org/04pjzv747,LG Chem (South Korea),KR,South Korea,1,SNS,2011-2015,outgoing
https://ror.org/04pk9k962,"Wetsus, European Centre of Excellence for Sustainable Water Technology",NL,The Netherlands,1,SNS,2011-2015,outgoing
https://ror.org/04pkc8m17,Nokia (Finland),FI,Finland,21,SNS,2011-2015,outgoing
https://ror.org/04pm4x478,Istanbul Bilgi University,TR,Turkey,8,SNS,2011-2015,outgoing
https://ror.org/04pmdg365,Ulster Hospital,GB,United Kingdom,1,SNS,2011-2015,outgoing
https://ror.org/04pmn0e78,Universidad de Alcalá,ES,Spain,161,SNS,2011-2015,outgoing
https://ror.org/04pn6vp43,Centre Hospitalier Universitaire de Saint-Étienne,FR,France,3,SNS,2011-2015,outgoing
https://ror.org/04pnjx786,Kazusa DNA Research Institute,JP,Japan,1,SNS,2011-2015,outgoing
https://ror.org/04pnym676,Institut de Microelectrònica de Barcelona,ES,Spain,35,SNS,2011-2015,outgoing
https://ror.org/04pp4xq32,IULM University,IT,Italy,3,SNS,2011-2015,outgoing
https://ror.org/04pp8hn57,Utrecht University,NL,The Netherlands,779,SNS,2011-2015,outgoing
https://ror.org/04ptp8872,London Centre for Nanotechnology,GB,United Kingdom,39,SNS,2011-2015,outgoing
https://ror.org/04pw6fb54,National Center for Advancing Translational Sciences,US,United States,2,SNS,2011-2015,outgoing
https://ror.org/04pwyfk22,Hôpital Saint Eloi,FR,France,1,SNS,2011-2015,outgoing
https://ror.org/04px4e658,Délégation Alpes,FR,France,13,SNS,2011-2015,outgoing
https://ror.org/04py1g812,Jiangsu Province Hospital,CN,China,3,SNS,2011-2015,outgoing
https://ror.org/04py2rh25,Mass General Brigham,US,United States,8,SNS,2011-2015,outgoing
https://ror.org/04py35477,Max Planck Institute of Biochemistry,DE,Germany,17,SNS,2011-2015,outgoing
https://ror.org/04pyhyx87,Brand University of Applied Science Hamburg,DE,Germany,1,SNS,2011-2015,outgoing
https://ror.org/04pyrxz13,Southern California University of Health Sciences,US,United States,2,SNS,2011-2015,outgoing
https://ror.org/04pyvbw03,"California State University, Dominguez Hills",US,United States,22,SNS,2011-2015,outgoing
https://ror.org/04pzgb662,The Scarborough Hospital,CA,Canada,1,SNS,2011-2015,outgoing
https://ror.org/04pznsd21,American University of Beirut,LB,Lebanon,7,SNS,2011-2015,outgoing
https://ror.org/04q0a4f84,Economic and Social Research Institute,IE,Ireland,2,SNS,2011-2015,outgoing
https://ror.org/04q0nep37,UniNettuno University,IT,Italy,8,SNS,2011-2015,outgoing
https://ror.org/04q0r6m34,Universidad Autónoma de la Ciudad de México,MX,Mexico,1,SNS,2011-2015,outgoing
https://ror.org/04q107642,Cork University Hospital,IE,Ireland,5,SNS,2011-2015,outgoing
https://ror.org/04q12yn84,OsloMet – Oslo Metropolitan University,NO,Norway,2,SNS,2011-2015,outgoing
https://ror.org/04q36wn27,Lieber Institute for Brain Development,US,United States,16,SNS,2011-2015,outgoing
https://ror.org/04q42nz13,Institute of Cognitive Neuroscience and Psychology,HU,Hungary,3,SNS,2011-2015,outgoing
https://ror.org/04q4kt073,University of Urbino,IT,Italy,2099,SNS,2011-2015,outgoing
https://ror.org/04q4ppz72,Complejo Hospitalario Universitario de Toledo,ES,Spain,1,SNS,2011-2015,outgoing
https://ror.org/04q5j9b45,Institut de Veille Sanitaire,FR,France,1,SNS,2011-2015,outgoing
https://ror.org/04q5n7269,Carolina Institute for NanoMedicine,US,United States,2,SNS,2011-2015,outgoing
https://ror.org/04q6c7p66,China University of Geosciences (Beijing),CN,China,2,SNS,2011-2015,outgoing
https://ror.org/04q78tk20,Sungkyunkwan University,KR,South Korea,3525,SNS,2011-2015,outgoing
https://ror.org/04q84b570,World Health Organization - Lyon Office,FR,France,1,SNS,2011-2015,outgoing
https://ror.org/04q88r129,Instituto de Geofísica,MX,Mexico,1,SNS,2011-2015,outgoing
https://ror.org/04q93ds34,Instituto de Políticas y Bienes Públicos,ES,Spain,1,SNS,2011-2015,outgoing
https://ror.org/04q9esz89,Louisiana Tech University,US,United States,1630,SNS,2011-2015,outgoing
https://ror.org/04q9qf557,Northeast Ohio Medical University,US,United States,1,SNS,2011-2015,outgoing
https://ror.org/04q9tew83,Henry M. Jackson Foundation,US,United States,2,SNS,2011-2015,outgoing
https://ror.org/04qb8nc58,Clausthal University of Technology,DE,Germany,2,SNS,2011-2015,outgoing
https://ror.org/04qcjsm24,The Maria Sklodowska-Curie National Research Institute of Oncology,PL,Poland,3,SNS,2011-2015,outgoing
https://ror.org/04qe59j94,Institut Mondor de Recherche Biomédicale,FR,France,7,SNS,2011-2015,outgoing
https://ror.org/04qfh2k37,Mongolian Academy of Sciences,MN,Mongolia,25,SNS,2011-2015,outgoing
https://ror.org/04qfrh333,Georgia Tech Research Institute,US,United States,1,SNS,2011-2015,outgoing
https://ror.org/04qgfge56,Laboratoire de Synthèse Organique,FR,France,10,SNS,2011-2015,outgoing
https://ror.org/04qh86j58,Korean Association Of Science and Technology Studies,KR,South Korea,1994,SNS,2011-2015,outgoing
https://ror.org/04qj1gz53,Lukaskrankenhaus,DE,Germany,1,SNS,2011-2015,outgoing
https://ror.org/04qjh2h11,Xinjiang Agricultural University,CN,China,1,SNS,2011-2015,outgoing
https://ror.org/04qjmsq15,Escola Superior de Ciências da Saúde,BR,Brazil,1,SNS,2011-2015,outgoing
https://ror.org/04qk6pt94,Wright State University,US,United States,12,SNS,2011-2015,outgoing
https://ror.org/04qm9me84,United States Atomic Energy Commission,US,United States,1,SNS,2011-2015,outgoing
https://ror.org/04qmmjx98,Osnabrück University,DE,Germany,20,SNS,2011-2015,outgoing
https://ror.org/04qn0xg47,Kyungpook National University Hospital,KR,South Korea,17,SNS,2011-2015,outgoing
https://ror.org/04qpssw85,State Research Center of the Russian Federation,RU,Russia,1655,SNS,2011-2015,outgoing
https://ror.org/04qq88z54,German Center for Diabetes Research,DE,Germany,5,SNS,2011-2015,outgoing
https://ror.org/04qr3zq92,University of Electronic Science and Technology of China,CN,China,17,SNS,2011-2015,outgoing
https://ror.org/04qr5t414,North China Electric Power University,CN,China,11,SNS,2011-2015,outgoing
https://ror.org/04qr9ne10,Agricultural Research Service - Northeast Area,US,United States,9,SNS,2011-2015,outgoing
https://ror.org/04qskqr65,Arecibo Observatory,US,United States,4,SNS,2011-2015,outgoing
https://ror.org/04qsnc772,Hospital de São João,PT,Portugal,3,SNS,2011-2015,outgoing
https://ror.org/04qst6c17,Peralta Community College District,US,United States,27,SNS,2011-2015,outgoing
https://ror.org/04qtj9h94,Technical University of Denmark,DK,Denmark,280,SNS,2011-2015,outgoing
https://ror.org/04qw24q55,Wageningen University & Research,NL,The Netherlands,97,SNS,2011-2015,outgoing
https://ror.org/04qwfwm19,Institut Parisien de Chimie Moléculaire,FR,France,6,SNS,2011-2015,outgoing
https://ror.org/04qxnmv42,Palacký University Olomouc,CZ,Czechia,1016,SNS,2011-2015,outgoing
https://ror.org/04qxsr837,Advanced Photon Source,US,United States,1,SNS,2011-2015,outgoing
https://ror.org/04qyvz380,San Jose State University,US,United States,130,SNS,2011-2015,outgoing
https://ror.org/04qz4qy85,Laboratoire de Recherche Historique Rhône-Alpes,FR,France,1,SNS,2011-2015,outgoing
https://ror.org/04qzfn040,University of KwaZulu-Natal,ZA,South Africa,368,SNS,2011-2015,outgoing
https://ror.org/04qzr9r50,Instituto Tecnológico de Chascomús,AR,Argentina,1,SNS,2011-2015,outgoing
https://ror.org/04qzrw529,Yaroslav-the-Wise Novgorod State University,RU,Russia,1,SNS,2011-2015,outgoing
https://ror.org/04r0gp612,Neurological Surgery,US,United States,1,SNS,2011-2015,outgoing
https://ror.org/04r17kf39,New York State College of Veterinary Medicine,US,United States,1,SNS,2011-2015,outgoing
https://ror.org/04r1cjx59,Institute for Fiscal Studies,GB,United Kingdom,1,SNS,2011-2015,outgoing
https://ror.org/04r1hh402,Barry University,US,United States,5,SNS,2011-2015,outgoing
https://ror.org/04r23zn56,University of Cuenca,EC,Ecuador,2,SNS,2011-2015,outgoing
https://ror.org/04r28v857,California Institute for Biomedical Research,US,United States,3,SNS,2011-2015,outgoing
https://ror.org/04r33pf22,Guy's Hospital,GB,United Kingdom,9,SNS,2011-2015,outgoing
https://ror.org/04r3kq386,Uniformed Services University of the Health Sciences,US,United States,13,SNS,2011-2015,outgoing
https://ror.org/04r3m2882,Southern University and Agricultural and Mechanical College,US,United States,191,SNS,2011-2015,outgoing
https://ror.org/04r45q768,Universities Austria,AT,Austria,14,SNS,2011-2015,outgoing
https://ror.org/04r53se39,Institute of Information Engineering,CN,China,1,SNS,2011-2015,outgoing
https://ror.org/04r5fge26,Institute for High Performance Computing and Networking,IT,Italy,4,SNS,2011-2015,outgoing
https://ror.org/04r659a56,University of New England,AU,Australia,5,SNS,2011-2015,outgoing
https://ror.org/04r69jb93,Kokushikan University,JP,Japan,1,SNS,2011-2015,outgoing
https://ror.org/04r72en83,University of International Relations,CN,China,1,SNS,2011-2015,outgoing
https://ror.org/04r9x1a08,AstraZeneca (United Kingdom),GB,United Kingdom,14,SNS,2011-2015,outgoing
https://ror.org/04raf6v53,Colorado School of Mines,US,United States,19,SNS,2011-2015,outgoing
https://ror.org/04rb60x98,Parc Científic de la Universitat de València,ES,Spain,24,SNS,2011-2015,outgoing
https://ror.org/04rbxbn93,PIQUR Therapeutics (Switzerland),CH,Switzerland,1,SNS,2011-2015,outgoing
https://ror.org/04rc0xn13,Environmental Molecular Sciences Laboratory,US,United States,27,SNS,2011-2015,outgoing
https://ror.org/04rc9d057,Institute of Geophysics Polish Academy of Sciences,PL,Poland,1,SNS,2011-2015,outgoing
https://ror.org/04rcqnp59,Heidelberg University,US,United States,1,SNS,2011-2015,outgoing
https://ror.org/04rcxhq50,Novartis (Italy),IT,Italy,3,SNS,2011-2015,outgoing
https://ror.org/04rdtx186,Ocean University of China,CN,China,9,SNS,2011-2015,outgoing
https://ror.org/04rekk491,Bavarian State Collection of Zoology,DE,Germany,1,SNS,2011-2015,outgoing
https://ror.org/04rfxk768,Laboratoire de Neurosciences Expérimentales et Cliniques,FR,France,5,SNS,2011-2015,outgoing
https://ror.org/04rgqcd02,Centre de recherche du CHU de Québec-Université Laval,CA,Canada,5,SNS,2011-2015,outgoing
https://ror.org/04rjxzd30,CPB Netherlands Bureau for Economic Policy Analysis,NL,The Netherlands,1,SNS,2011-2015,outgoing
https://ror.org/04rjz5883,eLife Sciences Publications,GB,United Kingdom,5,SNS,2011-2015,outgoing
https://ror.org/04rnwed46,Environmental Earth Sciences,AU,Australia,1,SNS,2011-2015,outgoing
https://ror.org/04rq5mt64,"University of Maryland, Baltimore",US,United States,265,SNS,2011-2015,outgoing
https://ror.org/04rr0m327,University of Montana Western,US,United States,1,SNS,2011-2015,outgoing
https://ror.org/04rr26086,Universitätskinderklinik,DE,Germany,6,SNS,2011-2015,outgoing
https://ror.org/04rrj3a80,Laboratoire de Microbiologie et Génétique Moléculaires,FR,France,2,SNS,2011-2015,outgoing
https://ror.org/04rrkhs81,Manchester Academic Health Science Centre,GB,United Kingdom,12,SNS,2011-2015,outgoing
https://ror.org/04rrzfd14,Laboratoire Modélisation et Simulation Multi-Echelle,FR,France,40,SNS,2011-2015,outgoing
https://ror.org/04rssyw40,University of Agronomic Sciences and Veterinary Medicine of Bucharest,RO,Romania,1,SNS,2011-2015,outgoing
https://ror.org/04rswrd78,Iowa State University,US,United States,3125,SNS,2011-2015,outgoing
https://ror.org/04rt94r53,Barnard College,US,United States,28,SNS,2011-2015,outgoing
https://ror.org/04rtdp853,Royal Free London NHS Foundation Trust,GB,United Kingdom,8,SNS,2011-2015,outgoing
https://ror.org/04rtkc841,Molecular Oncology (United States),US,United States,4,SNS,2011-2015,outgoing
https://ror.org/04rtx9382,World Health Organization Regional Office for Africa,CG,Congo Republic,2,SNS,2011-2015,outgoing
https://ror.org/04rvw0k47,University of Shizuoka,JP,Japan,3,SNS,2011-2015,outgoing
https://ror.org/04rvw8791,Institut Élie Cartan de Lorraine,FR,France,14,SNS,2011-2015,outgoing
https://ror.org/04rxd8128,Children's Cancer Center,US,United States,2,SNS,2011-2015,outgoing
https://ror.org/04rxdpa15,Sprint (United States),US,United States,7,SNS,2011-2015,outgoing
https://ror.org/04rxrdv16,Centro de Investigación del Cáncer,ES,Spain,10,SNS,2011-2015,outgoing
https://ror.org/04rymkk69,Muroran Institute of Technology,JP,Japan,3,SNS,2011-2015,outgoing
https://ror.org/04ryvdf08,Space Research Institute,RU,Russia,137,SNS,2011-2015,outgoing
https://ror.org/04rzagz55,Utano Hospital,JP,Japan,1,SNS,2011-2015,outgoing
https://ror.org/04rzmms09,CSCS - Swiss National Supercomputing Centre,CH,Switzerland,4,SNS,2011-2015,outgoing
https://ror.org/04s1b0x88,EN-FIST Centre of Excellence (Slovenia),SI,Slovenia,4,SNS,2011-2015,outgoing
https://ror.org/04s1nv328,University of Canberra,AU,Australia,6,SNS,2011-2015,outgoing
https://ror.org/04s3t1g37,Institut Paoli-Calmettes,FR,France,1,SNS,2011-2015,outgoing
https://ror.org/04s468185,CLS Technology (Norway),NO,Norway,1,SNS,2011-2015,outgoing
https://ror.org/04s5mat29,University of Victoria,CA,Canada,2404,SNS,2011-2015,outgoing
https://ror.org/04s629c33,National Institute of Health Sciences,JP,Japan,2,SNS,2011-2015,outgoing
https://ror.org/04s8gft68,National Institute for Bioprocessing Research and Training,IE,Ireland,1,SNS,2011-2015,outgoing
https://ror.org/04s9hft57,Quaid-i-Azam University,PK,Pakistan,2096,SNS,2011-2015,outgoing
https://ror.org/04sa5es20,Centro de Investigação em Engenharia dos Processos Químicos e dos Produtos da Floresta,PT,Portugal,2,SNS,2011-2015,outgoing
https://ror.org/04sac7215,St. John Hospital & Medical Center,US,United States,6,SNS,2011-2015,outgoing
https://ror.org/04sapgw72,Sumitomo Dainippon Pharma (Japan),JP,Japan,1,SNS,2011-2015,outgoing
https://ror.org/04sb8a726,Hôpital Antoine-Béclère,FR,France,2,SNS,2011-2015,outgoing
https://ror.org/04scfb908,Alfred Health,AU,Australia,2,SNS,2011-2015,outgoing
https://ror.org/04scgfz75,University Hospital Galway,IE,Ireland,1,SNS,2011-2015,outgoing
https://ror.org/04sfka033,Mashhad University of Medical Sciences,IR,Iran,2,SNS,2011-2015,outgoing
https://ror.org/04sgttv52,Hospital Center of Cova da Beira,PT,Portugal,1,SNS,2011-2015,outgoing
https://ror.org/04shzs249,Hampshire Hospitals NHS Foundation Trust,GB,United Kingdom,1,SNS,2011-2015,outgoing
https://ror.org/04sjbnx57,University of Southern Queensland,AU,Australia,16,SNS,2011-2015,outgoing
https://ror.org/04sjpp691,National Museums of Kenya,KE,Kenya,1,SNS,2011-2015,outgoing
https://ror.org/04skqfp25,St. Michael's Hospital,CA,Canada,10,SNS,2011-2015,outgoing
https://ror.org/04sm5zn07,Boeing (United States),US,United States,3,SNS,2011-2015,outgoing
https://ror.org/04smrs866,Institute of Neurobiology and Molecular Medicine,IT,Italy,7,SNS,2011-2015,outgoing
https://ror.org/04smsfy22,Saint Francis University,US,United States,1,SNS,2011-2015,outgoing
https://ror.org/04smxbm79,Laboratoire Amiénois de Mathématique Fondamentale et Appliquée,FR,France,7,SNS,2011-2015,outgoing
https://ror.org/04sn06036,Institute for Experimental Endocrinology and Oncology,IT,Italy,8,SNS,2011-2015,outgoing
https://ror.org/04snvc712,Beijing Normal-Hong Kong Baptist University,CN,China,7,SNS,2011-2015,outgoing
https://ror.org/04sppb023,Copenhagen Business School,DK,Denmark,46,SNS,2011-2015,outgoing
https://ror.org/04sq8xk75,Centre for Psychiatry and Neuroscience,FR,France,2,SNS,2011-2015,outgoing
https://ror.org/04sqkw483,University of Georgia Research Foundation,US,United States,3,SNS,2011-2015,outgoing
https://ror.org/04sqpjb51,"Universidad de San Buenaventura, Bogota",CO,Colombia,2358,SNS,2011-2015,outgoing
https://ror.org/04ss1bw11,Tzu Chi University,TW,Taiwan,2,SNS,2011-2015,outgoing
https://ror.org/04sw7nr96,Instituto de Astrofísica de La Plata,AR,Argentina,8,SNS,2011-2015,outgoing
https://ror.org/04sxme922,Universidad Torcuato Di Tella,AR,Argentina,1,SNS,2011-2015,outgoing
https://ror.org/04sy7nb49,Leibniz-Institute for Food Systems Biology at the Technical University of Munich,DE,Germany,2,SNS,2011-2015,outgoing
https://ror.org/04szabx38,Institut de Biologie Structurale,FR,France,29,SNS,2011-2015,outgoing
https://ror.org/04sze3c15,Yonsei University Health System,KR,South Korea,26,SNS,2011-2015,outgoing
https://ror.org/04t0gwh46,Institut Curie,FR,France,62,SNS,2011-2015,outgoing
https://ror.org/04t0qbt32,Technological University Dublin,IE,Ireland,2,SNS,2011-2015,outgoing
https://ror.org/04t0zhb48,Institut Pasteur Korea,KR,South Korea,3,SNS,2011-2015,outgoing
https://ror.org/04t1cdb72,Institute of Geographic Sciences and Natural Resources Research,CN,China,15,SNS,2011-2015,outgoing
https://ror.org/04t2ss102,Novosibirsk State University,RU,Russia,2996,SNS,2011-2015,outgoing
https://ror.org/04t35mq24,Laboratoire de Génie des Procédés et Matériaux,FR,France,8,SNS,2011-2015,outgoing
https://ror.org/04t3en479,Karlsruhe Institute of Technology,DE,Germany,4331,SNS,2011-2015,outgoing
https://ror.org/04t3q5q03,State Key Laboratory of Microbial Metabolism,CN,China,2,SNS,2011-2015,outgoing
https://ror.org/04t3sm733,Centre Energie Environnement Procédés,FR,France,1,SNS,2011-2015,outgoing
https://ror.org/04t4gxd81,Kanazawa Technical College,JP,Japan,1,SNS,2011-2015,outgoing
https://ror.org/04t4pcw17,Astronomical Observatory,RS,Serbia,42,SNS,2011-2015,outgoing
https://ror.org/04t4pws42,Institute of Molecular Life Sciences,HU,Hungary,4,SNS,2011-2015,outgoing
https://ror.org/04t5xt781,Northeastern University,US,United States,3081,SNS,2011-2015,outgoing
https://ror.org/04t67vr60,National Institute of Pharmaceutical Education and Research,IN,India,3,SNS,2011-2015,outgoing
https://ror.org/04t6wsp57,Instituto de Estudos Avançados da Universidade de São Paulo,BR,Brazil,5,SNS,2011-2015,outgoing
https://ror.org/04t730v47,National Technological University,AR,Argentina,14,SNS,2011-2015,outgoing
https://ror.org/04t89f389,"Laboratoire de Géologie de Lyon : Terre, Planètes et Environnement",FR,France,2,SNS,2011-2015,outgoing
https://ror.org/04t8qjg16,Central Drug Research Institute,IN,India,1,SNS,2011-2015,outgoing
https://ror.org/04tac1482,Pittsburgh Supercomputing Center,US,United States,5,SNS,2011-2015,outgoing
https://ror.org/04tagjk85,Netherlands Institute for Social Research,NL,The Netherlands,1,SNS,2011-2015,outgoing
https://ror.org/04tavf782,Beijing Computational Science Research Center,CN,China,27,SNS,2011-2015,outgoing
https://ror.org/04tavpn47,Second Military Medical University,CN,China,4,SNS,2011-2015,outgoing
https://ror.org/04tb22w36,GIFT University,PK,Pakistan,109,SNS,2011-2015,outgoing
https://ror.org/04tbt8b85,National Centre for Radio Astrophysics,IN,India,285,SNS,2011-2015,outgoing
https://ror.org/04tcthy91,Institute of Animal Sciences,CN,China,1,SNS,2011-2015,outgoing
https://ror.org/04td37d32,Institut National de la Recherche Scientifique,CA,Canada,6,SNS,2011-2015,outgoing
https://ror.org/04td3ys19,Quadram Institute,GB,United Kingdom,3,SNS,2011-2015,outgoing
https://ror.org/04tehfn33,International Union for Conservation of Nature,CH,Switzerland,1,SNS,2011-2015,outgoing
https://ror.org/04teye511,Pontificia Universidad Católica de Chile,CL,Chile,1922,SNS,2011-2015,outgoing
https://ror.org/04tf0ye64,Center for Psychiatry and Behavioral Medicine,US,United States,1,SNS,2011-2015,outgoing
https://ror.org/04tf6q291,Stockholm University of the Arts,SE,Sweden,3,SNS,2011-2015,outgoing
https://ror.org/04tft4718,Tamkang University,TW,Taiwan,2,SNS,2011-2015,outgoing
https://ror.org/04tfzc498,Istituti di Ricovero e Cura a Carattere Scientifico,IT,Italy,226,SNS,2011-2015,outgoing
https://ror.org/04tgr1802,Functional Genomics Center Zurich,CH,Switzerland,4,SNS,2011-2015,outgoing
https://ror.org/04thj7y95,Department of Public Health,US,United States,4,SNS,2011-2015,outgoing
https://ror.org/04thqfb29,State Key Laboratory of High Field Laser Physics,CN,China,2,SNS,2011-2015,outgoing
https://ror.org/04tj63d06,North Carolina State University,US,United States,114,SNS,2011-2015,outgoing
https://ror.org/04tk2gy88,University of Florida Health,US,United States,4,SNS,2011-2015,outgoing
https://ror.org/04tkkr536,FernUniversität in Hagen,DE,Germany,2,SNS,2011-2015,outgoing
https://ror.org/04tm3k558,Third Affiliated Hospital of Sun Yat-sen University,CN,China,1,SNS,2011-2015,outgoing
https://ror.org/04tmmky42,Grinnell College,US,United States,1,SNS,2011-2015,outgoing
https://ror.org/04tnbqb63,The Francis Crick Institute,GB,United Kingdom,3,SNS,2011-2015,outgoing
https://ror.org/04tnvnq52,Délégation Paris B,FR,France,7,SNS,2011-2015,outgoing
https://ror.org/04tpxn918,Deutsche Bank (United Kingdom),GB,United Kingdom,3,SNS,2011-2015,outgoing
https://ror.org/04tqcn816,Health Sciences University of Hokkaido,JP,Japan,1,SNS,2011-2015,outgoing
https://ror.org/04trj1363,Fondation Pierre-Gilles de Gennes pour la Recherche,FR,France,1,SNS,2011-2015,outgoing
https://ror.org/04ts4qa58,Changwon National University,KR,South Korea,53,SNS,2011-2015,outgoing
https://ror.org/04tsc8g87,National Kaohsiung Normal University,TW,Taiwan,35,SNS,2011-2015,outgoing
https://ror.org/04tsk2644,Ruhr University Bochum,DE,Germany,1077,SNS,2011-2015,outgoing
https://ror.org/04ttadj76,Collaborative Innovation Center of Advanced Microstructures,CN,China,9,SNS,2011-2015,outgoing
https://ror.org/04ttjf776,RMIT University,AU,Australia,157,SNS,2011-2015,outgoing
https://ror.org/04tty5b50,Istituto Oncologico della Svizzera Italiana,CH,Switzerland,13,SNS,2011-2015,outgoing
https://ror.org/04tv9mc26,Gzhel State University,RU,Russia,1,SNS,2011-2015,outgoing
https://ror.org/04tvhd893,Museu de Astronomia e Ciências Afins,BR,Brazil,1,SNS,2011-2015,outgoing
https://ror.org/04tvx8690,University of Arizona Cancer Center,US,United States,1,SNS,2011-2015,outgoing
https://ror.org/04tw1mp85,A-T Society,GB,United Kingdom,3,SNS,2011-2015,outgoing
https://ror.org/04tw9zq58,International Space Science Institute - Beijing,CN,China,2,SNS,2011-2015,outgoing
https://ror.org/04twccc71,National United University,TW,Taiwan,420,SNS,2011-2015,outgoing
https://ror.org/04twxam07,The University of Texas MD Anderson Cancer Center,US,United States,79,SNS,2011-2015,outgoing
https://ror.org/04txgxn49,ITMO University,RU,Russia,14,SNS,2011-2015,outgoing
https://ror.org/04v00sg98,VA Boston Healthcare System,US,United States,3,SNS,2011-2015,outgoing
https://ror.org/04v0as660,Hillingdon Hospitals NHS Foundation Trust,GB,United Kingdom,28,SNS,2011-2015,outgoing
https://ror.org/04v0snf24,Universidad de La Frontera,CL,Chile,4,SNS,2011-2015,outgoing
https://ror.org/04v0z9b22,Instituto Valenciano de Investigaciones Económicas,ES,Spain,2,SNS,2011-2015,outgoing
https://ror.org/04v302n28,Kafkas University,TR,Turkey,651,SNS,2011-2015,outgoing
https://ror.org/04v30e006,Centro de Investigación y Desarrollo en Criotecnología de Alimentos,AR,Argentina,3,SNS,2011-2015,outgoing
https://ror.org/04v3sec91,Saint Mary's University of Minnesota,US,United States,1,SNS,2011-2015,outgoing
https://ror.org/04v3ywz14,China Agricultural University,CN,China,21,SNS,2011-2015,outgoing
https://ror.org/04v4g9h31,University of Thessaly,GR,Greece,8,SNS,2011-2015,outgoing
https://ror.org/04v54gj93,Cambridge University Hospitals NHS Foundation Trust,GB,United Kingdom,38,SNS,2011-2015,outgoing
https://ror.org/04v76ef78,Christian-Albrechts-Universität zu Kiel,DE,Germany,103,SNS,2011-2015,outgoing
https://ror.org/04v7g1721,University of Belgrade – Faculty of Physics,RS,Serbia,82,SNS,2011-2015,outgoing
https://ror.org/04v7hvq31,Scripps Institution of Oceanography,US,United States,6,SNS,2011-2015,outgoing
https://ror.org/04v83ky93,National Foundation for Cancer Research,US,United States,1,SNS,2011-2015,outgoing
https://ror.org/04v893f23,Forman Christian College,PK,Pakistan,1,SNS,2011-2015,outgoing
https://ror.org/04v95hh54,Adelphi Technology (United States),US,United States,1,SNS,2011-2015,outgoing
https://ror.org/04v9m3h35,ARC Centre of Excellence for All-sky Astrophysics,AU,Australia,239,SNS,2011-2015,outgoing
https://ror.org/04v9v0986,CFA Institute,US,United States,107,SNS,2011-2015,outgoing
https://ror.org/04vam3d04,Tracon Pharmaceuticals (United States),US,United States,1,SNS,2011-2015,outgoing
https://ror.org/04vaq9436,Bluebird Bio (United States),US,United States,1,SNS,2011-2015,outgoing
https://ror.org/04vb0yp97,Mitsui Chemicals (Germany),DE,Germany,1,SNS,2011-2015,outgoing
https://ror.org/04vc81p87,University of Sannio,IT,Italy,197,SNS,2011-2015,outgoing
https://ror.org/04vdmbk59,Pedagogical and Technological University of Colombia,CO,Colombia,2,SNS,2011-2015,outgoing
https://ror.org/04vekey51,Institut de Linguistique Française,FR,France,1,SNS,2011-2015,outgoing
https://ror.org/04vfhnm78,Hospital Universitario Virgen del Rocío,ES,Spain,6,SNS,2011-2015,outgoing
https://ror.org/04vfs2w97,Université de Lorraine,FR,France,135,SNS,2011-2015,outgoing
https://ror.org/04vfs5h36,Washington State University Spokane,US,United States,894,SNS,2011-2015,outgoing
https://ror.org/04vfsmv21,National Institutes of Health Clinical Center,US,United States,1,SNS,2011-2015,outgoing
https://ror.org/04vg26t07,"Nanosciences et Innovation pour les Matériaux, la Biomédecine et l'Énergie",FR,France,7,SNS,2011-2015,outgoing
https://ror.org/04vg4w365,Loughborough University,GB,United Kingdom,20,SNS,2011-2015,outgoing
https://ror.org/04vgkzj18,Ibaraki Prefectural University of Health Sciences,JP,Japan,1,SNS,2011-2015,outgoing
https://ror.org/04vgqjj36,Sahlgrenska University Hospital,SE,Sweden,33,SNS,2011-2015,outgoing
https://ror.org/04vh5xb31,Centennial Hills Hospital,US,United States,2,SNS,2011-2015,outgoing
https://ror.org/04vhgtv41,UniCancer Group,FR,France,2,SNS,2011-2015,outgoing
https://ror.org/04vhk9f59,Armagh Observatory & Planetarium,GB,United Kingdom,3,SNS,2011-2015,outgoing
https://ror.org/04vhygz79,World Bank,BA,Bosnia and Herzegovina,11,SNS,2011-2015,outgoing
https://ror.org/04vj6zn89,Institut Sophia Agrobiotech,FR,France,1,SNS,2011-2015,outgoing
https://ror.org/04vjs1b18,Houghton University,US,United States,1,SNS,2011-2015,outgoing
https://ror.org/04vjwcp92,Jan Evangelista Purkyně University in Ústí nad Labem,CZ,Czechia,1,SNS,2011-2015,outgoing
https://ror.org/04vmvtb21,Tulane University,US,United States,35,SNS,2011-2015,outgoing
https://ror.org/04vnq7t77,University of Stuttgart,DE,Germany,127,SNS,2011-2015,outgoing
https://ror.org/04vpw3947,Spire Southampton Hospital,GB,United Kingdom,4,SNS,2011-2015,outgoing
https://ror.org/04vq5kb54,UCLA Medical Center,US,United States,1,SNS,2011-2015,outgoing
https://ror.org/04vqm6w82,Whitehead Institute for Biomedical Research,US,United States,52,SNS,2011-2015,outgoing
https://ror.org/04vqzd428,Social Insurance Saitama Chuo Hospital,JP,Japan,1,SNS,2011-2015,outgoing
https://ror.org/04vr0gs97,Institute for Political Sciences,HU,Hungary,1,SNS,2011-2015,outgoing
https://ror.org/04vrqzz54,Unité de catalyse et de chimie du solide de Lille,FR,France,1,SNS,2011-2015,outgoing
https://ror.org/04vsvr128,International Centre for Diarrhoeal Disease Research,BD,Bangladesh,5,SNS,2011-2015,outgoing
https://ror.org/04vt65461,Duke Cancer Institute,US,United States,5,SNS,2011-2015,outgoing
https://ror.org/04vthwx70,Laboratoire de Réactivité de Surface,FR,France,3,SNS,2011-2015,outgoing
https://ror.org/04vtx5s55,University of Malawi,MW,Malawi,1,SNS,2011-2015,outgoing
https://ror.org/04vv4v570,Landmark College,US,United States,27,SNS,2011-2015,outgoing
https://ror.org/04vvfch80,Sistemas Genómicos,ES,Spain,1,SNS,2011-2015,outgoing
https://ror.org/04vy95b61,National Science and Technology Development Agency,TH,Thailand,1,SNS,2011-2015,outgoing
https://ror.org/04w3d2v20,University of the West of Scotland,GB,United Kingdom,99,SNS,2011-2015,outgoing
https://ror.org/04w3f9b42,Takarazuka City Hospital,JP,Japan,1,SNS,2011-2015,outgoing
https://ror.org/04w3jy968,Samsung (South Korea),KR,South Korea,20,SNS,2011-2015,outgoing
https://ror.org/04w441351,Levy Economics Institute of Bard College,US,United States,3,SNS,2011-2015,outgoing
https://ror.org/04w49dw51,Pacific Institute for the Mathematical Sciences,CA,Canada,2,SNS,2011-2015,outgoing
https://ror.org/04w4m6z96,"Istituto Nazionale di Fisica Nucleare, Sezione di Milano",IT,Italy,86,SNS,2011-2015,outgoing
https://ror.org/04w5etv87,Chengdu Institute of Biology,CN,China,4,SNS,2011-2015,outgoing
https://ror.org/04w5f4y88,Zewail City of Science and Technology,EG,Egypt,58,SNS,2011-2015,outgoing
https://ror.org/04w6mxh75,Bronx Community College,US,United States,1,SNS,2011-2015,outgoing
https://ror.org/04w6pnc49,Hungarian Research Network,HU,Hungary,1573,SNS,2011-2015,outgoing
https://ror.org/04w6xt508,University of Minnesota Crookston,US,United States,357,SNS,2011-2015,outgoing
https://ror.org/04w7skc03,University of Denver,US,United States,44,SNS,2011-2015,outgoing
https://ror.org/04w8tvc97,Nanospectra Biosciences (United States),US,United States,1,SNS,2011-2015,outgoing
https://ror.org/04w8z7f34,National Research Nuclear University MEPhI,RU,Russia,1634,SNS,2011-2015,outgoing
https://ror.org/04w9fbh59,Beijing University of Posts and Telecommunications,CN,China,13,SNS,2011-2015,outgoing
https://ror.org/04waf7p94,Instytut Biologii Doświadczalnej im. Marcelego Nenckiego,PL,Poland,9,SNS,2011-2015,outgoing
https://ror.org/04waqzz56,Isfahan University of Medical Sciences,IR,Iran,3,SNS,2011-2015,outgoing
https://ror.org/04wbzgn90,Universidad de Bogotá Jorge Tadeo Lozano,CO,Colombia,1,SNS,2011-2015,outgoing
https://ror.org/04wc5jk96,Montreal Children's Hospital,CA,Canada,3,SNS,2011-2015,outgoing
https://ror.org/04wcaa208,BirdLife international,GB,United Kingdom,1,SNS,2011-2015,outgoing
https://ror.org/04wcpjy25,Hokuriku University,JP,Japan,2,SNS,2011-2015,outgoing
https://ror.org/04wdt0z89,Rhine-Waal University of Applied Sciences,DE,Germany,1,SNS,2011-2015,outgoing
https://ror.org/04we7d902,Norwich University,US,United States,2,SNS,2011-2015,outgoing
https://ror.org/04wecwh56,Vinča Institute of Nuclear Sciences,RS,Serbia,764,SNS,2011-2015,outgoing
https://ror.org/04wedba92,Shell (United States),US,United States,7,SNS,2011-2015,outgoing
https://ror.org/04wez5e68,Université Paris 8,FR,France,668,SNS,2011-2015,outgoing
https://ror.org/04wffgt70,Universidade Estadual de Campinas (UNICAMP),BR,Brazil,465,SNS,2011-2015,outgoing
https://ror.org/04whb3988,Institute of Physics,GB,United Kingdom,2,SNS,2011-2015,outgoing
https://ror.org/04whfy367,Memorial Hospital of South Bend,US,United States,5,SNS,2011-2015,outgoing
https://ror.org/04whwem28,Japan College of Social Work,JP,Japan,2,SNS,2011-2015,outgoing
https://ror.org/04wjghj95,First Hospital of China Medical University,CN,China,3,SNS,2011-2015,outgoing
https://ror.org/04wjxkk25,Sonoma State University,US,United States,102,SNS,2011-2015,outgoing
https://ror.org/04wkdwp52,Institut Català de la Salut,ES,Spain,5,SNS,2011-2015,outgoing
https://ror.org/04wktzw65,Chinese Center For Disease Control and Prevention,CN,China,1,SNS,2011-2015,outgoing
https://ror.org/04wkzvc75,Fairleigh Dickinson University,US,United States,2,SNS,2011-2015,outgoing
https://ror.org/04wm52x94,National Agricultural Technology Institute,AR,Argentina,1,SNS,2011-2015,outgoing
https://ror.org/04wn09761,Universidade Federal do Rio Grande do Norte,BR,Brazil,1,SNS,2011-2015,outgoing
https://ror.org/04wn28048,University of Tulsa,US,United States,3,SNS,2011-2015,outgoing
https://ror.org/04wn7wc95,Nagoya City University,JP,Japan,4,SNS,2011-2015,outgoing
https://ror.org/04wncat98,The Wistar Institute,US,United States,7,SNS,2011-2015,outgoing
https://ror.org/04wnheq77,Institute for Physics,US,United States,3,SNS,2011-2015,outgoing
https://ror.org/04wq8zb47,Sultan Qaboos University,OM,Oman,18,SNS,2011-2015,outgoing
https://ror.org/04wqh5h97,Institute for Molecular Science,JP,Japan,34,SNS,2011-2015,outgoing
https://ror.org/04wrg1d30,Max Planck Research Unit for Enzymology of Protein Folding,DE,Germany,1,SNS,2011-2015,outgoing
https://ror.org/04ws26165,Institut Scientifique de Santé Publique,BE,Belgium,1,SNS,2011-2015,outgoing
https://ror.org/04ws47v52,Library and Information Centre of the Hungarian Academy of Sciences,HU,Hungary,2555,SNS,2011-2015,outgoing
https://ror.org/04ws6z706,Saint Xavier University,US,United States,2,SNS,2011-2015,outgoing
https://ror.org/04wsv7966,Center for Vascular Biology Research,US,United States,6,SNS,2011-2015,outgoing
https://ror.org/04wsvdt21,State Key Laboratory of Catalysis,CN,China,14,SNS,2011-2015,outgoing
https://ror.org/04wt43v05,Twitter (United States),US,United States,1,SNS,2011-2015,outgoing
https://ror.org/04wtq2305,China Geological Survey,CN,China,1,SNS,2011-2015,outgoing
https://ror.org/04wvkky61,Southern General Hospital,GB,United Kingdom,1,SNS,2011-2015,outgoing
https://ror.org/04ww0w091,Microsoft (India),IN,India,1,SNS,2011-2015,outgoing
https://ror.org/04ww21r56,Niigata University,JP,Japan,457,SNS,2011-2015,outgoing
https://ror.org/04wwgp209,Hebron University,PS,Palestine,1,SNS,2011-2015,outgoing
https://ror.org/04wwqze12,Peking University Third Hospital,CN,China,1,SNS,2011-2015,outgoing
https://ror.org/04wwrrg31,AstraZeneca (Sweden),SE,Sweden,4,SNS,2011-2015,outgoing
https://ror.org/04wwsbd59,ITRI International,US,United States,1,SNS,2011-2015,outgoing
https://ror.org/04wx4nj18,Centro Singular de Investigación en Química Biológica y Materiales Moleculares,ES,Spain,9,SNS,2011-2015,outgoing
https://ror.org/04wxdxa47,Hospital Universitari Germans Trias i Pujol,ES,Spain,5,SNS,2011-2015,outgoing
https://ror.org/04wyk9691,Cascades Volcano Observatory,US,United States,1,SNS,2011-2015,outgoing
https://ror.org/04wz9m339,Archéologies et Sciences de l’Antiquité,FR,France,1,SNS,2011-2015,outgoing
https://ror.org/04x0k0m51,Seokyeong University,KR,South Korea,1,SNS,2011-2015,outgoing
https://ror.org/04x0n3178,Instituto de Biología Molecular y Celular de Rosario,AR,Argentina,1,SNS,2011-2015,outgoing
https://ror.org/04x1arp29,Brain Hospital of Jilin,CN,China,1,SNS,2011-2015,outgoing
https://ror.org/04x1dwm38,Seikagaku Corporation (Japan),JP,Japan,1,SNS,2011-2015,outgoing
https://ror.org/04x2tmv91,Piedmont HealthCare,US,United States,1,SNS,2011-2015,outgoing
https://ror.org/04x3wvr31,Universidade Federal de Uberlândia,BR,Brazil,6,SNS,2011-2015,outgoing
https://ror.org/04x45f476,Fraunhofer Institute for Cell Therapy and Immunology,DE,Germany,4,SNS,2011-2015,outgoing
https://ror.org/04x48z588,European Laboratory for Non-Linear Spectroscopy,IT,Italy,81,SNS,2011-2015,outgoing
https://ror.org/04x4bjr17,"Universitätsklinik für Diabetologie, Endokrinologie, Ernährungsmedizin & Metabolismus",CH,Switzerland,10,SNS,2011-2015,outgoing
https://ror.org/04x4v8p40,Pfizer (United Kingdom),GB,United Kingdom,7,SNS,2011-2015,outgoing
https://ror.org/04x5wnb75,Academic Center for Dentistry Amsterdam,NL,The Netherlands,1,SNS,2011-2015,outgoing
https://ror.org/04x7ccp17,Babasaheb Bhimrao Ambedkar University,IN,India,1,SNS,2011-2015,outgoing
https://ror.org/04xaa4j22,Institut National des Sciences Appliquées de Rennes,FR,France,91,SNS,2011-2015,outgoing
https://ror.org/04xbkmk86,Center for Genomic Science,IT,Italy,4,SNS,2011-2015,outgoing
https://ror.org/04xbn6x09,Instituto Nacional de Pesquisas Espaciais,BR,Brazil,142,SNS,2011-2015,outgoing
https://ror.org/04xdyc983,Włodzimierz Trzebiatowski Institute of Low Temperature and Structure Research,PL,Poland,1,SNS,2011-2015,outgoing
https://ror.org/04xeg9z08,National Institute of Mental Health,US,United States,25,SNS,2011-2015,outgoing
https://ror.org/04xf6nm78,Cadi Ayyad University,MA,Morocco,1102,SNS,2011-2015,outgoing
https://ror.org/04xfdsg27,Telethon Institute Of Genetics And Medicine,IT,Italy,8,SNS,2011-2015,outgoing
https://ror.org/04xfhjr27,Great Western Hospital,GB,United Kingdom,1,SNS,2011-2015,outgoing
https://ror.org/04xfp8b22,Naval Research Laboratory Information Technology Division,US,United States,47,SNS,2011-2015,outgoing
https://ror.org/04xfq0f34,RWTH Aachen University,DE,Germany,4324,SNS,2011-2015,outgoing
https://ror.org/04xfsbk97,Shenzhen Third People’s Hospital,CN,China,1,SNS,2011-2015,outgoing
https://ror.org/04xftk194,De La Salle University,PH,Philippines,2,SNS,2011-2015,outgoing
https://ror.org/04xfwhf17,"National Institute of Technology, Kagawa College",JP,Japan,3,SNS,2011-2015,outgoing
https://ror.org/04xgbph11,Presidency University,IN,India,14,SNS,2011-2015,outgoing
https://ror.org/04xgcc957,Epoka University,AL,Albania,1,SNS,2011-2015,outgoing
https://ror.org/04xgh4d03,Ming Chi University of Technology,TW,Taiwan,1,SNS,2011-2015,outgoing
https://ror.org/04xhn5b95,Universitätsklinik für Kinder und Jugendpsychiatrie,AT,Austria,1,SNS,2011-2015,outgoing
https://ror.org/04xhy8q59,Université de Poitiers,FR,France,25,SNS,2011-2015,outgoing
https://ror.org/04xkdwy10,Instituto Superior Miguel Torga,PT,Portugal,2,SNS,2011-2015,outgoing
https://ror.org/04xm1d337,Joint Genome Institute,US,United States,8,SNS,2011-2015,outgoing
https://ror.org/04xmteb38,Laboratoire Jacques-Louis Lions,FR,France,27,SNS,2011-2015,outgoing
https://ror.org/04xp48827,European University Cyprus,CY,Cyprus,12,SNS,2011-2015,outgoing
https://ror.org/04xpsrn94,Institute of Molecular and Cell Biology,SG,Singapore,11,SNS,2011-2015,outgoing
https://ror.org/04xpv6e64,Centro de Química de Coimbra,PT,Portugal,4,SNS,2011-2015,outgoing
https://ror.org/04xqmb911,Institute of Medical Microbiology and Hygiene,DE,Germany,10,SNS,2011-2015,outgoing
https://ror.org/04xqwq985,Inje University,KR,South Korea,6,SNS,2011-2015,outgoing
https://ror.org/04xraxn18,Fondazione Telethon,IT,Italy,79,SNS,2011-2015,outgoing
https://ror.org/04xreqs31,Institute for Research in Fundamental Sciences,IR,Iran,1656,SNS,2011-2015,outgoing
https://ror.org/04xrjem68,Institute of Virology of the Slovak Academy of Sciences,SK,Slovakia,1,SNS,2011-2015,outgoing
https://ror.org/04xs57h96,University of Liverpool,GB,United Kingdom,5737,SNS,2011-2015,outgoing
https://ror.org/04xsf1c37,Estonian Biocentre,EE,Estonia,1,SNS,2011-2015,outgoing
https://ror.org/04xsj2p07,Observatoire astronomique de Strasbourg,FR,France,71,SNS,2011-2015,outgoing
https://ror.org/04xtpdj18,Institute of Mathematical Problems of Biology,RU,Russia,1,SNS,2011-2015,outgoing
https://ror.org/04xv01a59,The Pirbright Institute,GB,United Kingdom,4,SNS,2011-2015,outgoing
https://ror.org/04xv2pc41,Beijing Forestry University,CN,China,2,SNS,2011-2015,outgoing
https://ror.org/04xvfkh51,IMDEA Software Institute,ES,Spain,2,SNS,2011-2015,outgoing
https://ror.org/04xwksx09,Chaoyang University of Technology,TW,Taiwan,1,SNS,2011-2015,outgoing
https://ror.org/04xx1tc24,Max Planck Institute for Biology of Ageing,DE,Germany,56,SNS,2011-2015,outgoing
https://ror.org/04xx4z452,Johnson Space Center,US,United States,6,SNS,2011-2015,outgoing
https://ror.org/04xy45965,Tongji Hospital,CN,China,6,SNS,2011-2015,outgoing
https://ror.org/04xysgw12,Pohang University of Science and Technology,KR,South Korea,123,SNS,2011-2015,outgoing
https://ror.org/04xz38214,Joint Quantum Institute,US,United States,83,SNS,2011-2015,outgoing
https://ror.org/04xzgfg07,Hospital Nacional de Parapléjicos,ES,Spain,1,SNS,2011-2015,outgoing
https://ror.org/04y0x0x35,Queen Elizabeth University Hospital,GB,United Kingdom,1,SNS,2011-2015,outgoing
https://ror.org/04y4dkp70,PSG Institute of Advanced Studies,IN,India,1,SNS,2011-2015,outgoing
https://ror.org/04y4t7k95,National Institute of Oceanography and Applied Geophysics,IT,Italy,1,SNS,2011-2015,outgoing
https://ror.org/04y51qn38,Centre for Cosmology and Particle Physics Phenomenology,DK,Denmark,6,SNS,2011-2015,outgoing
https://ror.org/04y5kwa70,Université de Technologie de Compiègne,FR,France,2,SNS,2011-2015,outgoing
https://ror.org/04y6n3q27,Institute for High Energy Physics,NL,The Netherlands,641,SNS,2011-2015,outgoing
https://ror.org/04y75dx46,Institute of Medical Sciences,IN,India,7,SNS,2011-2015,outgoing
https://ror.org/04y8cs423,École Nationale Supérieure des Mines de Paris,FR,France,804,SNS,2011-2015,outgoing
https://ror.org/04ycpbx82,University of Westminster,GB,United Kingdom,19,SNS,2011-2015,outgoing
https://ror.org/04ydmy275,University of Massachusetts Boston,US,United States,50,SNS,2011-2015,outgoing
https://ror.org/04yej8x59,University of Tabuk,SA,Saudi Arabia,235,SNS,2011-2015,outgoing
https://ror.org/04yg23125,General University Hospital in Prague,CZ,Czechia,2,SNS,2011-2015,outgoing
https://ror.org/04ygk5j35,Universidade Estadual de Feira de Santana,BR,Brazil,5,SNS,2011-2015,outgoing
https://ror.org/04yhya597,Blue Marble Space Institute of Science,US,United States,1,SNS,2011-2015,outgoing
https://ror.org/04yj19304,California Baptist University,US,United States,7448,SNS,2011-2015,outgoing
https://ror.org/04yka3j04,CHA University,KR,South Korea,7,SNS,2011-2015,outgoing
https://ror.org/04ymgwq66,Changzhou University,CN,China,1,SNS,2011-2015,outgoing
https://ror.org/04yndey86,IUCN Species Survival Commission,CH,Switzerland,1,SNS,2011-2015,outgoing
https://ror.org/04ynw2g14,Information Technology Institute,EG,Egypt,2,SNS,2011-2015,outgoing
https://ror.org/04ypnrn45,Australian National Fabrication Facility,AU,Australia,2,SNS,2011-2015,outgoing
https://ror.org/04ypx8c21,Zhengzhou University,CN,China,94,SNS,2011-2015,outgoing
https://ror.org/04yqm9y25,Child and Family Research Institute,CA,Canada,13,SNS,2011-2015,outgoing
https://ror.org/04yqw9c44,Universidade Federal de Juiz de Fora,BR,Brazil,814,SNS,2011-2015,outgoing
https://ror.org/04yr71909,Royal Military College of Canada,CA,Canada,2,SNS,2011-2015,outgoing
https://ror.org/04yr81d29,Jogesh Chandra Chaudhuri College,IN,India,1,SNS,2011-2015,outgoing
https://ror.org/04yrgt058,Bard College,US,United States,3,SNS,2011-2015,outgoing
https://ror.org/04yrqp957,Université d'Angers,FR,France,20,SNS,2011-2015,outgoing
https://ror.org/04yrwqa21,Islamic Azad University Shahr-e-Rey,IR,Iran,1,SNS,2011-2015,outgoing
https://ror.org/04ys6zh37,Snolab,CA,Canada,14,SNS,2011-2015,outgoing
https://ror.org/04ysmca02,Irvine University,US,United States,12,SNS,2011-2015,outgoing
https://ror.org/04yt00889,Samsung (China),CN,China,1,SNS,2011-2015,outgoing
https://ror.org/04ytb9n23,Furman University,US,United States,4,SNS,2011-2015,outgoing
https://ror.org/04yvd9h56,Kanagawa Academy of Science and Technology,JP,Japan,1,SNS,2011-2015,outgoing
https://ror.org/04ywb0864,Jahangirnagar University,BD,Bangladesh,2,SNS,2011-2015,outgoing
https://ror.org/04ywg3445,New England Biolabs (United States),US,United States,7,SNS,2011-2015,outgoing
https://ror.org/04yx5fa32,Nutricia Research (Netherlands),NL,The Netherlands,1,SNS,2011-2015,outgoing
https://ror.org/04yxwc698,Cardiovascular Research Foundation,US,United States,2,SNS,2011-2015,outgoing
https://ror.org/04yy7zb66,Centre for Mental Health,GB,United Kingdom,5,SNS,2011-2015,outgoing
https://ror.org/04yznqr36,Université Jean Monnet,FR,France,48,SNS,2011-2015,outgoing
https://ror.org/04yzxz566,Ca' Foscari University of Venice,IT,Italy,282,SNS,2011-2015,outgoing
https://ror.org/04z08gp61,Institute of Biomedical Engineering,CA,Canada,6,SNS,2011-2015,outgoing
https://ror.org/04z08z627,University of Molise,IT,Italy,1012,SNS,2011-2015,outgoing
https://ror.org/04z22qz54,Institut des Sciences de l'Information et de leurs Interactions,FR,France,39,SNS,2011-2015,outgoing
https://ror.org/04z33a802,Istanbul Yeni Yüzyıl University,TR,Turkey,1,SNS,2011-2015,outgoing
https://ror.org/04z3aby64,First Affiliated Hospital of Hebei Medical University,CN,China,1,SNS,2011-2015,outgoing
https://ror.org/04z3y3f62,Osservatorio Astronomico di Padova,IT,Italy,95,SNS,2011-2015,outgoing
https://ror.org/04z49n283,Fairfield University,US,United States,2011,SNS,2011-2015,outgoing
https://ror.org/04z4wmb81,North China University of Science and Technology,CN,China,8,SNS,2011-2015,outgoing
https://ror.org/04z664d45,Whittier College,US,United States,1,SNS,2011-2015,outgoing
https://ror.org/04z6c2n17,University of Johannesburg,ZA,South Africa,1266,SNS,2011-2015,outgoing
https://ror.org/04z893x06,Langston University,US,United States,572,SNS,2011-2015,outgoing
https://ror.org/04z8jg394,GFZ Helmholtz Centre for Geosciences,DE,Germany,13,SNS,2011-2015,outgoing
https://ror.org/04z8k9a98,University of Coimbra,PT,Portugal,1136,SNS,2011-2015,outgoing
https://ror.org/04za2st18,National Health Service Scotland,GB,United Kingdom,1,SNS,2011-2015,outgoing
https://ror.org/04za5zm41,University Hospital Carl Gustav Carus,DE,Germany,14,SNS,2011-2015,outgoing
https://ror.org/04zaaa143,Laboratoire de Physique Théorique de la Matière Condensée,FR,France,9,SNS,2011-2015,outgoing
https://ror.org/04zaypm56,National Research Council,IT,Italy,4103,SNS,2011-2015,outgoing
https://ror.org/04zb31v77,Saitama Medical University,JP,Japan,7,SNS,2011-2015,outgoing
https://ror.org/04zb59n70,Leibniz Institute for Solid State and Materials Research,DE,Germany,18,SNS,2011-2015,outgoing
https://ror.org/04zbaj011,Seinan Jo Gakuin University,JP,Japan,1,SNS,2011-2015,outgoing
https://ror.org/04zbfd360,Centre de la science de la biodiversité du Québec,CA,Canada,1,SNS,2011-2015,outgoing
https://ror.org/04zc7p361,University of Kassel,DE,Germany,23,SNS,2011-2015,outgoing
https://ror.org/04zdays56,Instituto de Biología Molecular y Celular de Plantas,ES,Spain,7,SNS,2011-2015,outgoing
https://ror.org/04ze6rb18,University of Zimbabwe,ZW,Zimbabwe,2,SNS,2011-2015,outgoing
https://ror.org/04zet5t12,Swansea Bay University Health Board,GB,United Kingdom,1,SNS,2011-2015,outgoing
https://ror.org/04zfaj906,Catalan Institute for Water Research,ES,Spain,1,SNS,2011-2015,outgoing
https://ror.org/04zfmcq84,Children's Mercy Hospital,US,United States,7,SNS,2011-2015,outgoing
https://ror.org/04zfme737,Liverpool John Moores University,GB,United Kingdom,259,SNS,2011-2015,outgoing
https://ror.org/04zgj7914,State Key Laboratory of Food Science and Technology,CN,China,3,SNS,2011-2015,outgoing
https://ror.org/04zhhyn23,University Corporation for Atmospheric Research,US,United States,2,SNS,2011-2015,outgoing
https://ror.org/04zjtrb98,Old Dominion University,US,United States,59,SNS,2011-2015,outgoing
https://ror.org/04zjvnp94,Clalit Health Services,IL,Israel,5,SNS,2011-2015,outgoing
https://ror.org/04zke5364,Health Service Executive,IE,Ireland,7,SNS,2011-2015,outgoing
https://ror.org/04zmssz18,École Normale Supérieure de Lyon,FR,France,537,SNS,2011-2015,outgoing
https://ror.org/04zn42r77,Shahid Bahonar University of Kerman,IR,Iran,1,SNS,2011-2015,outgoing
https://ror.org/04zn72g03,Stavanger University Hospital,NO,Norway,2,SNS,2011-2015,outgoing
https://ror.org/04znhwb73,Centro de Investigación Científica y de Educación Superior de Ensenada,MX,Mexico,1,SNS,2011-2015,outgoing
https://ror.org/04znxe670,Universidad de Colima,MX,Mexico,1,SNS,2011-2015,outgoing
https://ror.org/04zp24820,Chennai Mathematical Institute,IN,India,3,SNS,2011-2015,outgoing
https://ror.org/04zrbnc33,Multimedia University,MY,Malaysia,1,SNS,2011-2015,outgoing
https://ror.org/04zrf7b53,University of Kaiserslautern,DE,Germany,67,SNS,2011-2015,outgoing
https://ror.org/04zs36046,Sardar Swaran Singh National Institute of Bio-Energy,IN,India,1,SNS,2011-2015,outgoing
https://ror.org/04zt79h83,Roche (Portugal),PT,Portugal,1,SNS,2011-2015,outgoing
https://ror.org/04zvqhj72,Wojskowy Instytut Medyczny,PL,Poland,1,SNS,2011-2015,outgoing
https://ror.org/04zvr0529,University of Pittsburgh School of Medicine,US,United States,8,SNS,2011-2015,outgoing
https://ror.org/04zw11527,National Institute of Plant Genome Research,IN,India,1,SNS,2011-2015,outgoing
https://ror.org/04zx3rq17,National Cheng Kung University Hospital,TW,Taiwan,2,SNS,2011-2015,outgoing
https://ror.org/04zyhq975,Heilongjiang University,CN,China,1,SNS,2011-2015,outgoing
https://ror.org/04zzdbj59,Canadian Nautical Research Society,CA,Canada,17,SNS,2011-2015,outgoing
https://ror.org/04zzwzx41,Hertie Institute for Clinical Brain Research,DE,Germany,7,SNS,2011-2015,outgoing
https://ror.org/0502a2655,National Institute for Occupational Safety and Health,US,United States,4,SNS,2011-2015,outgoing
https://ror.org/05031qk94,Taipei Medical University,TW,Taiwan,12,SNS,2011-2015,outgoing
https://ror.org/0504dfg48,Tohoku Gakuin University,JP,Japan,339,SNS,2011-2015,outgoing
https://ror.org/05060sz93,Jožef Stefan Institute,SI,Slovenia,26,SNS,2011-2015,outgoing
https://ror.org/0506y2b23,"Istituto Nazionale Tumori IRCCS ""Fondazione G. Pascale""",IT,Italy,19,SNS,2011-2015,outgoing
https://ror.org/05078rg59,Institute of Mathematical Sciences,IN,India,52,SNS,2011-2015,outgoing
https://ror.org/0509djg30,Indian Institute of Technology Dharwad,IN,India,96,SNS,2011-2015,outgoing
https://ror.org/0509ggw88,III V Lab,FR,France,1,SNS,2011-2015,outgoing
https://ror.org/050a13t43,Moscow State University,TJ,Tajikistan,14,SNS,2011-2015,outgoing
https://ror.org/050b31k83,Hunter New England Local Health District,AU,Australia,2,SNS,2011-2015,outgoing
https://ror.org/050batv17,Mater Hospital,GB,United Kingdom,1,SNS,2011-2015,outgoing
https://ror.org/050c3cw24,Universitat de Lleida,ES,Spain,7,SNS,2011-2015,outgoing
https://ror.org/050e1vh19,Centre for Rural and Remote Mental Health,AU,Australia,1,SNS,2011-2015,outgoing
https://ror.org/050fgfc71,State Key Laboratory of Applied Organic Chemistry,CN,China,4,SNS,2011-2015,outgoing
https://ror.org/050fhx250,Children's Healthcare of Atlanta,US,United States,1,SNS,2011-2015,outgoing
https://ror.org/050gn5214,Institut du Cerveau,FR,France,24,SNS,2011-2015,outgoing
https://ror.org/050j2vm64,Bangalore University,IN,India,1,SNS,2011-2015,outgoing
https://ror.org/050jcm728,Institut National des Sciences Mathématiques et de leurs Interactions,FR,France,255,SNS,2011-2015,outgoing
https://ror.org/050jn9y42,Institut National des Sciences Appliquées de Lyon,FR,France,52,SNS,2011-2015,outgoing
https://ror.org/050kcr883,Illinois State University,US,United States,594,SNS,2011-2015,outgoing
https://ror.org/050kf9c55,Wadsworth Center,US,United States,6,SNS,2011-2015,outgoing
https://ror.org/050m8a892,Commodity Futures Trading Commission,US,United States,1,SNS,2011-2015,outgoing
https://ror.org/050mac570,National Institute of Chemistry,SI,Slovenia,8,SNS,2011-2015,outgoing
https://ror.org/050p6gz73,Indian Association for the Cultivation of Science,IN,India,39,SNS,2011-2015,outgoing
https://ror.org/050pq4m56,Universiti Tunku Abdul Rahman,MY,Malaysia,2,SNS,2011-2015,outgoing
https://ror.org/050pqs331,MRC Human Nutrition Research,GB,United Kingdom,1,SNS,2011-2015,outgoing
https://ror.org/050qj5m48,University of Maine System,US,United States,3,SNS,2011-2015,outgoing
https://ror.org/050qmg959,Singapore Management University,SG,Singapore,47,SNS,2011-2015,outgoing
https://ror.org/050r7zc91,Institut Polytechnique des Sciences Avancées,FR,France,1,SNS,2011-2015,outgoing
https://ror.org/050ra0n32,Université de Corse Pascal Paoli,FR,France,17,SNS,2011-2015,outgoing
https://ror.org/050rg6t21,Prokhorov General Physics Institute,RU,Russia,3,SNS,2011-2015,outgoing
https://ror.org/050s6ns64,Fujian Medical University,CN,China,1,SNS,2011-2015,outgoing
https://ror.org/050sv4x28,Buck Institute for Research on Aging,US,United States,36,SNS,2011-2015,outgoing
https://ror.org/050wjeh45,Eisenhower Medical Center,US,United States,1,SNS,2011-2015,outgoing
https://ror.org/050xp5d36,Dipartimento della Protezione Civile,IT,Italy,1,SNS,2011-2015,outgoing
https://ror.org/050zdnc69,"Ministry of Science, Technology and Innovation",BR,Brazil,4024,SNS,2011-2015,outgoing
https://ror.org/050ztxn78,Madras Medical College,IN,India,1,SNS,2011-2015,outgoing
https://ror.org/0511cmw96,Indiana University of Pennsylvania,US,United States,1,SNS,2011-2015,outgoing
https://ror.org/0511k4970,Children's Hospital,TN,Tunisia,29,SNS,2011-2015,outgoing
https://ror.org/0511th722,Hôpital Albert-Chenevier,FR,France,3,SNS,2011-2015,outgoing
https://ror.org/0511yej17,Dartmouth Institute for Health Policy and Clinical Practice,US,United States,1,SNS,2011-2015,outgoing
https://ror.org/0515m2n86,Max Planck Institute for Comparative Public Law and International Law,DE,Germany,1,SNS,2011-2015,outgoing
https://ror.org/0515nd386,Northeast Agricultural University,CN,China,2,SNS,2011-2015,outgoing
https://ror.org/05167c961,Western University of Health Sciences,US,United States,4,SNS,2011-2015,outgoing
https://ror.org/0516ah480,"The Graduate University for Advanced Studies, SOKENDAI",JP,Japan,341,SNS,2011-2015,outgoing
https://ror.org/051777d98,United Nations Development Programme,US,United States,1,SNS,2011-2015,outgoing
https://ror.org/0518nb352,Nelson University,US,United States,1,SNS,2011-2015,outgoing
https://ror.org/0518wrr32,LIGO Scientific Collaboration,US,United States,15,SNS,2011-2015,outgoing
https://ror.org/051dggm19,Dublin Business School,IE,Ireland,2,SNS,2011-2015,outgoing
https://ror.org/051dzs374,Agriculture and Agri-Food Canada,CA,Canada,6,SNS,2011-2015,outgoing
https://ror.org/051dzw862,Gentofte Hospital,DK,Denmark,1,SNS,2011-2015,outgoing
https://ror.org/051e7s436,ARC Centre of Excellence in Advanced Molecular Imaging,AU,Australia,3,SNS,2011-2015,outgoing
https://ror.org/051ea1411,ELTE Centre for Economic and Regional Studies,HU,Hungary,1,SNS,2011-2015,outgoing
https://ror.org/051escj72,Université de Montpellier,FR,France,324,SNS,2011-2015,outgoing
https://ror.org/051fd9666,Case Western Reserve University,US,United States,324,SNS,2011-2015,outgoing
https://ror.org/051fk5x88,Heptares Therapeutics (United Kingdom),GB,United Kingdom,2,SNS,2011-2015,outgoing
https://ror.org/051fvmk98,University of Alabama System,US,United States,1771,SNS,2011-2015,outgoing
https://ror.org/051h0cw83,Iuliu Hațieganu University of Medicine and Pharmacy,RO,Romania,2,SNS,2011-2015,outgoing
https://ror.org/051hvcm98,Jiangsu Normal University,CN,China,15,SNS,2011-2015,outgoing
https://ror.org/051j50p12,The King's College,US,United States,2,SNS,2011-2015,outgoing
https://ror.org/051jg5p78,First Affiliated Hospital of Soochow University,CN,China,1,SNS,2011-2015,outgoing
https://ror.org/051jrjw38,University of Lahore,PK,Pakistan,42,SNS,2011-2015,outgoing
https://ror.org/051jybk56,Henan Provincial Eye Hospital,CN,China,1,SNS,2011-2015,outgoing
https://ror.org/051kay419,Yandex School of Data Analysis,RU,Russia,280,SNS,2011-2015,outgoing
https://ror.org/051kb4j80,Ludwig Boltzmann Institute of Osteology,AT,Austria,1,SNS,2011-2015,outgoing
https://ror.org/051kc1939,Herbert Irving Comprehensive Cancer Center,US,United States,4,SNS,2011-2015,outgoing
https://ror.org/051kpcy16,Université de Caen Normandie,FR,France,30,SNS,2011-2015,outgoing
https://ror.org/051m4vc48,Appalachian State University,US,United States,6,SNS,2011-2015,outgoing
https://ror.org/051mkwn17,World Islamic Sciences and Education University,JO,Jordan,1,SNS,2011-2015,outgoing
https://ror.org/051mrsz47,University of Skövde,SE,Sweden,1,SNS,2011-2015,outgoing
https://ror.org/051n2dc24,National Nuclear Laboratory,GB,United Kingdom,1,SNS,2011-2015,outgoing
https://ror.org/051prj435,Bishop's University,CA,Canada,1,SNS,2011-2015,outgoing
https://ror.org/051q2m369,Hankuk University of Foreign Studies,KR,South Korea,1,SNS,2011-2015,outgoing
https://ror.org/051qn8h41,Ilia State University,GE,Georgia,111,SNS,2011-2015,outgoing
https://ror.org/051r3tx83,North Carolina Central University,US,United States,1,SNS,2011-2015,outgoing
https://ror.org/051sk4035,Institut Cochin,FR,France,15,SNS,2011-2015,outgoing
https://ror.org/051smb947,Nagasaki Institute of Applied Science,JP,Japan,1957,SNS,2011-2015,outgoing
https://ror.org/051snsd81,Icelandic Heart Association,IS,Iceland,6,SNS,2011-2015,outgoing
https://ror.org/051sx6d27,Dublin Institute For Advanced Studies,IE,Ireland,21,SNS,2011-2015,outgoing
https://ror.org/051tr1y59,Luxembourg Centre for Systems Biomedicine,LU,Luxembourg,1,SNS,2011-2015,outgoing
https://ror.org/051tvr365,Pharmaceutical Biotechnology (Czechia),CZ,Czechia,1,SNS,2011-2015,outgoing
https://ror.org/051v7w268,Istituto Pasteur,IT,Italy,74,SNS,2011-2015,outgoing
https://ror.org/051wgfj58,"Institute of Biological, Environmental and Rural Sciences",GB,United Kingdom,2,SNS,2011-2015,outgoing
https://ror.org/051x4a456,Institute of Theoretical and Applied Electrodynamics,RU,Russia,1,SNS,2011-2015,outgoing
https://ror.org/051xsx468,Instituto de Biofísica Carlos Chagas Filho,BR,Brazil,3,SNS,2011-2015,outgoing
https://ror.org/051ywtd91,Institute of Applied Energy,JP,Japan,1,SNS,2011-2015,outgoing
https://ror.org/0520xdp94,University of Kut,IQ,Iraq,1,SNS,2011-2015,outgoing
https://ror.org/0521k5n17,Western Digital (Japan),JP,Japan,1,SNS,2011-2015,outgoing
https://ror.org/0522w3m69,Sinhgad Dental College and Hospital,IN,India,1,SNS,2011-2015,outgoing
https://ror.org/0523b6g79,Dalian Ocean University,CN,China,1,SNS,2011-2015,outgoing
https://ror.org/0523ssa79,VIVE - The Danish Center for Social Science Research,DK,Denmark,4,SNS,2011-2015,outgoing
https://ror.org/0524sp257,University of Bristol,GB,United Kingdom,5749,SNS,2011-2015,outgoing
https://ror.org/05256ym39,Kazan Federal University,RU,Russia,17,SNS,2011-2015,outgoing
https://ror.org/052578691,MRC Epidemiology Unit,GB,United Kingdom,1,SNS,2011-2015,outgoing
https://ror.org/05258q350,Institut Méditerranéen d’Océanologie,FR,France,11,SNS,2011-2015,outgoing
https://ror.org/0526p1y61,Oak Ridge Associated Universities,US,United States,4,SNS,2011-2015,outgoing
https://ror.org/05277x335,Joint Institute for Computational Sciences,US,United States,1,SNS,2011-2015,outgoing
https://ror.org/0527gjc91,Temple Street Children's University Hospital,IE,Ireland,2,SNS,2011-2015,outgoing
https://ror.org/0527mfk98,Central Institute of Medicinal and Aromatic Plants,IN,India,7,SNS,2011-2015,outgoing
https://ror.org/05290cv24,University of Naples Federico II,IT,Italy,6379,SNS,2011-2015,outgoing
https://ror.org/05299tt38,Fera Science (United Kingdom),GB,United Kingdom,1,SNS,2011-2015,outgoing
https://ror.org/0529fxt39,Palo Alto Research Center,US,United States,4,SNS,2011-2015,outgoing
https://ror.org/0529ybh43,Pepperdine University,US,United States,2,SNS,2011-2015,outgoing
https://ror.org/052ahj806,Centre de Génétique Moléculaire,FR,France,21,SNS,2011-2015,outgoing
https://ror.org/052bbtn31,Centre de Physique Théorique,FR,France,326,SNS,2011-2015,outgoing
https://ror.org/052bx8q98,Nazarbayev University,KZ,Kazakhstan,2,SNS,2011-2015,outgoing
https://ror.org/052bz7812,Université Paris Dauphine-PSL,FR,France,62,SNS,2011-2015,outgoing
https://ror.org/052cjbe24,National Institute of Oceanography and Fisheries,EG,Egypt,1,SNS,2011-2015,outgoing
https://ror.org/052cyyv97,Institute of Health Sciences,CN,China,2,SNS,2011-2015,outgoing
https://ror.org/052czxv31,Massey University,NZ,New Zealand,29,SNS,2011-2015,outgoing
https://ror.org/052d0h423,Max Planck Institute for Nuclear Physics,DE,Germany,1767,SNS,2011-2015,outgoing
https://ror.org/052d1a351,Museum für Naturkunde,DE,Germany,2,SNS,2011-2015,outgoing
https://ror.org/052eegr76,National Health and Family Planning Commission,CN,China,2,SNS,2011-2015,outgoing
https://ror.org/052fdp564,Enel (Italy),IT,Italy,3,SNS,2011-2015,outgoing
https://ror.org/052g8jq94,Universitat Autònoma de Barcelona,ES,Spain,3046,SNS,2011-2015,outgoing
https://ror.org/052gg0110,University of Oxford,GB,United Kingdom,9807,SNS,2011-2015,outgoing
https://ror.org/052jj4m32,EGI,NL,The Netherlands,1,SNS,2011-2015,outgoing
https://ror.org/052k2qm78,Industrial Research & Engineering (Germany),DE,Germany,1,SNS,2011-2015,outgoing
https://ror.org/052kcks88,Universidade Lusófona do Porto,PT,Portugal,144,SNS,2011-2015,outgoing
https://ror.org/052kdcb58,Institute for Nuclear Research,UA,Ukraine,145,SNS,2011-2015,outgoing
https://ror.org/052kwzs30,King Khalid University,SA,Saudi Arabia,1,SNS,2011-2015,outgoing
https://ror.org/052msxy68,Montana University System,US,United States,1,SNS,2011-2015,outgoing
https://ror.org/052r2q311,Texas Tech University Health Sciences Center,US,United States,12,SNS,2011-2015,outgoing
https://ror.org/052r2xn60,Johannes Kepler University of Linz,AT,Austria,42,SNS,2011-2015,outgoing
https://ror.org/052rphn09,Foundation for Research and Technology Hellas,GR,Greece,240,SNS,2011-2015,outgoing
https://ror.org/052rrw050,National Astronomical Observatory of Japan,JP,Japan,540,SNS,2011-2015,outgoing
https://ror.org/052tfza37,RTI International,US,United States,3,SNS,2011-2015,outgoing
https://ror.org/052tpj472,Instituto de Ingeniería,MX,Mexico,2,SNS,2011-2015,outgoing
https://ror.org/052v5pn20,Eastern Regional Research Center,US,United States,1,SNS,2011-2015,outgoing
https://ror.org/052vt9742,St. Joseph Medical Center,US,United States,1,SNS,2011-2015,outgoing
https://ror.org/052wcqj17,Institut de Biologie et Technologies,FR,France,6,SNS,2011-2015,outgoing
https://ror.org/052x09g67,Norwegian Film Institute,NO,Norway,2,SNS,2011-2015,outgoing
https://ror.org/052x1hs80,Netherlands Environmental Assessment Agency,NL,The Netherlands,1,SNS,2011-2015,outgoing
https://ror.org/052x5ps19,Foundation for Applied Molecular Evolution,US,United States,1,SNS,2011-2015,outgoing
https://ror.org/052z2q786,Universidade do Extremo Sul Catarinense,BR,Brazil,2,SNS,2011-2015,outgoing
https://ror.org/052z7nw84,University of Education,PK,Pakistan,6,SNS,2011-2015,outgoing
https://ror.org/052zrr036,Canik Başarı University,TR,Turkey,1,SNS,2011-2015,outgoing
https://ror.org/0530bdk91,Magna Graecia University,IT,Italy,30,SNS,2011-2015,outgoing
https://ror.org/0530pts50,South China University of Technology,CN,China,22,SNS,2011-2015,outgoing
https://ror.org/0531xck41,Southeastern Louisiana University,US,United States,122,SNS,2011-2015,outgoing
https://ror.org/05323zs40,Foundation for Economic Education,US,United States,2,SNS,2011-2015,outgoing
https://ror.org/0532c1x92,Poznań University of Economics and Business,PL,Poland,1,SNS,2011-2015,outgoing
https://ror.org/0532wcf75,Electronics Research Institute,EG,Egypt,1,SNS,2011-2015,outgoing
https://ror.org/053336823,Riddet Institute,NZ,New Zealand,2,SNS,2011-2015,outgoing
https://ror.org/0533nhm89,Institute of Polymers,CH,Switzerland,1,SNS,2011-2015,outgoing
https://ror.org/0534bc363,Centre Cardiologique du Nord,FR,France,1,SNS,2011-2015,outgoing
https://ror.org/0534re684,Max Planck Institute for Evolutionary Biology,DE,Germany,1,SNS,2011-2015,outgoing
https://ror.org/05350h943,Center of Advanced European Studies and Research,DE,Germany,11,SNS,2011-2015,outgoing
https://ror.org/0535cbe18,Kanazawa Medical University,JP,Japan,3,SNS,2011-2015,outgoing
https://ror.org/05362x394,MRC Toxicology Unit,GB,United Kingdom,1,SNS,2011-2015,outgoing
https://ror.org/05367a632,Plateforme Technologique d'Innovation Biomédicale,FR,France,1,SNS,2011-2015,outgoing
https://ror.org/0538gdx71,Jawaharlal Nehru Centre for Advanced Scientific Research,IN,India,19,SNS,2011-2015,outgoing
https://ror.org/053avzc18,Czech Academy of Sciences,CZ,Czechia,3042,SNS,2011-2015,outgoing
https://ror.org/053bp9m60,Children's of Alabama,US,United States,1,SNS,2011-2015,outgoing
https://ror.org/053brmk41,Association des Annales de l'institut Fourier,FR,France,1,SNS,2011-2015,outgoing
https://ror.org/053d3tv41,International University of Health and Welfare,JP,Japan,1,SNS,2011-2015,outgoing
https://ror.org/053e8a708,Showa Pharmaceutical University,JP,Japan,6,SNS,2011-2015,outgoing
https://ror.org/053ez2v94,ADA University,AZ,Azerbaijan,1,SNS,2011-2015,outgoing
https://ror.org/053f2w588,Manisa Celal Bayar University,TR,Turkey,517,SNS,2011-2015,outgoing
https://ror.org/053fh2363,Benedictine University,US,United States,13,SNS,2011-2015,outgoing
https://ror.org/053fp5c05,Ewha Womans University,KR,South Korea,847,SNS,2011-2015,outgoing
https://ror.org/053fq8t95,Swansea University,GB,United Kingdom,143,SNS,2011-2015,outgoing
https://ror.org/053g6we49,Zagazig University,EG,Egypt,1,SNS,2011-2015,outgoing
https://ror.org/053gv2m95,Novartis Institutes for BioMedical Research,CH,Switzerland,12,SNS,2011-2015,outgoing
https://ror.org/053hkmn05,Primary Children's Hospital,US,United States,3,SNS,2011-2015,outgoing
https://ror.org/053j10c72,Instituto Murciano de Investigación Biosanitaria,ES,Spain,1,SNS,2011-2015,outgoing
https://ror.org/053k40h13,Chevron (Netherlands),NL,The Netherlands,1,SNS,2011-2015,outgoing
https://ror.org/053k5y417,Institute for Molecular Medicine,US,United States,6,SNS,2011-2015,outgoing
https://ror.org/053kxkj53,Unité de Modélisation Mathématique et Informatique des Systèmes Complexes,FR,France,1,SNS,2011-2015,outgoing
https://ror.org/053nycv62,Korea University of Technology and Education,KR,South Korea,1,SNS,2011-2015,outgoing
https://ror.org/053pw6b94,Vitenparken,NO,Norway,979,SNS,2011-2015,outgoing
https://ror.org/053q96737,International Renal Research Institute of Vicenza,IT,Italy,1,SNS,2011-2015,outgoing
https://ror.org/053qwyf63,Japan Tobacco (United States),US,United States,1,SNS,2011-2015,outgoing
https://ror.org/053r20n13,"Ragon Institute of MGH, MIT and Harvard",US,United States,2,SNS,2011-2015,outgoing
https://ror.org/053rcsq61,Academy of Scientific and Innovative Research,IN,India,2,SNS,2011-2015,outgoing
https://ror.org/053rfa017,Institute for Infocomm Research,SG,Singapore,3,SNS,2011-2015,outgoing
https://ror.org/053sba816,"Donders Institute for Brain, Cognition and Behaviour",NL,The Netherlands,3,SNS,2011-2015,outgoing
https://ror.org/053sksp51,Perth Observatory,AU,Australia,11,SNS,2011-2015,outgoing
https://ror.org/053sycd29,Technological Institute for Superhard and Novel Carbon Materials,RU,Russia,1,SNS,2011-2015,outgoing
https://ror.org/053tmcn30,MIT-Harvard Center for Ultracold Atoms,US,United States,11,SNS,2011-2015,outgoing
https://ror.org/053ts2049,Institute of Human Movement Sciences and Sport,CH,Switzerland,7,SNS,2011-2015,outgoing
https://ror.org/053v2gh09,Second Xiangya Hospital of Central South University,CN,China,4,SNS,2011-2015,outgoing
https://ror.org/053v8b344,Economic Policy Institute,US,United States,22,SNS,2011-2015,outgoing
https://ror.org/053w1zy07,Hunan Normal University,CN,China,46,SNS,2011-2015,outgoing
https://ror.org/053x9s498,Université d'Artois,FR,France,8,SNS,2011-2015,outgoing
https://ror.org/054225q67,Cancer Research UK,GB,United Kingdom,54,SNS,2011-2015,outgoing
https://ror.org/054341q84,KTO Karatay University,TR,Turkey,57,SNS,2011-2015,outgoing
https://ror.org/0543j5e78,Voronezh State University,RU,Russia,1,SNS,2011-2015,outgoing
https://ror.org/054484h93,VA Portland Health Care System,US,United States,5,SNS,2011-2015,outgoing
https://ror.org/0545p3742,Plovdiv University,BG,Bulgaria,6,SNS,2011-2015,outgoing
https://ror.org/0546hnb39,University of Konstanz,DE,Germany,81,SNS,2011-2015,outgoing
https://ror.org/05478fx36,"Istituto Nazionale di Fisica Nucleare, Sezione di Perugia",IT,Italy,145,SNS,2011-2015,outgoing
https://ror.org/0547sz392,American Thoracic Society,US,United States,1,SNS,2011-2015,outgoing
https://ror.org/0547yzj13,Yıldız Technical University,TR,Turkey,905,SNS,2011-2015,outgoing
https://ror.org/054a6wv56,Institute of Space Science - INFLPR Subsidiary,RO,Romania,199,SNS,2011-2015,outgoing
https://ror.org/054a9s036,College of Industrial Technology,JP,Japan,2,SNS,2011-2015,outgoing
https://ror.org/054b0b564,Texas Christian University,US,United States,31,SNS,2011-2015,outgoing
https://ror.org/054bfvp24,"Cooperative Institute for Climate, Ocean, & Ecosystem Studies",US,United States,1,SNS,2011-2015,outgoing
https://ror.org/054bzew20,Cellular Dynamics International (United States),US,United States,2,SNS,2011-2015,outgoing
https://ror.org/054d77k59,University of Agriculture Faisalabad,PK,Pakistan,2,SNS,2011-2015,outgoing
https://ror.org/054df1z79,Instituto de Estudios Sociales Avanzados,ES,Spain,1,SNS,2011-2015,outgoing
https://ror.org/054eytx62,University of Belgrade - Faculty of Mechanical Engineering,RS,Serbia,1,SNS,2011-2015,outgoing
https://ror.org/054fae424,"Centre Observation, Impacts, Énergie",FR,France,4,SNS,2011-2015,outgoing
https://ror.org/054gdnq27,Bosch Health Campus,DE,Germany,12,SNS,2011-2015,outgoing
https://ror.org/054gk2851,St Thomas' Hospital,GB,United Kingdom,6,SNS,2011-2015,outgoing
https://ror.org/054gw3b40,Baku State University,AZ,Azerbaijan,1,SNS,2011-2015,outgoing
https://ror.org/054gzqw08,Central Connecticut State University,US,United States,1,SNS,2011-2015,outgoing
https://ror.org/054hm6j14,Vollum Institute,US,United States,8,SNS,2011-2015,outgoing
https://ror.org/054hmd463,Toshiba (United Kingdom),GB,United Kingdom,2,SNS,2011-2015,outgoing
https://ror.org/054jfj847,National Bank of Belgium,BE,Belgium,1,SNS,2011-2015,outgoing
https://ror.org/054kvr030,University System of Taiwan,TW,Taiwan,2832,SNS,2011-2015,outgoing
https://ror.org/054pv6659,Universität Innsbruck,AT,Austria,1646,SNS,2011-2015,outgoing
https://ror.org/054qehp48,Nederlandse Onderzoekschool Voor Astronomie,NL,The Netherlands,1,SNS,2011-2015,outgoing
https://ror.org/054qv7y42,Institut Polytechnique de Bordeaux,FR,France,60,SNS,2011-2015,outgoing
https://ror.org/054qz6938,École de Gouvernance et d'Économie de Rabat,MA,Morocco,1,SNS,2011-2015,outgoing
https://ror.org/054spjc55,University of Colorado Colorado Springs,US,United States,15,SNS,2011-2015,outgoing
https://ror.org/054tmk179,Isaac Newton Group,ES,Spain,10,SNS,2011-2015,outgoing
https://ror.org/054vayn55,Consorci Institut D'Investigacions Biomediques August Pi I Sunyer,ES,Spain,1,SNS,2011-2015,outgoing
https://ror.org/054vff263,Instituto de Investigaciones Químicas,ES,Spain,2,SNS,2011-2015,outgoing
https://ror.org/054w3nm73,VA Mid-Atlantic Health Care Network,US,United States,2,SNS,2011-2015,outgoing
https://ror.org/054wms778,Association pour l'Utilisation du Rein Artificiel,FR,France,1,SNS,2011-2015,outgoing
https://ror.org/054x1kd82,Guangxi Academy of Sciences,CN,China,1,SNS,2011-2015,outgoing
https://ror.org/054xkpr46,Gazi University,TR,Turkey,1101,SNS,2011-2015,outgoing
https://ror.org/054xxtt73,Tinbergen Institute,NL,The Netherlands,20,SNS,2011-2015,outgoing
https://ror.org/054ye0e45,Istituto di Analisi dei Sistemi ed Informatica Antonio Ruberti,IT,Italy,5,SNS,2011-2015,outgoing
https://ror.org/0550dmh35,Centre Interdisciplinaire de Nanoscience de Marseille,FR,France,4,SNS,2011-2015,outgoing
https://ror.org/05510vn56,Federico Santa María Technical University,CL,Chile,1904,SNS,2011-2015,outgoing
https://ror.org/05514hp74,Laboratory of Fundamental and Applied Bioenergetics,FR,France,5,SNS,2011-2015,outgoing
https://ror.org/0551gkb08,Stanford SystemX Alliance,US,United States,3,SNS,2011-2015,outgoing
https://ror.org/0553yr311,Universidad de La Rioja,ES,Spain,5,SNS,2011-2015,outgoing
https://ror.org/0554h7e84,Department of Earth Sciences,RU,Russia,16,SNS,2011-2015,outgoing
https://ror.org/055546q82,Ministry of Health,VN,Vietnam,1,SNS,2011-2015,outgoing
https://ror.org/0555ezg60,Huaiyin Institute of Technology,CN,China,1,SNS,2011-2015,outgoing
https://ror.org/0556gk990,Touro University California,US,United States,170,SNS,2011-2015,outgoing
https://ror.org/05588ks88,Laboratoire de Linguistique et Didactique des Langues Etrangères et Maternelles,FR,France,1,SNS,2011-2015,outgoing
https://ror.org/0558j5q12,Universitatea Națională de Știință și Tehnologie Politehnica București,RO,Romania,801,SNS,2011-2015,outgoing
https://ror.org/0558jee48,World Health Organization - Italy,IT,Italy,1,SNS,2011-2015,outgoing
https://ror.org/05591te55,Ludwig-Maximilians-Universität München,DE,Germany,2762,SNS,2011-2015,outgoing
https://ror.org/055bpw879,MRC Cognition and Brain Sciences Unit,GB,United Kingdom,6,SNS,2011-2015,outgoing
https://ror.org/055camg08,Scintillon Institute,US,United States,3,SNS,2011-2015,outgoing
https://ror.org/055cpj147,Centro Interuniversitario di Ricerca sui Peptidi Bioattivi,IT,Italy,1,SNS,2011-2015,outgoing
https://ror.org/055eqsb67,National University of Mar del Plata,AR,Argentina,1,SNS,2011-2015,outgoing
https://ror.org/055f7t516,National Research University Higher School of Economics,RU,Russia,94,SNS,2011-2015,outgoing
https://ror.org/055fzrq49,Sardar Patel Renewable Energy Research Institute,IN,India,1,SNS,2011-2015,outgoing
https://ror.org/055gkcy74,Union Hospital,CN,China,2,SNS,2011-2015,outgoing
https://ror.org/055jskg35,Eastman Dental Hospital,GB,United Kingdom,2,SNS,2011-2015,outgoing
https://ror.org/055kfjr35,"Institute of Life, Earth and Environment",BE,Belgium,2,SNS,2011-2015,outgoing
https://ror.org/055khg266,Institut Universitaire de France,FR,France,214,SNS,2011-2015,outgoing
https://ror.org/055mf0v62,King Mongkut's Institute of Technology Ladkrabang,TH,Thailand,1,SNS,2011-2015,outgoing
https://ror.org/055n47h92,National Institutes of Natural Sciences,JP,Japan,189,SNS,2011-2015,outgoing
https://ror.org/055p14r26,University of Turkish Aeronautical Association,TR,Turkey,1,SNS,2011-2015,outgoing
https://ror.org/055qbch41,Institute of Basic Medical Sciences of the Chinese Academy of Medical Sciences,CN,China,9,SNS,2011-2015,outgoing
https://ror.org/055rjs771,Institute of Microbial Technology,IN,India,2,SNS,2011-2015,outgoing
https://ror.org/055s37c97,Leibniz-Institut für Naturstoff-Forschung und Infektionsbiologie e. V. - Hans-Knöll-Institut (HKI),DE,Germany,68,SNS,2011-2015,outgoing
https://ror.org/055ss7a31,Physique des Cellules et Cancers,FR,France,6,SNS,2011-2015,outgoing
https://ror.org/055ttwk14,World Health Organization - Egypt,EG,Egypt,1,SNS,2011-2015,outgoing
https://ror.org/055v9fh02,Laboratório Nacional de Astrofísica,BR,Brazil,2,SNS,2011-2015,outgoing
https://ror.org/055vbxf86,Addenbrooke's Hospital,GB,United Kingdom,32,SNS,2011-2015,outgoing
https://ror.org/055vn7m78,INGV Osservatorio Vesuviano,IT,Italy,6,SNS,2011-2015,outgoing
https://ror.org/055yb9v95,IBM (Netherlands),NL,The Netherlands,9,SNS,2011-2015,outgoing
https://ror.org/055yf1005,Nagoya Institute of Technology,JP,Japan,3,SNS,2011-2015,outgoing
https://ror.org/055yg0521,University of Maryland School of Medicine,US,United States,27,SNS,2011-2015,outgoing
https://ror.org/055zmrh94,John Innes Centre,GB,United Kingdom,1,SNS,2011-2015,outgoing
https://ror.org/0560q5470,Rosatom (Russia),RU,Russia,1,SNS,2011-2015,outgoing
https://ror.org/0561a3s31,University of St.Gallen,CH,Switzerland,42,SNS,2011-2015,outgoing
https://ror.org/0561ghm58,Slovak University of Technology in Bratislava,SK,Slovakia,3,SNS,2011-2015,outgoing
https://ror.org/0561n6946,Romanian Academy,RO,Romania,10,SNS,2011-2015,outgoing
https://ror.org/0561z8p38,Rijnstate Hospital,NL,The Netherlands,1,SNS,2011-2015,outgoing
https://ror.org/0561zqn56,University System of Ohio,US,United States,2903,SNS,2011-2015,outgoing
https://ror.org/05626m728,"John H. Stroger, Jr. Hospital of Cook County",US,United States,1,SNS,2011-2015,outgoing
https://ror.org/0563pg902,Lingnan University,CN,China,1,SNS,2011-2015,outgoing
https://ror.org/0563w1497,The Nature Conservancy,US,United States,1,SNS,2011-2015,outgoing
https://ror.org/056546b03,Gilead Sciences (United States),US,United States,5,SNS,2011-2015,outgoing
https://ror.org/0566a8c54,University of North Carolina System,US,United States,139,SNS,2011-2015,outgoing
https://ror.org/0566bfb96,Naturalis Biodiversity Center,NL,The Netherlands,1,SNS,2011-2015,outgoing
https://ror.org/0566sj483,Earlham College,US,United States,2,SNS,2011-2015,outgoing
https://ror.org/0566t4z20,Université de Dschang,CM,Cameroon,1,SNS,2011-2015,outgoing
https://ror.org/0567gec15,The Memory Clinic,US,United States,5,SNS,2011-2015,outgoing
https://ror.org/0567t7073,Fox Chase Cancer Center,US,United States,9,SNS,2011-2015,outgoing
https://ror.org/0567v8t28,Jawaharlal Nehru University,IN,India,7,SNS,2011-2015,outgoing
https://ror.org/0567w8j84,Bowie State University,US,United States,4,SNS,2011-2015,outgoing
https://ror.org/0568g2481,The Nonwovens Institute,US,United States,2,SNS,2011-2015,outgoing
https://ror.org/0569bbe51,Connecticut Mental Health Center,US,United States,1,SNS,2011-2015,outgoing
https://ror.org/0569mkk41,Zhejiang Gongshang University,CN,China,1,SNS,2011-2015,outgoing
https://ror.org/0569vjj73,Australian Wine Research Institute,AU,Australia,1,SNS,2011-2015,outgoing
https://ror.org/056a6x975,Ministry of Infrastructure and Water Management,NL,The Netherlands,1,SNS,2011-2015,outgoing
https://ror.org/056ajev02,Birmingham Women’s and Children’s NHS Foundation Trust,GB,United Kingdom,5,SNS,2011-2015,outgoing
https://ror.org/056am2717,Brock University,CA,Canada,2,SNS,2011-2015,outgoing
https://ror.org/056cn0e37,The Catholic University of Korea Seoul St. Mary's Hospital,KR,South Korea,3,SNS,2011-2015,outgoing
https://ror.org/056cwr036,Health Holland,NL,The Netherlands,1,SNS,2011-2015,outgoing
https://ror.org/056d3gw71,Dominican University of California,US,United States,4,SNS,2011-2015,outgoing
https://ror.org/056d9c052,Hyogo University of Health Sciences,JP,Japan,1,SNS,2011-2015,outgoing
https://ror.org/056ddyv20,Panteion University,GR,Greece,1,SNS,2011-2015,outgoing
https://ror.org/056ef9489,Qilu Hospital of Shandong University,CN,China,2,SNS,2011-2015,outgoing
https://ror.org/056efxn58,"Klinik und Poliklinik für Urologie, Kinderurologie und Andrologie",DE,Germany,1,SNS,2011-2015,outgoing
https://ror.org/056ep7w45,Siksha O Anusandhan University,IN,India,4,SNS,2011-2015,outgoing
https://ror.org/056ffv270,Imperial College Healthcare NHS Trust,GB,United Kingdom,22,SNS,2011-2015,outgoing
https://ror.org/056g7f250,Laboratoire de Chimie et Physique Quantiques,FR,France,41,SNS,2011-2015,outgoing
https://ror.org/056h71x09,Institute for Bioengineering of Catalonia,ES,Spain,4,SNS,2011-2015,outgoing
https://ror.org/056hr4255,Eastern Virginia Medical School,US,United States,6,SNS,2011-2015,outgoing
https://ror.org/056hzt889,Institute for Quantum Optics and Quantum Information Innsbruck,AT,Austria,53,SNS,2011-2015,outgoing
https://ror.org/056jjra10,Jewish General Hospital,CA,Canada,8,SNS,2011-2015,outgoing
https://ror.org/056ksgr44,PTT Public Company Limited (Thailand),TH,Thailand,1,SNS,2011-2015,outgoing
https://ror.org/056mctw68,Université Constantine 2,DZ,Algeria,1,SNS,2011-2015,outgoing
https://ror.org/056n05x05,Laboratoire de Chimie des Polymères Organiques,FR,France,9,SNS,2011-2015,outgoing
https://ror.org/056nc1c48,European Food Safety Authority,IT,Italy,1,SNS,2011-2015,outgoing
https://ror.org/056r5vk88,Penza State University,RU,Russia,18,SNS,2011-2015,outgoing
https://ror.org/056rz2k22,Ibs (France),FR,France,1,SNS,2011-2015,outgoing
https://ror.org/056s65p46,Universidade Federal de Ouro Preto,BR,Brazil,5,SNS,2011-2015,outgoing
https://ror.org/056swr059,First Affiliated Hospital of Zhengzhou University,CN,China,2,SNS,2011-2015,outgoing
https://ror.org/056szk247,Jishou University,CN,China,1,SNS,2011-2015,outgoing
https://ror.org/056tb3809,Kantonsspital Aarau,CH,Switzerland,1,SNS,2011-2015,outgoing
https://ror.org/056tb7j80,Universidad Nacional de Córdoba,AR,Argentina,92,SNS,2011-2015,outgoing
https://ror.org/056tn4839,Sogang University,KR,South Korea,16,SNS,2011-2015,outgoing
https://ror.org/056vnsb08,Royal Ottawa Mental Health Centre,CA,Canada,1,SNS,2011-2015,outgoing
https://ror.org/056wg8a82,Le Bonheur Children's Hospital,US,United States,1,SNS,2011-2015,outgoing
https://ror.org/056y3dw16,Hubei Normal University,CN,China,3,SNS,2011-2015,outgoing
https://ror.org/056yktd04,Institute of Environmental Assessment and Water Research,ES,Spain,3,SNS,2011-2015,outgoing
https://ror.org/056zprp28,Microsoft Research New York City (United States),US,United States,1,SNS,2011-2015,outgoing
https://ror.org/05709zb94,Hamilton College,US,United States,22,SNS,2011-2015,outgoing
https://ror.org/05739xz97,Korea Information Society Development Institute,KR,South Korea,1,SNS,2011-2015,outgoing
https://ror.org/0574bwf68,Holy Cross College,US,United States,1,SNS,2011-2015,outgoing
https://ror.org/0574dzy90,William Harvey Research Institute,GB,United Kingdom,7,SNS,2011-2015,outgoing
https://ror.org/0574eex11,Temasek Life Sciences Laboratory,SG,Singapore,2,SNS,2011-2015,outgoing
https://ror.org/05750v978,National School of Political Science and Public Administration,RO,Romania,1,SNS,2011-2015,outgoing
https://ror.org/05757k612,Sree Chitra Thirunal Institute for Medical Sciences and Technology,IN,India,1,SNS,2011-2015,outgoing
https://ror.org/0575jwx13,Akademickie Centrum Komputerowe Cyfronet AGH,PL,Poland,2,SNS,2011-2015,outgoing
https://ror.org/0575ycz84,Prince of Songkla University,TH,Thailand,2,SNS,2011-2015,outgoing
https://ror.org/0575yy874,University Medical Center Utrecht,NL,The Netherlands,55,SNS,2011-2015,outgoing
https://ror.org/0576by029,Athena Research and Innovation Center In Information Communication & Knowledge Technologies,GR,Greece,2,SNS,2011-2015,outgoing
https://ror.org/0577sef82,Severtsov Institute of Ecology and Evolution,RU,Russia,1,SNS,2011-2015,outgoing
https://ror.org/05783y657,Smith-Kettlewell Eye Research Institute,US,United States,4,SNS,2011-2015,outgoing
https://ror.org/0578f1k82,Henan Institute of Science and Technology,CN,China,5,SNS,2011-2015,outgoing
https://ror.org/0578w5a44,Yellow Sea Fisheries Research Institute,CN,China,1,SNS,2011-2015,outgoing
https://ror.org/057915t59,Instituto de Agrobiotecnología del Litoral,AR,Argentina,2,SNS,2011-2015,outgoing
https://ror.org/0579jh693,Skin Research Center,FR,France,6,SNS,2011-2015,outgoing
https://ror.org/057ap5t09,RK University,IN,India,1,SNS,2011-2015,outgoing
https://ror.org/057apef51,Centre québécois sur les matériaux fonctionnels,CA,Canada,1,SNS,2011-2015,outgoing
https://ror.org/057aq1y25,Istituto Nazionale di Riposo e Cura per Anziani,IT,Italy,1,SNS,2011-2015,outgoing
https://ror.org/057d2v504,Kohat University of Science and Technology,PK,Pakistan,2,SNS,2011-2015,outgoing
https://ror.org/057er4c39,Laboratoire Traitement et Communication de l’Information,FR,France,82,SNS,2011-2015,outgoing
https://ror.org/057ewhh68,Augsburg University,US,United States,17,SNS,2011-2015,outgoing
https://ror.org/057f4mk30,Islamic Azad University Janah,IR,Iran,14,SNS,2011-2015,outgoing
https://ror.org/057ff4y42,BOKU University,AT,Austria,18,SNS,2011-2015,outgoing
https://ror.org/057g1dn72,Kumamoto Chuo Hospital,JP,Japan,1,SNS,2011-2015,outgoing
https://ror.org/057g20z61,Science and Technology Facilities Council,GB,United Kingdom,7905,SNS,2011-2015,outgoing
https://ror.org/057jm7w82,Tokyo University of Pharmacy and Life Sciences,JP,Japan,3,SNS,2011-2015,outgoing
https://ror.org/057jnjd73,Institute of Mechanics,CN,China,6,SNS,2011-2015,outgoing
https://ror.org/057jrqr44,University of East London,GB,United Kingdom,3,SNS,2011-2015,outgoing
https://ror.org/057mn3690,National Chemical Laboratory,IN,India,9,SNS,2011-2015,outgoing
https://ror.org/057n4xq60,Institute of Higher Nervous Activity and Neurophysiology,RU,Russia,2,SNS,2011-2015,outgoing
https://ror.org/057nqxc22,West Virginia Wesleyan College,US,United States,5,SNS,2011-2015,outgoing
https://ror.org/057q6n778,Dongguk University,KR,South Korea,27,SNS,2011-2015,outgoing
https://ror.org/057qpr032,Université de Bordeaux,FR,France,255,SNS,2011-2015,outgoing
https://ror.org/057ts1y80,Islamic University of Gaza,PS,Palestine,6,SNS,2011-2015,outgoing
https://ror.org/057w15z03,Erasmus University Rotterdam,NL,The Netherlands,199,SNS,2011-2015,outgoing
https://ror.org/057x6za15,University of Carthage,TN,Tunisia,4,SNS,2011-2015,outgoing
https://ror.org/057xmsr27,Virginia Commonwealth University Medical Center,US,United States,1,SNS,2011-2015,outgoing
https://ror.org/057xtrt18,Kurume University,JP,Japan,3,SNS,2011-2015,outgoing
https://ror.org/057zme681,Laboratoire de Chimie Bactérienne,FR,France,25,SNS,2011-2015,outgoing
https://ror.org/05803vc71,State Key Laboratory of Chemical Engineering,CN,China,1,SNS,2011-2015,outgoing
https://ror.org/0580ctc67,Centro Oceanográfico de Canarias,ES,Spain,1,SNS,2011-2015,outgoing
https://ror.org/05813w841,École Nationale Supérieure de Mécanique et des Microtechniques,FR,France,15,SNS,2011-2015,outgoing
https://ror.org/05813wx75,Institute for Research on Combustion,IT,Italy,43,SNS,2011-2015,outgoing
https://ror.org/0581g8849,Laboratoire d’Analyse et de Mathématiques Appliquées,FR,France,23,SNS,2011-2015,outgoing
https://ror.org/0582gcw47,Medical Research Institute,LK,Sri Lanka,2,SNS,2011-2015,outgoing
https://ror.org/0583a0t97,West University of Timişoara,RO,Romania,787,SNS,2011-2015,outgoing
https://ror.org/05859w570,Escola Politècnica Superior d'Alcoi,ES,Spain,2,SNS,2011-2015,outgoing
https://ror.org/0585hkk81,Centre de Recherche et de Documentation sur les Amériques,FR,France,1,SNS,2011-2015,outgoing
https://ror.org/05874db82,Excellence Cluster Universe,DE,Germany,617,SNS,2011-2015,outgoing
https://ror.org/0587ef340,Comenius University Bratislava,SK,Slovakia,2782,SNS,2011-2015,outgoing
https://ror.org/0589bxs97,McGill University and Génome Québec Innovation Centre,CA,Canada,9,SNS,2011-2015,outgoing
https://ror.org/0589k3111,Délégation Paris 11,FR,France,1,SNS,2011-2015,outgoing
https://ror.org/0589kgd85,Yukawa Institute for Theoretical Physics,JP,Japan,82,SNS,2011-2015,outgoing
https://ror.org/058aed112,Los Angeles Community College District,US,United States,12,SNS,2011-2015,outgoing
https://ror.org/058aeep47,Mendel University in Brno,CZ,Czechia,3,SNS,2011-2015,outgoing
https://ror.org/058cjye32,Universidad de Guanajuato,MX,Mexico,8,SNS,2011-2015,outgoing
https://ror.org/058cmd703,Joint Global Change Research Institute,US,United States,1,SNS,2011-2015,outgoing
https://ror.org/058gnfy87,Université Hassan II Mohammedia,MA,Morocco,1300,SNS,2011-2015,outgoing
https://ror.org/058h74p94,Nagasaki University,JP,Japan,1,SNS,2011-2015,outgoing
https://ror.org/058hsp657,Hospital of Lithuanian University of Health Sciences Kaunas Clinics,LT,Lithuania,1,SNS,2011-2015,outgoing
https://ror.org/058kzes98,University Museum Utrecht,NL,The Netherlands,43,SNS,2011-2015,outgoing
https://ror.org/058kzsd48,Paderborn University,DE,Germany,20,SNS,2011-2015,outgoing
https://ror.org/058m2zy02,Biblioteca Universitaria di Napoli,IT,Italy,954,SNS,2011-2015,outgoing
https://ror.org/058m7ey48,Sandia National Laboratories California,US,United States,62,SNS,2011-2015,outgoing
https://ror.org/058pdbn81,Dankook University,KR,South Korea,6,SNS,2011-2015,outgoing
https://ror.org/058pyyv44,National Astronomical Observatories,CN,China,261,SNS,2011-2015,outgoing
https://ror.org/058q1cn43,Goce Delcev University,MK,North Macedonia,4,SNS,2011-2015,outgoing
https://ror.org/058rymf81,National Research Council of Science and Technology,KR,South Korea,63,SNS,2011-2015,outgoing
https://ror.org/058s20p71,Public Health Foundation of India,IN,India,1,SNS,2011-2015,outgoing
https://ror.org/058t6p923,Laboratoire Leprince-Ringuet,FR,France,3272,SNS,2011-2015,outgoing
https://ror.org/058t7w767,State Key Laboratory of Drug Research,CN,China,1,SNS,2011-2015,outgoing
https://ror.org/058td2q88,Hôpital Foch,FR,France,1,SNS,2011-2015,outgoing
https://ror.org/058thx797,Hospital Universitario Virgen de la Arrixaca,ES,Spain,3,SNS,2011-2015,outgoing
https://ror.org/058tw4f12,International Gemini Observatory,US,United States,256,SNS,2011-2015,outgoing
https://ror.org/058w59113,Des Moines University,US,United States,1,SNS,2011-2015,outgoing
https://ror.org/058w5nk68,Union College,US,United States,4,SNS,2011-2015,outgoing
https://ror.org/058x5eq06,Beijing Haidian Hospital,CN,China,10,SNS,2011-2015,outgoing
https://ror.org/058xzat49,Max Planck Institute of Immunobiology and Epigenetics,DE,Germany,6,SNS,2011-2015,outgoing
https://ror.org/058zz0t50,California Southern University,US,United States,8,SNS,2011-2015,outgoing
https://ror.org/059091v77,Onco Lille,FR,France,1,SNS,2011-2015,outgoing
https://ror.org/0590dbq33,SINTEF Energy Research,NO,Norway,7,SNS,2011-2015,outgoing
https://ror.org/0591s4t67,Servicio Gallego de Salud,ES,Spain,3,SNS,2011-2015,outgoing
https://ror.org/05923xh51,Ludwig Cancer Research,BE,Belgium,14,SNS,2011-2015,outgoing
https://ror.org/05932h694,Idiap Research Institute,CH,Switzerland,2,SNS,2011-2015,outgoing
https://ror.org/05933aq68,Shizuoka University of Welfare,JP,Japan,16,SNS,2011-2015,outgoing
https://ror.org/0593p4448,International Rice Research Institute,PH,Philippines,2,SNS,2011-2015,outgoing
https://ror.org/059636586,Istanbul Technical University,TR,Turkey,2176,SNS,2011-2015,outgoing
https://ror.org/0599cs764,UCLA Jonsson Comprehensive Cancer Center,US,United States,7,SNS,2011-2015,outgoing
https://ror.org/0599z7n30,Instituto de Biologia Experimental e Tecnológica,PT,Portugal,2,SNS,2011-2015,outgoing
https://ror.org/059aewc73,New England College,US,United States,1,SNS,2011-2015,outgoing
https://ror.org/059b5pb30,Konan University,JP,Japan,24,SNS,2011-2015,outgoing
https://ror.org/059be4e97,NXP (Netherlands),NL,The Netherlands,2,SNS,2011-2015,outgoing
https://ror.org/059c3mv67,Cambridge Health Alliance,US,United States,1,SNS,2011-2015,outgoing
https://ror.org/059d6yn51,Toyo University,JP,Japan,3,SNS,2011-2015,outgoing
https://ror.org/059dkdx38,National Taiwan Normal University,TW,Taiwan,227,SNS,2011-2015,outgoing
https://ror.org/059dqb057,American Chemical Society,US,United States,2,SNS,2011-2015,outgoing
https://ror.org/059eesf83,St. Laurent Institute,US,United States,2,SNS,2011-2015,outgoing
https://ror.org/059ex5q34,"Secretaría de Ciencia, Humanidades, Tecnología e Innovación",MX,Mexico,16,SNS,2011-2015,outgoing
https://ror.org/059f0qa90,Japan Fine Ceramics Center,JP,Japan,1,SNS,2011-2015,outgoing
https://ror.org/059fqnc42,Glenn Research Center,US,United States,3,SNS,2011-2015,outgoing
https://ror.org/059g69b28,Dong-Eui University,KR,South Korea,1,SNS,2011-2015,outgoing
https://ror.org/059gcgy73,Nanjing Medical University,CN,China,14,SNS,2011-2015,outgoing
https://ror.org/059gw8r13,Xinjiang University,CN,China,11,SNS,2011-2015,outgoing
https://ror.org/059hhvg49,Arden University,GB,United Kingdom,1,SNS,2011-2015,outgoing
https://ror.org/059hy2f55,Gwangju National University of Education,KR,South Korea,2,SNS,2011-2015,outgoing
https://ror.org/059jq5127,Harborview Medical Center,US,United States,1,SNS,2011-2015,outgoing
https://ror.org/059k49c26,Ewha Womans University Seoul Hospital,KR,South Korea,1,SNS,2011-2015,outgoing
https://ror.org/059m1v232,Forschungsverbund Berlin,DE,Germany,3,SNS,2011-2015,outgoing
https://ror.org/059mq0909,Siemens (Germany),DE,Germany,1,SNS,2011-2015,outgoing
https://ror.org/059n1d175,Hospital de Sant Pau,ES,Spain,3,SNS,2011-2015,outgoing
https://ror.org/059qg2m13,Japan Agency for Marine-Earth Science and Technology,JP,Japan,1,SNS,2011-2015,outgoing
https://ror.org/059qgvg50,Health Research,US,United States,1,SNS,2011-2015,outgoing
https://ror.org/059qr5h87,École nationale supérieure des sciences de l'information et des bibliothèques,FR,France,7,SNS,2011-2015,outgoing
https://ror.org/059rc1n32,Medical City Dallas Hospital,US,United States,1,SNS,2011-2015,outgoing
https://ror.org/059rn9488,Hewlett-Packard (United States),US,United States,8,SNS,2011-2015,outgoing
https://ror.org/059ryjv25,Chung Shan Medical University,TW,Taiwan,3,SNS,2011-2015,outgoing
https://ror.org/059sp8j34,Instituto Politécnico Nacional,MX,Mexico,1035,SNS,2011-2015,outgoing
https://ror.org/059sz6q14,Centre International de Recherche en Infectiologie,FR,France,1,SNS,2011-2015,outgoing
https://ror.org/059tqvg48,Department of Chemistry and Material Sciences,RU,Russia,14,SNS,2011-2015,outgoing
https://ror.org/059vymd37,Hochschule Osnabrück,DE,Germany,5,SNS,2011-2015,outgoing
https://ror.org/059wef195,Nishi Niigata Chuo National Hospital,JP,Japan,1,SNS,2011-2015,outgoing
https://ror.org/059x21724,University of Yamanashi,JP,Japan,10,SNS,2011-2015,outgoing
https://ror.org/059y0zb32,State Key Laboratory of Cognitive Neuroscience and Learning,CN,China,3,SNS,2011-2015,outgoing
https://ror.org/059ygsz90,Computer Vision Laboratory,CH,Switzerland,3,SNS,2011-2015,outgoing
https://ror.org/059yhyy33,Japan Aerospace Exploration Agency,JP,Japan,115,SNS,2011-2015,outgoing
https://ror.org/059ymf107,State Key Laboratory of Materials Processing and Die & Mould Technology,CN,China,1,SNS,2011-2015,outgoing
https://ror.org/059ynac98,Centre Atlantique de Philosophie,FR,France,1,SNS,2011-2015,outgoing
https://ror.org/059yx9a68,Universidad Nacional de Colombia,CO,Colombia,402,SNS,2011-2015,outgoing
https://ror.org/059z11218,Kawasaki Medical School,JP,Japan,1,SNS,2011-2015,outgoing
https://ror.org/059z5w858,Pacific University,US,United States,1,SNS,2011-2015,outgoing
https://ror.org/059zrbe49,Applied Science University,BH,Bahrain,1,SNS,2011-2015,outgoing
https://ror.org/059zxg644,The Queen's Medical Research Institute,GB,United Kingdom,6,SNS,2011-2015,outgoing
https://ror.org/05a01hn31,Mater Dei Hospital,MT,Malta,2,SNS,2011-2015,outgoing
https://ror.org/05a0dhs15,École Normale Supérieure - PSL,FR,France,324,SNS,2011-2015,outgoing
https://ror.org/05a0ya142,Broad Institute,US,United States,138,SNS,2011-2015,outgoing
https://ror.org/05a15z872,Samsung Medical Center,KR,South Korea,5,SNS,2011-2015,outgoing
https://ror.org/05a1dws80,Mines Saint-Étienne,FR,France,6,SNS,2011-2015,outgoing
https://ror.org/05a1qpv97,Bangladesh University of Engineering and Technology,BD,Bangladesh,2,SNS,2011-2015,outgoing
https://ror.org/05a25vm86,Lucile Packard Children's Hospital,US,United States,3,SNS,2011-2015,outgoing
https://ror.org/05a260x64,Global Crop Diversity Trust,DE,Germany,1,SNS,2011-2015,outgoing
https://ror.org/05a28rw58,ETH Zurich,CH,Switzerland,5019,SNS,2011-2015,outgoing
https://ror.org/05a353079,University Hospital of Lausanne,CH,Switzerland,34,SNS,2011-2015,outgoing
https://ror.org/05a4nj078,Joint Research Center,ES,Spain,20,SNS,2011-2015,outgoing
https://ror.org/05a4pj207,SUNY Cortland,US,United States,1,SNS,2011-2015,outgoing
https://ror.org/05a550a57,DSW University of Lower Silesia,PL,Poland,1,SNS,2011-2015,outgoing
https://ror.org/05a5k9h08,Istituto Nazionale di Statistica,IT,Italy,18,SNS,2011-2015,outgoing
https://ror.org/05a5s1z53,Alimentary Health (Ireland),IE,Ireland,1,SNS,2011-2015,outgoing
https://ror.org/05a5w4v67,Foton Motors (China),CN,China,2,SNS,2011-2015,outgoing
https://ror.org/05a7t9b67,Edinburgh Cancer Research,GB,United Kingdom,3,SNS,2011-2015,outgoing
https://ror.org/05a94k872,Johann Radon Institute for Computational and Applied Mathematics,AT,Austria,7,SNS,2011-2015,outgoing
https://ror.org/05aah2q92,Fraunhofer USA,US,United States,1,SNS,2011-2015,outgoing
https://ror.org/05aav2h42,Georgian National Academy of Sciences,GE,Georgia,318,SNS,2011-2015,outgoing
https://ror.org/05ab3fa41,New College,GB,United Kingdom,1,SNS,2011-2015,outgoing
https://ror.org/05abbep66,Brandeis University,US,United States,1466,SNS,2011-2015,outgoing
https://ror.org/05abgg682,"Institut de minéralogie, de physique des matériaux et de cosmochimie",FR,France,4,SNS,2011-2015,outgoing
https://ror.org/05ac26z88,Oberlin College,US,United States,33,SNS,2011-2015,outgoing
https://ror.org/05addee68,General Motors (United States),US,United States,1,SNS,2011-2015,outgoing
https://ror.org/05aevyc10,Okayama University of Science,JP,Japan,2,SNS,2011-2015,outgoing
https://ror.org/05afd6695,Maharaja Bir Bikram University,IN,India,3730,SNS,2011-2015,outgoing
https://ror.org/05ag62t55,Institut für Höhere Studien - Institute for Advanced Studies (IHS),AT,Austria,25,SNS,2011-2015,outgoing
https://ror.org/05ahcwz21,Amrita Institute of Medical Sciences and Research Centre,IN,India,3,SNS,2011-2015,outgoing
https://ror.org/05ajnv358,Karnatak University,IN,India,2,SNS,2011-2015,outgoing
https://ror.org/05apxxy63,Korea Advanced Institute of Science and Technology,KR,South Korea,157,SNS,2011-2015,outgoing
https://ror.org/05arfhc56,University of Rajasthan,IN,India,262,SNS,2011-2015,outgoing
https://ror.org/05arjae42,Guilin University of Electronic Technology,CN,China,2,SNS,2011-2015,outgoing
https://ror.org/05asdy483,U-M Rogel Cancer Center,US,United States,1,SNS,2011-2015,outgoing
https://ror.org/05aspc753,Mario Negri Institute for Pharmacological Research,IT,Italy,13,SNS,2011-2015,outgoing
https://ror.org/05asvgp75,International Potato Center,PE,Peru,1,SNS,2011-2015,outgoing
https://ror.org/05at6sw30,Hospital Universitario Infantil San José,CO,Colombia,1,SNS,2011-2015,outgoing
https://ror.org/05atemp08,MedStar Health,US,United States,3,SNS,2011-2015,outgoing
https://ror.org/05atz9219,East Stroudsburg University,US,United States,1,SNS,2011-2015,outgoing
https://ror.org/05av9mn02,Plymouth Marine Laboratory,GB,United Kingdom,1,SNS,2011-2015,outgoing
https://ror.org/05avqph76,Children's Hospital Association,US,United States,1,SNS,2011-2015,outgoing
https://ror.org/05axv8155,Whitman College,US,United States,51,SNS,2011-2015,outgoing
https://ror.org/05axz5g38,State Key Laboratory of Functional Materials for Informatics,CN,China,4,SNS,2011-2015,outgoing
https://ror.org/05b01nv96,Subang Jaya Medical Centre,MY,Malaysia,3,SNS,2011-2015,outgoing
https://ror.org/05b0gpy83,"Center for Forensic Mental Health, Chiba University",JP,Japan,2,SNS,2011-2015,outgoing
https://ror.org/05b170984,Institute for Biomedical and Pharmaceutical Research,DE,Germany,1,SNS,2011-2015,outgoing
https://ror.org/05b1kx621,Akita Prefectural University,JP,Japan,8,SNS,2011-2015,outgoing
https://ror.org/05b52bg33,Tatarstan Academy of Sciences,RU,Russia,5,SNS,2011-2015,outgoing
https://ror.org/05b5c0584,Université Jean Moulin Lyon III,FR,France,8,SNS,2011-2015,outgoing
https://ror.org/05b5x4a35,Lahore University of Management Sciences,PK,Pakistan,47,SNS,2011-2015,outgoing
https://ror.org/05b6t0e74,Hokkaido Prefectual Police,JP,Japan,2,SNS,2011-2015,outgoing
https://ror.org/05b7p8k90,Ludwik Hirszfeld Institute of Immunology and Experimental Therapy,PL,Poland,1,SNS,2011-2015,outgoing
https://ror.org/05b8d3w18,Max Planck Institute of Molecular Cell Biology and Genetics,DE,Germany,70,SNS,2011-2015,outgoing
https://ror.org/05b9w0m88,Laboratório Interinstitucional de e-Astronomia,BR,Brazil,32,SNS,2011-2015,outgoing
https://ror.org/05bamms85,Parco Tecnologico Padano,IT,Italy,2,SNS,2011-2015,outgoing
https://ror.org/05bbh2585,Ministry of Internal Affairs of the Russian Federation,RU,Russia,1,SNS,2011-2015,outgoing
https://ror.org/05bbqza97,Kingston University,GB,United Kingdom,3,SNS,2011-2015,outgoing
https://ror.org/05bcewb51,Millennium Institute,BR,Brazil,45,SNS,2011-2015,outgoing
https://ror.org/05bcgdd94,"Czech Academy of Sciences, Institute of Vertebrate Biology",CZ,Czechia,80,SNS,2011-2015,outgoing
https://ror.org/05bd2wa15,Shanghai Mental Health Center,CN,China,3,SNS,2011-2015,outgoing
https://ror.org/05bhada84,Nara Institute of Science and Technology,JP,Japan,13,SNS,2011-2015,outgoing
https://ror.org/05bhmhz54,Yangtze University,CN,China,2,SNS,2011-2015,outgoing
https://ror.org/05bhsww40,Scripps Health,US,United States,2,SNS,2011-2015,outgoing
https://ror.org/05bj7sh33,University of Science and Technology,YE,Yemen,2,SNS,2011-2015,outgoing
https://ror.org/05bjen692,Center for Cancer Research,US,United States,30,SNS,2011-2015,outgoing
https://ror.org/05bk57929,Stellenbosch University,ZA,South Africa,62,SNS,2011-2015,outgoing
https://ror.org/05bkc5375,National Institute for Interdisciplinary Science and Technology,IN,India,2,SNS,2011-2015,outgoing
https://ror.org/05bmj6719,ICMA Centre,GB,United Kingdom,1,SNS,2011-2015,outgoing
https://ror.org/05bmnqf11,Universidad Da Vinci,MX,Mexico,1,SNS,2011-2015,outgoing
https://ror.org/05bn3m307,Université de technologie de belfort-montbéliard,FR,France,61,SNS,2011-2015,outgoing
https://ror.org/05bnh6r87,Cornell University,US,United States,4017,SNS,2011-2015,outgoing
https://ror.org/05bpb0y22,El Colegio de la Frontera Sur,MX,Mexico,1,SNS,2011-2015,outgoing
https://ror.org/05bpbnx46,Copenhagen University Hospital,DK,Denmark,11,SNS,2011-2015,outgoing
https://ror.org/05bqach95,National Taiwan University,TW,Taiwan,600,SNS,2011-2015,outgoing
https://ror.org/05brss208,Laboratoire de physique de la matière condensée,FR,France,12,SNS,2011-2015,outgoing
https://ror.org/05bs6ak67,Ente Ospedaliero Ospedali Galliera,IT,Italy,2,SNS,2011-2015,outgoing
https://ror.org/05bt7sv47,Instituto de Radioastronomía Milimétrica,ES,Spain,49,SNS,2011-2015,outgoing
https://ror.org/05bv91d86,Mannheim Centre for European Social Research,DE,Germany,5,SNS,2011-2015,outgoing
https://ror.org/05bwp9c82,South Dakota Science and Technology Authority,US,United States,10,SNS,2011-2015,outgoing
https://ror.org/05bx1gz93,Utsunomiya University,JP,Japan,3,SNS,2011-2015,outgoing
https://ror.org/05bx2yj81,Salisbury District Hospital,GB,United Kingdom,1,SNS,2011-2015,outgoing
https://ror.org/05bxb3784,Academia Sinica,TW,Taiwan,3194,SNS,2011-2015,outgoing
https://ror.org/05bxbmy32,Chinese Academy of Social Sciences,CN,China,1,SNS,2011-2015,outgoing
https://ror.org/05by5hm18,California State Polytechnic University,US,United States,5,SNS,2011-2015,outgoing
https://ror.org/05by9mg64,Xiangnan University,CN,China,5,SNS,2011-2015,outgoing
https://ror.org/05bykpb13,Center for Biomolecular Nanotechnologies,IT,Italy,11,SNS,2011-2015,outgoing
https://ror.org/05byvp690,The University of Texas Southwestern Medical Center,US,United States,101,SNS,2011-2015,outgoing
https://ror.org/05bz1tw26,Hospital de Santa Maria,PT,Portugal,2,SNS,2011-2015,outgoing
https://ror.org/05c06ww48,Anjo Kosei Hospital,JP,Japan,1,SNS,2011-2015,outgoing
https://ror.org/05c0g2426,National Institute for Nanotechnology,CA,Canada,4,SNS,2011-2015,outgoing
https://ror.org/05c0ns027,Perm National Research Polytechnic University,RU,Russia,1,SNS,2011-2015,outgoing
https://ror.org/05c1qsg97,Centre Hospitalier Universitaire de Nantes,FR,France,16,SNS,2011-2015,outgoing
https://ror.org/05c516317,Institute of Neuroimmunology of the Slovak Academy of Sciences,SK,Slovakia,3,SNS,2011-2015,outgoing
https://ror.org/05c6ejt42,Nihon Bunka University,JP,Japan,14,SNS,2011-2015,outgoing
https://ror.org/05c9p1x46,Bicêtre Hospital,FR,France,5,SNS,2011-2015,outgoing
https://ror.org/05c9qnd49,Amsterdam Cardiovascular Sciences,NL,The Netherlands,4,SNS,2011-2015,outgoing
https://ror.org/05c9r4685,Dignity Health,US,United States,47,SNS,2011-2015,outgoing
https://ror.org/05cb1k848,Johns Hopkins Hospital,US,United States,7,SNS,2011-2015,outgoing
https://ror.org/05cb4rb43,Morgridge Institute for Research,US,United States,3,SNS,2011-2015,outgoing
https://ror.org/05cc98565,Bank of Canada,CA,Canada,17,SNS,2011-2015,outgoing
https://ror.org/05cdfgm80,Shenyang Normal University,CN,China,1,SNS,2011-2015,outgoing
https://ror.org/05cf8a891,Albert Einstein College of Medicine,US,United States,84,SNS,2011-2015,outgoing
https://ror.org/05ch0aw77,Texas Southern University,US,United States,2,SNS,2011-2015,outgoing
https://ror.org/05cj29x94,Leibniz Research Centre for Working Environment and Human Factors,DE,Germany,2,SNS,2011-2015,outgoing
https://ror.org/05cjbf184,Agenzia per la Promozione All'estero e l'Internazionalizzazione Delle Imprese Italiane,IT,Italy,4,SNS,2011-2015,outgoing
https://ror.org/05ckss308,France Universités,FR,France,56,SNS,2011-2015,outgoing
https://ror.org/05cm4gv85,Agios Pavlos General Hospital,GR,Greece,1,SNS,2011-2015,outgoing
https://ror.org/05cncd958,Cranfield University,GB,United Kingdom,6,SNS,2011-2015,outgoing
https://ror.org/05cp38y47,Osaka University of Human Sciences,JP,Japan,1,SNS,2011-2015,outgoing
https://ror.org/05cq64r17,University of Łódź,PL,Poland,19,SNS,2011-2015,outgoing
https://ror.org/05cqe9350,Xijing Hospital,CN,China,6,SNS,2011-2015,outgoing
https://ror.org/05crbcr45,Tokyo University of Agriculture,JP,Japan,1,SNS,2011-2015,outgoing
https://ror.org/05crjpb27,Bocconi University,IT,Italy,48,SNS,2011-2015,outgoing
https://ror.org/05cs8k179,Wrocław University of Environmental and Life Sciences,PL,Poland,1,SNS,2011-2015,outgoing
https://ror.org/05csn2x06,Netherlands Institute for Neuroscience,NL,The Netherlands,45,SNS,2011-2015,outgoing
https://ror.org/05ctdxz19,University of Messina,IT,Italy,258,SNS,2011-2015,outgoing
https://ror.org/05ctmmy43,Universidade do Vale do Rio dos Sinos,BR,Brazil,1,SNS,2011-2015,outgoing
https://ror.org/05ctyj936,Yan'an Hospital Affiliated To Kunming Medical University,CN,China,1,SNS,2011-2015,outgoing
https://ror.org/05cvbj479,Guangzhou HKUST Fok Ying Tung Research Institute,CN,China,4,SNS,2011-2015,outgoing
https://ror.org/05cvf7v30,Institute of Physics,CN,China,1150,SNS,2011-2015,outgoing
https://ror.org/05cvfcr44,NSF National Center for Atmospheric Research,US,United States,14,SNS,2011-2015,outgoing
https://ror.org/05cw8ax51,Daito Bunka University,JP,Japan,1,SNS,2011-2015,outgoing
https://ror.org/05cx7ek10,Structure Fédérative de Recherche en Biologie et Santé de Rennes,FR,France,1,SNS,2011-2015,outgoing
https://ror.org/05cy1av38,Moscow City University,RU,Russia,3,SNS,2011-2015,outgoing
https://ror.org/05cy2r844,"Institute Academy for Precision Measurment Science and Technology, CAS",CN,China,13,SNS,2011-2015,outgoing
https://ror.org/05cy4wa09,Wellcome Sanger Institute,GB,United Kingdom,90,SNS,2011-2015,outgoing
https://ror.org/05cz70a34,Max Perutz Labs,AT,Austria,9,SNS,2011-2015,outgoing
https://ror.org/05cz92x43,Texas Children's Hospital,US,United States,30,SNS,2011-2015,outgoing
https://ror.org/05d088255,Innaxis Foundation & Research Institute,ES,Spain,19,SNS,2011-2015,outgoing
https://ror.org/05d0bdm05,Crimean Astrophysical Observatory,UA,Ukraine,2,SNS,2011-2015,outgoing
https://ror.org/05d0mtf30,Ministry of Public Health,MG,Madagascar,1,SNS,2011-2015,outgoing
https://ror.org/05d0pgx42,Meio University,JP,Japan,1,SNS,2011-2015,outgoing
https://ror.org/05d14ax96,Gilead Sciences (France),FR,France,3,SNS,2011-2015,outgoing
https://ror.org/05d1e6v30,Institut des Biomolécules Max Mousseron,FR,France,8,SNS,2011-2015,outgoing
https://ror.org/05d23ve83,Colgate University,US,United States,2,SNS,2011-2015,outgoing
https://ror.org/05d2kyx68,Reykjavík University,IS,Iceland,4,SNS,2011-2015,outgoing
https://ror.org/05d2rrs40,Lam Research (Austria),AT,Austria,6,SNS,2011-2015,outgoing
https://ror.org/05d2yfz11,National University of Defense Technology,CN,China,16,SNS,2011-2015,outgoing
https://ror.org/05d3ntb42,"Mossakowski Medical Research Institute,  Polish Academy of Sciences",PL,Poland,1,SNS,2011-2015,outgoing
https://ror.org/05d4wmc20,City of Knowledge,PA,Panama,2,SNS,2011-2015,outgoing
https://ror.org/05d538656,IRCCS Humanitas Research Hospital,IT,Italy,5,SNS,2011-2015,outgoing
https://ror.org/05d576879,Southmead Hospital,GB,United Kingdom,1,SNS,2011-2015,outgoing
https://ror.org/05d5m2r55,Institut des Hautes Études Scientifiques,FR,France,14,SNS,2011-2015,outgoing
https://ror.org/05d5vvz89,First Affiliated Hospital of Jinan University,CN,China,3,SNS,2011-2015,outgoing
https://ror.org/05d80kz58,Henan University of Science and Technology,CN,China,52,SNS,2011-2015,outgoing
https://ror.org/05d88z031,Systemic Risk Centre,GB,United Kingdom,6,SNS,2011-2015,outgoing
https://ror.org/05d9dtr71,Changhua Christian Hospital,TW,Taiwan,1,SNS,2011-2015,outgoing
https://ror.org/05damtm70,Beijing University of Chinese Medicine,CN,China,1,SNS,2011-2015,outgoing
https://ror.org/05db1vq90,RIKEN BNL Research Center,US,United States,194,SNS,2011-2015,outgoing
https://ror.org/05db8zr24,NED University of Engineering and Technology,PK,Pakistan,2,SNS,2011-2015,outgoing
https://ror.org/05dbj6g52,Austin Health,AU,Australia,9,SNS,2011-2015,outgoing
https://ror.org/05dbzj528,Turku University Hospital,FI,Finland,8,SNS,2011-2015,outgoing
https://ror.org/05ddxe180,Ministry of Health,MY,Malaysia,2,SNS,2011-2015,outgoing
https://ror.org/05deks119,Mount Sinai Hospital,CA,Canada,21,SNS,2011-2015,outgoing
https://ror.org/05dfqh778,Research Institute for Sustainable Humanosphere,JP,Japan,2,SNS,2011-2015,outgoing
https://ror.org/05dfxeg46,Institut Henri Poincaré,FR,France,3,SNS,2011-2015,outgoing
https://ror.org/05dhprc49,Afeka College of Engineering,IL,Israel,1,SNS,2011-2015,outgoing
https://ror.org/05djhd259,Institut Denis Poisson,FR,France,35,SNS,2011-2015,outgoing
https://ror.org/05dk2r620,Douglas Mental Health University Institute,CA,Canada,17,SNS,2011-2015,outgoing
https://ror.org/05dkdaa55,Ioffe Institute,RU,Russia,70,SNS,2011-2015,outgoing
https://ror.org/05dkqa017,University of Applied Sciences Kaiserslautern,DE,Germany,4,SNS,2011-2015,outgoing
https://ror.org/05dm4ck87,Emory University Hospital,US,United States,1,SNS,2011-2015,outgoing
https://ror.org/05dmhhd41,Jilin Agricultural University,CN,China,1,SNS,2011-2015,outgoing
https://ror.org/05dnene97,Feinstein Institute for Medical Research,US,United States,8,SNS,2011-2015,outgoing
https://ror.org/05dq2gs74,Vanderbilt University Medical Center,US,United States,27,SNS,2011-2015,outgoing
https://ror.org/05dq4pp56,International Institute of Social History,NL,The Netherlands,1,SNS,2011-2015,outgoing
https://ror.org/05dqf9946,Institute of Science Tokyo,JP,Japan,1997,SNS,2011-2015,outgoing
https://ror.org/05drmrq39,Tennessee Technological University,US,United States,2,SNS,2011-2015,outgoing
https://ror.org/05dsdbp53,Centro de Física Computacional,PT,Portugal,5,SNS,2011-2015,outgoing
https://ror.org/05dsysc59,Instituto de Carboquímica,ES,Spain,1,SNS,2011-2015,outgoing
https://ror.org/05dte6685,Department of Biological Sciences,BY,Belarus,4,SNS,2011-2015,outgoing
https://ror.org/05dw0p167,National Institute of Metrology,CN,China,1,SNS,2011-2015,outgoing
https://ror.org/05dwj7825,Fondazione IRCCS Istituto Nazionale dei Tumori,IT,Italy,3,SNS,2011-2015,outgoing
https://ror.org/05dwk8b49,Chambre de Commerce et d'industrie de Paris,FR,France,7,SNS,2011-2015,outgoing
https://ror.org/05dwp6855,College of the Holy Cross,US,United States,20,SNS,2011-2015,outgoing
https://ror.org/05dxps055,California Institute of Technology,US,United States,8096,SNS,2011-2015,outgoing
https://ror.org/05dy5ab02,ASST Fatebenefratelli Sacco,IT,Italy,1,SNS,2011-2015,outgoing
https://ror.org/05dybt340,Communications Research Centre Canada,CA,Canada,1,SNS,2011-2015,outgoing
https://ror.org/05e05d728,Support Systems Associates (United States),US,United States,4,SNS,2011-2015,outgoing
https://ror.org/05e0q7s59,Instituto de Química Orgánica General,ES,Spain,4,SNS,2011-2015,outgoing
https://ror.org/05e2f9085,NSABP Foundation,US,United States,3,SNS,2011-2015,outgoing
https://ror.org/05e34ej29,University of Zanjan,IR,Iran,2,SNS,2011-2015,outgoing
https://ror.org/05e357p42,Centre Pompidou,FR,France,1,SNS,2011-2015,outgoing
https://ror.org/05e5kd476,Technische Hochschule Ulm,DE,Germany,16,SNS,2011-2015,outgoing
https://ror.org/05e5waw95,Elmhurst College,US,United States,2,SNS,2011-2015,outgoing
https://ror.org/05e6pjy56,Laureate Institute for Brain Research,US,United States,2,SNS,2011-2015,outgoing
https://ror.org/05e74xb87,New Jersey Institute of Technology,US,United States,12,SNS,2011-2015,outgoing
https://ror.org/05e830h62,Institute of Physical Chemistry,PL,Poland,15,SNS,2011-2015,outgoing
https://ror.org/05e8s8534,Institut Jules Bordet,BE,Belgium,8,SNS,2011-2015,outgoing
https://ror.org/05e93vc61,Institute of Fluid Dynamics,CH,Switzerland,1,SNS,2011-2015,outgoing
https://ror.org/05e94g991,University of Illinois System,US,United States,2627,SNS,2011-2015,outgoing
https://ror.org/05e9bn444,Institute of Mathematical Sciences,ES,Spain,10,SNS,2011-2015,outgoing
https://ror.org/05eagc649,Central Institute for Experimental Animals,JP,Japan,1,SNS,2011-2015,outgoing
https://ror.org/05ebvq193,AXON Neuroscience (Slovakia),SK,Slovakia,1,SNS,2011-2015,outgoing
https://ror.org/05ebxsr90,Chimie Physique et Chimie du Vivant,FR,France,6,SNS,2011-2015,outgoing
https://ror.org/05ecg5h20,University of South-Eastern Norway,NO,Norway,106,SNS,2011-2015,outgoing
https://ror.org/05ect4e57,Louisiana State University,US,United States,483,SNS,2011-2015,outgoing
https://ror.org/05edw4a90,Najran University,SA,Saudi Arabia,1,SNS,2011-2015,outgoing
https://ror.org/05ee10k25,Institut de Génétique Humaine,FR,France,2,SNS,2011-2015,outgoing
https://ror.org/05ef28661,Institute of Genomics and Integrative Biology,IN,India,4,SNS,2011-2015,outgoing
https://ror.org/05ejpqr48,Worcester Polytechnic Institute,US,United States,7,SNS,2011-2015,outgoing
https://ror.org/05ekwbr88,Chicago State University,US,United States,194,SNS,2011-2015,outgoing
https://ror.org/05emabm63,University Hospital Ulm,DE,Germany,4,SNS,2011-2015,outgoing
https://ror.org/05en5nh73,University of Seoul,KR,South Korea,1592,SNS,2011-2015,outgoing
https://ror.org/05ep8g269,University of Applied Sciences and Arts of Southern Switzerland,CH,Switzerland,7,SNS,2011-2015,outgoing
https://ror.org/05eq41471,Veterans Health Administration,US,United States,55,SNS,2011-2015,outgoing
https://ror.org/05es91y67,Usak University,TR,Turkey,1,SNS,2011-2015,outgoing
https://ror.org/05esem239,Max Planck Institute for Meteorology,DE,Germany,1,SNS,2011-2015,outgoing
https://ror.org/05etnz140,Shanghai Institute of Ceramics,CN,China,7,SNS,2011-2015,outgoing
https://ror.org/05etxs293,Diamond Light Source,GB,United Kingdom,2,SNS,2011-2015,outgoing
https://ror.org/05eva6s33,"Istituto Nazionale di Fisica Nucleare, Sezione di Roma I",IT,Italy,171,SNS,2011-2015,outgoing
https://ror.org/05evdvv47,Centro de Investigaciones Cientifícas de las Huastecas 'Aguazarca',MX,Mexico,3,SNS,2011-2015,outgoing
https://ror.org/05ewdps05,Bernstein Center for Computational Neuroscience Berlin,DE,Germany,1,SNS,2011-2015,outgoing
https://ror.org/05ex5vz81,Federal Institute for Drugs and Medical Devices,DE,Germany,1,SNS,2011-2015,outgoing
https://ror.org/05eyd5d35,Centre Inria de Paris,FR,France,8,SNS,2011-2015,outgoing
https://ror.org/05eynd241,Auburn University at Montgomery,US,United States,1,SNS,2011-2015,outgoing
https://ror.org/05eyymj94,École Supérieure de Biotechnologie de Strasbourg,FR,France,1,SNS,2011-2015,outgoing
https://ror.org/05ezwr821,Namur Institute for Complex Systems,BE,Belgium,1,SNS,2011-2015,outgoing
https://ror.org/05f0yaq80,Stockholm University,SE,Sweden,2295,SNS,2011-2015,outgoing
https://ror.org/05f0zr486,Vienna General Hospital,AT,Austria,1,SNS,2011-2015,outgoing
https://ror.org/05f11g639,"International Institute of Information Technology, Hyderabad",IN,India,5,SNS,2011-2015,outgoing
https://ror.org/05f421b09,Naval Medical Research Command,US,United States,2,SNS,2011-2015,outgoing
https://ror.org/05f5h9j45,Sentech Corporation (United States),US,United States,1,SNS,2011-2015,outgoing
https://ror.org/05f82e368,Université Paris Cité,FR,France,8980,SNS,2011-2015,outgoing
https://ror.org/05f8a4p63,Tamagawa University,JP,Japan,1,SNS,2011-2015,outgoing
https://ror.org/05f8d4e86,Polytechnique Montréal,CA,Canada,77,SNS,2011-2015,outgoing
https://ror.org/05f950310,KU Leuven,BE,Belgium,359,SNS,2011-2015,outgoing
https://ror.org/05f9h3891,Woman's Hospital,US,United States,2,SNS,2011-2015,outgoing
https://ror.org/05f9hgh77,Entasis Therapeutics (United States),US,United States,2,SNS,2011-2015,outgoing
https://ror.org/05fazth07,Beckman Research Institute,US,United States,19,SNS,2011-2015,outgoing
https://ror.org/05fcfqq67,Oregon National Primate Research Center,US,United States,8,SNS,2011-2015,outgoing
https://ror.org/05fct5h31,Military University of Technology in Warsaw,PL,Poland,5,SNS,2011-2015,outgoing
https://ror.org/05fd1hd85,Tbilisi State University,GE,Georgia,3200,SNS,2011-2015,outgoing
https://ror.org/05fde5z47,Hampton University,US,United States,1394,SNS,2011-2015,outgoing
https://ror.org/05fdv7d34,Collaborative Innovation Center of Chemistry for Energy Materials,CN,China,10,SNS,2011-2015,outgoing
https://ror.org/05fe6f045,Fundar,MX,Mexico,1,SNS,2011-2015,outgoing
https://ror.org/05fe7ax82,Institut d'Etudes Politiques de Paris,FR,France,49,SNS,2011-2015,outgoing
https://ror.org/05fep3933,Mangalore University,IN,India,1,SNS,2011-2015,outgoing
https://ror.org/05feyya22,Cancer Genetics (United States),US,United States,2,SNS,2011-2015,outgoing
https://ror.org/05fg6gr82,University of Macedonia,GR,Greece,1,SNS,2011-2015,outgoing
https://ror.org/05fgmqm64,National Cancer Center Hospital,KR,South Korea,3,SNS,2011-2015,outgoing
https://ror.org/05fheeb41,University of Sancti Spíritus José Martí Pérez,CU,Cuba,1,SNS,2011-2015,outgoing
https://ror.org/05fhwqj89,Institute for Chemical and Bioengineering,CH,Switzerland,7,SNS,2011-2015,outgoing
https://ror.org/05fjs7w98,National Institute for Medical Research,TZ,Tanzania,71,SNS,2011-2015,outgoing
https://ror.org/05fk5tr28,Federal Reserve,US,United States,32,SNS,2011-2015,outgoing
https://ror.org/05fnp1145,Al-Azhar University,EG,Egypt,1,SNS,2011-2015,outgoing
https://ror.org/05fnzzk18,Center for Clinical Research (United States),US,United States,5,SNS,2011-2015,outgoing
https://ror.org/05fp9g671,University of Mazandaran,IR,Iran,1,SNS,2011-2015,outgoing
https://ror.org/05fpsjc82,Institute of Information and Communication Technologies,BG,Bulgaria,2,SNS,2011-2015,outgoing
https://ror.org/05fq50484,York University,CA,Canada,1636,SNS,2011-2015,outgoing
https://ror.org/05fqmdn41,Institute for Social Change,AU,Australia,1,SNS,2011-2015,outgoing
https://ror.org/05fqypv61,Wilhelmina Children's Hospital,NL,The Netherlands,7,SNS,2011-2015,outgoing
https://ror.org/05frf1z87,Katalyse Institut,DE,Germany,7,SNS,2011-2015,outgoing
https://ror.org/05frpfj73,Binzhou University,CN,China,1,SNS,2011-2015,outgoing
https://ror.org/05fsfvw79,Anhui Normal University,CN,China,12,SNS,2011-2015,outgoing
https://ror.org/05ft09q38,Donders Centre for Cognition,NL,The Netherlands,1,SNS,2011-2015,outgoing
https://ror.org/05ftwc327,International Tomography Center,RU,Russia,1,SNS,2011-2015,outgoing
https://ror.org/05fvfp460,Kanadevia (Japan),JP,Japan,1,SNS,2011-2015,outgoing
https://ror.org/05fvhm231,Laboratoire de Sciences Cognitives et Psycholinguistique,FR,France,1,SNS,2011-2015,outgoing
https://ror.org/05fw3jg78,Universitäre Psychiatrische Kliniken Basel,CH,Switzerland,1,SNS,2011-2015,outgoing
https://ror.org/05fw97k56,Siberian Federal University,RU,Russia,5,SNS,2011-2015,outgoing
https://ror.org/05fx1fs38,Astex Pharmaceuticals,US,United States,1,SNS,2011-2015,outgoing
https://ror.org/05fx5mz56,University of Nigeria Teaching Hospital,NG,Nigeria,1,SNS,2011-2015,outgoing
https://ror.org/05fz2yc38,Ospedale Bellaria,IT,Italy,1,SNS,2011-2015,outgoing
https://ror.org/05g02g987,Diabetes Research Center,IR,Iran,1,SNS,2011-2015,outgoing
https://ror.org/05g0sd071,Central Research Laboratories (United Kingdom),GB,United Kingdom,5,SNS,2011-2015,outgoing
https://ror.org/05g13zd79,Toronto Metropolitan University,CA,Canada,14,SNS,2011-2015,outgoing
https://ror.org/05g1mh260,Universidad Autónoma de Sinaloa,MX,Mexico,435,SNS,2011-2015,outgoing
https://ror.org/05g1rjn35,La Sierra University,US,United States,1,SNS,2011-2015,outgoing
https://ror.org/05g1zjw44,Laboratoire d'Informatique de Paris-Nord,FR,France,3,SNS,2011-2015,outgoing
https://ror.org/05g3dte14,Florida State University,US,United States,2776,SNS,2011-2015,outgoing
https://ror.org/05g3mes96,University of Latvia,LV,Latvia,9,SNS,2011-2015,outgoing
https://ror.org/05g3p2p60,Alliance nationale pour les sciences de la vie et de la santé,FR,France,1,SNS,2011-2015,outgoing
https://ror.org/05g3rxr48,Arizona Science Center,US,United States,1,SNS,2011-2015,outgoing
https://ror.org/05g5v7496,Burnley General Teaching Hospital,GB,United Kingdom,1,SNS,2011-2015,outgoing
https://ror.org/05g6ben79,Suzhou University of Technology,CN,China,1,SNS,2011-2015,outgoing
https://ror.org/05g95eg64,Institute of Biological and Medical Imaging,DE,Germany,1,SNS,2011-2015,outgoing
https://ror.org/05gbn2817,"China University of Petroleum, East China",CN,China,2,SNS,2011-2015,outgoing
https://ror.org/05gbnpz65,Institute of Cell Biophysics,RU,Russia,1,SNS,2011-2015,outgoing
https://ror.org/05gbven85,Wisconsin Institutes for Discovery,US,United States,1,SNS,2011-2015,outgoing
https://ror.org/05gbyky62,Institute of Radio-Engineering and Electronics,RU,Russia,4,SNS,2011-2015,outgoing
https://ror.org/05gedqb32,GlaxoSmithKline (Germany),DE,Germany,3,SNS,2011-2015,outgoing
https://ror.org/05geg6f02,Scottish Universities Press,GB,United Kingdom,18,SNS,2011-2015,outgoing
https://ror.org/05gehxw18,Detroit Medical Center,US,United States,2,SNS,2011-2015,outgoing
https://ror.org/05gfswd81,Institute for Research in Biomedicine,CH,Switzerland,8,SNS,2011-2015,outgoing
https://ror.org/05ggc9x40,Université Paris-Est Créteil,FR,France,231,SNS,2011-2015,outgoing
https://ror.org/05ggn0a85,"University of Chemistry and Technology, Prague",CZ,Czechia,17,SNS,2011-2015,outgoing
https://ror.org/05ghs6f64,Montreal Neurological Institute and Hospital,CA,Canada,35,SNS,2011-2015,outgoing
https://ror.org/05ghzpa93,Guru Nanak Dev University,IN,India,1,SNS,2011-2015,outgoing
https://ror.org/05gj63w50,Southwestern University,US,United States,2,SNS,2011-2015,outgoing
https://ror.org/05gkzhv48,Melbourne Bioinformatics,AU,Australia,3,SNS,2011-2015,outgoing
https://ror.org/05gpvde20,Royal Prince Alfred Hospital,AU,Australia,9,SNS,2011-2015,outgoing
https://ror.org/05gq02987,Brown University,US,United States,2916,SNS,2011-2015,outgoing
https://ror.org/05gqaka33,Martin Luther University Halle-Wittenberg,DE,Germany,20,SNS,2011-2015,outgoing
https://ror.org/05gqcbq50,Aspen Center For Physics,US,United States,403,SNS,2011-2015,outgoing
https://ror.org/05gqsa340,Hokkaido University of Science,JP,Japan,1,SNS,2011-2015,outgoing
https://ror.org/05grdyy37,Amsterdam University Medical Centers,NL,The Netherlands,232,SNS,2011-2015,outgoing
https://ror.org/05gs8cd61,University of Salzburg,AT,Austria,18,SNS,2011-2015,outgoing
https://ror.org/05gscwg02,Laboratoire Souterrain à Bas Bruit,FR,France,5,SNS,2011-2015,outgoing
https://ror.org/05gt1vc06,Howard University,US,United States,19,SNS,2011-2015,outgoing
https://ror.org/05gvnxz63,Argonne National Laboratory,US,United States,3982,SNS,2011-2015,outgoing
https://ror.org/05gxnyn08,Indiana University – Purdue University Indianapolis,US,United States,81,SNS,2011-2015,outgoing
https://ror.org/05gxyna29,Frankfurt School of Finance & Management,DE,Germany,1,SNS,2011-2015,outgoing
https://ror.org/05gzceg21,Kasetsart University,TH,Thailand,9,SNS,2011-2015,outgoing
https://ror.org/05gzmn429,SLAC National Accelerator Laboratory,US,United States,3523,SNS,2011-2015,outgoing
https://ror.org/05gzqy922,UC Irvine Chao Family Comprehensive Cancer Center,US,United States,1,SNS,2011-2015,outgoing
https://ror.org/05h0rw812,National Center for Geriatrics and Gerontology,JP,Japan,4,SNS,2011-2015,outgoing
https://ror.org/05h10sf50,Brain Resource Center,US,United States,1,SNS,2011-2015,outgoing
https://ror.org/05h1aye87,Linköping University Hospital,SE,Sweden,20,SNS,2011-2015,outgoing
https://ror.org/05h1bnb22,North Dakota State University,US,United States,8,SNS,2011-2015,outgoing
https://ror.org/05h279t85,Vatican Observatory,IT,Italy,1,SNS,2011-2015,outgoing
https://ror.org/05h33bt13,Qinghai University,CN,China,2,SNS,2011-2015,outgoing
https://ror.org/05h3vcy91,Qingdao Institute of Bioenergy and Bioprocess Technology,CN,China,4,SNS,2011-2015,outgoing
https://ror.org/05h4th693,Yichun University,CN,China,2,SNS,2011-2015,outgoing
https://ror.org/05h4zj272,Harbor–UCLA Medical Center,US,United States,3,SNS,2011-2015,outgoing
https://ror.org/05h5v3c50,Hôpital Tenon,FR,France,1,SNS,2011-2015,outgoing
https://ror.org/05h7xva58,Wesleyan University,US,United States,31,SNS,2011-2015,outgoing
https://ror.org/05h8wjh50,Fraunhofer Institute for Material and Beam Technology,DE,Germany,1,SNS,2011-2015,outgoing
https://ror.org/05h992307,Pacific Northwest National Laboratory,US,United States,560,SNS,2011-2015,outgoing
https://ror.org/05h9h0e34,Hokkai Gakuen University,JP,Japan,2,SNS,2011-2015,outgoing
https://ror.org/05h9t7759,University of Isfahan,IR,Iran,8,SNS,2011-2015,outgoing
https://ror.org/05hacyq28,Kessler Foundation,US,United States,3,SNS,2011-2015,outgoing
https://ror.org/05hak1h47,University of Agricultural Sciences and Veterinary Medicine of Cluj-Napoca,RO,Romania,2,SNS,2011-2015,outgoing
https://ror.org/05hbrxp80,Agricultural Research Organization,IL,Israel,2,SNS,2011-2015,outgoing
https://ror.org/05hdxka83,Université Panthéon-Assas,FR,France,2309,SNS,2011-2015,outgoing
https://ror.org/05hez5t42,Süleyman Şah University,TR,Turkey,570,SNS,2011-2015,outgoing
https://ror.org/05hffr360,Khalifa University of Science and Technology,AE,United Arab Emirates,2,SNS,2011-2015,outgoing
https://ror.org/05hh8d621,IBM (United States),US,United States,270,SNS,2011-2015,outgoing
https://ror.org/05hjd9j98,Protein Sciences (United States),US,United States,10,SNS,2011-2015,outgoing
https://ror.org/05hkkdn48,Fraunhofer-Gesellschaft,DE,Germany,43,SNS,2011-2015,outgoing
https://ror.org/05hkycn11,Deutsche Meeresmuseum,DE,Germany,1,SNS,2011-2015,outgoing
https://ror.org/05hm2ja81,Institut de Recherche en Astrophysique et Planétologie,FR,France,364,SNS,2011-2015,outgoing
https://ror.org/05hnb4n85,Jeju National University,KR,South Korea,1,SNS,2011-2015,outgoing
https://ror.org/05hp77p11,Turkish Atomic Energy Authority,TR,Turkey,768,SNS,2011-2015,outgoing
https://ror.org/05hpfkn88,Universidade Federal do Rio Grande,BR,Brazil,4,SNS,2011-2015,outgoing
https://ror.org/05hqf1284,Chongqing Technology and Business University,CN,China,2,SNS,2011-2015,outgoing
https://ror.org/05hr3ch11,Institute of Botany,CN,China,2,SNS,2011-2015,outgoing
https://ror.org/05hrg0j24,Lister Hospital,GB,United Kingdom,1,SNS,2011-2015,outgoing
https://ror.org/05hs5r386,Mathematical Sciences Research Institute,US,United States,7,SNS,2011-2015,outgoing
https://ror.org/05hs6h993,Michigan State University,US,United States,3491,SNS,2011-2015,outgoing
https://ror.org/05ht0mh31,University of Udine,IT,Italy,2762,SNS,2011-2015,outgoing
https://ror.org/05htk5m33,Hunan University,CN,China,9,SNS,2011-2015,outgoing
https://ror.org/05hwvzg47,Federal Reserve Bank of New York,US,United States,11,SNS,2011-2015,outgoing
https://ror.org/05hxqvt36,Institute of Predictive and Personalized Medicine of Cancer,ES,Spain,1,SNS,2011-2015,outgoing
https://ror.org/05hy3tk52,École Polytechnique,FR,France,4110,SNS,2011-2015,outgoing
https://ror.org/05hygey35,Institute of Genetics and Cancer,GB,United Kingdom,6,SNS,2011-2015,outgoing
https://ror.org/05hyx5a17,Laboratoire de Génie Électrique de Grenoble,FR,France,8,SNS,2011-2015,outgoing
https://ror.org/05hzdft06,Center for Food Safety and Applied Nutrition,US,United States,2,SNS,2011-2015,outgoing
https://ror.org/05j00sr48,Council for Scientific and Industrial Research,ZA,South Africa,2,SNS,2011-2015,outgoing
https://ror.org/05j07r343,Ukrainian Academy of Agrarian Sciences,UA,Ukraine,3,SNS,2011-2015,outgoing
https://ror.org/05j0ve876,Aston University,GB,United Kingdom,13,SNS,2011-2015,outgoing
https://ror.org/05j0w0e76,American Association For The Advancement of Science,US,United States,4,SNS,2011-2015,outgoing
https://ror.org/05j1gs298,Erasmus Hospital,BE,Belgium,12,SNS,2011-2015,outgoing
https://ror.org/05j1wxv23,Bermuda Institute of Ocean Sciences,GB,United Kingdom,1,SNS,2011-2015,outgoing
https://ror.org/05j2ptn94,College of Science and Technology,BT,Bhutan,3,SNS,2011-2015,outgoing
https://ror.org/05j37e495,South Western Sydney Local Health District,AU,Australia,4,SNS,2011-2015,outgoing
https://ror.org/05j3snm48,"Istituto Nazionale di Fisica Nucleare, Sezione di Trieste",IT,Italy,1608,SNS,2011-2015,outgoing
https://ror.org/05j5a1a74,Race Forward,US,United States,3,SNS,2011-2015,outgoing
https://ror.org/05j636y43,University of Maryland Biotechnology Institute,US,United States,1,SNS,2011-2015,outgoing
https://ror.org/05j6fvn87,Singapore University of Technology and Design,SG,Singapore,25,SNS,2011-2015,outgoing
https://ror.org/05j6ybs54,Millennium Institute on Immunology and Immunotherapy,CL,Chile,1,SNS,2011-2015,outgoing
https://ror.org/05j73fd60,Institute of Coal Chemistry,CN,China,1,SNS,2011-2015,outgoing
https://ror.org/05j752d14,McLaughlin Research Institute,US,United States,1,SNS,2011-2015,outgoing
https://ror.org/05j7fep28,Australian Nuclear Science and Technology Organisation,AU,Australia,29,SNS,2011-2015,outgoing
https://ror.org/05j8naw58,Sinai Health System,US,United States,1,SNS,2011-2015,outgoing
https://ror.org/05j8x4n38,San Francisco General Hospital,US,United States,1,SNS,2011-2015,outgoing
https://ror.org/05jb9pq57,Shandong First Medical University,CN,China,2,SNS,2011-2015,outgoing
https://ror.org/05jbt9m15,University of Arkansas at Fayetteville,US,United States,44,SNS,2011-2015,outgoing
https://ror.org/05jcsqx24,Saratov State University,RU,Russia,1,SNS,2011-2015,outgoing
https://ror.org/05jd2pj53,King Chulalongkorn Memorial Hospital,TH,Thailand,1,SNS,2011-2015,outgoing
https://ror.org/05je2tx78,National Center for Immunization and Respiratory Diseases,US,United States,2,SNS,2011-2015,outgoing
https://ror.org/05je79696,Laboratoire Interdisciplinaire des Environnements Continentaux,FR,France,2,SNS,2011-2015,outgoing
https://ror.org/05jfbgm49,Ho Chi Minh City University of Science,VN,Vietnam,1,SNS,2011-2015,outgoing
https://ror.org/05jfq2w07,Scottish Universities Environmental Research Centre,GB,United Kingdom,1,SNS,2011-2015,outgoing
https://ror.org/05jg8yp15,Hammersmith Hospital,GB,United Kingdom,12,SNS,2011-2015,outgoing
https://ror.org/05jg9pj51,Plant Industry,AU,Australia,1,SNS,2011-2015,outgoing
https://ror.org/05jhnwe22,Edith Cowan University,AU,Australia,6,SNS,2011-2015,outgoing
https://ror.org/05jk51a88,Nihon University,JP,Japan,13,SNS,2011-2015,outgoing
https://ror.org/05jm22562,Ausonius Institut de Recherche sur l'Antiquité et le Moyen age,FR,France,42,SNS,2011-2015,outgoing
https://ror.org/05jm9mh74,Centre Hospitalier René-Dubos,FR,France,3,SNS,2011-2015,outgoing
https://ror.org/05jmhh281,National Center for Toxicological Research,US,United States,8,SNS,2011-2015,outgoing
https://ror.org/05jmnvy38,DHI,DK,Denmark,1,SNS,2011-2015,outgoing
https://ror.org/05jpad840,Institut de la Mer de Villefranche,FR,France,2,SNS,2011-2015,outgoing
https://ror.org/05jr8e497,Willamette Valley Cancer Institute and Research Center,US,United States,1,SNS,2011-2015,outgoing
https://ror.org/05jreb977,Shikoku Medical Center for Children and Adults,JP,Japan,1,SNS,2011-2015,outgoing
https://ror.org/05jrr4320,Hôpital de la Timone,FR,France,6,SNS,2011-2015,outgoing
https://ror.org/05jscf583,Harbin Medical University,CN,China,10,SNS,2011-2015,outgoing
https://ror.org/05jsp9k64,Economic Research Centre,AZ,Azerbaijan,1,SNS,2011-2015,outgoing
https://ror.org/05jtef216,Ottawa Hospital Research Institute,CA,Canada,9,SNS,2011-2015,outgoing
https://ror.org/05jv2yg47,Moscow State Technological University,RU,Russia,1,SNS,2011-2015,outgoing
https://ror.org/05jvrwv37,Istanbul Kültür University,TR,Turkey,1,SNS,2011-2015,outgoing
https://ror.org/05jwcsm16,Air University,US,United States,1,SNS,2011-2015,outgoing
https://ror.org/05jxfge78,Institut national de l’information géographique et forestière,FR,France,6,SNS,2011-2015,outgoing
https://ror.org/05jyz4092,Thüringer Landessternwarte Tautenburg,DE,Germany,5,SNS,2011-2015,outgoing
https://ror.org/05jzgzx91,University of Glasgow Singapore,SG,Singapore,1,SNS,2011-2015,outgoing
https://ror.org/05jzt8766,University of Lapland,FI,Finland,4,SNS,2011-2015,outgoing
https://ror.org/05k0s5494,Children's Hospital at Westmead,AU,Australia,23,SNS,2011-2015,outgoing
https://ror.org/05k1smh27,Institut Jean Lamour,FR,France,1,SNS,2011-2015,outgoing
https://ror.org/05k27ay38,Dokkyo Medical University,JP,Japan,1,SNS,2011-2015,outgoing
https://ror.org/05k323c76,Swedish Museum of Natural History,SE,Sweden,1,SNS,2011-2015,outgoing
https://ror.org/05k34t975,Illumina (United States),US,United States,19,SNS,2011-2015,outgoing
https://ror.org/05k37v296,Defence Research and Development Organisation,IN,India,23,SNS,2011-2015,outgoing
https://ror.org/05k3dc376,Washington and Jefferson College,US,United States,4,SNS,2011-2015,outgoing
https://ror.org/05k3sdc46,North Sichuan Medical University,CN,China,1,SNS,2011-2015,outgoing
https://ror.org/05k4ema52,Institut de Pharmacologie Moléculaire et Cellulaire,FR,France,15,SNS,2011-2015,outgoing
https://ror.org/05k5t2r42,Katholisches Klinikum Bochum,DE,Germany,1,SNS,2011-2015,outgoing
https://ror.org/05k637k59,Instituto Nacional de Neurología y Neurocirugía,MX,Mexico,1,SNS,2011-2015,outgoing
https://ror.org/05k705z76,Institut de Recherche sur les Lois Fondamentales de l'Univers,FR,France,968,SNS,2011-2015,outgoing
https://ror.org/05k87vq12,Microsoft Research (United Kingdom),GB,United Kingdom,19,SNS,2011-2015,outgoing
https://ror.org/05k89ew48,University of Jordan,JO,Jordan,37,SNS,2011-2015,outgoing
https://ror.org/05k8pq072,Universidade Cruzeiro do Sul,BR,Brazil,5,SNS,2011-2015,outgoing
https://ror.org/05k8wg936,Genome Institute of Singapore,SG,Singapore,12,SNS,2011-2015,outgoing
https://ror.org/05k91zb11,Sony Corporation (United States),US,United States,1,SNS,2011-2015,outgoing
https://ror.org/05k9skc85,Institut Pasteur de Lille,FR,France,9,SNS,2011-2015,outgoing
https://ror.org/05kacka20,"Istituto di Scienza e Tecnologie dell'Informazione ""Alessandro Faedo""",IT,Italy,205,SNS,2011-2015,outgoing
https://ror.org/05kacnm89,Central University of Venezuela,VE,Venezuela,5,SNS,2011-2015,outgoing
https://ror.org/05kb8h459,Umeå University,SE,Sweden,65,SNS,2011-2015,outgoing
https://ror.org/05kdz4d87,NHS Greater Glasgow and Clyde,GB,United Kingdom,5,SNS,2011-2015,outgoing
https://ror.org/05ke5hb07,Paul Langerhans Institute Dresden,DE,Germany,1,SNS,2011-2015,outgoing
https://ror.org/05kewds18,Northrop Grumman (United States),US,United States,2,SNS,2011-2015,outgoing
https://ror.org/05kh5wx29,Agrifood Research Finland,FI,Finland,2,SNS,2011-2015,outgoing
https://ror.org/05kje8j93,Center for Life Sciences,CN,China,24,SNS,2011-2015,outgoing
https://ror.org/05kkfq345,Research Institute for Humanity and Nature,JP,Japan,1,SNS,2011-2015,outgoing
https://ror.org/05kknxr83,"Department of Energy, Engineering, Mechanics and Control Processes",RU,Russia,11,SNS,2011-2015,outgoing
https://ror.org/05kkv3f82,Universität der Bundeswehr München,DE,Germany,2,SNS,2011-2015,outgoing
https://ror.org/05kph4940,Helsinki Institute for Information Technology,FI,Finland,1,SNS,2011-2015,outgoing
https://ror.org/05kpkpg04,Centre de Coopération Internationale en Recherche Agronomique pour le Développement,FR,France,68,SNS,2011-2015,outgoing
https://ror.org/05kpx1157,Royal Preston Hospital,GB,United Kingdom,2,SNS,2011-2015,outgoing
https://ror.org/05kq1z994,Gunma University Hospital,JP,Japan,1,SNS,2011-2015,outgoing
https://ror.org/05krcen59,LIP6,FR,France,3,SNS,2011-2015,outgoing
https://ror.org/05krs5044,University of Sheffield,GB,United Kingdom,1741,SNS,2011-2015,outgoing
https://ror.org/05kt9ap64,Kindai University,JP,Japan,547,SNS,2011-2015,outgoing
https://ror.org/05ktbsm52,Burnet Institute,AU,Australia,1,SNS,2011-2015,outgoing
https://ror.org/05kwbf598,Institut pour l'avancée des biosciences,FR,France,4,SNS,2011-2015,outgoing
https://ror.org/05kwjwj05,Scripps Clinic,US,United States,1,SNS,2011-2015,outgoing
https://ror.org/05kx2e072,UNM Comprehensive Cancer Center,US,United States,1,SNS,2011-2015,outgoing
https://ror.org/05kx3hd68,Group Health Cooperative,US,United States,9,SNS,2011-2015,outgoing
https://ror.org/05kxdq627,Jardins botaniques du Grand Nancy et de l'Université de Lorraine,FR,France,2,SNS,2011-2015,outgoing
https://ror.org/05kxtq558,Institute of Molecular Biology,DE,Germany,46,SNS,2011-2015,outgoing
https://ror.org/05kytsw45,Örebro University,SE,Sweden,10,SNS,2011-2015,outgoing
https://ror.org/05kzadn81,Nara Women's University,JP,Japan,471,SNS,2011-2015,outgoing
https://ror.org/05kzfa883,Korea Institute of Science and Technology,KR,South Korea,40,SNS,2011-2015,outgoing
https://ror.org/05kzjxq56,Chonnam National University,KR,South Korea,3277,SNS,2011-2015,outgoing
https://ror.org/05m14sk15,Leningrad State University named after AS Pushkin,RU,Russia,27,SNS,2011-2015,outgoing
https://ror.org/05m1gnk07,Korea University,JP,Japan,21,SNS,2011-2015,outgoing
https://ror.org/05m235j20,Brazilian Center for Research in Energy and Materials,BR,Brazil,1,SNS,2011-2015,outgoing
https://ror.org/05m2c7461,Centro Studi Luca d’Agliano,IT,Italy,2,SNS,2011-2015,outgoing
https://ror.org/05m2fqn25,Chiang Mai University,TH,Thailand,5,SNS,2011-2015,outgoing
https://ror.org/05m2n8847,V.E. Zuev Institute of Atmospheric Optics,RU,Russia,8,SNS,2011-2015,outgoing
https://ror.org/05m2pwn60,Narodowy Instytut Leków,PL,Poland,1,SNS,2011-2015,outgoing
https://ror.org/05m3r1b84,Institut de Mathématiques de Bordeaux,FR,France,5,SNS,2011-2015,outgoing
https://ror.org/05m3tag45,Institute of Archaeology and Ethnography,RU,Russia,1,SNS,2011-2015,outgoing
https://ror.org/05m4rmw09,International Monetary Fund,US,United States,27,SNS,2011-2015,outgoing
https://ror.org/05m5b8x20,Sidney Kimmel Comprehensive Cancer Center,US,United States,3,SNS,2011-2015,outgoing
https://ror.org/05m5has32,Fundación para la Formación e Investigación Sanitarias de la Región de Murcia,ES,Spain,1,SNS,2011-2015,outgoing
https://ror.org/05m6e7d23,Ospedale San Giuseppe,IT,Italy,1,SNS,2011-2015,outgoing
https://ror.org/05m7pjf47,University College Dublin,IE,Ireland,4217,SNS,2011-2015,outgoing
https://ror.org/05m802881,Bariloche Atomic Centre,AR,Argentina,6,SNS,2011-2015,outgoing
https://ror.org/05m8dr349,NIHR Cambridge Biomedical Research Centre,GB,United Kingdom,4,SNS,2011-2015,outgoing
https://ror.org/05m8pzq90,Montreal Clinical Research Institute,CA,Canada,4,SNS,2011-2015,outgoing
https://ror.org/05ma4gw77,University of the Pacific,US,United States,23,SNS,2011-2015,outgoing
https://ror.org/05mbqa235,Ecosystem Sciences,AU,Australia,1,SNS,2011-2015,outgoing
https://ror.org/05md7ag74,École Supérieure de Commerce,DZ,Algeria,12,SNS,2011-2015,outgoing
https://ror.org/05mdm7050,University of Wisconsin–Extension,US,United States,1,SNS,2011-2015,outgoing
https://ror.org/05mey9k78,Tallinn University,EE,Estonia,3,SNS,2011-2015,outgoing
https://ror.org/05mg91w61,Office of Basic Energy Sciences,US,United States,1,SNS,2011-2015,outgoing
https://ror.org/05mgxqt50,Institute of Physics of the Slovak Academy of Sciences,SK,Slovakia,117,SNS,2011-2015,outgoing
https://ror.org/05mhswc23,Kushiro City General Hospital,JP,Japan,1,SNS,2011-2015,outgoing
https://ror.org/05mj6fy81,University of Houston - Downtown,US,United States,1,SNS,2011-2015,outgoing
https://ror.org/05mm0yv21,Nizhny Novgorod State Pedagogical University,RU,Russia,2,SNS,2011-2015,outgoing
https://ror.org/05mmh0f86,Australian Research Council,AU,Australia,404,SNS,2011-2015,outgoing
https://ror.org/05mmvmh32,Thermo Fisher Scientific (Israel),IL,Israel,12,SNS,2011-2015,outgoing
https://ror.org/05mnjs436,Dezhou University,CN,China,1,SNS,2011-2015,outgoing
https://ror.org/05mq65528,MD Anderson Cancer Center Madrid,ES,Spain,1,SNS,2011-2015,outgoing
https://ror.org/05mqa4073,State Key Laboratory of Plant Cell and Chromosome Engineering,CN,China,1,SNS,2011-2015,outgoing
https://ror.org/05mqewt50,Jiangjin Central Hospital,CN,China,1,SNS,2011-2015,outgoing
https://ror.org/05mqgrb58,Papworth Hospital,GB,United Kingdom,1,SNS,2011-2015,outgoing
https://ror.org/05mqm5297,Shanghai Institute of Pharmaceutical Industry,CN,China,1,SNS,2011-2015,outgoing
https://ror.org/05mrk2t44,Center for Snow and Avalanche Studies,US,United States,1,SNS,2011-2015,outgoing
https://ror.org/05ms04m92,Buffalo State University,US,United States,5,SNS,2011-2015,outgoing
https://ror.org/05mshxb09,Sheffield Children's Hospital,GB,United Kingdom,6,SNS,2011-2015,outgoing
https://ror.org/05msxaq47,University of North Texas Health Science Center,US,United States,5,SNS,2011-2015,outgoing
https://ror.org/05msy3z48,Legacy Good Samaritan Medical Center,US,United States,1,SNS,2011-2015,outgoing
https://ror.org/05msy9z54,Universidade Federal de Pelotas,BR,Brazil,12,SNS,2011-2015,outgoing
https://ror.org/05mw4gk09,Rebecca Sieff Hospital,IL,Israel,1,SNS,2011-2015,outgoing
https://ror.org/05mx0wr29,Zhejiang University of Science and Technology,CN,China,4,SNS,2011-2015,outgoing
https://ror.org/05mxhda18,University Hospital Cologne,DE,Germany,4,SNS,2011-2015,outgoing
https://ror.org/05mzd8v39,Institut Lavoisier de Versailles,FR,France,1,SNS,2011-2015,outgoing
https://ror.org/05mzf3276,Sandwell & West Birmingham Hospitals NHS Trust,GB,United Kingdom,1,SNS,2011-2015,outgoing
https://ror.org/05mzfcs16,The Open University,GB,United Kingdom,179,SNS,2011-2015,outgoing
https://ror.org/05n0gsn30,Military University Nueva Granada,CO,Colombia,4,SNS,2011-2015,outgoing
https://ror.org/05n0tzs53,Sunnybrook Research Institute,CA,Canada,1,SNS,2011-2015,outgoing
https://ror.org/05n0wgt02,King Faisal Specialist Hospital & Research Centre,SA,Saudi Arabia,3,SNS,2011-2015,outgoing
https://ror.org/05n13be63,Children's Hospital of Fudan University,CN,China,2,SNS,2011-2015,outgoing
https://ror.org/05n21n105,Unité de Mathématiques Pures et Appliquées,FR,France,10,SNS,2011-2015,outgoing
https://ror.org/05n2c8735,European Genomic Institute for Diabetes,FR,France,1,SNS,2011-2015,outgoing
https://ror.org/05n2cz176,Muğla University,TR,Turkey,1,SNS,2011-2015,outgoing
https://ror.org/05n2dnq32,Chatham University,US,United States,2,SNS,2011-2015,outgoing
https://ror.org/05n3asa33,Instituto de Investigación Biomédica de Málaga,ES,Spain,1,SNS,2011-2015,outgoing
https://ror.org/05n3dz165,University of Jyväskylä,FI,Finland,3454,SNS,2011-2015,outgoing
https://ror.org/05n3x4p02,Medical University of Vienna,AT,Austria,50,SNS,2011-2015,outgoing
https://ror.org/05n486907,Catholic Kwandong University,KR,South Korea,2,SNS,2011-2015,outgoing
https://ror.org/05n629g02,Molecular Research Institute,US,United States,2,SNS,2011-2015,outgoing
https://ror.org/05n7yzd13,Hôpital Paul-Brousse,FR,France,1,SNS,2011-2015,outgoing
https://ror.org/05n86fa68,Centro de Investigaciones sobre América del Norte,MX,Mexico,3,SNS,2011-2015,outgoing
https://ror.org/05n894m26,CUNY Graduate School of Public Health and Health Policy,US,United States,1,SNS,2011-2015,outgoing
https://ror.org/05n8tts92,Universiti Teknologi MARA,MY,Malaysia,2,SNS,2011-2015,outgoing
https://ror.org/05n911h24,Technische Universität Darmstadt,DE,Germany,227,SNS,2011-2015,outgoing
https://ror.org/05n9ybf95,Japan Livestock Technology Association,JP,Japan,1,SNS,2011-2015,outgoing
https://ror.org/05na4hm84,Max-von-Pettenkofer-Institut für Hygiene und Medizinische Mikrobiologie,DE,Germany,5,SNS,2011-2015,outgoing
https://ror.org/05nbsaj33,Bhopal Memorial Hospital & Research Centre,IN,India,1,SNS,2011-2015,outgoing
https://ror.org/05ncvzk72,"Instituto de Parasitología y Biomedicina ""López - Neyra""",ES,Spain,1,SNS,2011-2015,outgoing
https://ror.org/05ne3s142,Saint Petersburg Academic University,RU,Russia,45,SNS,2011-2015,outgoing
https://ror.org/05neq8668,Institut Systèmes Intelligents et de Robotique,FR,France,3,SNS,2011-2015,outgoing
https://ror.org/05nf86y53,Japan Atomic Energy Agency,JP,Japan,73,SNS,2011-2015,outgoing
https://ror.org/05nfypp21,Délégation Aquitaine,FR,France,1,SNS,2011-2015,outgoing
https://ror.org/05nj8ma95,Institute of Soil Science,CN,China,2,SNS,2011-2015,outgoing
https://ror.org/05njb9z20,University of Ljubljana,SI,Slovenia,1939,SNS,2011-2015,outgoing
https://ror.org/05njhbf68,State Key Laboratory of Advanced Technology For Materials Synthesis and Processing,CN,China,7,SNS,2011-2015,outgoing
https://ror.org/05nkf0n29,University of New Brunswick,CA,Canada,16,SNS,2011-2015,outgoing
https://ror.org/05nkgk822,Jiangxi Normal University,CN,China,36,SNS,2011-2015,outgoing
https://ror.org/05nmyph15,Culham Centre for Fusion Energy,GB,United Kingdom,2,SNS,2011-2015,outgoing
https://ror.org/05nnk3913,Albion College,US,United States,2,SNS,2011-2015,outgoing
https://ror.org/05nnv1197,Institute of Applied Physics,RU,Russia,171,SNS,2011-2015,outgoing
https://ror.org/05npsb488,Foundation for Medical Research,IN,India,1,SNS,2011-2015,outgoing
https://ror.org/05nqg3g04,Ningbo Institute of Industrial Technology,CN,China,5,SNS,2011-2015,outgoing
https://ror.org/05nr7xa08,"Institute of Polymers, Composites and Biomaterials",IT,Italy,46,SNS,2011-2015,outgoing
https://ror.org/05nrrsx06,Swiss Center for Electronics and Microtechnology (Switzerland),CH,Switzerland,2,SNS,2011-2015,outgoing
https://ror.org/05nsbhw27,Children's Hospital of Eastern Ontario,CA,Canada,4,SNS,2011-2015,outgoing
https://ror.org/05nw98r31,European Gravitational Observatory,IT,Italy,203,SNS,2011-2015,outgoing
https://ror.org/05nyp3428,U.S. Bancorp (United States),US,United States,1,SNS,2011-2015,outgoing
https://ror.org/05nywn832,Leibniz Institute for Zoo and Wildlife Research,DE,Germany,1,SNS,2011-2015,outgoing
https://ror.org/05nz0zp31,Wellcome/MRC Cambridge Stem Cell Institute,GB,United Kingdom,4,SNS,2011-2015,outgoing
https://ror.org/05nz37n09,Anadolu University,TR,Turkey,506,SNS,2011-2015,outgoing
https://ror.org/05nzf7q96,"Institute of Biomembranes, Bioenergetics and Molecular Biotechnologies",IT,Italy,6,SNS,2011-2015,outgoing
https://ror.org/05p0enq35,Instituto Aragonés de Ciencias de la Salud,ES,Spain,1,SNS,2011-2015,outgoing
https://ror.org/05p1frt18,Glostrup Hospital,DK,Denmark,3,SNS,2011-2015,outgoing
https://ror.org/05p1j8758,Kansas State University,US,United States,2970,SNS,2011-2015,outgoing
https://ror.org/05p1n6x86,MRC London Institute of Medical Sciences,GB,United Kingdom,3,SNS,2011-2015,outgoing
https://ror.org/05p26gw61,Department of Health and Human Services,US,United States,3,SNS,2011-2015,outgoing
https://ror.org/05p40t847,Newcastle upon Tyne Hospitals NHS Foundation Trust,GB,United Kingdom,3,SNS,2011-2015,outgoing
https://ror.org/05p4f7w60,University of the West Indies,BB,Barbados,10,SNS,2011-2015,outgoing
https://ror.org/05p4qy423,Instituto Biológico,BR,Brazil,1,SNS,2011-2015,outgoing
https://ror.org/05p52kj31,Royal Brisbane and Women's Hospital,AU,Australia,9,SNS,2011-2015,outgoing
https://ror.org/05p5xsx92,Federal Reserve Bank of San Francisco,US,United States,2,SNS,2011-2015,outgoing
https://ror.org/05p61mv27,The Dodd-Walls Centre for Photonic and Quantum Technologies,NZ,New Zealand,2,SNS,2011-2015,outgoing
https://ror.org/05p6qqk79,University of Tampere,FI,Finland,29,SNS,2011-2015,outgoing
https://ror.org/05p76h610,MagiQ Technologies (United States),US,United States,1,SNS,2011-2015,outgoing
https://ror.org/05p7dhc22,Centre for Innovation Studies,CA,Canada,1,SNS,2011-2015,outgoing
https://ror.org/05p7te762,HRL Laboratories (United States),US,United States,3,SNS,2011-2015,outgoing
https://ror.org/05p7zpp88,Centre de Recherche sur les Risques et les Crises,FR,France,2,SNS,2011-2015,outgoing
https://ror.org/05p83my93,Vancouver Hospital and Health Sciences Centre,CA,Canada,4,SNS,2011-2015,outgoing
https://ror.org/05p8w6387,Florida Atlantic University,US,United States,13,SNS,2011-2015,outgoing
https://ror.org/05p8z3f47,Purdue University System,US,United States,2251,SNS,2011-2015,outgoing
https://ror.org/05p915b28,Oak Ridge Leadership Computing Facility,US,United States,2,SNS,2011-2015,outgoing
https://ror.org/05p96ba03,Monash Institute of Medical Research,AU,Australia,2,SNS,2011-2015,outgoing
https://ror.org/05p9y3e72,Schneider Children's Hospital,US,United States,1,SNS,2011-2015,outgoing
https://ror.org/05pa68763,Asan Foundation,KR,South Korea,5,SNS,2011-2015,outgoing
https://ror.org/05patmk97,Institute for Chemical and Physical Processes,IT,Italy,106,SNS,2011-2015,outgoing
https://ror.org/05pbb8783,Université de Montpellier Paul-Valéry,FR,France,5,SNS,2011-2015,outgoing
https://ror.org/05pc9cb65,Tung Wah Hospital,CN,China,2,SNS,2011-2015,outgoing
https://ror.org/05pcv4v03,Parthenope University of Naples,IT,Italy,863,SNS,2011-2015,outgoing
https://ror.org/05pejbw21,Chengdu University of Technology,CN,China,2,SNS,2011-2015,outgoing
https://ror.org/05pf1p208,Institut Français du Cheval et de l'Équitation,FR,France,3,SNS,2011-2015,outgoing
https://ror.org/05pg2cw06,Azarbaijan Shahid Madani University,IR,Iran,1,SNS,2011-2015,outgoing
https://ror.org/05ph11m41,CTO Hospital,IT,Italy,2,SNS,2011-2015,outgoing
https://ror.org/05phns765,Western Norway University of Applied Sciences,NO,Norway,214,SNS,2011-2015,outgoing
https://ror.org/05pjhbt17,Montana Department of Environmental Quality,US,United States,6,SNS,2011-2015,outgoing
https://ror.org/05pjsgx75,Indian Institute of Technology Kanpur,IN,India,13,SNS,2011-2015,outgoing
https://ror.org/05pmsvm27,ZHAW Zurich University of Applied Sciences,CH,Switzerland,1,SNS,2011-2015,outgoing
https://ror.org/05pny7s12,Khulna University,BD,Bangladesh,1,SNS,2011-2015,outgoing
https://ror.org/05ppk0267,Universidad Autónoma de Guadalajara,MX,Mexico,2,SNS,2011-2015,outgoing
https://ror.org/05pq4yn02,"Czech Academy of Sciences, Biology Centre",CZ,Czechia,1,SNS,2011-2015,outgoing
https://ror.org/05pq8vh42,Instituto de Biomedicina de Valencia,ES,Spain,5,SNS,2011-2015,outgoing
https://ror.org/05pqqge35,Anhui Mental Health Center,CN,China,1,SNS,2011-2015,outgoing
https://ror.org/05pr37258,Health Sciences Centre,CA,Canada,2,SNS,2011-2015,outgoing
https://ror.org/05pvqha70,St. Lawrence University,US,United States,2,SNS,2011-2015,outgoing
https://ror.org/05pwkex33,Observatoire des Sciences de l'Environnement de Rennes,FR,France,3,SNS,2011-2015,outgoing
https://ror.org/05pz4ws32,Children's Hospital of Chongqing Medical University,CN,China,2,SNS,2011-2015,outgoing
https://ror.org/05pz4yk52,Mammal Research Institute,PL,Poland,1,SNS,2011-2015,outgoing
https://ror.org/05q0t6358,World Health Organization - Philippines,PH,Philippines,1,SNS,2011-2015,outgoing
https://ror.org/05q1wf970,Bogolyubov Institute for Theoretical Physics,UA,Ukraine,270,SNS,2011-2015,outgoing
https://ror.org/05q2cwx50,Institute of Molecular Health Sciences,CH,Switzerland,1,SNS,2011-2015,outgoing
https://ror.org/05q3szf80,Smilow Cancer Hospital,US,United States,10,SNS,2011-2015,outgoing
https://ror.org/05q3vnk25,Institut de Recherche pour le Développement,FR,France,105,SNS,2011-2015,outgoing
https://ror.org/05q65zh81,Chimie ParisTech,FR,France,140,SNS,2011-2015,outgoing
https://ror.org/05q6tgt32,Kennedy Krieger Institute,US,United States,22,SNS,2011-2015,outgoing
https://ror.org/05q79g396,Infrared Processing and Analysis Center,US,United States,633,SNS,2011-2015,outgoing
https://ror.org/05q7a8a02,Ecole des Hautes Etudes Commerciales du Nord,FR,France,4,SNS,2011-2015,outgoing
https://ror.org/05q882j59,Scientists in School,CA,Canada,9,SNS,2011-2015,outgoing
https://ror.org/05q8kyc69,UC Davis Health,US,United States,1,SNS,2011-2015,outgoing
https://ror.org/05q8wtt20,National Institute for Basic Biology,JP,Japan,7,SNS,2011-2015,outgoing
https://ror.org/05q92br09,Jeonbuk National University,KR,South Korea,1566,SNS,2011-2015,outgoing
https://ror.org/05q9m0937,University of Klagenfurt,AT,Austria,3,SNS,2011-2015,outgoing
https://ror.org/05q9yze82,Institute of Neurobiology,BG,Bulgaria,2,SNS,2011-2015,outgoing
https://ror.org/05qajvd42,Australia Telescope National Facility,AU,Australia,150,SNS,2011-2015,outgoing
https://ror.org/05qbk4x57,University of Chinese Academy of Sciences,CN,China,229,SNS,2011-2015,outgoing
https://ror.org/05qbzwv83,Federation University,AU,Australia,2,SNS,2011-2015,outgoing
https://ror.org/05qdwtz81,Ludwig Cancer Research,US,United States,1,SNS,2011-2015,outgoing
https://ror.org/05qec5a53,Centre Hospitalier Universitaire de Rennes,FR,France,6,SNS,2011-2015,outgoing
https://ror.org/05qemrn04,Tokyo Metropolitan College of Industrial Technology,JP,Japan,1,SNS,2011-2015,outgoing
https://ror.org/05qg1tz58,Federal Reserve Bank of Atlanta,US,United States,1,SNS,2011-2015,outgoing
https://ror.org/05qgcra83,NIST Center for Neutron Research,US,United States,7,SNS,2011-2015,outgoing
https://ror.org/05qghxh33,Stony Brook University,US,United States,2376,SNS,2011-2015,outgoing
https://ror.org/05qgkbq61,Plant Breeding and Acclimatization Institute - National Research Institute,PL,Poland,1,SNS,2011-2015,outgoing
https://ror.org/05qk4xh70,Center for Translational Medicine,PL,Poland,2,SNS,2011-2015,outgoing
https://ror.org/05qn5kv73,CHU de Québec-Université Laval,CA,Canada,55,SNS,2011-2015,outgoing
https://ror.org/05qpmg879,Institut de Biologie Moléculaire et Cellulaire,FR,France,28,SNS,2011-2015,outgoing
https://ror.org/05qpz1x62,Friedrich Schiller University Jena,DE,Germany,129,SNS,2011-2015,outgoing
https://ror.org/05qqw9p49,National Academy of Sciences,CR,Costa Rica,2,SNS,2011-2015,outgoing
https://ror.org/05qrfxd25,Russian Academy of Sciences,RU,Russia,1542,SNS,2011-2015,outgoing
https://ror.org/05qsjq305,Centre Hospitalier Universitaire de Nice,FR,France,52,SNS,2011-2015,outgoing
https://ror.org/05qsp5m64,Laboratoire Ondes et Matière d'Aquitaine,FR,France,4,SNS,2011-2015,outgoing
https://ror.org/05qvm1p98,Polish Air Force Academy,PL,Poland,2,SNS,2011-2015,outgoing
https://ror.org/05qvskn85,Xinxiang University,CN,China,9,SNS,2011-2015,outgoing
https://ror.org/05qwb3m66,Celebration Stem Cell Centre,US,United States,2,SNS,2011-2015,outgoing
https://ror.org/05qwgg493,Boston University,US,United States,3752,SNS,2011-2015,outgoing
https://ror.org/05qz4zw08,Akita International University,JP,Japan,15,SNS,2011-2015,outgoing
https://ror.org/05r0ap620,Zurich University of the Arts,CH,Switzerland,4,SNS,2011-2015,outgoing
https://ror.org/05r0ccb59,École Nationale des Travaux Publics de l'État,FR,France,2,SNS,2011-2015,outgoing
https://ror.org/05r0vyz12,"Ministerio de Ciencia, Innovación y Universidades",ES,Spain,5,SNS,2011-2015,outgoing
https://ror.org/05r0xrd27,Center for Nanotechnology Innovation,IT,Italy,407,SNS,2011-2015,outgoing
https://ror.org/05r3dyn47,Center for Systems Biology,US,United States,37,SNS,2011-2015,outgoing
https://ror.org/05r3f7h03,Physikalisch-Technische Bundesanstalt,DE,Germany,21,SNS,2011-2015,outgoing
https://ror.org/05r3yzw86,Fundación Bancaria Caixa d’Estalvis i Pensions de Barcelona,ES,Spain,1,SNS,2011-2015,outgoing
https://ror.org/05r4c7e67,Laboratoire Souterrain de Modane – participation of the Czech Republic,CZ,Czechia,4,SNS,2011-2015,outgoing
https://ror.org/05r4t3s90,Kanton Aargau,CH,Switzerland,1,SNS,2011-2015,outgoing
https://ror.org/05r5k8873,Sewanee: The University of the South,US,United States,71,SNS,2011-2015,outgoing
https://ror.org/05r5zsh59,Genetic Alliance,US,United States,5,SNS,2011-2015,outgoing
https://ror.org/05r78ng12,University of Castilla-La Mancha,ES,Spain,30,SNS,2011-2015,outgoing
https://ror.org/05r7n9c40,Max Planck Institute for Terrestrial Microbiology,DE,Germany,5,SNS,2011-2015,outgoing
https://ror.org/05r8dqr10,University of Rijeka,HR,Croatia,12,SNS,2011-2015,outgoing
https://ror.org/05r8r3608,United States University,US,United States,44,SNS,2011-2015,outgoing
https://ror.org/05rap1m08,Maharaja Sriram Chandra Bhanja Deo University,IN,India,4,SNS,2011-2015,outgoing
https://ror.org/05rbx8m02,Fondazione IRCCS Istituto Neurologico Carlo Besta,IT,Italy,17,SNS,2011-2015,outgoing
https://ror.org/05rcfc739,Shenzhen Municipal People's Government,CN,China,5,SNS,2011-2015,outgoing
https://ror.org/05rcgef49,Institute for Complex Systems,IT,Italy,85,SNS,2011-2015,outgoing
https://ror.org/05rdf8595,Universidade de Vigo,ES,Spain,18,SNS,2011-2015,outgoing
https://ror.org/05reesp83,University Psychiatric Hospital,SI,Slovenia,1,SNS,2011-2015,outgoing
https://ror.org/05rehad94,Oxford University Clinical Research Unit,VN,Vietnam,6,SNS,2011-2015,outgoing
https://ror.org/05rfqv493,East Tennessee State University,US,United States,2,SNS,2011-2015,outgoing
https://ror.org/05rgme147,FitzPatrick Institute of African Ornithology,ZA,South Africa,3,SNS,2011-2015,outgoing
https://ror.org/05rgrbr06,Dana-Farber Brigham Cancer Center,US,United States,3,SNS,2011-2015,outgoing
https://ror.org/05rhyza23,Institute of Parasitology,CZ,Czechia,1,SNS,2011-2015,outgoing
https://ror.org/05rj7xr73,St Joseph's Health Care,CA,Canada,2,SNS,2011-2015,outgoing
https://ror.org/05rk03822,University of Lagos,NG,Nigeria,2,SNS,2011-2015,outgoing
https://ror.org/05rke5d69,Institut Barcelona d'Estudis Internacionals,ES,Spain,6,SNS,2011-2015,outgoing
https://ror.org/05rke7t32,"Animal, Food and Health Sciences",AU,Australia,1,SNS,2011-2015,outgoing
https://ror.org/05rnkb382,Sumitomo Electric Industries (Japan),JP,Japan,3,SNS,2011-2015,outgoing
https://ror.org/05rnn8t74,Osaka University Hospital,JP,Japan,4,SNS,2011-2015,outgoing
https://ror.org/05rq3rb55,Institut des Maladies Génétiques Imagine,FR,France,5,SNS,2011-2015,outgoing
https://ror.org/05rrcem69,"University of California, Davis",US,United States,3934,SNS,2011-2015,outgoing
https://ror.org/05rrz2q74,University of Kinshasa,CD,DR Congo,1,SNS,2011-2015,outgoing
https://ror.org/05rsv8p09,Çanakkale Onsekiz Mart Üniversitesi,TR,Turkey,1,SNS,2011-2015,outgoing
https://ror.org/05rsv9s98,United States Department of Veterans Affairs,US,United States,22,SNS,2011-2015,outgoing
https://ror.org/05rtchs68,Instituto de Estructura de la Materia,ES,Spain,54,SNS,2011-2015,outgoing
https://ror.org/05rw53r38,Royal Zoological Society of Scotland,GB,United Kingdom,18,SNS,2011-2015,outgoing
https://ror.org/05rw9t746,IBM Research - Haifa,IL,Israel,1,SNS,2011-2015,outgoing
https://ror.org/05rwrfh97,Institut Fourier,FR,France,13,SNS,2011-2015,outgoing
https://ror.org/05rwxjy27,Seoul National University Cancer Hospital,KR,South Korea,1,SNS,2011-2015,outgoing
https://ror.org/05rxf9p36,Association française de zootechnie,FR,France,1,SNS,2011-2015,outgoing
https://ror.org/05ry42w04,MedStar Washington Hospital Center,US,United States,3,SNS,2011-2015,outgoing
https://ror.org/05ryc2b20,National Laboratory of Solid State Microstructures,CN,China,9,SNS,2011-2015,outgoing
https://ror.org/05ryemn72,Ankara Yıldırım Beyazıt University,TR,Turkey,2,SNS,2011-2015,outgoing
https://ror.org/05rzcwg85,Peking University Sixth Hospital,CN,China,1,SNS,2011-2015,outgoing
https://ror.org/05s004555,Favaloro University,AR,Argentina,1,SNS,2011-2015,outgoing
https://ror.org/05s0g1g46,National Research Foundation,ZA,South Africa,119,SNS,2011-2015,outgoing
https://ror.org/05s1dqz78,451 Research (United Kingdom),GB,United Kingdom,13,SNS,2011-2015,outgoing
https://ror.org/05s1rff82,Centre des Sciences du Goût et de l'Alimentation,FR,France,3,SNS,2011-2015,outgoing
https://ror.org/05s4b1t72,Hospital Universitari Joan XXIII de Tarragona,ES,Spain,1,SNS,2011-2015,outgoing
https://ror.org/05s4feg49,University of Warmia and Mazury in Olsztyn,PL,Poland,4,SNS,2011-2015,outgoing
https://ror.org/05s570m15,SRI International,US,United States,23,SNS,2011-2015,outgoing
https://ror.org/05s5aag36,Department of Primary Industries,AU,Australia,3,SNS,2011-2015,outgoing
https://ror.org/05s608j53,Laboratoire de Mécanique des Contacts et des Structures,FR,France,3,SNS,2011-2015,outgoing
https://ror.org/05s61gx60,Photochemistry Center,RU,Russia,1,SNS,2011-2015,outgoing
https://ror.org/05s6mpv98,State Key Laboratory of Urban Water Resources and Water Environment,CN,China,4,SNS,2011-2015,outgoing
https://ror.org/05s6rge65,École Centrale de Lyon,FR,France,24,SNS,2011-2015,outgoing
https://ror.org/05s754026,Karlstad University,SE,Sweden,1,SNS,2011-2015,outgoing
https://ror.org/05s8x7560,PerkinElmer (United States),US,United States,3,SNS,2011-2015,outgoing
https://ror.org/05s92vm98,Xidian University,CN,China,5,SNS,2011-2015,outgoing
https://ror.org/05sa6gg87,Moscow Power Engineering Institute,RU,Russia,4,SNS,2011-2015,outgoing
https://ror.org/05sbgwt55,Henan University of Technology,CN,China,1,SNS,2011-2015,outgoing
https://ror.org/05sbt2524,Institut polytechnique de Grenoble,FR,France,2479,SNS,2011-2015,outgoing
https://ror.org/05scq4290,DXC Technology (United States),US,United States,10,SNS,2011-2015,outgoing
https://ror.org/05sczh171,Institute for Problems of Cryobiology and Cryomedicine,UA,Ukraine,1,SNS,2011-2015,outgoing
https://ror.org/05sd1pp77,International Centre for Radio Astronomy Research,AU,Australia,333,SNS,2011-2015,outgoing
https://ror.org/05sd5r855,Laboratoire de Mathématiques Blaise Pascal,FR,France,8,SNS,2011-2015,outgoing
https://ror.org/05sd8tv96,Barcelona Supercomputing Center,ES,Spain,8,SNS,2011-2015,outgoing
https://ror.org/05sdqd547,Rajiv Gandhi Centre for Biotechnology,IN,India,1,SNS,2011-2015,outgoing
https://ror.org/05sfcd303,Istituto Euro Mediterraneo di Scienza e Tecnologia,IT,Italy,1,SNS,2011-2015,outgoing
https://ror.org/05sgb8g78,Suranaree University of Technology,TH,Thailand,97,SNS,2011-2015,outgoing
https://ror.org/05shq4n12,Centre for Cellular and Molecular Biology,IN,India,6,SNS,2011-2015,outgoing
https://ror.org/05shz5j84,Management Sciences (United States),US,United States,2,SNS,2011-2015,outgoing
https://ror.org/05sj3n476,Tokyo University of Science,JP,Japan,61,SNS,2011-2015,outgoing
https://ror.org/05sjwtp51,Bryn Mawr College,US,United States,1,SNS,2011-2015,outgoing
https://ror.org/05skxkv18,Institute of Zoology,CN,China,11,SNS,2011-2015,outgoing
https://ror.org/05sn8t512,Hospital Authority,CN,China,15,SNS,2011-2015,outgoing
https://ror.org/05snbjh64,Zoological Institute,RU,Russia,1,SNS,2011-2015,outgoing
https://ror.org/05sqd2v93,State Key Laboratory of Virology,CN,China,2,SNS,2011-2015,outgoing
https://ror.org/05sqd3t97,State University System of Florida,US,United States,61,SNS,2011-2015,outgoing
https://ror.org/05srvzs48,Warsaw University of Life Sciences,PL,Poland,4,SNS,2011-2015,outgoing
https://ror.org/05sv6pg41,University of Wisconsin–Stevens Point,US,United States,304,SNS,2011-2015,outgoing
https://ror.org/05sw1mq09,Clinical Research Center Kiel,DE,Germany,1,SNS,2011-2015,outgoing
https://ror.org/05swz5441,Institute for Social Research,NO,Norway,1,SNS,2011-2015,outgoing
https://ror.org/05sxbyd35,University Medical Centre Mannheim,DE,Germany,8,SNS,2011-2015,outgoing
https://ror.org/05sxf4h28,Universidade Federal do Espírito Santo,BR,Brazil,1,SNS,2011-2015,outgoing
https://ror.org/05sxwnt46,American Institute for Behavioral Research and Technology,US,United States,1,SNS,2011-2015,outgoing
https://ror.org/05sy5w128,Kumamoto Medical Center,JP,Japan,1,SNS,2011-2015,outgoing
https://ror.org/05syd6y78,Universidade Federal do Paraná,BR,Brazil,1,SNS,2011-2015,outgoing
https://ror.org/05symbg58,"Istituto Nazionale di Fisica Nucleare, Sezione di Pisa",IT,Italy,112,SNS,2011-2015,outgoing
https://ror.org/05szqz470,National Institute of Radiological Sciences,JP,Japan,8,SNS,2011-2015,outgoing
https://ror.org/05szw2z23,Future University Hakodate,JP,Japan,6,SNS,2011-2015,outgoing
https://ror.org/05szzwt63,Industrial Technology Research Institute,TW,Taiwan,1,SNS,2011-2015,outgoing
https://ror.org/05t197591,American University of Paris,FR,France,1,SNS,2011-2015,outgoing
https://ror.org/05t1h8f27,University of Huddersfield,GB,United Kingdom,184,SNS,2011-2015,outgoing
https://ror.org/05t1yee64,Hospital Fatuma Bourguiba Monastir,TN,Tunisia,2,SNS,2011-2015,outgoing
https://ror.org/05t365n53,American River College,US,United States,5,SNS,2011-2015,outgoing
https://ror.org/05t43vz03,Far Eastern Branch of the Russian Academy of Sciences,RU,Russia,8,SNS,2011-2015,outgoing
https://ror.org/05t4ema23,RV University,IN,India,2,SNS,2011-2015,outgoing
https://ror.org/05t6gpm70,University of California Davis Medical Center,US,United States,5,SNS,2011-2015,outgoing
https://ror.org/05t70xh16,Kyoto Sangyo University,JP,Japan,8,SNS,2011-2015,outgoing
https://ror.org/05t77d857,Institute of Biomedical Science,GB,United Kingdom,13,SNS,2011-2015,outgoing
https://ror.org/05t797721,Centro de Aplicaciones Tecnológicas y Desarrollo Nuclear,CU,Cuba,152,SNS,2011-2015,outgoing
https://ror.org/05t8bcz72,University of Alicante,ES,Spain,30,SNS,2011-2015,outgoing
https://ror.org/05t8d2s47,American College of Emergency Physicians,US,United States,1,SNS,2011-2015,outgoing
https://ror.org/05t8khn72,Institut de Biologia Molecular de Barcelona,ES,Spain,4,SNS,2011-2015,outgoing
https://ror.org/05t8s3y29,Discovery Institute,US,United States,7,SNS,2011-2015,outgoing
https://ror.org/05t8xvx87,Chinese Research Academy of Environmental Sciences,CN,China,4,SNS,2011-2015,outgoing
https://ror.org/05t8y2r12,Soochow University,CN,China,113,SNS,2011-2015,outgoing
https://ror.org/05tb13r23,Abiola Ajimobi Technical University Ibadan,NG,Nigeria,9,SNS,2011-2015,outgoing
https://ror.org/05tbg9t18,Jogamaya Devi College,IN,India,1,SNS,2011-2015,outgoing
https://ror.org/05tbp1g38,Zeppelin Universität gemeinnützige GmbH,DE,Germany,1,SNS,2011-2015,outgoing
https://ror.org/05tc07s46,Matsuyama University,JP,Japan,1,SNS,2011-2015,outgoing
https://ror.org/05tcr1n44,University of Business and Technology,SA,Saudi Arabia,1,SNS,2011-2015,outgoing
https://ror.org/05td3s095,Nanjing Agricultural University,CN,China,6,SNS,2011-2015,outgoing
https://ror.org/05tdz6m39,King Abdulaziz City for Science and Technology,SA,Saudi Arabia,56,SNS,2011-2015,outgoing
https://ror.org/05teb7b63,Fırat University,TR,Turkey,1,SNS,2011-2015,outgoing
https://ror.org/05tgxx705,Department of Science and Technology,PH,Philippines,8,SNS,2011-2015,outgoing
https://ror.org/05th1v540,Bavarian Natural History Collections,DE,Germany,1,SNS,2011-2015,outgoing
https://ror.org/05th6yx34,Anhui University,CN,China,6,SNS,2011-2015,outgoing
https://ror.org/05tjan294,McLaren Health Care,US,United States,5,SNS,2011-2015,outgoing
https://ror.org/05tjjsh18,National University Health System,SG,Singapore,3,SNS,2011-2015,outgoing
https://ror.org/05tkyf982,Ben-Gurion University of the Negev,IL,Israel,81,SNS,2011-2015,outgoing
https://ror.org/05tpsgh61,Fraunhofer Institute for Biomedical Engineering,DE,Germany,1,SNS,2011-2015,outgoing
https://ror.org/05tqne909,Insilicogen (South Korea),KR,South Korea,1,SNS,2011-2015,outgoing
https://ror.org/05tqtd486,Canterbury District Health Board,NZ,New Zealand,1,SNS,2011-2015,outgoing
https://ror.org/05tqx4s13,RIKEN Nishina Center,JP,Japan,68,SNS,2011-2015,outgoing
https://ror.org/05tr67282,Hôpital Necker-Enfants Malades,FR,France,22,SNS,2011-2015,outgoing
https://ror.org/05trd4x28,University of Trento,IT,Italy,3123,SNS,2011-2015,outgoing
https://ror.org/05tszed37,Yale New Haven Hospital,US,United States,1,SNS,2011-2015,outgoing
https://ror.org/05ttdrn83,The Hague Centre for Strategic Studies,NL,The Netherlands,1,SNS,2011-2015,outgoing
https://ror.org/05twjp994,Gregor Mendel Institute of Molecular Plant Biology,AT,Austria,1,SNS,2011-2015,outgoing
https://ror.org/05txnrv95,Oriental Yuhong (China),CN,China,1,SNS,2011-2015,outgoing
https://ror.org/05ty23t08,The Neurological Institute,US,United States,10,SNS,2011-2015,outgoing
https://ror.org/05tyne317,Ministry of Science and Higher Education of the Republic of Kazakhstan,KZ,Kazakhstan,1,SNS,2011-2015,outgoing
https://ror.org/05tzsrw37,Joint Nature Conservation Committee,GB,United Kingdom,1,SNS,2011-2015,outgoing
https://ror.org/05v0c3v45,State Key Laboratory of Special Functional Waterproof Materials,CN,China,1,SNS,2011-2015,outgoing
https://ror.org/05v0fms67,Laboratoire Information Génomique et Structurale,FR,France,1,SNS,2011-2015,outgoing
https://ror.org/05v0gvx94,National Institute for Research and Development of Isotopic and Molecular Technologies,RO,Romania,489,SNS,2011-2015,outgoing
https://ror.org/05v1m8q81,Ministry of Higher Education and Scientific Research,TN,Tunisia,1,SNS,2011-2015,outgoing
https://ror.org/05v1y0t93,China Jiliang University,CN,China,3,SNS,2011-2015,outgoing
https://ror.org/05v4dza81,Universitas Syiah Kuala,ID,Indonesia,1,SNS,2011-2015,outgoing
https://ror.org/05v509s40,Université Le Havre Normandie,FR,France,50,SNS,2011-2015,outgoing
https://ror.org/05v5hg569,Weill Cornell Medical College in Qatar,QA,Qatar,28,SNS,2011-2015,outgoing
https://ror.org/05v5wwy67,Hippocration General Hospital,GR,Greece,1,SNS,2011-2015,outgoing
https://ror.org/05v62cm79,University of Reading,GB,United Kingdom,44,SNS,2011-2015,outgoing
https://ror.org/05v6jj657,Office of Chief Medical Examiner,US,United States,1,SNS,2011-2015,outgoing
https://ror.org/05v78jy10,Qatar Environment and Energy Research Institute,QA,Qatar,1,SNS,2011-2015,outgoing
https://ror.org/05v99m436,People's History Museum,GB,United Kingdom,1,SNS,2011-2015,outgoing
https://ror.org/05v9jqt67,South China Agricultural University,CN,China,5,SNS,2011-2015,outgoing
https://ror.org/05v9kya57,Pázmány Péter Catholic University,HU,Hungary,1043,SNS,2011-2015,outgoing
https://ror.org/05v9n8905,Indian Centre for Space Physics,IN,India,5,SNS,2011-2015,outgoing
https://ror.org/05vcax154,Biomatériaux et Bioingénierie,FR,France,1,SNS,2011-2015,outgoing
https://ror.org/05vd34735,National Centre for Immunisation Research & Surveillance,AU,Australia,1,SNS,2011-2015,outgoing
https://ror.org/05ve6g218,China National Building Materials Group (China),CN,China,1,SNS,2011-2015,outgoing
https://ror.org/05vefar40,World Health Organization - India,IN,India,1,SNS,2011-2015,outgoing
https://ror.org/05vf0dg29,Roma Tre University,IT,Italy,8258,SNS,2011-2015,outgoing
https://ror.org/05vf56z40,University of Tehran,IR,Iran,44,SNS,2011-2015,outgoing
https://ror.org/05vghhr25,University of Turku,FI,Finland,157,SNS,2011-2015,outgoing
https://ror.org/05vh67662,Instituto Tecnológico de Aeronáutica,BR,Brazil,15,SNS,2011-2015,outgoing
https://ror.org/05vhczg54,Feng Chia University,TW,Taiwan,1,SNS,2011-2015,outgoing
https://ror.org/05vk2g845,Institute for Microelectronics and Microsystems,IT,Italy,45,SNS,2011-2015,outgoing
https://ror.org/05vk9vy20,Carolina Urologic Research Center,US,United States,1,SNS,2011-2015,outgoing
https://ror.org/05vkpd318,La Jolla Institute for Immunology,US,United States,8,SNS,2011-2015,outgoing
https://ror.org/05vm76w92,Biotechnology Research Institute,CN,China,2,SNS,2011-2015,outgoing
https://ror.org/05vmjks78,RIKEN Center for Advanced Photonics,JP,Japan,6,SNS,2011-2015,outgoing
https://ror.org/05vmv8m79,Frankfurt Institute for Advanced Studies,DE,Germany,236,SNS,2011-2015,outgoing
https://ror.org/05vmz5070,University of Szczecin,PL,Poland,1,SNS,2011-2015,outgoing
https://ror.org/05vqnxk73,Battelle,CH,Switzerland,5,SNS,2011-2015,outgoing
https://ror.org/05vr1c885,Henan Polytechnic University,CN,China,46,SNS,2011-2015,outgoing
https://ror.org/05vs4fq96,Hillsdale College,US,United States,2,SNS,2011-2015,outgoing
https://ror.org/05vs7jg22,World Health Organization - Slovakia,SK,Slovakia,1,SNS,2011-2015,outgoing
https://ror.org/05vspf741,Kermanshah University of Medical Sciences,IR,Iran,1,SNS,2011-2015,outgoing
https://ror.org/05vss7635,Ibero American University,MX,Mexico,2615,SNS,2011-2015,outgoing
https://ror.org/05vt21141,Institut für Technische und Angewandte Physik (Germany),DE,Germany,21,SNS,2011-2015,outgoing
https://ror.org/05vt9qd57,"Rutgers, The State University of New Jersey",US,United States,4042,SNS,2011-2015,outgoing
https://ror.org/05vvg9554,Planetary Science Institute,US,United States,6,SNS,2011-2015,outgoing
https://ror.org/05vvhh982,University of Arkansas System,US,United States,69,SNS,2011-2015,outgoing
https://ror.org/05vvzn852,University of Kentucky HealthCare,US,United States,6,SNS,2011-2015,outgoing
https://ror.org/05vy7se14,State Key Laboratory of Polymer Physics and Chemistry,CN,China,6,SNS,2011-2015,outgoing
https://ror.org/05vydvf11,Statistical Service,CY,Cyprus,1,SNS,2011-2015,outgoing
https://ror.org/05vz28418,Southern Illinois University System,US,United States,12,SNS,2011-2015,outgoing
https://ror.org/05vzafd60,Georgetown University,US,United States,41,SNS,2011-2015,outgoing
https://ror.org/05w0e5j23,Wuhan Polytechnic University,CN,China,10,SNS,2011-2015,outgoing
https://ror.org/05w1mrz55,Parkinson's Institute and Clinical Center,US,United States,2,SNS,2011-2015,outgoing
https://ror.org/05w1q1c88,Policlinico San Matteo Fondazione,IT,Italy,9,SNS,2011-2015,outgoing
https://ror.org/05w21nn13,Army Medical University,CN,China,16,SNS,2011-2015,outgoing
https://ror.org/05w2bg876,South Eastern Health and Social Care Trust,GB,United Kingdom,2,SNS,2011-2015,outgoing
https://ror.org/05w387x59,Voronezh Institute of Ministry of Internal Affairs,RU,Russia,1,SNS,2011-2015,outgoing
https://ror.org/05w4e8v21,United States Army Corps of Engineers,US,United States,1,SNS,2011-2015,outgoing
https://ror.org/05w520734,Allen Institute for Artificial Intelligence,US,United States,1,SNS,2011-2015,outgoing
https://ror.org/05w54hk79,VNU University of Science,VN,Vietnam,403,SNS,2011-2015,outgoing
https://ror.org/05w553v73,State Key Laboratory of Precision Spectroscopy Science and Technology,CN,China,5,SNS,2011-2015,outgoing
https://ror.org/05w6wfp17,Bhabha Atomic Research Centre,IN,India,2177,SNS,2011-2015,outgoing
https://ror.org/05w88pj86,Institute for Biological Systems,IT,Italy,1,SNS,2011-2015,outgoing
https://ror.org/05w8p0566,Centro ALGORITMI,PT,Portugal,1,SNS,2011-2015,outgoing
https://ror.org/05w9g2j85,Institute of Cognitive Sciences and Technologies,IT,Italy,5,SNS,2011-2015,outgoing
https://ror.org/05wag9297,Van der Waals-Zeeman Institute,NL,The Netherlands,1,SNS,2011-2015,outgoing
https://ror.org/05wba8r86,Institute of Crystallography,IT,Italy,38,SNS,2011-2015,outgoing
https://ror.org/05wcr1b38,Centre for Inflammation Research,GB,United Kingdom,5,SNS,2011-2015,outgoing
https://ror.org/05wcstg80,National Institutes of Applied Research,TW,Taiwan,4,SNS,2011-2015,outgoing
https://ror.org/05wdecy17,Institute of Infection and Immunity,CA,Canada,1,SNS,2011-2015,outgoing
https://ror.org/05wdzq856,Institute for Atherosclerosis Research,RU,Russia,1,SNS,2011-2015,outgoing
https://ror.org/05we1n045,Adnet Systems (United States),US,United States,97,SNS,2011-2015,outgoing
https://ror.org/05weahn72,Sri Venkateswara University,IN,India,1,SNS,2011-2015,outgoing
https://ror.org/05wevan27,Baylor Scott & White Health,US,United States,8,SNS,2011-2015,outgoing
https://ror.org/05wf2ga96,New York Genome Center,US,United States,14,SNS,2011-2015,outgoing
https://ror.org/05wf30g94,Creighton University,US,United States,263,SNS,2011-2015,outgoing
https://ror.org/05wfehw39,Accademia Nazionale dei Lincei,IT,Italy,23,SNS,2011-2015,outgoing
https://ror.org/05wfw4946,"École Nationale Supérieure d'Électrotechnique, d'Électronique, d'Informatique, d'Hydraulique et des Télécommunications",FR,France,1,SNS,2011-2015,outgoing
https://ror.org/05wg1m734,Radboud University Medical Center,NL,The Netherlands,64,SNS,2011-2015,outgoing
https://ror.org/05wh5fw51,Mitsui Chemicals (Japan),JP,Japan,1,SNS,2011-2015,outgoing
https://ror.org/05whrjc31,Institut Charles Sadron,FR,France,6,SNS,2011-2015,outgoing
https://ror.org/05wjv2104,University Hospital Innsbruck,AT,Austria,7,SNS,2011-2015,outgoing
https://ror.org/05wn69s11,Northwestern Polytechnic University,US,United States,1,SNS,2011-2015,outgoing
https://ror.org/05wn7r715,Western Washington University,US,United States,12,SNS,2011-2015,outgoing
https://ror.org/05wnc7373,Bethel University,US,United States,13,SNS,2011-2015,outgoing
https://ror.org/05wp7an13,Malmö University,SE,Sweden,1,SNS,2011-2015,outgoing
https://ror.org/05wq99a66,State Key Laboratory of Systematic and Evolutionary Botany,CN,China,1,SNS,2011-2015,outgoing
https://ror.org/05wqg4606,Laboratoire Pierre Aigrain,FR,France,4,SNS,2011-2015,outgoing
https://ror.org/05wr49d48,Wakayama University,JP,Japan,1,SNS,2011-2015,outgoing
https://ror.org/05wrbcx33,"Czech Academy of Sciences, Institute of Photonics and Electronics",CZ,Czechia,3,SNS,2011-2015,outgoing
https://ror.org/05wrc0w56,National University of Formosa,AR,Argentina,1,SNS,2011-2015,outgoing
https://ror.org/05wrpbp17,Andalusian School of Public Health,ES,Spain,2,SNS,2011-2015,outgoing
https://ror.org/05wsetc54,Institute of Structural and Molecular Biology,GB,United Kingdom,17,SNS,2011-2015,outgoing
https://ror.org/05wswj918,HUN-REN Centre for Energy Research,HU,Hungary,6,SNS,2011-2015,outgoing
https://ror.org/05wthjx48,New York University School of Medicine,US,United States,19,SNS,2011-2015,outgoing
https://ror.org/05wvpxv85,Tufts University,US,United States,2713,SNS,2011-2015,outgoing
https://ror.org/05ww3wq27,HEC Montréal,CA,Canada,6,SNS,2011-2015,outgoing
https://ror.org/05wwcw481,Bournemouth University,GB,United Kingdom,3,SNS,2011-2015,outgoing
https://ror.org/05wxkj555,Cukurova University,TR,Turkey,2436,SNS,2011-2015,outgoing
https://ror.org/05wyq9e07,Stony Brook University Hospital,US,United States,3,SNS,2011-2015,outgoing
https://ror.org/05wzjqa24,State Key Laboratory of Remote Sensing Science,CN,China,1,SNS,2011-2015,outgoing
https://ror.org/05x083d20,Masonic Cancer Center,US,United States,3,SNS,2011-2015,outgoing
https://ror.org/05x2bcf33,Carnegie Mellon University,US,United States,3904,SNS,2011-2015,outgoing
https://ror.org/05x2f1m38,East China Jiaotong University,CN,China,1,SNS,2011-2015,outgoing
https://ror.org/05x2td559,Tianjin Normal University,CN,China,43,SNS,2011-2015,outgoing
https://ror.org/05x2wrh98,Institute of Geological Sciences,VN,Vietnam,2,SNS,2011-2015,outgoing
https://ror.org/05x535462,Sapporo Gakuin University,JP,Japan,1,SNS,2011-2015,outgoing
https://ror.org/05x6qnc69,Lebanese University,LB,Lebanon,10,SNS,2011-2015,outgoing
https://ror.org/05x7v6y85,The FRAM Centre,NO,Norway,1,SNS,2011-2015,outgoing
https://ror.org/05x8mcb75,VSB - Technical University of Ostrava,CZ,Czechia,18,SNS,2011-2015,outgoing
https://ror.org/05xbqrp21,State Key Laboratory of Protein and Plant Gene Research,CN,China,2,SNS,2011-2015,outgoing
https://ror.org/05xbyzq55,Tokyo Kasei University,JP,Japan,4,SNS,2011-2015,outgoing
https://ror.org/05xcarb80,VA Greater Los Angeles Healthcare System,US,United States,2,SNS,2011-2015,outgoing
https://ror.org/05xckek43,Boston IVF,US,United States,1,SNS,2011-2015,outgoing
https://ror.org/05xcyt367,Loyola University Medical Center,US,United States,3,SNS,2011-2015,outgoing
https://ror.org/05xd8w204,Fuzhou Neuro Psychiatric Hospital,CN,China,1,SNS,2011-2015,outgoing
https://ror.org/05xdczy51,German Institute of Human Nutrition,DE,Germany,4,SNS,2011-2015,outgoing
https://ror.org/05xe40a72,Foundation for Biomedical Research and Innovation,JP,Japan,3,SNS,2011-2015,outgoing
https://ror.org/05xefg082,University of Primorska,SI,Slovenia,2,SNS,2011-2015,outgoing
https://ror.org/05xh8yr59,University Physicians,US,United States,5,SNS,2011-2015,outgoing
https://ror.org/05xj56w78,National Institute of Mental Health,CZ,Czechia,2,SNS,2011-2015,outgoing
https://ror.org/05xkqnm68,Centre of Biomedical Research,IN,India,4,SNS,2011-2015,outgoing
https://ror.org/05xm08015,Technical University of Košice,SK,Slovakia,12,SNS,2011-2015,outgoing
https://ror.org/05xnw5k32,Center for Non-Communicable Diseases,PK,Pakistan,6,SNS,2011-2015,outgoing
https://ror.org/05xpvk416,National Institute of Standards and Technology,US,United States,311,SNS,2011-2015,outgoing
https://ror.org/05xpx5s03,Martin University Hospital,SK,Slovakia,1,SNS,2011-2015,outgoing
https://ror.org/05xq4gr47,Canada–France–Hawaii Telescope,US,United States,28,SNS,2011-2015,outgoing
https://ror.org/05xqtsb23,International Solvay Institutes,BE,Belgium,51,SNS,2011-2015,outgoing
https://ror.org/05xr2yq54,Centro de Investigacion Principe Felipe,ES,Spain,19,SNS,2011-2015,outgoing
https://ror.org/05xr3b330,Institut des Sciences Moléculaires de Marseille,FR,France,6,SNS,2011-2015,outgoing
https://ror.org/05xrbcc66,Advanced Science Research Center,JP,Japan,68,SNS,2011-2015,outgoing
https://ror.org/05xrcj819,Azienda Ospedaliera Universitaria Pisana,IT,Italy,35,SNS,2011-2015,outgoing
https://ror.org/05xszy717,National Defense Academy of Japan,JP,Japan,2,SNS,2011-2015,outgoing
https://ror.org/05xtnfk88,Venice International University,IT,Italy,1,SNS,2011-2015,outgoing
https://ror.org/05xvt9f17,Leiden University Medical Center,NL,The Netherlands,61,SNS,2011-2015,outgoing
https://ror.org/05xw0ep96,"Czech Academy of Sciences, Institute of Physiology",CZ,Czechia,1,SNS,2011-2015,outgoing
https://ror.org/05xwcq167,Universidad Autónoma de Baja California,MX,Mexico,2,SNS,2011-2015,outgoing
https://ror.org/05xx77y52,"Centro de Investigaciones Energéticas, Medioambientales y Tecnológicas",ES,Spain,2723,SNS,2011-2015,outgoing
https://ror.org/05xxfer42,Universidade Lusófona,PT,Portugal,2,SNS,2011-2015,outgoing
https://ror.org/05xxs2z38,Hospital Clínico Universitario Virgen de la Victoria,ES,Spain,1,SNS,2011-2015,outgoing
https://ror.org/05y33vv83,Universidad del Desarrollo,CL,Chile,1,SNS,2011-2015,outgoing
https://ror.org/05y3qh794,Nottingham University Hospitals NHS Trust,GB,United Kingdom,4,SNS,2011-2015,outgoing
https://ror.org/05y50nr98,Suffolk University,US,United States,1,SNS,2011-2015,outgoing
https://ror.org/05y6c7y19,St. Mary's University,CA,Canada,5,SNS,2011-2015,outgoing
https://ror.org/05y762451,Institute for Quantum Electronics,CH,Switzerland,77,SNS,2011-2015,outgoing
https://ror.org/05y76vp22,Institut de recherche mathématique de Rennes,FR,France,12,SNS,2011-2015,outgoing
https://ror.org/05y9zzm67,Henri Gastaut Hospital,FR,France,2,SNS,2011-2015,outgoing
https://ror.org/05yadcm11,Institution of Occupational Safety and Health,GB,United Kingdom,1,SNS,2011-2015,outgoing
https://ror.org/05yb3w112,Singapore-MIT Alliance for Research and Technology,SG,Singapore,3,SNS,2011-2015,outgoing
https://ror.org/05ybzg123,Cancer Research UK Cambridge Institute,GB,United Kingdom,5,SNS,2011-2015,outgoing
https://ror.org/05yc6p159,Yeungnam University,KR,South Korea,9,SNS,2011-2015,outgoing
https://ror.org/05yc77b46,University of Córdoba,ES,Spain,6,SNS,2011-2015,outgoing
https://ror.org/05ycegt40,Banasthali University,IN,India,1,SNS,2011-2015,outgoing
https://ror.org/05ycxzd89,Economic Research Service,US,United States,1,SNS,2011-2015,outgoing
https://ror.org/05yd19040,Institut Supérieur d'Ingénierie et Gestion de l'Environnement - ISIGE,FR,France,4,SNS,2011-2015,outgoing
https://ror.org/05ydjnb78,University of Passau,DE,Germany,2,SNS,2011-2015,outgoing
https://ror.org/05yeh3g67,University of Calicut,IN,India,1,SNS,2011-2015,outgoing
https://ror.org/05yhgzh28,Vaisala (Finland),FI,Finland,1,SNS,2011-2015,outgoing
https://ror.org/05yhj6j64,Food Industry Research and Development Institute,TW,Taiwan,1,SNS,2011-2015,outgoing
https://ror.org/05ykr0121,San Francisco State University,US,United States,10,SNS,2011-2015,outgoing
https://ror.org/05ymca674,McGovern Institute for Brain Research,US,United States,42,SNS,2011-2015,outgoing
https://ror.org/05yn9cj95,Sørlandet Sykehus,NO,Norway,1,SNS,2011-2015,outgoing
https://ror.org/05yndxy10,UCSF Helen Diller Family Comprehensive Cancer Center,US,United States,8,SNS,2011-2015,outgoing
https://ror.org/05ynxx418,Linköping University,SE,Sweden,111,SNS,2011-2015,outgoing
https://ror.org/05ypbsn23,Schizophrenia Research Institute,AU,Australia,1,SNS,2011-2015,outgoing
https://ror.org/05yptqp13,University of Dubrovnik,HR,Croatia,1,SNS,2011-2015,outgoing
