ror,legal_name,country_code,country_name,count,italian_institution,year_block,direction
https://ror.org/00013q465,Pontificia Universidad Católica del Perú,PE,Peru,1,SNS,2001-2005,incoming
https://ror.org/0001ke483,St George's Hospital,GB,United Kingdom,1,SNS,2001-2005,incoming
https://ror.org/0005w8d69,Università di Camerino,IT,Italy,23,SNS,2001-2005,incoming
https://ror.org/00088z429,Kobe Pharmaceutical University,JP,Japan,8,SNS,2001-2005,incoming
https://ror.org/000917t60,Autonomous University of San Luis Potosí,MX,Mexico,9,SNS,2001-2005,incoming
https://ror.org/00097mb19,Japan Science and Technology Agency,JP,Japan,27,SNS,2001-2005,incoming
https://ror.org/000bxzc63,Max Planck Institute for Medical Research,DE,Germany,5,SNS,2001-2005,incoming
https://ror.org/000es9t33,Lomonosov Moscow State University Marine Research Center LLC,RU,Russia,4,SNS,2001-2005,incoming
https://ror.org/000fxgx19,SUNY Polytechnic Institute,US,United States,3,SNS,2001-2005,incoming
https://ror.org/000h6jb29,Helmholtz Centre for Environmental Research,DE,Germany,2,SNS,2001-2005,incoming
https://ror.org/000k1q888,Netherlands Institute for Radio Astronomy,NL,The Netherlands,3,SNS,2001-2005,incoming
https://ror.org/000nhpy59,Instituto de Neurociencias,ES,Spain,1,SNS,2001-2005,incoming
https://ror.org/000q4gm66,Instituto de Biocomputación y Física de Sistemas Complejos,ES,Spain,1,SNS,2001-2005,incoming
https://ror.org/000sfad56,Institute of Physics,PL,Poland,42,SNS,2001-2005,incoming
https://ror.org/000vy8681,National Institute of Agricultural Science and Technology,KR,South Korea,2,SNS,2001-2005,incoming
https://ror.org/000xsnr85,University of the Basque Country,ES,Spain,13,SNS,2001-2005,incoming
https://ror.org/0011qv509,University of Tennessee Health Science Center,US,United States,2,SNS,2001-2005,incoming
https://ror.org/0013zhk30,Institute of Food Science,IT,Italy,9,SNS,2001-2005,incoming
https://ror.org/0015ws592,Institut de génétique et de biologie moléculaire et cellulaire,FR,France,19,SNS,2001-2005,incoming
https://ror.org/00183pc12,Kharkiv Institute of Physics and Technology,UA,Ukraine,39,SNS,2001-2005,incoming
https://ror.org/0019bf448,University of Pittsburgh at Bradford,US,United States,40,SNS,2001-2005,incoming
https://ror.org/001g2fj96,American University of Sharjah,AE,United Arab Emirates,3,SNS,2001-2005,incoming
https://ror.org/001gpfp45,California Polytechnic State University,US,United States,2,SNS,2001-2005,incoming
https://ror.org/001m1hv61,Grand Valley State University,US,United States,1,SNS,2001-2005,incoming
https://ror.org/001p3jz28,"Birla Institute of Technology and Science, Pilani",IN,India,1,SNS,2001-2005,incoming
https://ror.org/001skmk61,Drake University,US,United States,1,SNS,2001-2005,incoming
https://ror.org/001tmjg57,University of Kansas,US,United States,166,SNS,2001-2005,incoming
https://ror.org/001w7jn25,Charité - Universitätsmedizin Berlin,DE,Germany,4,SNS,2001-2005,incoming
https://ror.org/001x4vz59,St Mary's Hospital,GB,United Kingdom,1,SNS,2001-2005,incoming
https://ror.org/001xkv632,Southern Cross University,AU,Australia,1,SNS,2001-2005,incoming
https://ror.org/001yc7927,Hyogo Medical University,JP,Japan,2,SNS,2001-2005,incoming
https://ror.org/0022nd079,Indian Institute of Technology Guwahati,IN,India,28,SNS,2001-2005,incoming
https://ror.org/0022qva30,Ponce Health Sciences University,US,United States,1,SNS,2001-2005,incoming
https://ror.org/00240q980,University of Padua,IT,Italy,3272,SNS,2001-2005,incoming
https://ror.org/0028etb62,Calar Alto Observatory,ES,Spain,2,SNS,2001-2005,incoming
https://ror.org/0028kf729,Concordia University Irvine,US,United States,5,SNS,2001-2005,incoming
https://ror.org/002c9p632,Institut für Geschichtliche Landeskunde Rheinland-Pfalz e.V.,DE,Germany,78,SNS,2001-2005,incoming
https://ror.org/002epp671,Center for NanoScience,DE,Germany,1,SNS,2001-2005,incoming
https://ror.org/002h8g185,University of Bath,GB,United Kingdom,2,SNS,2001-2005,incoming
https://ror.org/002hc6y19,Osservatorio astronomico di Bologna,IT,Italy,7,SNS,2001-2005,incoming
https://ror.org/002pd6e78,Massachusetts General Hospital,US,United States,7,SNS,2001-2005,incoming
https://ror.org/002rjbv21,Université du Québec à Montréal,CA,Canada,4,SNS,2001-2005,incoming
https://ror.org/002rw7y37,Aoyama Gakuin University,JP,Japan,1,SNS,2001-2005,incoming
https://ror.org/002t25c44,Université Paris 1 Panthéon-Sorbonne,FR,France,2,SNS,2001-2005,incoming
https://ror.org/002xar614,Takming University of Science and Technology,TW,Taiwan,1,SNS,2001-2005,incoming
https://ror.org/002xnzp34,Rostov State Transport University,RU,Russia,2,SNS,2001-2005,incoming
https://ror.org/0030f2a11,Universitätsklinikum Erlangen,DE,Germany,5,SNS,2001-2005,incoming
https://ror.org/003109y17,University of Cagliari,IT,Italy,256,SNS,2001-2005,incoming
https://ror.org/0031wrj91,European University Institute,IT,Italy,11,SNS,2001-2005,incoming
https://ror.org/00340yn33,Keele University,GB,United Kingdom,35,SNS,2001-2005,incoming
https://ror.org/0034eay46,Texas A&M University System,US,United States,1887,SNS,2001-2005,incoming
https://ror.org/0034eez47,Utkal University,IN,India,98,SNS,2001-2005,incoming
https://ror.org/0037qsh65,University of Detroit Mercy,US,United States,2,SNS,2001-2005,incoming
https://ror.org/00390t168,College of Charleston,US,United States,1,SNS,2001-2005,incoming
https://ror.org/003ccjg76,Centro de Física das Universidades do Minho e do Porto,PT,Portugal,1,SNS,2001-2005,incoming
https://ror.org/003d3xx08,University of Almería,ES,Spain,2,SNS,2001-2005,incoming
https://ror.org/003dfhs04,Institut de Physique Nucléaire d’Orsay,FR,France,16,SNS,2001-2005,incoming
https://ror.org/003fvp964,Institute of Computer Science,PL,Poland,11,SNS,2001-2005,incoming
https://ror.org/003gx4r22,University of Georgia Press,US,United States,61,SNS,2001-2005,incoming
https://ror.org/003n8re58,Shanghai Astronomical Observatory,CN,China,2,SNS,2001-2005,incoming
https://ror.org/003qdfg20,Soka University,JP,Japan,486,SNS,2001-2005,incoming
https://ror.org/003sav189,Oldenburger Institut für Informatik,DE,Germany,1,SNS,2001-2005,incoming
https://ror.org/003tmp461,Schiller International University,FR,France,1,SNS,2001-2005,incoming
https://ror.org/003v3fz65,Centro de Astropartículas y Física de Altas Energías,ES,Spain,112,SNS,2001-2005,incoming
https://ror.org/003vg9w96,"Institut National de Recherche pour l'Agriculture, l'Alimentation et l'Environnement",FR,France,8,SNS,2001-2005,incoming
https://ror.org/003yn7c76,Bates College,US,United States,1,SNS,2001-2005,incoming
https://ror.org/0040axw97,Yunnan University,CN,China,1,SNS,2001-2005,incoming
https://ror.org/0042e5975,Istituto Nanoscienze,IT,Italy,81,SNS,2001-2005,incoming
https://ror.org/0043h8f16,University of South Dakota,US,United States,2,SNS,2001-2005,incoming
https://ror.org/00453a208,City University of New York,US,United States,23,SNS,2001-2005,incoming
https://ror.org/0046rz373,Institute of Experimental Physics of the Slovak Academy of Sciences,SK,Slovakia,6,SNS,2001-2005,incoming
https://ror.org/0048jxt15,Veneto Institute of Molecular Medicine,IT,Italy,1,SNS,2001-2005,incoming
https://ror.org/004b7qy98,Friends of the National Library of Medicine,US,United States,2,SNS,2001-2005,incoming
https://ror.org/004fze387,Scuola Internazionale Superiore di Studi Avanzati,IT,Italy,590,SNS,2001-2005,incoming
https://ror.org/004raaa70,Université Fédérale de Toulouse Midi-Pyrénées,FR,France,6,SNS,2001-2005,incoming
https://ror.org/004rbbw49,Hebei Normal University,CN,China,1,SNS,2001-2005,incoming
https://ror.org/004srrf86,Abilene Christian University,US,United States,7,SNS,2001-2005,incoming
https://ror.org/00520ze08,South Carolina State University,US,United States,6,SNS,2001-2005,incoming
https://ror.org/00560h931,Tio Business School,NL,The Netherlands,3,SNS,2001-2005,incoming
https://ror.org/005781934,Baylor University,US,United States,13,SNS,2001-2005,incoming
https://ror.org/00582g326,Indian Institute of Technology Roorkee,IN,India,3,SNS,2001-2005,incoming
https://ror.org/005aghs32,Taylor University,US,United States,3,SNS,2001-2005,incoming
https://ror.org/005ba5y61,Laboratoire d'Ingénierie des Systèmes,FR,France,1,SNS,2001-2005,incoming
https://ror.org/005bk2339,Max Planck Institute for Solid State Research,DE,Germany,1,SNS,2001-2005,incoming
https://ror.org/005dkht93,Instituto de Biologia Molecular e Celular,PT,Portugal,5,SNS,2001-2005,incoming
https://ror.org/005dvqh91,NYU Langone Health,US,United States,3,SNS,2001-2005,incoming
https://ror.org/005edt527,Capital Normal University,CN,China,2,SNS,2001-2005,incoming
https://ror.org/005f5hv41,"California State University, Northridge",US,United States,1,SNS,2001-2005,incoming
https://ror.org/005k7hp45,Medical University of Silesia,PL,Poland,10,SNS,2001-2005,incoming
https://ror.org/005kw6t15,Infineon Technologies (Germany),DE,Germany,3,SNS,2001-2005,incoming
https://ror.org/005n3yy14,Institute of Physics and Technology,RU,Russia,2,SNS,2001-2005,incoming
https://ror.org/005p9kw61,New Mexico Institute of Mining and Technology,US,United States,1,SNS,2001-2005,incoming
https://ror.org/005ta0471,Istituto Nazionale di Fisica Nucleare,IT,Italy,1278,SNS,2001-2005,incoming
https://ror.org/005w9jb47,Lawrence University,US,United States,3,SNS,2001-2005,incoming
https://ror.org/005y2ap84,Office National d'Études et de Recherches Aérospatiales,FR,France,1,SNS,2001-2005,incoming
https://ror.org/005ypkf75,University of Reunion Island,FR,France,1,SNS,2001-2005,incoming
https://ror.org/0060pja03,Institute for Chemistry and Biology of the Marine Environment,DE,Germany,1,SNS,2001-2005,incoming
https://ror.org/0060t0j89,United States National Library of Medicine,US,United States,2,SNS,2001-2005,incoming
https://ror.org/0060x3y55,Rutgers Cancer Institute,US,United States,1,SNS,2001-2005,incoming
https://ror.org/00613ak93,University of Wuppertal,DE,Germany,144,SNS,2001-2005,incoming
https://ror.org/0061msm67,Max Planck Digital Library,DE,Germany,1,SNS,2001-2005,incoming
https://ror.org/0062skg93,University of South Florida Sarasota–Manatee,US,United States,1,SNS,2001-2005,incoming
https://ror.org/0064kty71,Sun Yat-sen University,CN,China,3,SNS,2001-2005,incoming
https://ror.org/00675rp98,Centre National pour la Recherche Scientifique et Technique (CNRST),MA,Morocco,21,SNS,2001-2005,incoming
https://ror.org/006776986,Wonkwang University,KR,South Korea,1,SNS,2001-2005,incoming
https://ror.org/0068n3903,Guangzhou Xinhua University,CN,China,1,SNS,2001-2005,incoming
https://ror.org/006a4jj40,Mount Stromlo Observatory,AU,Australia,13,SNS,2001-2005,incoming
https://ror.org/006dmc180,Joint Institute for VLBI ERIC,NL,The Netherlands,1,SNS,2001-2005,incoming
https://ror.org/006e5kg04,Vrije Universiteit Brussel,BE,Belgium,20,SNS,2001-2005,incoming
https://ror.org/006gksa02,Universidad de Oviedo,ES,Spain,33,SNS,2001-2005,incoming
https://ror.org/006hf6230,University of Twente,NL,The Netherlands,10,SNS,2001-2005,incoming
https://ror.org/006jb1a24,Bangor University,GB,United Kingdom,1,SNS,2001-2005,incoming
https://ror.org/006k2kk72,Düsseldorf University Hospital,DE,Germany,1,SNS,2001-2005,incoming
https://ror.org/006m4q736,Azerbaijan National Academy of Sciences,AZ,Azerbaijan,9,SNS,2001-2005,incoming
https://ror.org/006nc8n95,Universidade Presbiteriana Mackenzie,BR,Brazil,1,SNS,2001-2005,incoming
https://ror.org/006pyvd89,Arkansas State University,US,United States,5,SNS,2001-2005,incoming
https://ror.org/006sgpv47,Université Ibn Zohr,MA,Morocco,1,SNS,2001-2005,incoming
https://ror.org/006teas31,Shanghai University,CN,China,7,SNS,2001-2005,incoming
https://ror.org/006v7bf86,Harvard University Press,US,United States,2425,SNS,2001-2005,incoming
https://ror.org/006vxbq87,HUN-REN Institute for Nuclear Research,HU,Hungary,46,SNS,2001-2005,incoming
https://ror.org/006w34k90,Howard Hughes Medical Institute,US,United States,19,SNS,2001-2005,incoming
https://ror.org/006x48140,Istituto di Ricovero e Cura a Carattere Scientifico San Raffaele,IT,Italy,1,SNS,2001-2005,incoming
https://ror.org/006zn3t30,National Institute of Arthritis and Musculoskeletal and Skin Diseases,US,United States,8,SNS,2001-2005,incoming
https://ror.org/0071a2k97,Queen Elizabeth II Medical Centre,AU,Australia,3,SNS,2001-2005,incoming
https://ror.org/0072zz521,University of Massachusetts Amherst,US,United States,1958,SNS,2001-2005,incoming
https://ror.org/0074grg94,Pomona College,US,United States,7,SNS,2001-2005,incoming
https://ror.org/0078bd381,University College London Qatar,QA,Qatar,13,SNS,2001-2005,incoming
https://ror.org/0078xmk34,University of Montana,US,United States,1,SNS,2001-2005,incoming
https://ror.org/0079jjr10,Max Planck Institute for Physics,DE,Germany,99,SNS,2001-2005,incoming
https://ror.org/007ecwd34,Tyndall National Institute,IE,Ireland,2,SNS,2001-2005,incoming
https://ror.org/007nf8q70,State Key Laboratory of Artificial Microstructure and Mesoscopic Physics,CN,China,3,SNS,2001-2005,incoming
https://ror.org/007sts724,New Mexico State University Alamogordo,US,United States,3,SNS,2001-2005,incoming
https://ror.org/007vkej58,Isaac Newton Institute for Mathematical Sciences,GB,United Kingdom,7,SNS,2001-2005,incoming
https://ror.org/007x9se63,Center for Devices and Radiological Health,US,United States,1,SNS,2001-2005,incoming
https://ror.org/0080acb59,John Radcliffe Hospital,GB,United Kingdom,1,SNS,2001-2005,incoming
https://ror.org/0080fxk18,"California State University, Long Beach",US,United States,3,SNS,2001-2005,incoming
https://ror.org/0081fs513,Universidad de Buenos Aires,AR,Argentina,54,SNS,2001-2005,incoming
https://ror.org/0082ybm03,Texas Tech University System,US,United States,2767,SNS,2001-2005,incoming
https://ror.org/00839we02,Acadia University,CA,Canada,1,SNS,2001-2005,incoming
https://ror.org/0083ncs46,Fraunhofer Institute for Applied Solid State Physics,DE,Germany,3,SNS,2001-2005,incoming
https://ror.org/0084x3h80,Centre de Recherche Astrophysique de Lyon,FR,France,2,SNS,2001-2005,incoming
https://ror.org/0089bg420,Daresbury Laboratory,GB,United Kingdom,6,SNS,2001-2005,incoming
https://ror.org/008ebms37,Institute of Theoretical and Experimental Biophysics,RU,Russia,21,SNS,2001-2005,incoming
https://ror.org/008fyn775,Wrocław University of Science and Technology,PL,Poland,10,SNS,2001-2005,incoming
https://ror.org/008g9p546,United States Postal Service,US,United States,6,SNS,2001-2005,incoming
https://ror.org/008hxwy89,Institut de recherches arctiques Jean Malaurie,FR,France,1,SNS,2001-2005,incoming
https://ror.org/008hybe55,Joint Institute for Laboratory Astrophysics,US,United States,3,SNS,2001-2005,incoming
https://ror.org/008kn4z11,Délégation Ile-de-France Villejuif,FR,France,2,SNS,2001-2005,incoming
https://ror.org/008mx9f83,Institute for Particle and Nuclear Physics,HU,Hungary,9,SNS,2001-2005,incoming
https://ror.org/008rmbt77,Binghamton University,US,United States,1,SNS,2001-2005,incoming
https://ror.org/008s83205,University of Alabama at Birmingham,US,United States,19,SNS,2001-2005,incoming
https://ror.org/008td3p62,Institute for Cosmic Ray Research,JP,Japan,21,SNS,2001-2005,incoming
https://ror.org/008x57b05,University of Antwerp,BE,Belgium,132,SNS,2001-2005,incoming
https://ror.org/008xxew50,Vrije Universiteit Amsterdam,NL,The Netherlands,1565,SNS,2001-2005,incoming
https://ror.org/008zs3103,Rice University,US,United States,64,SNS,2001-2005,incoming
https://ror.org/0090zs177,London School of Economics and Political Science,GB,United Kingdom,3,SNS,2001-2005,incoming
https://ror.org/0091vmj44,Shahid Beheshti University,IR,Iran,5,SNS,2001-2005,incoming
https://ror.org/0093a8w51,Blekinge Institute of Technology,SE,Sweden,3,SNS,2001-2005,incoming
https://ror.org/00944ve71,National Central University,TW,Taiwan,198,SNS,2001-2005,incoming
https://ror.org/0094tm228,Wellcome Centre for Cell-Matrix Research,GB,United Kingdom,4,SNS,2001-2005,incoming
https://ror.org/0095xwr23,Max Planck Institute of Microstructure Physics,DE,Germany,1,SNS,2001-2005,incoming
https://ror.org/00965ax52,Kyoto Institute of Technology,JP,Japan,4,SNS,2001-2005,incoming
https://ror.org/0097e1k27,Wright-Patterson Air Force Base,US,United States,4,SNS,2001-2005,incoming
https://ror.org/00987cb86,Universidade Estadual Paulista (Unesp),BR,Brazil,90,SNS,2001-2005,incoming
https://ror.org/009avj582,Oregon Health & Science University,US,United States,9,SNS,2001-2005,incoming
https://ror.org/009e5cd49,Sun Moon University,KR,South Korea,1,SNS,2001-2005,incoming
https://ror.org/009eqmr18,Centro de Investigación y de Estudios Avanzados del Instituto Politécnico Nacional,MX,Mexico,28,SNS,2001-2005,incoming
https://ror.org/009ey6w22,Texas State University System,US,United States,1,SNS,2001-2005,incoming
https://ror.org/009gyvm78,The Abdus Salam International Centre for Theoretical Physics (ICTP),IT,Italy,48,SNS,2001-2005,incoming
https://ror.org/009h5ks85,National Yang Ming University,TW,Taiwan,4,SNS,2001-2005,incoming
https://ror.org/009kx9832,University of Jos,NG,Nigeria,1,SNS,2001-2005,incoming
https://ror.org/009wseg80,Instituto de Física Fundamental,ES,Spain,12,SNS,2001-2005,incoming
https://ror.org/00a208s56,Chemnitz University of Technology,DE,Germany,6,SNS,2001-2005,incoming
https://ror.org/00a2syk23,Ludwig Boltzmann Institute for Digital Health and Prevention,AT,Austria,3,SNS,2001-2005,incoming
https://ror.org/00a2xv884,Zhejiang University,CN,China,32,SNS,2001-2005,incoming
https://ror.org/00a45v709,Tomsk Polytechnic University,RU,Russia,7,SNS,2001-2005,incoming
https://ror.org/00a4kqq17,Cochin University of Science and Technology,IN,India,1,SNS,2001-2005,incoming
https://ror.org/00a6ram87,Reed College,US,United States,1,SNS,2001-2005,incoming
https://ror.org/00a787753,Penn State Mont Alto,US,United States,2,SNS,2001-2005,incoming
https://ror.org/00a7vgh58,Max-Planck-Institut für Kohlenforschung,DE,Germany,9,SNS,2001-2005,incoming
https://ror.org/00a7wgt63,Winterthur Museum Garden and Library,US,United States,1,SNS,2001-2005,incoming
https://ror.org/00a8p0m24,Centre de sociologie de l'innovation,FR,France,126,SNS,2001-2005,incoming
https://ror.org/00a9eka65,University of Science and Technologies,UZ,Uzbekistan,2,SNS,2001-2005,incoming
https://ror.org/00ab7ks98,W.M. Keck Observatory,US,United States,8,SNS,2001-2005,incoming
https://ror.org/00ad27c73,A. Alikhanyan National Laboratory,AM,Armenia,26,SNS,2001-2005,incoming
https://ror.org/00adh9b73,National Institute of Diabetes and Digestive and Kidney Diseases,US,United States,3,SNS,2001-2005,incoming
https://ror.org/00adwkx90,Institut des Sciences Chimiques de Rennes,FR,France,2,SNS,2001-2005,incoming
https://ror.org/00afp2z80,University of Liège,BE,Belgium,18,SNS,2001-2005,incoming
https://ror.org/00aft1q37,Sejong University,KR,South Korea,10,SNS,2001-2005,incoming
https://ror.org/00apj8t60,Bandung Institute of Technology,ID,Indonesia,1,SNS,2001-2005,incoming
https://ror.org/00ax71d21,Obuda University,HU,Hungary,1,SNS,2001-2005,incoming
https://ror.org/00ay43505,Institut de Virologie,FR,France,1,SNS,2001-2005,incoming
https://ror.org/00ay7va13,Bowling Green State University,US,United States,4,SNS,2001-2005,incoming
https://ror.org/00ayhx656,University of Sussex,GB,United Kingdom,44,SNS,2001-2005,incoming
https://ror.org/00b1c9541,University of Hohenheim,DE,Germany,3,SNS,2001-2005,incoming
https://ror.org/00b31g692,Barts Health NHS Trust,GB,United Kingdom,1,SNS,2001-2005,incoming
https://ror.org/00b47n070,Computer Sciences Corporation (Australia),AU,Australia,1,SNS,2001-2005,incoming
https://ror.org/00b9ahn78,Sir Charles Gairdner Osborne Park Health Care Group,AU,Australia,1,SNS,2001-2005,incoming
https://ror.org/00bas1c41,AGH University of Krakow,PL,Poland,96,SNS,2001-2005,incoming
https://ror.org/00bc51d88,Istituto di Nanotecnologia,IT,Italy,14,SNS,2001-2005,incoming
https://ror.org/00be3zh53,Institute of Applied Science and Intelligent Systems,IT,Italy,10,SNS,2001-2005,incoming
https://ror.org/00berct97,NTT (Japan),JP,Japan,9,SNS,2001-2005,incoming
https://ror.org/00bg9m975,Astro Space Center,RU,Russia,41,SNS,2001-2005,incoming
https://ror.org/00bgk9508,Politecnico di Torino,IT,Italy,55,SNS,2001-2005,incoming
https://ror.org/00bgtad15,St. John's University,US,United States,2,SNS,2001-2005,incoming
https://ror.org/00bmj0a71,University of Greenwich,GB,United Kingdom,1,SNS,2001-2005,incoming
https://ror.org/00bpmmc63,"National Institute of Astrophysics, Optics and Electronics",MX,Mexico,10,SNS,2001-2005,incoming
https://ror.org/00brf2d87,"Institute of Acoustics and Sensors ""Orso Mario Corbino""",IT,Italy,14,SNS,2001-2005,incoming
https://ror.org/00bsjtn43,Bioscience Research,US,United States,1,SNS,2001-2005,incoming
https://ror.org/00bvhmc43,Spanish National Cancer Research Centre,ES,Spain,1,SNS,2001-2005,incoming
https://ror.org/00by1q217,Roche (Switzerland),CH,Switzerland,3,SNS,2001-2005,incoming
https://ror.org/00byxdz40,Institut de Recherche Interdisciplinaire de Grenoble,FR,France,4,SNS,2001-2005,incoming
https://ror.org/00bzsst90,Institute for Advanced Studies in Basic Sciences,IR,Iran,1,SNS,2001-2005,incoming
https://ror.org/00c1dt378,Queensland Health,AU,Australia,2,SNS,2001-2005,incoming
https://ror.org/00c32gy34,Universidad de Sonora,MX,Mexico,2,SNS,2001-2005,incoming
https://ror.org/00c4ncp37,Aichi Human Service Center,JP,Japan,6,SNS,2001-2005,incoming
https://ror.org/00c4wc133,Florida Agricultural and Mechanical University,US,United States,2,SNS,2001-2005,incoming
https://ror.org/00c9gth79,Trieste Astronomical Observatory,IT,Italy,7,SNS,2001-2005,incoming
https://ror.org/00cb9w016,Ain Shams University,EG,Egypt,27,SNS,2001-2005,incoming
https://ror.org/00cckeg37,Southern Polytechnic State University,US,United States,1,SNS,2001-2005,incoming
https://ror.org/00cfam450,Helmholtz Zentrum München,DE,Germany,1,SNS,2001-2005,incoming
https://ror.org/00ch7yk27,South Dakota School of Mines and Technology,US,United States,1,SNS,2001-2005,incoming
https://ror.org/00cpdar66,Laboratoire d'Étude de l'Univers et des Phénomènes Extrêmes,FR,France,9,SNS,2001-2005,incoming
https://ror.org/00cv9y106,Ghent University,BE,Belgium,16,SNS,2001-2005,incoming
https://ror.org/00cvxb145,University of Washington,US,United States,206,SNS,2001-2005,incoming
https://ror.org/00cwqg982,Biotechnology and Biological Sciences Research Council,GB,United Kingdom,1,SNS,2001-2005,incoming
https://ror.org/00cwrns71,Indian Space Research Organisation,IN,India,1,SNS,2001-2005,incoming
https://ror.org/00cyydd11,University of Eastern Finland,FI,Finland,8,SNS,2001-2005,incoming
https://ror.org/00cz47042,National Museum of Natural History,US,United States,1,SNS,2001-2005,incoming
https://ror.org/00d0nc645,Microsoft (United States),US,United States,2,SNS,2001-2005,incoming
https://ror.org/00d0rke27,Institut d’Optique Graduate School,FR,France,2,SNS,2001-2005,incoming
https://ror.org/00d3pnh21,Horia Hulubei National Institute for R and D in Physics and Nuclear Engineering,RO,Romania,27,SNS,2001-2005,incoming
https://ror.org/00d7xrm67,Graz University of Technology,AT,Austria,2,SNS,2001-2005,incoming
https://ror.org/00d973h41,Södertörn University,SE,Sweden,3,SNS,2001-2005,incoming
https://ror.org/00dcrfk74,ARMINES,FR,France,126,SNS,2001-2005,incoming
https://ror.org/00df5yc52,Beijing University of Chemical Technology,CN,China,2,SNS,2001-2005,incoming
https://ror.org/00dkye506,Boehringer Ingelheim Fonds,DE,Germany,2,SNS,2001-2005,incoming
https://ror.org/00dmdt028,Universidad UTE,EC,Ecuador,6,SNS,2001-2005,incoming
https://ror.org/00dn4t376,Brunel University of London,GB,United Kingdom,2009,SNS,2001-2005,incoming
https://ror.org/00dnbtf70,Niigata University of Pharmacy and Medical and Life Sciences,JP,Japan,1,SNS,2001-2005,incoming
https://ror.org/00dqega85,Nello Carrara Institute of Applied Physics,IT,Italy,2,SNS,2001-2005,incoming
https://ror.org/00dr28g20,University of Crete,GR,Greece,35,SNS,2001-2005,incoming
https://ror.org/00dv34a34,National Centre for Genetic Resources and Biotechnology,NG,Nigeria,1,SNS,2001-2005,incoming
https://ror.org/00dv9q566,Campbell University,US,United States,4,SNS,2001-2005,incoming
https://ror.org/00dvg7y05,Boston Children's Hospital,US,United States,10,SNS,2001-2005,incoming
https://ror.org/00e4bwe12,Max Planck Institute for Extraterrestrial Physics,DE,Germany,18,SNS,2001-2005,incoming
https://ror.org/00e96v939,Université d'Évry Val-d'Essonne,FR,France,2,SNS,2001-2005,incoming
https://ror.org/00eae9z71,University of Newcastle Australia,AU,Australia,2,SNS,2001-2005,incoming
https://ror.org/00earpg61,Centre Paul Broca,FR,France,1,SNS,2001-2005,incoming
https://ror.org/00ee40h97,The Barbara Ann Karmanos Cancer Institute,US,United States,1,SNS,2001-2005,incoming
https://ror.org/00eqp4438,Systems Planning and Analysis (United States),US,United States,1,SNS,2001-2005,incoming
https://ror.org/00ey0ed83,Odense University Hospital,DK,Denmark,3,SNS,2001-2005,incoming
https://ror.org/00ez2he07,Max Planck Institute for Mathematics in the Sciences,DE,Germany,99,SNS,2001-2005,incoming
https://ror.org/00ezjkn15,Osipyan Institute of Solid State Physics RAS,RU,Russia,3,SNS,2001-2005,incoming
https://ror.org/00f1zfq44,Central South University,CN,China,1,SNS,2001-2005,incoming
https://ror.org/00f2yqf98,Medizinische Hochschule Hannover,DE,Germany,3,SNS,2001-2005,incoming
https://ror.org/00f54p054,Stanford University,US,United States,2370,SNS,2001-2005,incoming
https://ror.org/00f7hpc57,Friedrich-Alexander-Universität Erlangen-Nürnberg,DE,Germany,22,SNS,2001-2005,incoming
https://ror.org/00f7kfd14,Dulbecco Telethon Institute,IT,Italy,8,SNS,2001-2005,incoming
https://ror.org/00f809463,Institute for Advanced Study,US,United States,89,SNS,2001-2005,incoming
https://ror.org/00f8man71,Indiana State University,US,United States,3,SNS,2001-2005,incoming
https://ror.org/00f945z63,Institut Pytheas,FR,France,2,SNS,2001-2005,incoming
https://ror.org/00f9tz983,National Institute for Subatomic Physics,NL,The Netherlands,44,SNS,2001-2005,incoming
https://ror.org/00fbnyb24,University of Würzburg,DE,Germany,49,SNS,2001-2005,incoming
https://ror.org/00fc1qt65,Bucknell University,US,United States,2,SNS,2001-2005,incoming
https://ror.org/00fq5cm18,National Institute on Drug Abuse,US,United States,9,SNS,2001-2005,incoming
https://ror.org/00fqdfs68,Kuopio University Hospital,FI,Finland,7,SNS,2001-2005,incoming
https://ror.org/00fvyjk73,Colby College,US,United States,1,SNS,2001-2005,incoming
https://ror.org/00fw8bp86,Centre de physique des particules de Marseille,FR,France,212,SNS,2001-2005,incoming
https://ror.org/00fzmm222,University of Massachusetts Dartmouth,US,United States,11,SNS,2001-2005,incoming
https://ror.org/00g2xk477,Hunter College,US,United States,2,SNS,2001-2005,incoming
https://ror.org/00g30e956,Universität Hamburg,DE,Germany,254,SNS,2001-2005,incoming
https://ror.org/00g5sqv46,Universitat Rovira i Virgili,ES,Spain,1,SNS,2001-2005,incoming
https://ror.org/00g6ka752,Ferdowsi University of Mashhad,IR,Iran,7,SNS,2001-2005,incoming
https://ror.org/00g700j37,Université Bourgogne Europe,FR,France,6,SNS,2001-2005,incoming
https://ror.org/00g7xqw85,Universitatea Ecologica din Bucuresti,RO,Romania,58,SNS,2001-2005,incoming
https://ror.org/00g8k7g33,Norwegian Academy of Science and Letters,NO,Norway,1,SNS,2001-2005,incoming
https://ror.org/00gbcc509,Gyeongsang National University Hospital,KR,South Korea,1,SNS,2001-2005,incoming
https://ror.org/00gjr9m44,Amridge University,US,United States,1,SNS,2001-2005,incoming
https://ror.org/00gqsp710,Osservatorio di Astrofisica e Scienza dello Spazio,IT,Italy,21,SNS,2001-2005,incoming
https://ror.org/00gtmwv55,Bristol-Myers Squibb (United States),US,United States,9,SNS,2001-2005,incoming
https://ror.org/00gx3j908,Northwest Normal University,CN,China,2,SNS,2001-2005,incoming
https://ror.org/00h1x4t21,Weierstrass Institute for Applied Analysis and Stochastics,DE,Germany,2,SNS,2001-2005,incoming
https://ror.org/00h3d0p13,King’s University College,CA,Canada,17,SNS,2001-2005,incoming
https://ror.org/00h55v928,Helwan University,EG,Egypt,2,SNS,2001-2005,incoming
https://ror.org/00h6set76,Utah State University,US,United States,1,SNS,2001-2005,incoming
https://ror.org/00hgy8d33,Defence Research and Development Canada,CA,Canada,1,SNS,2001-2005,incoming
https://ror.org/00hhkn466,Japan Society for the Promotion of Science,JP,Japan,2,SNS,2001-2005,incoming
https://ror.org/00hj54h04,The University of Texas at Austin,US,United States,1055,SNS,2001-2005,incoming
https://ror.org/00hj8s172,Columbia University,US,United States,216,SNS,2001-2005,incoming
https://ror.org/00hjz7x27,Georgetown University Medical Center,US,United States,1,SNS,2001-2005,incoming
https://ror.org/00hn7w693,Southwest Jiaotong University,CN,China,2,SNS,2001-2005,incoming
https://ror.org/00hpz7z43,New Mexico State University,US,United States,9,SNS,2001-2005,incoming
https://ror.org/00hswnk62,Queen's University Belfast,GB,United Kingdom,40,SNS,2001-2005,incoming
https://ror.org/00hx26749,Q Therapeutics (United States),US,United States,3,SNS,2001-2005,incoming
https://ror.org/00hx57361,Princeton University,US,United States,79,SNS,2001-2005,incoming
https://ror.org/00hy22508,Délégation Paris Michel-Ange,FR,France,126,SNS,2001-2005,incoming
https://ror.org/00j4k1h63,National Institute of Environmental Health Sciences,US,United States,1,SNS,2001-2005,incoming
https://ror.org/00j9c2840,Oslo University Hospital,NO,Norway,3,SNS,2001-2005,incoming
https://ror.org/00jc20583,University of Colorado System,US,United States,863,SNS,2001-2005,incoming
https://ror.org/00je4t102,National Academy of Sciences of Ukraine,UA,Ukraine,34,SNS,2001-2005,incoming
https://ror.org/00jeqjx33,Kennesaw State University,US,United States,2,SNS,2001-2005,incoming
https://ror.org/00jjx8s55,Commissariat à l'Énergie Atomique et aux Énergies Alternatives,FR,France,1,SNS,2001-2005,incoming
https://ror.org/00jmfr291,University of Michigan,US,United States,744,SNS,2001-2005,incoming
https://ror.org/00jp83f12,Bochum University of Applied Sciences Health Campus,DE,Germany,1,SNS,2001-2005,incoming
https://ror.org/00js3aw79,Jilin University,CN,China,25,SNS,2001-2005,incoming
https://ror.org/00jtmb277,University of Wollongong,AU,Australia,1,SNS,2001-2005,incoming
https://ror.org/00jxshx33,South Valley University,EG,Egypt,2,SNS,2001-2005,incoming
https://ror.org/00jzwgz36,Koç University,TR,Turkey,39,SNS,2001-2005,incoming
https://ror.org/00k01kt20,DSM (Netherlands),NL,The Netherlands,275,SNS,2001-2005,incoming
https://ror.org/00k4n6c32,European Commission,BE,Belgium,1,SNS,2001-2005,incoming
https://ror.org/00k6njn28,Institut d'Estudis Espacials de Catalunya,ES,Spain,3,SNS,2001-2005,incoming
https://ror.org/00k6tx165,Ball State University,US,United States,4,SNS,2001-2005,incoming
https://ror.org/00khh5r84,Tokyo Gakugei University,JP,Japan,3,SNS,2001-2005,incoming
https://ror.org/00kk89y84,"Ecologie, Société, Evolution",FR,France,2,SNS,2001-2005,incoming
https://ror.org/00krbh354,Jan Kochanowski University,PL,Poland,1,SNS,2001-2005,incoming
https://ror.org/00ks66431,University of Surrey,GB,United Kingdom,19,SNS,2001-2005,incoming
https://ror.org/00kx1jb78,Temple University,US,United States,15,SNS,2001-2005,incoming
https://ror.org/00kybxq39,Université de Sherbrooke,CA,Canada,5,SNS,2001-2005,incoming
https://ror.org/00kz6qq24,S.N. Bose National Centre for Basic Sciences,IN,India,1,SNS,2001-2005,incoming
https://ror.org/00kztq733,Isaac Newton Institute,CL,Chile,5,SNS,2001-2005,incoming
https://ror.org/00kztt736,The Kavli Foundation,US,United States,4,SNS,2001-2005,incoming
https://ror.org/00m3k3802,Cross Cancer Institute,CA,Canada,1,SNS,2001-2005,incoming
https://ror.org/00m4rwq02,Christopher Newport University,US,United States,4,SNS,2001-2005,incoming
https://ror.org/00m6w7z96,Northwestern University,PH,Philippines,1,SNS,2001-2005,incoming
https://ror.org/00m7w8s72,Wellcome Centre for Molecular Parasitology,GB,United Kingdom,2,SNS,2001-2005,incoming
https://ror.org/00m8d6786,Karolinska University Hospital,SE,Sweden,6,SNS,2001-2005,incoming
https://ror.org/00ma0mg56,NHS Grampian,GB,United Kingdom,2,SNS,2001-2005,incoming
https://ror.org/00mc5wj35,Mudanjiang Medical University,CN,China,1,SNS,2001-2005,incoming
https://ror.org/00mcjh785,Xiamen University,CN,China,5,SNS,2001-2005,incoming
https://ror.org/00mfpxb84,Université d'Avignon et des Pays de Vaucluse,FR,France,20,SNS,2001-2005,incoming
https://ror.org/00mghmd60,Centre Lillois d'Etudes et de Recherches Sociologiques et Economiques,FR,France,1,SNS,2001-2005,incoming
https://ror.org/00mjawt10,National Sun Yat-sen University,TW,Taiwan,1,SNS,2001-2005,incoming
https://ror.org/00mkhxb43,University of Notre Dame,US,United States,1948,SNS,2001-2005,incoming
https://ror.org/00mmfs450,Universities UK,GB,United Kingdom,10,SNS,2001-2005,incoming
https://ror.org/00mmn6b08,Office of Science,US,United States,2,SNS,2001-2005,incoming
https://ror.org/00mng9617,National Dong Hwa University,TW,Taiwan,2,SNS,2001-2005,incoming
https://ror.org/00mpz5a50,Quinnipiac University,US,United States,1,SNS,2001-2005,incoming
https://ror.org/00ms48f15,Air Force Medical University,CN,China,2,SNS,2001-2005,incoming
https://ror.org/00msqp585,University of Fukui,JP,Japan,5,SNS,2001-2005,incoming
https://ror.org/00mv6sv71,University of Zagreb,HR,Croatia,10,SNS,2001-2005,incoming
https://ror.org/00mw0tw28,University of Nova Gorica,SI,Slovenia,85,SNS,2001-2005,incoming
https://ror.org/00my25942,Fudan University Shanghai Cancer Center,CN,China,1,SNS,2001-2005,incoming
https://ror.org/00myn0z94,Institut de Recherche en Informatique et Systèmes Aléatoires,FR,France,95,SNS,2001-2005,incoming
https://ror.org/00mz87608,Institut Interdisciplinaire de l'Innovation,FR,France,127,SNS,2001-2005,incoming
https://ror.org/00mzz1w90,Alexandria University,EG,Egypt,1,SNS,2001-2005,incoming
https://ror.org/00n1nz186,Kurchatov Institute,RU,Russia,35,SNS,2001-2005,incoming
https://ror.org/00n2kc060,Weinan Normal University,CN,China,29,SNS,2001-2005,incoming
https://ror.org/00n3w3b69,University of Strathclyde,GB,United Kingdom,11,SNS,2001-2005,incoming
https://ror.org/00n4jbh84,"Institute of Electronics, Computer and Telecommunication Engineering",IT,Italy,3,SNS,2001-2005,incoming
https://ror.org/00nb5xj61,St. Andrews University,US,United States,12,SNS,2001-2005,incoming
https://ror.org/00ndx3g44,Hamamatsu University School of Medicine,JP,Japan,1,SNS,2001-2005,incoming
https://ror.org/00nh9x179,St Bartholomew's Hospital,GB,United Kingdom,1,SNS,2001-2005,incoming
https://ror.org/00nhtcg76,University of Monastir,TN,Tunisia,1,SNS,2001-2005,incoming
https://ror.org/00nnyvd56,National Research Institute of Chinese Medicine,TW,Taiwan,2,SNS,2001-2005,incoming
https://ror.org/00nqqvk19,COMSATS University Islamabad,PK,Pakistan,1,SNS,2001-2005,incoming
https://ror.org/00ns9pc83,Physical Sciences Division,RU,Russia,2635,SNS,2001-2005,incoming
https://ror.org/00nt6ka44,Çağ University,TR,Turkey,2,SNS,2001-2005,incoming
https://ror.org/00ntfnx83,Waseda University,JP,Japan,801,SNS,2001-2005,incoming
https://ror.org/00nvjgv40,Laboratoire de Biochimie Théorique,FR,France,1,SNS,2001-2005,incoming
https://ror.org/00nwp9g54,Institute of Particle and Nuclear Studies,JP,Japan,23,SNS,2001-2005,incoming
https://ror.org/00nzsxq20,National Centre for Nuclear Research,PL,Poland,29,SNS,2001-2005,incoming
https://ror.org/00p03yg71,Superconducting and other Innovative Materials and Devices Institute,IT,Italy,1,SNS,2001-2005,incoming
https://ror.org/00p2tmy87,Instituto Superior de Espinho,PT,Portugal,50,SNS,2001-2005,incoming
https://ror.org/00p4k0j84,Kyushu University,JP,Japan,21,SNS,2001-2005,incoming
https://ror.org/00p7p3302,Poznań University of Technology,PL,Poland,1,SNS,2001-2005,incoming
https://ror.org/00p8xqj61,Karpov Institute of Physical Chemistry,RU,Russia,1,SNS,2001-2005,incoming
https://ror.org/00p991c53,Huazhong University of Science and Technology,CN,China,1,SNS,2001-2005,incoming
https://ror.org/00p9vpz11,Universidade Federal da Paraíba,BR,Brazil,4,SNS,2001-2005,incoming
https://ror.org/00pczg388,Sinclair Community College,US,United States,1,SNS,2001-2005,incoming
https://ror.org/00pd74e08,University of Münster,DE,Germany,29,SNS,2001-2005,incoming
https://ror.org/00pg5jh14,Assistance Publique – Hôpitaux de Paris,FR,France,7,SNS,2001-2005,incoming
https://ror.org/00pg6eq24,Université de Strasbourg,FR,France,44,SNS,2001-2005,incoming
https://ror.org/00pggkr55,UK Centre for Ecology & Hydrology,GB,United Kingdom,2,SNS,2001-2005,incoming
https://ror.org/00prkya54,Dalian Institute of Chemical Physics,CN,China,33,SNS,2001-2005,incoming
https://ror.org/00pt67k84,Université de Nouakchott,MR,Mauritania,4,SNS,2001-2005,incoming
https://ror.org/00pwgnh47,Max Planck Institute of Colloids and Interfaces,DE,Germany,1,SNS,2001-2005,incoming
https://ror.org/00pwqz914,Kavli Institute for Particle Astrophysics and Cosmology,US,United States,7,SNS,2001-2005,incoming
https://ror.org/00py81415,Duke University,US,United States,815,SNS,2001-2005,incoming
https://ror.org/00pyqav47,University of Ostrava,CZ,Czechia,2,SNS,2001-2005,incoming
https://ror.org/00q09pe49,National Taiwan University of Science and Technology,TW,Taiwan,1,SNS,2001-2005,incoming
https://ror.org/00q1fsf04,University Medical Center of the Johannes Gutenberg University Mainz,DE,Germany,3,SNS,2001-2005,incoming
https://ror.org/00q2w1j53,Indian Statistical Institute,IN,India,1,SNS,2001-2005,incoming
https://ror.org/00q4vv597,Hong Kong University of Science and Technology,CN,China,38,SNS,2001-2005,incoming
https://ror.org/00q6h8f30,Amsterdam UMC Location Vrije Universiteit Amsterdam,NL,The Netherlands,6,SNS,2001-2005,incoming
https://ror.org/00qdc6m37,Universidade Federal de São Carlos,BR,Brazil,6,SNS,2001-2005,incoming
https://ror.org/00qg0kr10,Tokyo University of Agriculture and Technology,JP,Japan,238,SNS,2001-2005,incoming
https://ror.org/00qjgza05,University of Chieti-Pescara,IT,Italy,6,SNS,2001-2005,incoming
https://ror.org/00qn2rd91,National Institute of Applied Science and Technology,TN,Tunisia,1,SNS,2001-2005,incoming
https://ror.org/00qqv6244,Medical College of Wisconsin,US,United States,6,SNS,2001-2005,incoming
https://ror.org/00qsdn986,Academy of Athens,GR,Greece,3,SNS,2001-2005,incoming
https://ror.org/00qsm3z32,B.I. Stepanov Institute of Physics,BY,Belarus,7,SNS,2001-2005,incoming
https://ror.org/00r1edq15,Universität Greifswald,DE,Germany,3,SNS,2001-2005,incoming
https://ror.org/00r4sry34,Murdoch University,AU,Australia,1,SNS,2001-2005,incoming
https://ror.org/00r8jkk54,Institut des Sciences Moléculaires,FR,France,3,SNS,2001-2005,incoming
https://ror.org/00rcxh774,University of Cologne,DE,Germany,26,SNS,2001-2005,incoming
https://ror.org/00rgbr518,Miami Dade College,US,United States,2,SNS,2001-2005,incoming
https://ror.org/00rmv5n97,Direction des Sciences de la Matière,FR,France,16,SNS,2001-2005,incoming
https://ror.org/00rqy9422,The University of Queensland,AU,Australia,48,SNS,2001-2005,incoming
https://ror.org/00rs6vg23,The Ohio State University,US,United States,1940,SNS,2001-2005,incoming
https://ror.org/00rt8gn18,Institute of Technology Tralee,IE,Ireland,6,SNS,2001-2005,incoming
https://ror.org/00rydyx93,Institut des Sciences Biologiques,FR,France,13,SNS,2001-2005,incoming
https://ror.org/00rzspn62,University of Malaya,MY,Malaysia,3,SNS,2001-2005,incoming
https://ror.org/00s13br28,Henan Normal University,CN,China,43,SNS,2001-2005,incoming
https://ror.org/00s19x989,CNRS Ingénierie,FR,France,173,SNS,2001-2005,incoming
https://ror.org/00s409261,University of Insubria,IT,Italy,678,SNS,2001-2005,incoming
https://ror.org/00s6t1f81,University of Pavia,IT,Italy,2098,SNS,2001-2005,incoming
https://ror.org/00s7tkw17,Minjiang University,CN,China,1,SNS,2001-2005,incoming
https://ror.org/00s8fpf52,Lodz University of Technology,PL,Poland,2,SNS,2001-2005,incoming
https://ror.org/00s9dpb54,Myongji University,KR,South Korea,2,SNS,2001-2005,incoming
https://ror.org/00saywf64,Gyeongsang National University,KR,South Korea,199,SNS,2001-2005,incoming
https://ror.org/00sb7hc59,Max Planck Institute for Polymer Research,DE,Germany,2,SNS,2001-2005,incoming
https://ror.org/00sc9n023,Yunnan Normal University,CN,China,1,SNS,2001-2005,incoming
https://ror.org/00scwqd12,Missouri University of Science and Technology,US,United States,1,SNS,2001-2005,incoming
https://ror.org/00se2k293,National Yang Ming Chiao Tung University,TW,Taiwan,18,SNS,2001-2005,incoming
https://ror.org/00sfmx060,Pontifícia Universidade Católica de São Paulo,BR,Brazil,6,SNS,2001-2005,incoming
https://ror.org/00shc0s02,Sobolev Institute of Mathematics,RU,Russia,4,SNS,2001-2005,incoming
https://ror.org/00shsf120,National University of Ireland,IE,Ireland,11,SNS,2001-2005,incoming
https://ror.org/00sjd5653,Ibaraki University,JP,Japan,3,SNS,2001-2005,incoming
https://ror.org/00smwky98,Tokushima Bunri University,JP,Japan,5,SNS,2001-2005,incoming
https://ror.org/00sn9ab77,Samara State University,RU,Russia,3,SNS,2001-2005,incoming
https://ror.org/00snfqn58,Fundação para a Ciência e Tecnologia,PT,Portugal,1,SNS,2001-2005,incoming
https://ror.org/00ssy9q55,Laboratoire d’Astrophysique de Marseille,FR,France,11,SNS,2001-2005,incoming
https://ror.org/00sx0cd23,Balseiro Institute,AR,Argentina,5,SNS,2001-2005,incoming
https://ror.org/00t33hh48,Chinese University of Hong Kong,CN,China,53,SNS,2001-2005,incoming
https://ror.org/00t3r8h32,University of Lübeck,DE,Germany,1,SNS,2001-2005,incoming
https://ror.org/00t8xfq63,Centro de Estudios Científicos,CL,Chile,4,SNS,2001-2005,incoming
https://ror.org/00t9y0z13,Institut de Radioastronomie Millimétrique,FR,France,2,SNS,2001-2005,incoming
https://ror.org/00te2x188,Institute for Scientific Interchange,IT,Italy,58,SNS,2001-2005,incoming
https://ror.org/00tgr2h49,Computer Equipment and Technologies,RU,Russia,1,SNS,2001-2005,incoming
https://ror.org/00tjv0s33,Keimyung University,KR,South Korea,6,SNS,2001-2005,incoming
https://ror.org/00tmb7y09,Laboratoire de Chimie Théorique,FR,France,6,SNS,2001-2005,incoming
https://ror.org/00tnfjj44,Universidade Politecnica,MZ,Mozambique,2,SNS,2001-2005,incoming
https://ror.org/00tw3jy02,MRC Laboratory of Molecular Biology,GB,United Kingdom,3,SNS,2001-2005,incoming
https://ror.org/00v0g9w49,Instituto Andaluz de Ciencias de la Tierra,ES,Spain,10,SNS,2001-2005,incoming
https://ror.org/00v0z9322,Moscow Institute of Physics and Technology,RU,Russia,3,SNS,2001-2005,incoming
https://ror.org/00v171g37,Laboratory of Physical Chemistry,CH,Switzerland,5,SNS,2001-2005,incoming
https://ror.org/00v1y6t69,Techno India University,IN,India,1,SNS,2001-2005,incoming
https://ror.org/00v4yb702,Rochester Institute of Technology,US,United States,3,SNS,2001-2005,incoming
https://ror.org/00v5gqm66,China Institute of Atomic Energy,CN,China,2,SNS,2001-2005,incoming
https://ror.org/00v60dj89,Indoor Biotechnologies (United States),US,United States,1,SNS,2001-2005,incoming
https://ror.org/00v8fdc16,Autonomous University of Queretaro,MX,Mexico,1,SNS,2001-2005,incoming
https://ror.org/00v8kcx92,Physiologisches Institut,DE,Germany,5,SNS,2001-2005,incoming
https://ror.org/00v97ad02,University of North Texas,US,United States,191,SNS,2001-2005,incoming
https://ror.org/00vasag41,University of Neuchâtel,CH,Switzerland,91,SNS,2001-2005,incoming
https://ror.org/00verxq29,A.E. Favorsky Irkutsk Institute of Chemistry,RU,Russia,4,SNS,2001-2005,incoming
https://ror.org/00vn06n10,Simula Research Laboratory,NO,Norway,3,SNS,2001-2005,incoming
https://ror.org/00vs8d940,University of Bradford,GB,United Kingdom,5,SNS,2001-2005,incoming
https://ror.org/00vtgdb53,University of Glasgow,GB,United Kingdom,981,SNS,2001-2005,incoming
https://ror.org/00vvvt117,Sookmyung Women's University,KR,South Korea,3,SNS,2001-2005,incoming
https://ror.org/00w5ay796,Laboratoire de Physique de l'ENS de Lyon,FR,France,2,SNS,2001-2005,incoming
https://ror.org/00w67e447,Laboratoire de Physique Théorique et Modèles Statistiques,FR,France,1,SNS,2001-2005,incoming
https://ror.org/00w6r1881,Institute of Nanostructured Materials,IT,Italy,2,SNS,2001-2005,incoming
https://ror.org/00w9dm031,Institute on Taxation and Economic Policy,US,United States,49,SNS,2001-2005,incoming
https://ror.org/00wbzw723,University of Washington Medical Center,US,United States,1,SNS,2001-2005,incoming
https://ror.org/00wejpz79,Hyogo University of Teacher Education,JP,Japan,1,SNS,2001-2005,incoming
https://ror.org/00wek6x04,University of Puerto Rico-Mayaguez,US,United States,29,SNS,2001-2005,incoming
https://ror.org/00wekhx15,Institute of General and Inorganic Chemistry,BG,Bulgaria,2,SNS,2001-2005,incoming
https://ror.org/00wfvh315,Charles Sturt University,AU,Australia,1,SNS,2001-2005,incoming
https://ror.org/00wge5k78,UiT The Arctic University of Norway,NO,Norway,38,SNS,2001-2005,incoming
https://ror.org/00wgjpw02,Mount Sinai Medical Center,US,United States,1,SNS,2001-2005,incoming
https://ror.org/00wh4bp03,Université Montpellier 2,FR,France,5,SNS,2001-2005,incoming
https://ror.org/00wjc7c48,University of Milan,IT,Italy,2500,SNS,2001-2005,incoming
https://ror.org/00wk2mp56,Beihang University,CN,China,1,SNS,2001-2005,incoming
https://ror.org/00wm3b005,STMicroelectronics (Switzerland),CH,Switzerland,1,SNS,2001-2005,incoming
https://ror.org/00wmhkr98,City College of New York,US,United States,18,SNS,2001-2005,incoming
https://ror.org/00ws30h19,Tokyo Metropolitan University,JP,Japan,270,SNS,2001-2005,incoming
https://ror.org/00wy14q17,National Taiwan University of Arts,TW,Taiwan,342,SNS,2001-2005,incoming
https://ror.org/00wz2vk41,Center for Mathematical Modeling,CL,Chile,1,SNS,2001-2005,incoming
https://ror.org/00x194q47,Rikkyo University,JP,Japan,2,SNS,2001-2005,incoming
https://ror.org/00x27da85,University of Perugia,IT,Italy,2085,SNS,2001-2005,incoming
https://ror.org/00x362k69,Queen Elizabeth Hospital,AU,Australia,1,SNS,2001-2005,incoming
https://ror.org/00x3jrk87,Centro de Física Teórica de Partículas,PT,Portugal,15,SNS,2001-2005,incoming
https://ror.org/00x3rpv59,Tomsk State Pedagogical University,RU,Russia,16,SNS,2001-2005,incoming
https://ror.org/00x69rs40,Marche Polytechnic University,IT,Italy,7,SNS,2001-2005,incoming
https://ror.org/00xcryt71,University of Arkansas for Medical Sciences,US,United States,1,SNS,2001-2005,incoming
https://ror.org/00xd1ek73,Laboratoire Mécanique des Solides,FR,France,2,SNS,2001-2005,incoming
https://ror.org/00xkeyj56,University of Kent,GB,United Kingdom,2,SNS,2001-2005,incoming
https://ror.org/00xmkp704,Ghent University Hospital,BE,Belgium,1,SNS,2001-2005,incoming
https://ror.org/00xpsqk75,Iceland University of the Arts,IS,Iceland,1,SNS,2001-2005,incoming
https://ror.org/00xqebk56,West Los Angeles College,US,United States,2,SNS,2001-2005,incoming
https://ror.org/00xsfaz62,Xiangtan University,CN,China,2,SNS,2001-2005,incoming
https://ror.org/00xts7d02,Institut de Science et d'Ingénierie Supramoléculaires,FR,France,1,SNS,2001-2005,incoming
https://ror.org/00xwg5y60,Shiga University of Medical Science Hospital,JP,Japan,3,SNS,2001-2005,incoming
https://ror.org/00xwqff48,Ave Maria University,US,United States,2,SNS,2001-2005,incoming
https://ror.org/00xy44n04,Yamagata University,JP,Japan,8,SNS,2001-2005,incoming
https://ror.org/00xzqjh13,University of Tennessee System,US,United States,1944,SNS,2001-2005,incoming
https://ror.org/00y0xnp53,Warsaw University of Technology,PL,Poland,5,SNS,2001-2005,incoming
https://ror.org/00y0zf565,Institute for Basic Science,KR,South Korea,1,SNS,2001-2005,incoming
https://ror.org/00y4zzh67,George Washington University,US,United States,24,SNS,2001-2005,incoming
https://ror.org/00y518s84,Instituto de Fermentaciones Industriales,ES,Spain,1,SNS,2001-2005,incoming
https://ror.org/00y7snj24,Northwest University,US,United States,1,SNS,2001-2005,incoming
https://ror.org/00yae6e25,University of Wrocław,PL,Poland,19,SNS,2001-2005,incoming
https://ror.org/00yd8np83,National University System,US,United States,1,SNS,2001-2005,incoming
https://ror.org/00yfw2296,Istituto Officina dei Materiali,IT,Italy,14,SNS,2001-2005,incoming
https://ror.org/00ygy3d85,Istituto per le Applicazioni del Calcolo Mauro Picone,IT,Italy,5,SNS,2001-2005,incoming
https://ror.org/00yh88643,Superior University,PK,Pakistan,1,SNS,2001-2005,incoming
https://ror.org/00yjd3n13,Swiss National Science Foundation,CH,Switzerland,6,SNS,2001-2005,incoming
https://ror.org/00yksxf10,Emory Healthcare,US,United States,1,SNS,2001-2005,incoming
https://ror.org/00yp5c433,"National Technical University ""Kharkiv Polytechnic Institute""",UA,Ukraine,6,SNS,2001-2005,incoming
https://ror.org/00ypx0z29,Institute of Physics and Technology,MN,Mongolia,1,SNS,2001-2005,incoming
https://ror.org/00yq55g44,Witten/Herdecke University,DE,Germany,1,SNS,2001-2005,incoming
https://ror.org/00yrf4e35,Osservatorio Astrofisico di Torino,IT,Italy,2,SNS,2001-2005,incoming
https://ror.org/00ys1hz88,Nagaoka University of Technology,JP,Japan,1,SNS,2001-2005,incoming
https://ror.org/00ysfqy60,Oregon State University,US,United States,3,SNS,2001-2005,incoming
https://ror.org/00yssnc44,Paul Ehrlich Institut,DE,Germany,5,SNS,2001-2005,incoming
https://ror.org/00ytw6m58,Institute of Environmental Geology and Geoengineering,IT,Italy,1,SNS,2001-2005,incoming
https://ror.org/00ywqar95,Valahia University of Targoviste,RO,Romania,1,SNS,2001-2005,incoming
https://ror.org/00z0kq074,Universidad Michoacana de San Nicolás de Hidalgo,MX,Mexico,1,SNS,2001-2005,incoming
https://ror.org/00z34yn88,"Istituto Nazionale di Fisica Nucleare, Sezione di Padova",IT,Italy,3,SNS,2001-2005,incoming
https://ror.org/00z3td547,Northwest University,CN,China,1,SNS,2001-2005,incoming
https://ror.org/00z54nq84,Institut de Physique,FR,France,335,SNS,2001-2005,incoming
https://ror.org/00z65ng94,Landau Institute for Theoretical Physics,RU,Russia,43,SNS,2001-2005,incoming
https://ror.org/00z9wtp09,Aichi Shukutoku University,JP,Japan,1,SNS,2001-2005,incoming
https://ror.org/00z9zsj19,Butler Hospital,US,United States,1,SNS,2001-2005,incoming
https://ror.org/00za53h95,Johns Hopkins University,US,United States,1047,SNS,2001-2005,incoming
https://ror.org/00zay3w86,Centre de Nanosciences et de Nanotechnologies,FR,France,8,SNS,2001-2005,incoming
https://ror.org/00zbe0w13,Tianjin University of Technology,CN,China,1,SNS,2001-2005,incoming
https://ror.org/00zbnzw74,Stratford University,US,United States,2,SNS,2001-2005,incoming
https://ror.org/00zdnkx70,National Tsing Hua University,TW,Taiwan,118,SNS,2001-2005,incoming
https://ror.org/00zgdb249,Science and Engineering Research Council,SG,Singapore,1,SNS,2001-2005,incoming
https://ror.org/00zhvdn11,Tunghai University,TW,Taiwan,1,SNS,2001-2005,incoming
https://ror.org/00znex860,United States Naval Academy,US,United States,1,SNS,2001-2005,incoming
https://ror.org/00zs3y046,"Istituto Nazionale di Fisica Nucleare, Sezione di Ferrara",IT,Italy,1,SNS,2001-2005,incoming
https://ror.org/0102mm775,Nicolaus Copernicus University,PL,Poland,13,SNS,2001-2005,incoming
https://ror.org/0104rcc94,University of Silesia in Katowice,PL,Poland,19,SNS,2001-2005,incoming
https://ror.org/0106ccb15,École Nationale Supérieure de Techniques Avancées Paris,FR,France,11,SNS,2001-2005,incoming
https://ror.org/01070mq45,Wayne State University,US,United States,797,SNS,2001-2005,incoming
https://ror.org/0107c5v14,University of Genoa,IT,Italy,2385,SNS,2001-2005,incoming
https://ror.org/0107w4315,University of Colorado Health,US,United States,76,SNS,2001-2005,incoming
https://ror.org/010bdvy81,Omsk State Pedagogical University,RU,Russia,11,SNS,2001-2005,incoming
https://ror.org/010f1sq29,North-West University,ZA,South Africa,2,SNS,2001-2005,incoming
https://ror.org/010hz2d37,Laboratoire d'Annecy de Physique Théorique,FR,France,4,SNS,2001-2005,incoming
https://ror.org/010jskt71,Embry–Riddle Aeronautical University,US,United States,1,SNS,2001-2005,incoming
https://ror.org/010kh0a92,Institute of Structural Engineering,CH,Switzerland,2,SNS,2001-2005,incoming
https://ror.org/010nsgg66,Technische Universität Braunschweig,DE,Germany,9,SNS,2001-2005,incoming
https://ror.org/010pmpe69,Lomonosov Moscow State University,RU,Russia,176,SNS,2001-2005,incoming
https://ror.org/010tw2j24,Winnipeg Institute for Theoretical Physics,CA,Canada,1,SNS,2001-2005,incoming
https://ror.org/010x8gc63,University of Saskatchewan,CA,Canada,7,SNS,2001-2005,incoming
https://ror.org/010zh7098,Saint Mary's University,CA,Canada,1,SNS,2001-2005,incoming
https://ror.org/01111rn36,University of Bologna,IT,Italy,2697,SNS,2001-2005,incoming
https://ror.org/011408310,State Scientific Institution “Institute for Single Crystals” of National Academy of Sciences of Ukraine,UA,Ukraine,1,SNS,2001-2005,incoming
https://ror.org/0116zj450,University of Indonesia,ID,Indonesia,3,SNS,2001-2005,incoming
https://ror.org/011ashp19,Sichuan University,CN,China,42,SNS,2001-2005,incoming
https://ror.org/011dv8m48,University of Gdańsk,PL,Poland,3,SNS,2001-2005,incoming
https://ror.org/011hc8f90,DEVCOM Army Research Laboratory,US,United States,13,SNS,2001-2005,incoming
https://ror.org/011hxwn54,Asia Pacific Center for Theoretical Physics,KR,South Korea,1,SNS,2001-2005,incoming
https://ror.org/011maz450,University of the Punjab,PK,Pakistan,6,SNS,2001-2005,incoming
https://ror.org/011p0ty46,Institute for Theoretical Physics Amsterdam,NL,The Netherlands,10,SNS,2001-2005,incoming
https://ror.org/011qkaj49,Roche (United States),US,United States,1,SNS,2001-2005,incoming
https://ror.org/011qyt180,VA Office of Research and Development,US,United States,1,SNS,2001-2005,incoming
https://ror.org/011rf9d86,Shanghai Institutes for Biological Sciences,CN,China,6,SNS,2001-2005,incoming
https://ror.org/011vxgd24,West Virginia University,US,United States,2,SNS,2001-2005,incoming
https://ror.org/011xvna82,Fuzhou University,CN,China,2,SNS,2001-2005,incoming
https://ror.org/012221e05,"Département économie et sciences sociales pour l'agriculture, l'alimentation, l'environnement",FR,France,6,SNS,2001-2005,incoming
https://ror.org/0122p5f64,Universidad de Jaén,ES,Spain,3,SNS,2001-2005,incoming
https://ror.org/0125wpx05,UNSW Canberra,AU,Australia,1,SNS,2001-2005,incoming
https://ror.org/0126xah18,Chiba University Hospital,JP,Japan,1,SNS,2001-2005,incoming
https://ror.org/0127ytz78,Anqing Normal University,CN,China,29,SNS,2001-2005,incoming
https://ror.org/012a77v79,Lund University,SE,Sweden,182,SNS,2001-2005,incoming
https://ror.org/012a91z28,Universidad de Zaragoza,ES,Spain,126,SNS,2001-2005,incoming
https://ror.org/012cvds63,Leidos (United States),US,United States,5,SNS,2001-2005,incoming
https://ror.org/012gwbh42,Instituto Cajal,ES,Spain,1,SNS,2001-2005,incoming
https://ror.org/012jsqx30,Centre d'Etudes et de Recherche sur le Médicament de Normandie,FR,France,1,SNS,2001-2005,incoming
https://ror.org/012p63287,University of Groningen,NL,The Netherlands,80,SNS,2001-2005,incoming
https://ror.org/012pb6c26,National Heart Lung and Blood Institute,US,United States,1,SNS,2001-2005,incoming
https://ror.org/012tb2g32,Tianjin University,CN,China,1,SNS,2001-2005,incoming
https://ror.org/012wp4251,Blueprint for Neuroscience Research,US,United States,44,SNS,2001-2005,incoming
https://ror.org/012wxa772,Northern Illinois University,US,United States,32,SNS,2001-2005,incoming
https://ror.org/012xks909,Eastern Kentucky University,US,United States,2,SNS,2001-2005,incoming
https://ror.org/012zs8222,"University at Albany, State University of New York",US,United States,947,SNS,2001-2005,incoming
https://ror.org/0130jk839,University Hospitals of Cleveland,US,United States,2,SNS,2001-2005,incoming
https://ror.org/0135d1r83,Yokohama City University,JP,Japan,2,SNS,2001-2005,incoming
https://ror.org/013aysd81,National Research Foundation of Korea,KR,South Korea,1,SNS,2001-2005,incoming
https://ror.org/013cjyk83,Université Paris Sciences et Lettres,FR,France,68,SNS,2001-2005,incoming
https://ror.org/013czdx64,University Hospital Heidelberg,DE,Germany,1,SNS,2001-2005,incoming
https://ror.org/013fsnh78,University of Waikato,NZ,New Zealand,2,SNS,2001-2005,incoming
https://ror.org/013gnjn86,Linguistics University of Nizhny Novgorod,RU,Russia,2,SNS,2001-2005,incoming
https://ror.org/013m0ej23,Perimeter Institute,CA,Canada,19,SNS,2001-2005,incoming
https://ror.org/013meh722,University of Cambridge,GB,United Kingdom,505,SNS,2001-2005,incoming
https://ror.org/013q1eq08,Fudan University,CN,China,19,SNS,2001-2005,incoming
https://ror.org/013rnrt24,Institute of Physics,AZ,Azerbaijan,1,SNS,2001-2005,incoming
https://ror.org/0141vn777,Institute of Chemistry of Molecular Recognition,IT,Italy,5,SNS,2001-2005,incoming
https://ror.org/0145fw131,Hong Kong Baptist University,CN,China,4,SNS,2001-2005,incoming
https://ror.org/0145znz58,Walter Reed Army Institute of Research,US,United States,4,SNS,2001-2005,incoming
https://ror.org/01460j859,Universitat Politècnica de València,ES,Spain,15,SNS,2001-2005,incoming
https://ror.org/01462r250,University Hospital of Zurich,CH,Switzerland,1,SNS,2001-2005,incoming
https://ror.org/014837179,Iscte – Instituto Universitário de Lisboa,PT,Portugal,1,SNS,2001-2005,incoming
https://ror.org/01485tq96,University of Wyoming,US,United States,4,SNS,2001-2005,incoming
https://ror.org/014er3x17,Institute of Particle Physics,CA,Canada,373,SNS,2001-2005,incoming
https://ror.org/014g34x36,University of Algarve,PT,Portugal,3,SNS,2001-2005,incoming
https://ror.org/014hpw227,Universidad Antonio Nariño,CO,Colombia,6,SNS,2001-2005,incoming
https://ror.org/014n3ck53,Hudson Institute,US,United States,1,SNS,2001-2005,incoming
https://ror.org/014p8mr66,Institut d'Astrophysique Spatiale,FR,France,2,SNS,2001-2005,incoming
https://ror.org/014v1mr15,Hangzhou Normal University,CN,China,1,SNS,2001-2005,incoming
https://ror.org/014weej12,Middle East Technical University,TR,Turkey,49,SNS,2001-2005,incoming
https://ror.org/014zrew76,Université d'Orléans,FR,France,17,SNS,2001-2005,incoming
https://ror.org/01529vy56,Mie University,JP,Japan,3,SNS,2001-2005,incoming
https://ror.org/0152qkr29,Arkansas State University System,US,United States,5,SNS,2001-2005,incoming
https://ror.org/0153ngy95,Southern Research Institute,US,United States,2,SNS,2001-2005,incoming
https://ror.org/0155zta11,University of Vermont,US,United States,1,SNS,2001-2005,incoming
https://ror.org/015803449,South London and Maudsley NHS Foundation Trust,GB,United Kingdom,1,SNS,2001-2005,incoming
https://ror.org/01585b035,Universidade Estadual de Londrina,BR,Brazil,3,SNS,2001-2005,incoming
https://ror.org/015a1ak54,"York College, City University of New York",US,United States,2,SNS,2001-2005,incoming
https://ror.org/015ahgd08,Brescia University,US,United States,1,SNS,2001-2005,incoming
https://ror.org/015egth93,T J Institute of Technology,IN,India,1,SNS,2001-2005,incoming
https://ror.org/015f9wa43,Integrated Systems Laboratory,CH,Switzerland,5,SNS,2001-2005,incoming
https://ror.org/015h0qg34,Maria Curie-Skłodowska University,PL,Poland,7,SNS,2001-2005,incoming
https://ror.org/015hh0z25,Texas A&M University – Central Texas,US,United States,11,SNS,2001-2005,incoming
https://ror.org/015kcdd40,"Istituto Nazionale di Fisica Nucleare, Sezione di Napoli",IT,Italy,100,SNS,2001-2005,incoming
https://ror.org/015m2p889,Aberystwyth University,GB,United Kingdom,7,SNS,2001-2005,incoming
https://ror.org/015m7wh34,Université de Rennes,FR,France,17,SNS,2001-2005,incoming
https://ror.org/015w4v032,Centro Nacional de Biotecnología,ES,Spain,1,SNS,2001-2005,incoming
https://ror.org/015xjsg96,Universidade Tiradentes,BR,Brazil,1,SNS,2001-2005,incoming
https://ror.org/01600wh70,University of Toledo Medical Center,US,United States,2,SNS,2001-2005,incoming
https://ror.org/0160cpw27,University of Alberta,CA,Canada,113,SNS,2001-2005,incoming
https://ror.org/0161xgx34,Université de Montréal,CA,Canada,2018,SNS,2001-2005,incoming
https://ror.org/0162y2387,Association Francaise contre les Myopathies,FR,France,3,SNS,2001-2005,incoming
https://ror.org/0162z8b04,Idaho State University,US,United States,5,SNS,2001-2005,incoming
https://ror.org/016476m91,University of Aberdeen,GB,United Kingdom,2,SNS,2001-2005,incoming
https://ror.org/0165d9303,Harish-Chandra Research Institute,IN,India,16,SNS,2001-2005,incoming
https://ror.org/0166hxq48,"Ministry of Education, Universities and Research",IT,Italy,3,SNS,2001-2005,incoming
https://ror.org/0168r3w48,University of California San Diego,US,United States,2364,SNS,2001-2005,incoming
https://ror.org/01692sz90,Juntendo University,JP,Japan,2,SNS,2001-2005,incoming
https://ror.org/016bgq349,National Institute of Information and Communications Technology,JP,Japan,2,SNS,2001-2005,incoming
https://ror.org/016e0xz09,Kent State University at Salem,US,United States,9,SNS,2001-2005,incoming
https://ror.org/016e5hy63,Matej Bel University,SK,Slovakia,8,SNS,2001-2005,incoming
https://ror.org/016f61126,Medical University of Lublin,PL,Poland,1,SNS,2001-2005,incoming
https://ror.org/016gp6x28,University of South Florida St. Petersburg,US,United States,3,SNS,2001-2005,incoming
https://ror.org/016jp5b92,Tanta University,EG,Egypt,1,SNS,2001-2005,incoming
https://ror.org/016kj2436,Royal Observatory,GB,United Kingdom,1,SNS,2001-2005,incoming
https://ror.org/016r2hq43,Laboratoire de Chimie Physique,FR,France,1,SNS,2001-2005,incoming
https://ror.org/016tfm930,The University of Texas Medical Branch at Galveston,US,United States,1,SNS,2001-2005,incoming
https://ror.org/016xsfp80,Radboud University Nijmegen,NL,The Netherlands,127,SNS,2001-2005,incoming
https://ror.org/016xz2m71,Asia Eastern University of Science and Technology,TW,Taiwan,2,SNS,2001-2005,incoming
https://ror.org/016z2bp30,National Jewish Health,US,United States,1,SNS,2001-2005,incoming
https://ror.org/01703db54,National Institute of Advanced Industrial Science and Technology,JP,Japan,26,SNS,2001-2005,incoming
https://ror.org/0171mae58,"Softmat - Chimie des colloïdes, polymères & assemblages complexes",FR,France,1,SNS,2001-2005,incoming
https://ror.org/0171mag52,Goddard Space Flight Center,US,United States,40,SNS,2001-2005,incoming
https://ror.org/01741jv66,"Institute of Physics, Bhubaneshwar",IN,India,14,SNS,2001-2005,incoming
https://ror.org/0174shg90,Universidad de Extremadura,ES,Spain,1,SNS,2001-2005,incoming
https://ror.org/0176yjw32,Universidade Federal de Minas Gerais,BR,Brazil,7,SNS,2001-2005,incoming
https://ror.org/01786mp71,Institute of Agrobiological Sciences,JP,Japan,1,SNS,2001-2005,incoming
https://ror.org/01788sq40,Acorda Therapeutics (United States),US,United States,2,SNS,2001-2005,incoming
https://ror.org/017h2rd72,Institut Supérieur de l'Électronique et du Numérique,FR,France,2,SNS,2001-2005,incoming
https://ror.org/017h5q109,Centre Hospitalier Universitaire de Toulouse,FR,France,1,SNS,2001-2005,incoming
https://ror.org/017hkng22,Ehime University,JP,Japan,1,SNS,2001-2005,incoming
https://ror.org/017qcv467,Max Planck Institute for Astrophysics,DE,Germany,120,SNS,2001-2005,incoming
https://ror.org/017tgbk05,Université de Toulouse,FR,France,3,SNS,2001-2005,incoming
https://ror.org/017wcm924,University System of Georgia,US,United States,3,SNS,2001-2005,incoming
https://ror.org/017wvtq80,University of Patras,GR,Greece,3,SNS,2001-2005,incoming
https://ror.org/017xch102,Instituto de Física Corpuscular,ES,Spain,25,SNS,2001-2005,incoming
https://ror.org/017xnm587,Soongsil University,KR,South Korea,19,SNS,2001-2005,incoming
https://ror.org/017xz5989,Chinese National Human Genome Center at Shanghai,CN,China,1,SNS,2001-2005,incoming
https://ror.org/017zqws13,University of Minnesota,US,United States,204,SNS,2001-2005,incoming
https://ror.org/017zz7s54,LIRA - Laboratoire d'instrumentation et de recherche en astrophysique,FR,France,9,SNS,2001-2005,incoming
https://ror.org/018159086,Pirogov Russian National Research Medical University,RU,Russia,1,SNS,2001-2005,incoming
https://ror.org/01831n272,Institute of Experimental Mineralogy,RU,Russia,1,SNS,2001-2005,incoming
https://ror.org/01856cw59,University Hospital Münster,DE,Germany,1,SNS,2001-2005,incoming
https://ror.org/018906e22,Erasmus MC,NL,The Netherlands,5,SNS,2001-2005,incoming
https://ror.org/018da3y22,Fred Hutchinson/University of Washington/Seattle Children’s Cancer Consortium,US,United States,1,SNS,2001-2005,incoming
https://ror.org/018ptcp83,Centro de Química,PT,Portugal,3,SNS,2001-2005,incoming
https://ror.org/018yw5541,Institute of Oceanology,CN,China,1,SNS,2001-2005,incoming
https://ror.org/0190ak572,New York University,US,United States,60,SNS,2001-2005,incoming
https://ror.org/0190x2a66,Xinyang Normal University,CN,China,1,SNS,2001-2005,incoming
https://ror.org/0192m2k53,University of Salerno,IT,Italy,369,SNS,2001-2005,incoming
https://ror.org/01973x930,United States Department of the Air Force,US,United States,1,SNS,2001-2005,incoming
https://ror.org/0197nmd03,Ritsumeikan University,JP,Japan,4,SNS,2001-2005,incoming
https://ror.org/0198v2949,Universidade do Estado do Rio de Janeiro,BR,Brazil,158,SNS,2001-2005,incoming
https://ror.org/0198xy071,Milano University Press,IT,Italy,2,SNS,2001-2005,incoming
https://ror.org/0199hds37,Université Sorbonne Paris Nord,FR,France,30,SNS,2001-2005,incoming
https://ror.org/019bev041,State Key Laboratory of Proteomics,CN,China,3,SNS,2001-2005,incoming
https://ror.org/019bxes45,University Dental Hospital of Manchester,GB,United Kingdom,1,SNS,2001-2005,incoming
https://ror.org/019k1pd13,Mid Sweden University,SE,Sweden,1,SNS,2001-2005,incoming
https://ror.org/019kgqr73,The University of Texas at Arlington,US,United States,37,SNS,2001-2005,incoming
https://ror.org/019t2rq07,University of Northwestern,US,United States,1019,SNS,2001-2005,incoming
https://ror.org/019tgvf94,Université Côte d'Azur,FR,France,10,SNS,2001-2005,incoming
https://ror.org/019w4f821,European Union,BE,Belgium,1,SNS,2001-2005,incoming
https://ror.org/019whta54,University of Lausanne,CH,Switzerland,212,SNS,2001-2005,incoming
https://ror.org/019wssg97,Altana (Germany),DE,Germany,1,SNS,2001-2005,incoming
https://ror.org/019wt1929,Sheffield Hallam University,GB,United Kingdom,3,SNS,2001-2005,incoming
https://ror.org/019wvm592,Australian National University,AU,Australia,35,SNS,2001-2005,incoming
https://ror.org/019xaj585,Vaasa Central Hospital,FI,Finland,1,SNS,2001-2005,incoming
https://ror.org/019zcmj26,Department of Medical Sciences,RU,Russia,2,SNS,2001-2005,incoming
https://ror.org/01a097g74,Sigma-Tau (Switzerland),CH,Switzerland,1,SNS,2001-2005,incoming
https://ror.org/01a099706,Shantou University,CN,China,1,SNS,2001-2005,incoming
https://ror.org/01a1nz002,Institute of Experimental Endocrinology of the Slovak Academy of Sciences,SK,Slovakia,2,SNS,2001-2005,incoming
https://ror.org/01a1xfd09,Institute for Nuclear Research,RU,Russia,50,SNS,2001-2005,incoming
https://ror.org/01a4hbq44,St Olav's University Hospital,NO,Norway,8,SNS,2001-2005,incoming
https://ror.org/01a5mqy88,Bose Institute,IN,India,2,SNS,2001-2005,incoming
https://ror.org/01a77tt86,University of Warwick,GB,United Kingdom,676,SNS,2001-2005,incoming
https://ror.org/01a8ajp46,Université Clermont Auvergne,FR,France,234,SNS,2001-2005,incoming
https://ror.org/01aa0nz04,Bedford College,GB,United Kingdom,3,SNS,2001-2005,incoming
https://ror.org/01aff2v68,University of Waterloo,CA,Canada,30,SNS,2001-2005,incoming
https://ror.org/01ahys275,Parker Hughes Cancer Center,US,United States,1,SNS,2001-2005,incoming
https://ror.org/01aj84f44,Aarhus University,DK,Denmark,151,SNS,2001-2005,incoming
https://ror.org/01an57a31,Pusan National University,KR,South Korea,12,SNS,2001-2005,incoming
https://ror.org/01an7q238,"University of California, Berkeley",US,United States,1435,SNS,2001-2005,incoming
https://ror.org/01apwpt12,Sandia National Laboratories,US,United States,34,SNS,2001-2005,incoming
https://ror.org/01ar9e455,The Aerospace Corporation,US,United States,1,SNS,2001-2005,incoming
https://ror.org/01arysc35,Santa Fe Institute,US,United States,1,SNS,2001-2005,incoming
https://ror.org/01az7b475,Korea Research Institute of Standards and Science,KR,South Korea,1,SNS,2001-2005,incoming
https://ror.org/01azfw069,The University of Texas at Tyler,US,United States,3,SNS,2001-2005,incoming
https://ror.org/01azzms13,Universitat de Miguel Hernández d'Elx,ES,Spain,4,SNS,2001-2005,incoming
https://ror.org/01b1j4e13,Institute for High Pressure Physics,RU,Russia,1,SNS,2001-2005,incoming
https://ror.org/01b2f6h61,Novosibirsk State Technical University,RU,Russia,19,SNS,2001-2005,incoming
https://ror.org/01b8kcc49,National Cheng Kung University,TW,Taiwan,49,SNS,2001-2005,incoming
https://ror.org/01bf9rw71,Max Planck Institute for the Physics of Complex Systems,DE,Germany,14,SNS,2001-2005,incoming
https://ror.org/01bg62x04,Generalitat de Catalunya,ES,Spain,1,SNS,2001-2005,incoming
https://ror.org/01bj3aw27,United States Department of Energy,US,United States,14,SNS,2001-2005,incoming
https://ror.org/01bkbaq61,CERCA Institution,ES,Spain,380,SNS,2001-2005,incoming
https://ror.org/01bmjkv45,Friedrich Miescher Institute,CH,Switzerland,1,SNS,2001-2005,incoming
https://ror.org/01bnjbv91,University of Sassari,IT,Italy,39,SNS,2001-2005,incoming
https://ror.org/01c0m1t63,Karlsruhe University of Applied Sciences,DE,Germany,1,SNS,2001-2005,incoming
https://ror.org/01c27hj86,University of Lisbon,PT,Portugal,49,SNS,2001-2005,incoming
https://ror.org/01c2cjg59,Institut de Biologie Paris-Seine,FR,France,1,SNS,2001-2005,incoming
https://ror.org/01c3rrh15,Elettra-Sincrotrone Trieste S.C.p.A.,IT,Italy,1,SNS,2001-2005,incoming
https://ror.org/01c3xc117,University of Michigan–Flint,US,United States,968,SNS,2001-2005,incoming
https://ror.org/01c4pz451,Tehran University of Medical Sciences,IR,Iran,1,SNS,2001-2005,incoming
https://ror.org/01cby8j38,Universidad Autónoma de Madrid,ES,Spain,131,SNS,2001-2005,incoming
https://ror.org/01cdrde68,United Nations University,JP,Japan,4,SNS,2001-2005,incoming
https://ror.org/01cg0k189,International Christian University,JP,Japan,2,SNS,2001-2005,incoming
https://ror.org/01ckdn478,University of Louisville,US,United States,1882,SNS,2001-2005,incoming
https://ror.org/01cmnjq37,Centre Léon Bérard,FR,France,3,SNS,2001-2005,incoming
https://ror.org/01cn8y823,Institut für Pharmakologie und Toxikologie der Bundeswehr,DE,Germany,6,SNS,2001-2005,incoming
https://ror.org/01cw0fy64,University of King's College,CA,Canada,1,SNS,2001-2005,incoming
https://ror.org/01cwbae71,Hannam University,KR,South Korea,1,SNS,2001-2005,incoming
https://ror.org/01cwqze88,National Institutes of Health,US,United States,36,SNS,2001-2005,incoming
https://ror.org/01cxqmw89,Shanghai Normal University,CN,China,3,SNS,2001-2005,incoming
https://ror.org/01d0ans39,Nuclear Regulatory Authority of the Slovak Republic,SK,Slovakia,2,SNS,2001-2005,incoming
https://ror.org/01d5jce07,University of Maribor,SI,Slovenia,249,SNS,2001-2005,incoming
https://ror.org/01d5pah27,Direction des Applications Militaires,FR,France,1,SNS,2001-2005,incoming
https://ror.org/01d5qpn59,Babraham Institute,GB,United Kingdom,1,SNS,2001-2005,incoming
https://ror.org/01d6qxv05,Monmouth University,US,United States,2,SNS,2001-2005,incoming
https://ror.org/01d7fn555,Central Food Technological Research Institute,IN,India,1,SNS,2001-2005,incoming
https://ror.org/01db6h964,University of Iceland,IS,Iceland,1,SNS,2001-2005,incoming
https://ror.org/01dbmzx78,The Kids Research Institute Australia,AU,Australia,3,SNS,2001-2005,incoming
https://ror.org/01deq2m43,Universidad Del Valle De Cuernavaca,MX,Mexico,1,SNS,2001-2005,incoming
https://ror.org/01dp7jr64,École Normale Supérieure,BI,Burundi,2,SNS,2001-2005,incoming
https://ror.org/01dq60k83,Tohoku University,JP,Japan,347,SNS,2001-2005,incoming
https://ror.org/01dr6c206,Polish Academy of Sciences,PL,Poland,189,SNS,2001-2005,incoming
https://ror.org/01drpwb22,University of Chester,GB,United Kingdom,2,SNS,2001-2005,incoming
https://ror.org/01dt7qh15,AREA Science Park,IT,Italy,35,SNS,2001-2005,incoming
https://ror.org/01dv3hq14,Keldysh Institute of Applied Mathematics,RU,Russia,3,SNS,2001-2005,incoming
https://ror.org/01e17d143,Institute of Organic Chemistry,PL,Poland,21,SNS,2001-2005,incoming
https://ror.org/01e3m7079,University of Cincinnati,US,United States,2146,SNS,2001-2005,incoming
https://ror.org/01e41cf67,Los Alamos National Laboratory,US,United States,90,SNS,2001-2005,incoming
https://ror.org/01e4byj08,University of Wisconsin Carbone Cancer Center,US,United States,5,SNS,2001-2005,incoming
https://ror.org/01e6ksd91,Università Iuav di Venezia,IT,Italy,4,SNS,2001-2005,incoming
https://ror.org/01e6qks80,Dalhousie University,CA,Canada,9,SNS,2001-2005,incoming
https://ror.org/01e70mw69,Indian Institute of Toxicology Research,IN,India,1,SNS,2001-2005,incoming
https://ror.org/01e7v7w47,University of Calcutta,IN,India,8,SNS,2001-2005,incoming
https://ror.org/01e8tvg28,Fondazione Salvatore Maugeri,IT,Italy,1,SNS,2001-2005,incoming
https://ror.org/01easw929,Inha University,KR,South Korea,4,SNS,2001-2005,incoming
https://ror.org/01ecnnp60,Jackson State University,US,United States,16,SNS,2001-2005,incoming
https://ror.org/01ee9ar58,University of Nottingham,GB,United Kingdom,18,SNS,2001-2005,incoming
https://ror.org/01eezs655,University of Regensburg,DE,Germany,58,SNS,2001-2005,incoming
https://ror.org/01ehyh486,Ministero dell'Istruzione e del Merito,IT,Italy,3,SNS,2001-2005,incoming
https://ror.org/01ej9dk98,The University of Melbourne,AU,Australia,308,SNS,2001-2005,incoming
https://ror.org/01ek73717,Intel (United States),US,United States,2,SNS,2001-2005,incoming
https://ror.org/01epvyf46,Northern Michigan University,US,United States,1,SNS,2001-2005,incoming
https://ror.org/01f5ytq51,Texas A&M University,US,United States,611,SNS,2001-2005,incoming
https://ror.org/01f7yer47,Nanyang Normal University,CN,China,29,SNS,2001-2005,incoming
https://ror.org/01faaaf77,University of Graz,AT,Austria,19,SNS,2001-2005,incoming
https://ror.org/01fapfv42,Belgian Federal Science Policy Office,BE,Belgium,1,SNS,2001-2005,incoming
https://ror.org/01fdxwh83,University of Borås,SE,Sweden,1,SNS,2001-2005,incoming
https://ror.org/01fkzt617,Belarusian State Economic University,BY,Belarus,7,SNS,2001-2005,incoming
https://ror.org/01fpczx89,Tennessee State University,US,United States,8,SNS,2001-2005,incoming
https://ror.org/01fpnj063,Catholic University of Korea,KR,South Korea,1,SNS,2001-2005,incoming
https://ror.org/01fpqqe90,École Nationale Supérieure d'Ingénieurs de Caen,FR,France,3,SNS,2001-2005,incoming
https://ror.org/01frn9647,Université de Pau et des Pays de l'Adour,FR,France,4,SNS,2001-2005,incoming
https://ror.org/01fryje29,South College,US,United States,1,SNS,2001-2005,incoming
https://ror.org/01fvbaw18,Universidad de Valladolid,ES,Spain,5,SNS,2001-2005,incoming
https://ror.org/01g0gmx67,Northwest Institute For Non-Ferrous Metal Research,CN,China,1,SNS,2001-2005,incoming
https://ror.org/01g3dya06,Lancaster University Ghana,GH,Ghana,11,SNS,2001-2005,incoming
https://ror.org/01g5y5k24,High Energy Accelerator Research Organization,JP,Japan,1028,SNS,2001-2005,incoming
https://ror.org/01g7s6g79,Neuroscience Research Australia,AU,Australia,2,SNS,2001-2005,incoming
https://ror.org/01g9ty582,Semmelweis University,HU,Hungary,1,SNS,2001-2005,incoming
https://ror.org/01g9vbr38,Oklahoma State University,US,United States,196,SNS,2001-2005,incoming
https://ror.org/01gaw2478,Teikyo University,JP,Japan,1,SNS,2001-2005,incoming
https://ror.org/01gb99w41,National Polytechnic School,EC,Ecuador,11,SNS,2001-2005,incoming
https://ror.org/01gbfax37,Shandong Jianzhu University,CN,China,49,SNS,2001-2005,incoming
https://ror.org/01gbnem66,Departament de Recerca i Universitats,ES,Spain,1,SNS,2001-2005,incoming
https://ror.org/01gckhp53,Latvian Biomedical Research and Study Centre,LV,Latvia,1,SNS,2001-2005,incoming
https://ror.org/01ggx4157,European Organization for Nuclear Research,CH,Switzerland,933,SNS,2001-2005,incoming
https://ror.org/01gmqr298,Vita-Salute San Raffaele University,IT,Italy,5,SNS,2001-2005,incoming
https://ror.org/01gmrmd93,Anderson University - South Carolina,US,United States,5,SNS,2001-2005,incoming
https://ror.org/01gmv5d77,McKinsey & Company (United States),US,United States,3,SNS,2001-2005,incoming
https://ror.org/01grq2104,Torrey Pines Institute For Molecular Studies,US,United States,3,SNS,2001-2005,incoming
https://ror.org/01gtjxz83,Observatoire de Haute-Provence,FR,France,2,SNS,2001-2005,incoming
https://ror.org/01gvaa828,Hôpital d'Enfants,FR,France,1,SNS,2001-2005,incoming
https://ror.org/01gyxrk03,Université de Picardie Jules Verne,FR,France,3,SNS,2001-2005,incoming
https://ror.org/01gzkdv90,Kun Shan University,TW,Taiwan,1,SNS,2001-2005,incoming
https://ror.org/01gzye136,European Centre for Theoretical Studies in Nuclear Physics and Related Areas,IT,Italy,1,SNS,2001-2005,incoming
https://ror.org/01h0ffh48,École Nationale Supérieure de Chimie de Rennes,FR,France,2,SNS,2001-2005,incoming
https://ror.org/01h0zpd94,National Natural Science Foundation of China,CN,China,67,SNS,2001-2005,incoming
https://ror.org/01h14ww21,Laboratoire Kastler Brossel,FR,France,28,SNS,2001-2005,incoming
https://ror.org/01h3fm945,University College of Medical Sciences,IN,India,1,SNS,2001-2005,incoming
https://ror.org/01h531d29,Natural Sciences and Engineering Research Council of Canada,CA,Canada,6,SNS,2001-2005,incoming
https://ror.org/01h5a0582,"Carnegie Learning, Inc. (United States)",US,United States,22,SNS,2001-2005,incoming
https://ror.org/01h8pf755,Institut National des Sciences Appliquées de Toulouse,FR,France,1,SNS,2001-2005,incoming
https://ror.org/01hcx6992,Humboldt-Universität zu Berlin,DE,Germany,69,SNS,2001-2005,incoming
https://ror.org/01hcyya48,Cincinnati Children's Hospital Medical Center,US,United States,1,SNS,2001-2005,incoming
https://ror.org/01hdkb925,Jožef Stefan International Postgraduate School,SI,Slovenia,33,SNS,2001-2005,incoming
https://ror.org/01hfpy566,"Institute of Astronomy and Astrophysics, Academia Sinica",TW,Taiwan,2,SNS,2001-2005,incoming
https://ror.org/01hg8p552,Laboratoire de Physique Nucléaire et de Hautes Énergies,FR,France,1055,SNS,2001-2005,incoming
https://ror.org/01hhn8329,Max Planck Society,DE,Germany,789,SNS,2001-2005,incoming
https://ror.org/01hhqsm59,Sir Charles Gairdner Hospital,AU,Australia,1,SNS,2001-2005,incoming
https://ror.org/01hjzeq58,Chiba University,JP,Japan,244,SNS,2001-2005,incoming
https://ror.org/01hmaf534,Northland College,US,United States,2,SNS,2001-2005,incoming
https://ror.org/01hpqfm28,Connecticut College,US,United States,3,SNS,2001-2005,incoming
https://ror.org/01hvx5h04,Osaka Metropolitan University,JP,Japan,1031,SNS,2001-2005,incoming
https://ror.org/01hy4qx27,"University of Minnesota, Duluth",US,United States,3,SNS,2001-2005,incoming
https://ror.org/01hzdv945,Chaudhary Charan Singh University,IN,India,1,SNS,2001-2005,incoming
https://ror.org/01j33xk10,Fondazione Bruno Kessler,IT,Italy,6,SNS,2001-2005,incoming
https://ror.org/01j7c0b24,Rush University Medical Center,US,United States,1,SNS,2001-2005,incoming
https://ror.org/01j7nq853,University of Alaska Fairbanks,US,United States,2,SNS,2001-2005,incoming
https://ror.org/01j8e0j24,"California State University, San Marcos",US,United States,5,SNS,2001-2005,incoming
https://ror.org/01j99nc54,Irkutsk State University,RU,Russia,30,SNS,2001-2005,incoming
https://ror.org/01j9p1r26,University of L'Aquila,IT,Italy,38,SNS,2001-2005,incoming
https://ror.org/01jaaym28,Shimane University,JP,Japan,1,SNS,2001-2005,incoming
https://ror.org/01jdekv92,Berkeley Geochronology Center,US,United States,1,SNS,2001-2005,incoming
https://ror.org/01jdpyv68,Saarland University,DE,Germany,6,SNS,2001-2005,incoming
https://ror.org/01jjraa45,State Key Laboratory of Crystal Materials,CN,China,5,SNS,2001-2005,incoming
https://ror.org/01jkd3546,P.N. Lebedev Physical Institute of the Russian Academy of Sciences,RU,Russia,41,SNS,2001-2005,incoming
https://ror.org/01jm8fn98,Institut de Biologie Moléculaire des Plantes,FR,France,1,SNS,2001-2005,incoming
https://ror.org/01jr3y717,Ohio University,US,United States,9,SNS,2001-2005,incoming
https://ror.org/01js2sh04,Deutsches Elektronen-Synchrotron DESY,DE,Germany,205,SNS,2001-2005,incoming
https://ror.org/01jw2p796,Iran University of Science and Technology,IR,Iran,1,SNS,2001-2005,incoming
https://ror.org/01k40cz91,Normandie Université,FR,France,5,SNS,2001-2005,incoming
https://ror.org/01k4yrm29,Korea Institute of Science & Technology Information,KR,South Korea,6,SNS,2001-2005,incoming
https://ror.org/01k6vxj52,Omsk State University,RU,Russia,1,SNS,2001-2005,incoming
https://ror.org/01k8vtd75,Mansoura University,EG,Egypt,1,SNS,2001-2005,incoming
https://ror.org/01k97gp34,TU Dortmund University,DE,Germany,312,SNS,2001-2005,incoming
https://ror.org/01kbfgm16,UC San Diego Health System,US,United States,1,SNS,2001-2005,incoming
https://ror.org/01kd65564,The University of Texas at San Antonio,US,United States,1,SNS,2001-2005,incoming
https://ror.org/01kdj2848,Istituto di Fisiologia Clinica,IT,Italy,6,SNS,2001-2005,incoming
https://ror.org/01keh0577,"University of Nevada, Reno",US,United States,7,SNS,2001-2005,incoming
https://ror.org/01kg8sb98,Indiana University,US,United States,180,SNS,2001-2005,incoming
https://ror.org/01kh0x418,Indian Institute of Chemical Biology,IN,India,2,SNS,2001-2005,incoming
https://ror.org/01kj2bm70,Newcastle University,GB,United Kingdom,6,SNS,2001-2005,incoming
https://ror.org/01km6p862,United Arab Emirates University,AE,United Arab Emirates,1,SNS,2001-2005,incoming
https://ror.org/01kpzv902,Flinders University,AU,Australia,10,SNS,2001-2005,incoming
https://ror.org/01kq0pv72,South China Normal University,CN,China,11,SNS,2001-2005,incoming
https://ror.org/01kta7d96,McLean Hospital,US,United States,3,SNS,2001-2005,incoming
https://ror.org/01kw1gj07,Ithaca College,US,United States,3,SNS,2001-2005,incoming
https://ror.org/01kxesq83,Laboratoire de Physique Subatomique et des Technologies Associées,FR,France,6,SNS,2001-2005,incoming
https://ror.org/01kzn7k21,"Islamic Azad University, Tehran",IR,Iran,2,SNS,2001-2005,incoming
https://ror.org/01m1pv723,University Hospital of Geneva,CH,Switzerland,5,SNS,2001-2005,incoming
https://ror.org/01m296r74,"Universidad Autónoma de Zacatecas ""Francisco García Salinas""",MX,Mexico,2,SNS,2001-2005,incoming
https://ror.org/01m2pas06,NTT Basic Research Laboratories,JP,Japan,11,SNS,2001-2005,incoming
https://ror.org/01m71fs94,Dutch Polymer Institute,NL,The Netherlands,3,SNS,2001-2005,incoming
https://ror.org/01mfmr054,Institute for Macromolecular Studies,IT,Italy,4,SNS,2001-2005,incoming
https://ror.org/01mh5ph17,Kangwon National University,KR,South Korea,1,SNS,2001-2005,incoming
https://ror.org/01mh6b283,Netherlands Heart Institute,NL,The Netherlands,1,SNS,2001-2005,incoming
https://ror.org/01mk1hj86,Paul Drude Institute for Solid State Electronics,DE,Germany,14,SNS,2001-2005,incoming
https://ror.org/01mkqqe32,Lanzhou University,CN,China,4,SNS,2001-2005,incoming
https://ror.org/01mmn7c12,D-Wave Systems (Canada),CA,Canada,1,SNS,2001-2005,incoming
https://ror.org/01mrfdz82,Texas A&M University – Corpus Christi,US,United States,1,SNS,2001-2005,incoming
https://ror.org/01msc1703,Indian Institute of Astrophysics,IN,India,6,SNS,2001-2005,incoming
https://ror.org/01mtkd993,University of Alaska System,US,United States,1,SNS,2001-2005,incoming
https://ror.org/01mv9t934,Ministry of Education of the People's Republic of China,CN,China,1,SNS,2001-2005,incoming
https://ror.org/01mwmfm08,Concord University,US,United States,5,SNS,2001-2005,incoming
https://ror.org/01n029866,UCB Pharma (Belgium),BE,Belgium,2,SNS,2001-2005,incoming
https://ror.org/01n1ayq61,Institute for Research on Population and Social Policies,IT,Italy,1,SNS,2001-2005,incoming
https://ror.org/01n3s4692,Shiraz University of Medical Sciences,IR,Iran,3,SNS,2001-2005,incoming
https://ror.org/01n6r0e97,Leibniz Association,DE,Germany,29,SNS,2001-2005,incoming
https://ror.org/01n78t774,"Institute of Nuclear Physics, Polish Academy of Sciences",PL,Poland,80,SNS,2001-2005,incoming
https://ror.org/01n9zy652,Medical University of Sofia,BG,Bulgaria,1,SNS,2001-2005,incoming
https://ror.org/01na0pb61,Institut de Biologie Physico-Chimique,FR,France,1,SNS,2001-2005,incoming
https://ror.org/01nckkm68,Sophia University,JP,Japan,2,SNS,2001-2005,incoming
https://ror.org/01nffqt88,Politecnico di Milano,IT,Italy,24,SNS,2001-2005,incoming
https://ror.org/01nfmeh72,University of Tasmania,AU,Australia,3,SNS,2001-2005,incoming
https://ror.org/01nmpe263,Institute of Spectroscopy,RU,Russia,28,SNS,2001-2005,incoming
https://ror.org/01nrxwf90,University of Edinburgh,GB,United Kingdom,1970,SNS,2001-2005,incoming
https://ror.org/01nyatq71,Institute of Molecular Biology and Pathology,IT,Italy,3,SNS,2001-2005,incoming
https://ror.org/01nzkd566,Centro de Neurociências e Biologia Celular,PT,Portugal,5,SNS,2001-2005,incoming
https://ror.org/01p3q4q56,Institute of Cytology,RU,Russia,2,SNS,2001-2005,incoming
https://ror.org/01p7jjy08,Saint Louis University,US,United States,235,SNS,2001-2005,incoming
https://ror.org/01p8ehb87,Ministry of Health of the Russian Federation,RU,Russia,1,SNS,2001-2005,incoming
https://ror.org/01pbdzh19,University of Toledo,US,United States,2,SNS,2001-2005,incoming
https://ror.org/01pbhra64,Morehouse School of Medicine,US,United States,4,SNS,2001-2005,incoming
https://ror.org/01pdam362,Institute for Solid State Physics and Optics,HU,Hungary,2,SNS,2001-2005,incoming
https://ror.org/01pf2cj55,Instituto Biofisika,ES,Spain,1,SNS,2001-2005,incoming
https://ror.org/01pndf691,Väestöliitto,FI,Finland,1,SNS,2001-2005,incoming
https://ror.org/01pnej532,University of Szeged,HU,Hungary,1,SNS,2001-2005,incoming
https://ror.org/01pp0fx48,Valparaiso University,US,United States,14,SNS,2001-2005,incoming
https://ror.org/01pp8nd67,Smithsonian Institution,US,United States,4,SNS,2001-2005,incoming
https://ror.org/01ppj9r51,Gauhati University,IN,India,1,SNS,2001-2005,incoming
https://ror.org/01pveve47,United States Army Medical Research Institute of Infectious Diseases,US,United States,1,SNS,2001-2005,incoming
https://ror.org/01pxwe438,McGill University,CA,Canada,2709,SNS,2001-2005,incoming
https://ror.org/01q1z8k08,State University of New York,US,United States,825,SNS,2001-2005,incoming
https://ror.org/01q8f6705,BASF (Germany),DE,Germany,1,SNS,2001-2005,incoming
https://ror.org/01q9h8k89,University of Naples - L'Orientale,IT,Italy,2,SNS,2001-2005,incoming
https://ror.org/01qb1sw63,Centro Ricerche Enrico Fermi,IT,Italy,23,SNS,2001-2005,incoming
https://ror.org/01qckj285,Universidade da Coruña,ES,Spain,4,SNS,2001-2005,incoming
https://ror.org/01qcq9d74,Korea Institute of Machinery & Materials,KR,South Korea,1,SNS,2001-2005,incoming
https://ror.org/01qd3xc93,Mario Negri Sud Foundation,IT,Italy,7,SNS,2001-2005,incoming
https://ror.org/01qdav448,Raman Research Institute,IN,India,3,SNS,2001-2005,incoming
https://ror.org/01qdbbk19,Special Astrophysical Observatory,RU,Russia,3,SNS,2001-2005,incoming
https://ror.org/01qg3j183,University of Ioannina,GR,Greece,38,SNS,2001-2005,incoming
https://ror.org/01qkmtm61,Moores Cancer Center,US,United States,1,SNS,2001-2005,incoming
https://ror.org/01qkxb782,Centro Científico Tecnólogico - Rosario,AR,Argentina,1,SNS,2001-2005,incoming
https://ror.org/01qp9b498,Dominion Astrophysical Observatory,CA,Canada,1,SNS,2001-2005,incoming
https://ror.org/01qpw1b93,Wroclaw Medical University,PL,Poland,2,SNS,2001-2005,incoming
https://ror.org/01qrts582,Rheinland-Pfälzische Technische Universität Kaiserslautern-Landau,DE,Germany,7,SNS,2001-2005,incoming
https://ror.org/01qtasp15,European Southern Observatory,DE,Germany,20,SNS,2001-2005,incoming
https://ror.org/01qyd4k24,Hoseo University,KR,South Korea,1,SNS,2001-2005,incoming
https://ror.org/01qz5mb56,Oak Ridge National Laboratory,US,United States,1458,SNS,2001-2005,incoming
https://ror.org/01r024a98,Chung-Ang University,KR,South Korea,3,SNS,2001-2005,incoming
https://ror.org/01r0c1p88,University System of Maryland,US,United States,10,SNS,2001-2005,incoming
https://ror.org/01r2c3v86,Universidad San Francisco de Quito,EC,Ecuador,37,SNS,2001-2005,incoming
https://ror.org/01r4q9n85,University of Macau,CN,China,1,SNS,2001-2005,incoming
https://ror.org/01r7awg59,University of Guelph,CA,Canada,11,SNS,2001-2005,incoming
https://ror.org/01r9htc13,Université Libre de Bruxelles,BE,Belgium,138,SNS,2001-2005,incoming
https://ror.org/01r9z8p25,Universidad de La Laguna,ES,Spain,19,SNS,2001-2005,incoming
https://ror.org/01rd8n845,Institute of Biochemistry,CH,Switzerland,3,SNS,2001-2005,incoming
https://ror.org/01rdg4502,Museum of Vertebrate Zoology,US,United States,1,SNS,2001-2005,incoming
https://ror.org/01rdrb571,Philipps University of Marburg,DE,Germany,12,SNS,2001-2005,incoming
https://ror.org/01rjnta51,Centre for Human Genetics,GB,United Kingdom,2,SNS,2001-2005,incoming
https://ror.org/01rk35k63,Université de Lyon,FR,France,81,SNS,2001-2005,incoming
https://ror.org/01rmh9n78,University of New Hampshire,US,United States,17,SNS,2001-2005,incoming
https://ror.org/01rp41m56,Yantai University,CN,China,6,SNS,2001-2005,incoming
https://ror.org/01rtyzb94,Rensselaer Polytechnic Institute,US,United States,52,SNS,2001-2005,incoming
https://ror.org/01rxfrp27,La Trobe University,AU,Australia,9,SNS,2001-2005,incoming
https://ror.org/01rxvg760,Nanjing University,CN,China,52,SNS,2001-2005,incoming
https://ror.org/01ryk1543,University of Southampton,GB,United Kingdom,62,SNS,2001-2005,incoming
https://ror.org/01s0wyf50,Computer Network Information Center,CN,China,5,SNS,2001-2005,incoming
https://ror.org/01s1hm369,Nippon Dental University,JP,Japan,24,SNS,2001-2005,incoming
https://ror.org/01s1q0w69,Hospital Universitario La Paz,ES,Spain,3,SNS,2001-2005,incoming
https://ror.org/01s5ya894,National Institute of Neurological Disorders and Stroke,US,United States,4,SNS,2001-2005,incoming
https://ror.org/01s7b5y08,University of South Alabama,US,United States,10,SNS,2001-2005,incoming
https://ror.org/01sbq1a82,University of Delaware,US,United States,28,SNS,2001-2005,incoming
https://ror.org/01sdrjx85,Institute for High Energy Physics,ES,Spain,372,SNS,2001-2005,incoming
https://ror.org/01se4f844,University of Wales,GB,United Kingdom,6,SNS,2001-2005,incoming
https://ror.org/01sf06y89,Macquarie University,AU,Australia,8,SNS,2001-2005,incoming
https://ror.org/01sgfhb12,National Enterprise for NanoScience and NanoTechnology,IT,Italy,2,SNS,2001-2005,incoming
https://ror.org/01shra089,Banco de la República Colombia,CO,Colombia,5,SNS,2001-2005,incoming
https://ror.org/01sjwvz98,RIKEN,JP,Japan,116,SNS,2001-2005,incoming
https://ror.org/01skt4w74,Beijing Institute of Technology,CN,China,3,SNS,2001-2005,incoming
https://ror.org/01sr0yp41,New York Oncology Hematology,US,United States,1,SNS,2001-2005,incoming
https://ror.org/01st30669,"Istituto Nazionale di Fisica Nucleare, Sezione di Pavia",IT,Italy,3,SNS,2001-2005,incoming
https://ror.org/01stqnn06,Université de Clermont I,FR,France,185,SNS,2001-2005,incoming
https://ror.org/01swzsf04,University of Geneva,CH,Switzerland,988,SNS,2001-2005,incoming
https://ror.org/01szgyb91,Elon University,US,United States,979,SNS,2001-2005,incoming
https://ror.org/01t1kq612,Karlsruhe University of Education,DE,Germany,1,SNS,2001-2005,incoming
https://ror.org/01t33qq42,Arkansas Children's Hospital,US,United States,1,SNS,2001-2005,incoming
https://ror.org/01t466c14,Universidad Nacional,CR,Costa Rica,2,SNS,2001-2005,incoming
https://ror.org/01t8svj65,University of California San Francisco Medical Center,US,United States,1,SNS,2001-2005,incoming
https://ror.org/01teme464,Universidad de Las Palmas de Gran Canaria,ES,Spain,7,SNS,2001-2005,incoming
https://ror.org/01tevnk56,University of Siena,IT,Italy,254,SNS,2001-2005,incoming
https://ror.org/01tgyzw49,National University of Singapore,SG,Singapore,15,SNS,2001-2005,incoming
https://ror.org/01thp0k37,Faculty of Sciences of Sfax,TN,Tunisia,5,SNS,2001-2005,incoming
https://ror.org/01thw2g46,Laboratoire de Biochimie,FR,France,10,SNS,2001-2005,incoming
https://ror.org/01tjs6929,Universidad Nacional de La Plata,AR,Argentina,20,SNS,2001-2005,incoming
https://ror.org/01tm6cn81,University of Gothenburg,SE,Sweden,42,SNS,2001-2005,incoming
https://ror.org/01tmp8f25,Universidad Nacional Autónoma de México,MX,Mexico,42,SNS,2001-2005,incoming
https://ror.org/01tmqtf75,University of Salford,GB,United Kingdom,2419,SNS,2001-2005,incoming
https://ror.org/01tpajh44,Institute of Inorganic Chemistry of the Slovak Academy of Sciences,SK,Slovakia,16,SNS,2001-2005,incoming
https://ror.org/01tpvdq80,"Institute of Physics, Academia Sinica",TW,Taiwan,2,SNS,2001-2005,incoming
https://ror.org/01tv2ca73,"Laboratoire de Spectroscopie pour les Interactions, la Réactivité et l'Environnement",FR,France,8,SNS,2001-2005,incoming
https://ror.org/01tv9ph92,Southern Federal University,RU,Russia,11,SNS,2001-2005,incoming
https://ror.org/01v1jam04,Ludwig Boltzmann Gesellschaft,AT,Austria,3,SNS,2001-2005,incoming
https://ror.org/01v1m2411,The Ritsumeikan Trust,JP,Japan,4,SNS,2001-2005,incoming
https://ror.org/01v29qb04,Durham University,GB,United Kingdom,148,SNS,2001-2005,incoming
https://ror.org/01v3c6w86,State Key Laboratory of Modern Coordination Chemistry,CN,China,4,SNS,2001-2005,incoming
https://ror.org/01v4s0f07,Variable Energy Cyclotron Centre,IN,India,2,SNS,2001-2005,incoming
https://ror.org/01v4tq883,Florida A&M University - Florida State University College of Engineering,US,United States,2,SNS,2001-2005,incoming
https://ror.org/01v5cv687,Universidad Rey Juan Carlos,ES,Spain,1,SNS,2001-2005,incoming
https://ror.org/01v5k4d73,Dehradun Institute of Technology University,IN,India,23,SNS,2001-2005,incoming
https://ror.org/01v5xwf23,Nestlé (Switzerland),CH,Switzerland,5,SNS,2001-2005,incoming
https://ror.org/01vekys64,Max Planck Institute of Quantum Optics,DE,Germany,34,SNS,2001-2005,incoming
https://ror.org/01vevwk45,Zhejiang Normal University,CN,China,2,SNS,2001-2005,incoming
https://ror.org/01vhnrs90,Max Planck Institute for Astronomy,DE,Germany,10,SNS,2001-2005,incoming
https://ror.org/01vj6ck58,"Istituto Nazionale di Fisica Nucleare, Sezione di Torino",IT,Italy,1,SNS,2001-2005,incoming
https://ror.org/01vjtf564,Rabin Medical Center,IL,Israel,1,SNS,2001-2005,incoming
https://ror.org/01vvn9w24,Kriminologische Zentralstelle,DE,Germany,1,SNS,2001-2005,incoming
https://ror.org/01vy4gh70,Shenzhen University,CN,China,2,SNS,2001-2005,incoming
https://ror.org/01vyjqw07,Centro de Astrofísica da Universidade do Porto,PT,Portugal,1,SNS,2001-2005,incoming
https://ror.org/01vzx5p25,Universitätsaugenklinik Magdeburg,DE,Germany,1,SNS,2001-2005,incoming
https://ror.org/01w0hda30,Laboratoire de Physique Théorique,FR,France,134,SNS,2001-2005,incoming
https://ror.org/01w19ak89,Max Planck Institute for Informatics,DE,Germany,3,SNS,2001-2005,incoming
https://ror.org/01w6wtk13,Shizuoka University,JP,Japan,6,SNS,2001-2005,incoming
https://ror.org/01w7qz648,Hôpital Notre-Dame,CA,Canada,1,SNS,2001-2005,incoming
https://ror.org/01wass480,Center for Nanophase Materials Sciences,US,United States,2,SNS,2001-2005,incoming
https://ror.org/01wcaxs37,St. Francis Xavier University,CA,Canada,2,SNS,2001-2005,incoming
https://ror.org/01wd4xt90,Hohai University,CN,China,1,SNS,2001-2005,incoming
https://ror.org/01wddqe20,The Alfred Hospital,AU,Australia,5,SNS,2001-2005,incoming
https://ror.org/01whksa54,Institute of Astronomy,RU,Russia,49,SNS,2001-2005,incoming
https://ror.org/01wjejq96,Yonsei University,KR,South Korea,304,SNS,2001-2005,incoming
https://ror.org/01wka8n18,Royal Veterinary College,GB,United Kingdom,1,SNS,2001-2005,incoming
https://ror.org/01wntqw50,Ankara University,TR,Turkey,6,SNS,2001-2005,incoming
https://ror.org/01wpjm123,Ministry of Science and ICT,KR,South Korea,1,SNS,2001-2005,incoming
https://ror.org/01wq93z70,Chinese National Human Genome Center,CN,China,2,SNS,2001-2005,incoming
https://ror.org/01wspgy28,University of Hawaiʻi at Mānoa,US,United States,308,SNS,2001-2005,incoming
https://ror.org/01wy3h363,Shandong Normal University,CN,China,2,SNS,2001-2005,incoming
https://ror.org/01wzvw032,Université de Valenciennes et du Hainaut-Cambrésis,FR,France,2,SNS,2001-2005,incoming
https://ror.org/01x05rm94,Maebashi Institute of Technology,JP,Japan,1,SNS,2001-2005,incoming
https://ror.org/01x1kqx83,Bolu Abant İzzet Baysal University,TR,Turkey,2,SNS,2001-2005,incoming
https://ror.org/01x2x1522,Helsinki Institute of Physics,FI,Finland,393,SNS,2001-2005,incoming
https://ror.org/01x802g65,MRC Centre for Regenerative Medicine,GB,United Kingdom,1,SNS,2001-2005,incoming
https://ror.org/01x8hew03,Bulgarian Academy of Sciences,BG,Bulgaria,62,SNS,2001-2005,incoming
https://ror.org/01xb4fs50,Korea Atomic Energy Research Institute,KR,South Korea,1,SNS,2001-2005,incoming
https://ror.org/01xdqrp08,Pfizer (United States),US,United States,9,SNS,2001-2005,incoming
https://ror.org/01xdxns91,Universitat de Girona,ES,Spain,2,SNS,2001-2005,incoming
https://ror.org/01xf75524,Moffitt Cancer Center,US,United States,1,SNS,2001-2005,incoming
https://ror.org/01xgfaw76,Academy of Sciences Republic of Uzbekistan,UZ,Uzbekistan,30,SNS,2001-2005,incoming
https://ror.org/01xjqrm90,Umm al-Qura University,SA,Saudi Arabia,2,SNS,2001-2005,incoming
https://ror.org/01xjv7358,Japan Synchrotron Radiation Research Institute,JP,Japan,1,SNS,2001-2005,incoming
https://ror.org/01xm4n520,Ionian University,GR,Greece,1,SNS,2001-2005,incoming
https://ror.org/01xsqw823,GlaxoSmithKline (United Kingdom),GB,United Kingdom,4,SNS,2001-2005,incoming
https://ror.org/01xtjs520,Institut Laue-Langevin,FR,France,6,SNS,2001-2005,incoming
https://ror.org/01xtthb56,University of Oslo,NO,Norway,115,SNS,2001-2005,incoming
https://ror.org/01xtv3204,University of Foggia,IT,Italy,2,SNS,2001-2005,incoming
https://ror.org/01xxp6985,Kōchi University,JP,Japan,2,SNS,2001-2005,incoming
https://ror.org/01xz39a70,Comisión Nacional de Energía Atómica,AR,Argentina,9,SNS,2001-2005,incoming
https://ror.org/01y0j0j86,Northwestern Polytechnical University,CN,China,1,SNS,2001-2005,incoming
https://ror.org/01y1kjr75,Nankai University,CN,China,43,SNS,2001-2005,incoming
https://ror.org/01y1re497,Department of Physical and Technical Sciences,BY,Belarus,8,SNS,2001-2005,incoming
https://ror.org/01y2jtd41,University of Wisconsin–Madison,US,United States,2945,SNS,2001-2005,incoming
https://ror.org/01y2kdt21,Osaka Medical and Pharmaceutical University,JP,Japan,1,SNS,2001-2005,incoming
https://ror.org/01y3dkx74,International Institute of Molecular and Cell Biology,PL,Poland,3,SNS,2001-2005,incoming
https://ror.org/01y3hvq34,Shanghai Institute of Organic Chemistry,CN,China,1,SNS,2001-2005,incoming
https://ror.org/01y3xgc52,Athabasca University,CA,Canada,1,SNS,2001-2005,incoming
https://ror.org/01y64my43,"University at Buffalo, State University of New York",US,United States,18,SNS,2001-2005,incoming
https://ror.org/01y68k842,American Physiological Society,US,United States,5,SNS,2001-2005,incoming
https://ror.org/01y8j9r24,Délégation Ile-de-France Sud,FR,France,6,SNS,2001-2005,incoming
https://ror.org/01y922f71,United States Coast Guard Academy,US,United States,1,SNS,2001-2005,incoming
https://ror.org/01y9bpm73,University of Göttingen,DE,Germany,144,SNS,2001-2005,incoming
https://ror.org/01yc7t268,Washington University in St. Louis,US,United States,19,SNS,2001-2005,incoming
https://ror.org/01ye7b264,Avaya (Bermuda),GB,United Kingdom,2,SNS,2001-2005,incoming
https://ror.org/01yetye73,University of Teramo,IT,Italy,2,SNS,2001-2005,incoming
https://ror.org/01yj56c84,Beijing Jiaotong University,CN,China,1,SNS,2001-2005,incoming
https://ror.org/01ynf4891,University of Milano-Bicocca,IT,Italy,2078,SNS,2001-2005,incoming
https://ror.org/01yp9g959,University of Ulster,GB,United Kingdom,2,SNS,2001-2005,incoming
https://ror.org/01yqg2h08,Harbin Institute of Technology,CN,China,3,SNS,2001-2005,incoming
https://ror.org/01ytgve10,Kyoto Pharmaceutical University,JP,Japan,3,SNS,2001-2005,incoming
https://ror.org/01ythxj32,Oakland University,US,United States,15,SNS,2001-2005,incoming
https://ror.org/01yvj5k91,Direction de la Recherche Fondamentale,FR,France,18,SNS,2001-2005,incoming
https://ror.org/01yxwrh59,Chengdu University of Information Technology,CN,China,4,SNS,2001-2005,incoming
https://ror.org/01yzad698,Institute of Molecular Physics of the Polish Academy of Sciences,PL,Poland,4,SNS,2001-2005,incoming
https://ror.org/01yzz0f51,Chung Hua University,TW,Taiwan,9,SNS,2001-2005,incoming
https://ror.org/01z3j3n30,Schneider Children's Medical Center,IL,Israel,1,SNS,2001-2005,incoming
https://ror.org/01z7r7q48,Children's Hospital of Philadelphia,US,United States,1,SNS,2001-2005,incoming
https://ror.org/01zc5h177,McDaniel College,US,United States,1,SNS,2001-2005,incoming
https://ror.org/01zcpa714,Michigan Medicine,US,United States,1,SNS,2001-2005,incoming
https://ror.org/01zgy1s35,University Medical Center Hamburg-Eppendorf,DE,Germany,1,SNS,2001-2005,incoming
https://ror.org/01zkghx44,Georgia Institute of Technology,US,United States,49,SNS,2001-2005,incoming
https://ror.org/01zkyz108,Mount Sinai Hospital,US,United States,1,SNS,2001-2005,incoming
https://ror.org/01znkr924,Mahidol University,TH,Thailand,1,SNS,2001-2005,incoming
https://ror.org/01zntxs11,Shanghai Medical College of Fudan University,CN,China,1,SNS,2001-2005,incoming
https://ror.org/01zppzz18,Centre for Theoretical Physics and Astrophysics,UZ,Uzbekistan,2,SNS,2001-2005,incoming
https://ror.org/01zqcg218,Kyung Hee University,KR,South Korea,5,SNS,2001-2005,incoming
https://ror.org/01zwcys39,Meiji Gakuin University,JP,Japan,8,SNS,2001-2005,incoming
https://ror.org/01zwmgk08,Leibniz Institute for Neurobiology,DE,Germany,6,SNS,2001-2005,incoming
https://ror.org/01zx16v02,Athens State University,US,United States,1,SNS,2001-2005,incoming
https://ror.org/01zz9wh30,Institute of Structure of Matter,IT,Italy,4,SNS,2001-2005,incoming
https://ror.org/0207ad724,Wake Forest University,US,United States,4,SNS,2001-2005,incoming
https://ror.org/0207yh398,Shandong University,CN,China,19,SNS,2001-2005,incoming
https://ror.org/0208vgz68,Lappeenranta-Lahti University of Technology,FI,Finland,393,SNS,2001-2005,incoming
https://ror.org/0209dk158,Lowell Observatory,US,United States,6,SNS,2001-2005,incoming
https://ror.org/020azk594,Fujian Normal University,CN,China,3,SNS,2001-2005,incoming
https://ror.org/020bzqr95,Institute of Radio Astronomy,UA,Ukraine,1,SNS,2001-2005,incoming
https://ror.org/020cpqb94,Hospital District of Helsinki and Uusimaa,FI,Finland,1,SNS,2001-2005,incoming
https://ror.org/020f3ap87,University of Tennessee at Knoxville,US,United States,10,SNS,2001-2005,incoming
https://ror.org/020hgte69,Fermi National Accelerator Laboratory,US,United States,1016,SNS,2001-2005,incoming
https://ror.org/020hwjq30,Aalto University,FI,Finland,406,SNS,2001-2005,incoming
https://ror.org/020hxh324,Wenzhou University,CN,China,1,SNS,2001-2005,incoming
https://ror.org/020ps3a34,University of Central Lancashire Cyprus,CY,Cyprus,2,SNS,2001-2005,incoming
https://ror.org/020qm1538,California State University System,US,United States,87,SNS,2001-2005,incoming
https://ror.org/020r51985,Centre Hospitalier Universitaire de Sherbrooke,CA,Canada,1,SNS,2001-2005,incoming
https://ror.org/020sa1s57,Aomori University of Health and Welfare,JP,Japan,1,SNS,2001-2005,incoming
https://ror.org/020v13m88,Universidade Paulista,BR,Brazil,2,SNS,2001-2005,incoming
https://ror.org/020vmqv16,Roosevelt University,US,United States,3,SNS,2001-2005,incoming
https://ror.org/020vvc407,Gaziantep University,TR,Turkey,3,SNS,2001-2005,incoming
https://ror.org/020ws7586,Institut National des Sciences Appliquées Rouen Normandie,FR,France,1,SNS,2001-2005,incoming
https://ror.org/021018s57,Universitat de Barcelona,ES,Spain,333,SNS,2001-2005,incoming
https://ror.org/021036w13,Belarusian State University,BY,Belarus,8,SNS,2001-2005,incoming
https://ror.org/0213rcc28,Simon Fraser University,CA,Canada,28,SNS,2001-2005,incoming
https://ror.org/0214k6v65,Laboratoire de Physique de Clermont Auvergne,FR,France,198,SNS,2001-2005,incoming
https://ror.org/0218eta95,Department of Physiological Sciences,RU,Russia,2,SNS,2001-2005,incoming
https://ror.org/0219k5g76,Bombay College of Pharmacy,IN,India,1,SNS,2001-2005,incoming
https://ror.org/021e5j056,Kuwait University,KW,Kuwait,1,SNS,2001-2005,incoming
https://ror.org/021f0sa24,Institut de Mathématiques de Bourgogne,FR,France,1,SNS,2001-2005,incoming
https://ror.org/021nv2831,University of Connecticut,US,United States,14,SNS,2001-2005,incoming
https://ror.org/021nxhr62,U.S. National Science Foundation,US,United States,62,SNS,2001-2005,incoming
https://ror.org/021wm7p51,Council of Scientific and Industrial Research,IN,India,22,SNS,2001-2005,incoming
https://ror.org/021xexe56,Laboratoire Aimé Cotton,FR,France,4,SNS,2001-2005,incoming
https://ror.org/021z1mz76,Institute of Organic Synthesis and Photoreactivity,IT,Italy,3,SNS,2001-2005,incoming
https://ror.org/0220k9r37,Université Paris Descartes,FR,France,878,SNS,2001-2005,incoming
https://ror.org/0220mzb33,King's College London,GB,United Kingdom,77,SNS,2001-2005,incoming
https://ror.org/0220qvk04,Shanghai Jiao Tong University,CN,China,39,SNS,2001-2005,incoming
https://ror.org/0221y4w38,Johnson Research & Development (United States),US,United States,4,SNS,2001-2005,incoming
https://ror.org/0224bx186,Nazareth College,US,United States,938,SNS,2001-2005,incoming
https://ror.org/0227as991,Chungnam National University,KR,South Korea,68,SNS,2001-2005,incoming
https://ror.org/0227fbx80,Université Montpellier 1,FR,France,5,SNS,2001-2005,incoming
https://ror.org/0229c7854,Massachusetts Mental Health Center,US,United States,1,SNS,2001-2005,incoming
https://ror.org/0229k3q35,Maharshi Dayanand Saraswati University,IN,India,1,SNS,2001-2005,incoming
https://ror.org/022b0h879,Institut de Physique de Rennes,FR,France,12,SNS,2001-2005,incoming
https://ror.org/022bnxw24,Institut d'Astrophysique de Paris,FR,France,56,SNS,2001-2005,incoming
https://ror.org/022f44628,King's College - North Carolina,US,United States,1,SNS,2001-2005,incoming
https://ror.org/022gnbj15,Louisiana State University System,US,United States,2,SNS,2001-2005,incoming
https://ror.org/022hq6c49,"Istituto Nazionale di Fisica Nucleare, Sezione di Bari",IT,Italy,109,SNS,2001-2005,incoming
https://ror.org/022jz8688,York University,US,United States,4,SNS,2001-2005,incoming
https://ror.org/022k4wk35,Beijing Normal University,CN,China,8,SNS,2001-2005,incoming
https://ror.org/022r8mj40,Instituto de Física Teórica,ES,Spain,44,SNS,2001-2005,incoming
https://ror.org/022ssnb78,Universidade de Coimbra Arquivo,PT,Portugal,5,SNS,2001-2005,incoming
https://ror.org/022syn853,Shanghai Institute of Materia Medica,CN,China,4,SNS,2001-2005,incoming
https://ror.org/022txr781,Laboratoire de Physique Corpusculaire de Caen,FR,France,1,SNS,2001-2005,incoming
https://ror.org/022yhjq53,Meisei University,JP,Japan,1,SNS,2001-2005,incoming
https://ror.org/022z6jk58,MIT Lincoln Laboratory,US,United States,1,SNS,2001-2005,incoming
https://ror.org/022zbs961,Université de Yaoundé I,CM,Cameroon,2,SNS,2001-2005,incoming
https://ror.org/022zdgq74,École Nationale de l’Aviation Civile,FR,France,1,SNS,2001-2005,incoming
https://ror.org/0234wmv40,University of Bayreuth,DE,Germany,5,SNS,2001-2005,incoming
https://ror.org/0238gz740,Institute for Theoretical and Experimental Physics,RU,Russia,1048,SNS,2001-2005,incoming
https://ror.org/023b0x485,Johannes Gutenberg University Mainz,DE,Germany,216,SNS,2001-2005,incoming
https://ror.org/023bq8521,Saint Petersburg State Electrotechnical University,RU,Russia,5,SNS,2001-2005,incoming
https://ror.org/023hj5876,Dalian University of Technology,CN,China,9,SNS,2001-2005,incoming
https://ror.org/023rffy11,RIKEN Center for Biosystems Dynamics Research,JP,Japan,1,SNS,2001-2005,incoming
https://ror.org/023v4bd62,National Agriculture and Food Research Organization,JP,Japan,1,SNS,2001-2005,incoming
https://ror.org/023znxa73,St Petersburg University,RU,Russia,18,SNS,2001-2005,incoming
https://ror.org/0240rwx68,Neuroscience Institute,IT,Italy,42,SNS,2001-2005,incoming
https://ror.org/0242vta36,University of Pittsburgh at Titusville,US,United States,1087,SNS,2001-2005,incoming
https://ror.org/0243gzr89,Max Planck Institute for Biology,DE,Germany,38,SNS,2001-2005,incoming
https://ror.org/0244rem06,Shinshu University,JP,Japan,10,SNS,2001-2005,incoming
https://ror.org/0245cg223,University of Freiburg,DE,Germany,147,SNS,2001-2005,incoming
https://ror.org/02463v873,Instituto Politécnico da Guarda,PT,Portugal,1,SNS,2001-2005,incoming
https://ror.org/02474f074,Universiti Malaysia Terengganu,MY,Malaysia,4,SNS,2001-2005,incoming
https://ror.org/024850w61,Alcatel-Lucent (France),FR,France,112,SNS,2001-2005,incoming
https://ror.org/0248gc218,Adler Planetarium,US,United States,1,SNS,2001-2005,incoming
https://ror.org/02495e989,UCLouvain,BE,Belgium,149,SNS,2001-2005,incoming
https://ror.org/024c2fq17,Sharif University of Technology,IR,Iran,5,SNS,2001-2005,incoming
https://ror.org/024d6js02,Charles University,CZ,Czechia,108,SNS,2001-2005,incoming
https://ror.org/024exxj48,Gifu University,JP,Japan,2,SNS,2001-2005,incoming
https://ror.org/024ghrf67,International Center for Chemical and Biological Sciences,PK,Pakistan,2,SNS,2001-2005,incoming
https://ror.org/024gw2733,University of Baltimore,US,United States,1,SNS,2001-2005,incoming
https://ror.org/024kbgz78,Gwangju Institute of Science and Technology,KR,South Korea,1,SNS,2001-2005,incoming
https://ror.org/024mrxd33,University of Leeds,GB,United Kingdom,83,SNS,2001-2005,incoming
https://ror.org/024mw5h28,University of Chicago,US,United States,60,SNS,2001-2005,incoming
https://ror.org/024qcmm72,The Bedford College Group,GB,United Kingdom,3,SNS,2001-2005,incoming
https://ror.org/024qkwh22,Shangrao Normal University,CN,China,1,SNS,2001-2005,incoming
https://ror.org/024thra40,Helmholtz Institute Mainz,DE,Germany,1,SNS,2001-2005,incoming
https://ror.org/024z2rq82,Heinrich Heine University Düsseldorf,DE,Germany,5,SNS,2001-2005,incoming
https://ror.org/0251f2x81,White Rose University Consortium,GB,United Kingdom,1,SNS,2001-2005,incoming
https://ror.org/025602r80,Scuola Superiore Sant'Anna,IT,Italy,26,SNS,2001-2005,incoming
https://ror.org/0258b0610,Kansas Department of Health and Environment,US,United States,1,SNS,2001-2005,incoming
https://ror.org/025e3ct30,"Istituto Nazionale di Fisica Nucleare, Laboratori Nazionali di Legnaro",IT,Italy,1,SNS,2001-2005,incoming
https://ror.org/025en1p25,Institute for Theoretical Physics,CH,Switzerland,80,SNS,2001-2005,incoming
https://ror.org/025h1m602,Konkuk University,KR,South Korea,5,SNS,2001-2005,incoming
https://ror.org/025r5qe02,Syracuse University,US,United States,117,SNS,2001-2005,incoming
https://ror.org/025rrx658,"Istituto Nazionale di Fisica Nucleare, Roma Tor Vergata",IT,Italy,1,SNS,2001-2005,incoming
https://ror.org/025s55q11,Beijing Institute of Petrochemical Technology,CN,China,1,SNS,2001-2005,incoming
https://ror.org/025sxka56,IBM (Canada),CA,Canada,1,SNS,2001-2005,incoming
https://ror.org/025vmq686,Pontifícia Universidade Católica do Rio Grande do Sul,BR,Brazil,68,SNS,2001-2005,incoming
https://ror.org/025vmw012,Teikyo University of Science,JP,Japan,1,SNS,2001-2005,incoming
https://ror.org/025x8qw35,Centro de Física Teórica y Matemáticas,ES,Spain,1,SNS,2001-2005,incoming
https://ror.org/0260j1g46,University of Massachusetts System,US,United States,2044,SNS,2001-2005,incoming
https://ror.org/0263zy895,Istituto di Metodologie Chimiche,IT,Italy,1,SNS,2001-2005,incoming
https://ror.org/0264fdx42,San Diego State University,US,United States,1,SNS,2001-2005,incoming
https://ror.org/0265ntg49,Association of Universities and Colleges of Canada,CA,Canada,1,SNS,2001-2005,incoming
https://ror.org/0265wc016,Canadian Institute for Theoretical Astrophysics,CA,Canada,9,SNS,2001-2005,incoming
https://ror.org/0267vjk41,University of Hertfordshire,GB,United Kingdom,11,SNS,2001-2005,incoming
https://ror.org/026jgjr74,Spectral Sciences (United States),US,United States,1,SNS,2001-2005,incoming
https://ror.org/026k5mg93,University of East Anglia,GB,United Kingdom,9,SNS,2001-2005,incoming
https://ror.org/026vcq606,KTH Royal Institute of Technology,SE,Sweden,65,SNS,2001-2005,incoming
https://ror.org/026vtd268,Maulana Azad National Institute of Technology,IN,India,1,SNS,2001-2005,incoming
https://ror.org/026zzn846,Queen Mary University of London,GB,United Kingdom,1833,SNS,2001-2005,incoming
https://ror.org/0270xt841,Institut de Myologie,FR,France,3,SNS,2001-2005,incoming
https://ror.org/0270y6950,Harbin Normal University,CN,China,2,SNS,2001-2005,incoming
https://ror.org/0272j5188,Northern Arizona University,US,United States,1,SNS,2001-2005,incoming
https://ror.org/0272wvz49,Los Angeles Trade Technical College,US,United States,1,SNS,2001-2005,incoming
https://ror.org/0276rjc88,Institute for Nuclear Research and Nuclear Energy,BG,Bulgaria,2,SNS,2001-2005,incoming
https://ror.org/0277n1841,University of Tennessee Medical Center,US,United States,3,SNS,2001-2005,incoming
https://ror.org/02788t795,Maudsley Hospital,GB,United Kingdom,1,SNS,2001-2005,incoming
https://ror.org/027arzy69,Centre Hospitalier Universitaire de Caen Normandie,FR,France,1,SNS,2001-2005,incoming
https://ror.org/027bh9e22,Leiden University,NL,The Netherlands,42,SNS,2001-2005,incoming
https://ror.org/027k65916,Jet Propulsion Laboratory,US,United States,28,SNS,2001-2005,incoming
https://ror.org/027ka1x80,National Aeronautics and Space Administration,US,United States,51,SNS,2001-2005,incoming
https://ror.org/027m9bs27,University of Manchester,GB,United Kingdom,23,SNS,2001-2005,incoming
https://ror.org/027n40j28,Clarion University,US,United States,11,SNS,2001-2005,incoming
https://ror.org/027taah18,"Czech Academy of Sciences, Institute of Scientific Instruments",CZ,Czechia,1,SNS,2001-2005,incoming
https://ror.org/027ynra39,University of Bari Aldo Moro,IT,Italy,2242,SNS,2001-2005,incoming
https://ror.org/0281dp749,Helmholtz Association of German Research Centres,DE,Germany,11,SNS,2001-2005,incoming
https://ror.org/02858hr49,American Academy of Ophthalmology,US,United States,1,SNS,2001-2005,incoming
https://ror.org/028caqe42,Instituto Nacional de Matemática Pura e Aplicada,BR,Brazil,1,SNS,2001-2005,incoming
https://ror.org/028ebfc83,West Virginia University Institute of Technology,US,United States,2,SNS,2001-2005,incoming
https://ror.org/028g18b61,Adelaide University,AU,Australia,44,SNS,2001-2005,incoming
https://ror.org/028jh2126,Al al-Bayt University,JO,Jordan,1,SNS,2001-2005,incoming
https://ror.org/028pmsz77,James Madison University,US,United States,5,SNS,2001-2005,incoming
https://ror.org/028qedy27,Laboratoire de Chimie et Biochimie Pharmacologiques et Toxicologiques,FR,France,1,SNS,2001-2005,incoming
https://ror.org/028qtbk54,Shiraz University,IR,Iran,5,SNS,2001-2005,incoming
https://ror.org/028rypz17,Université Paris-Sud,FR,France,17,SNS,2001-2005,incoming
https://ror.org/028sgmw18,"Czech Academy of Sciences, Library",CZ,Czechia,1,SNS,2001-2005,incoming
https://ror.org/028vqfs63,Amherst College,US,United States,5,SNS,2001-2005,incoming
https://ror.org/028vtqb15,"Birla Institute of Technology, Mesra",IN,India,1,SNS,2001-2005,incoming
https://ror.org/028wp3y58,Chulalongkorn University,TH,Thailand,1,SNS,2001-2005,incoming
https://ror.org/02910d597,Centre Lasers Intenses et Applications,FR,France,1,SNS,2001-2005,incoming
https://ror.org/0294hxs80,California State University Los Angeles,US,United States,2,SNS,2001-2005,incoming
https://ror.org/02956yf07,University of Tsukuba,JP,Japan,1112,SNS,2001-2005,incoming
https://ror.org/0296esg18,Valencia College,US,United States,2,SNS,2001-2005,incoming
https://ror.org/0299eyn73,Institute of Electronics,BG,Bulgaria,1,SNS,2001-2005,incoming
https://ror.org/029b7h395,Directorate for Mathematical & Physical Sciences,US,United States,17,SNS,2001-2005,incoming
https://ror.org/029bjdf19,Institute of Physics,RU,Russia,8,SNS,2001-2005,incoming
https://ror.org/029brtt94,Université Claude Bernard Lyon 1,FR,France,129,SNS,2001-2005,incoming
https://ror.org/029cgt552,Tunis El Manar University,TN,Tunisia,9,SNS,2001-2005,incoming
https://ror.org/029chgv08,Wellcome Trust,GB,United Kingdom,9,SNS,2001-2005,incoming
https://ror.org/029m7xn54,University of San Francisco,US,United States,15,SNS,2001-2005,incoming
https://ror.org/029nkcm90,Observatoire de Paris,FR,France,48,SNS,2001-2005,incoming
https://ror.org/029pk6x14,Åbo Akademi University,FI,Finland,2,SNS,2001-2005,incoming
https://ror.org/029s44460,IZA - Institute of Labor Economics,DE,Germany,1,SNS,2001-2005,incoming
https://ror.org/029yaft79,Osaka University of Pharmaceutical Sciences,JP,Japan,1,SNS,2001-2005,incoming
https://ror.org/029ycp228,Austral University of Chile,CL,Chile,1,SNS,2001-2005,incoming
https://ror.org/029z02k15,Rutgers Health,US,United States,1,SNS,2001-2005,incoming
https://ror.org/02a3mhk13,FORTH Institute of Electronic Structure and Laser,GR,Greece,1,SNS,2001-2005,incoming
https://ror.org/02a8bt934,Peter MacCallum Cancer Centre,AU,Australia,1,SNS,2001-2005,incoming
https://ror.org/02acart68,Ames Research Center,US,United States,19,SNS,2001-2005,incoming
https://ror.org/02acv3g39,"Czech Academy of Sciences, Institute of Chemical Process Fundamentals",CZ,Czechia,2,SNS,2001-2005,incoming
https://ror.org/02aee5m12,Institute of Genetics and Developmental Biology,CN,China,1,SNS,2001-2005,incoming
https://ror.org/02af4h012,Jadavpur University,IN,India,33,SNS,2001-2005,incoming
https://ror.org/02aj0kh94,Université Joseph Fourier,FR,France,157,SNS,2001-2005,incoming
https://ror.org/02aj13c28,Helmholtz-Zentrum Berlin für Materialien und Energie,DE,Germany,1,SNS,2001-2005,incoming
https://ror.org/02aja8v82,OpenEdition Center,FR,France,17,SNS,2001-2005,incoming
https://ror.org/02aqsxs83,University of Oklahoma,US,United States,118,SNS,2001-2005,incoming
https://ror.org/02aqt9c37,Université Paris-Est Marne-la-Vallée,FR,France,1,SNS,2001-2005,incoming
https://ror.org/02as55378,University of Arts and Industrial Design Linz,AT,Austria,2,SNS,2001-2005,incoming
https://ror.org/02aswte26,Manchester University,US,United States,2,SNS,2001-2005,incoming
https://ror.org/02atag894,Office of Nuclear Physics,US,United States,1,SNS,2001-2005,incoming
https://ror.org/02avqqw26,"California State University, Fullerton",US,United States,4,SNS,2001-2005,incoming
https://ror.org/02azyry73,University of Siegen,DE,Germany,60,SNS,2001-2005,incoming
https://ror.org/02azz6x90,Institute of Theoretical and Applied Mechanics,RU,Russia,1,SNS,2001-2005,incoming
https://ror.org/02b6c1039,Laboratoire Interdisciplinaire Carnot de Bourgogne,FR,France,4,SNS,2001-2005,incoming
https://ror.org/02b6qw903,University of South Carolina,US,United States,1902,SNS,2001-2005,incoming
https://ror.org/02bc8tz70,Neijiang Normal University,CN,China,7,SNS,2001-2005,incoming
https://ror.org/02be22443,Ferdinand-Braun-Institut,DE,Germany,1,SNS,2001-2005,incoming
https://ror.org/02be6w209,Sapienza University of Rome,IT,Italy,3485,SNS,2001-2005,incoming
https://ror.org/02bfwt286,Monash University,AU,Australia,12,SNS,2001-2005,incoming
https://ror.org/02bjhwk41,University of Georgia,GE,Georgia,43,SNS,2001-2005,incoming
https://ror.org/02bjnq803,Jazan University,SA,Saudi Arabia,19,SNS,2001-2005,incoming
https://ror.org/02bsd9p69,Centre de Physique Théorique,FR,France,135,SNS,2001-2005,incoming
https://ror.org/02bt0vt04,Institute of Environmental Protection,PL,Poland,3,SNS,2001-2005,incoming
https://ror.org/02bv3c993,Academy of Military Medical Sciences,CN,China,3,SNS,2001-2005,incoming
https://ror.org/02bwkwm60,Hiroshima Institute of Technology,JP,Japan,240,SNS,2001-2005,incoming
https://ror.org/02bz8aa76,Suzhou University,CN,China,8,SNS,2001-2005,incoming
https://ror.org/02c21vy68,Universidad Nacional de La Pampa,AR,Argentina,5,SNS,2001-2005,incoming
https://ror.org/02c2f8975,University of Ulsan,KR,South Korea,3,SNS,2001-2005,incoming
https://ror.org/02c2kyt77,Eindhoven University of Technology,NL,The Netherlands,6,SNS,2001-2005,incoming
https://ror.org/02c5gc203,Institut Jacques Monod,FR,France,1,SNS,2001-2005,incoming
https://ror.org/02c5jsm26,Research Institute of Molecular Pathology,AT,Austria,1,SNS,2001-2005,incoming
https://ror.org/02c63wv67,University of Central Missouri,US,United States,1,SNS,2001-2005,incoming
https://ror.org/02c9qn167,Guangxi University,CN,China,15,SNS,2001-2005,incoming
https://ror.org/02caqw325,Hanjiang Normal University,CN,China,29,SNS,2001-2005,incoming
https://ror.org/02catss52,European Bioinformatics Institute,GB,United Kingdom,22,SNS,2001-2005,incoming
https://ror.org/02cgn2a44,Swiss Finance Institute,CH,Switzerland,1,SNS,2001-2005,incoming
https://ror.org/02cgss904,Kumamoto University,JP,Japan,2,SNS,2001-2005,incoming
https://ror.org/02cntrd02,Wayne State College,US,United States,606,SNS,2001-2005,incoming
https://ror.org/02crff812,University of Zurich,CH,Switzerland,350,SNS,2001-2005,incoming
https://ror.org/02cte4b68,Institut de Chimie,FR,France,26,SNS,2001-2005,incoming
https://ror.org/02d4c4y02,University of Modena and Reggio Emilia,IT,Italy,118,SNS,2001-2005,incoming
https://ror.org/02d9dg697,École des hautes études en sciences sociales,FR,France,17,SNS,2001-2005,incoming
https://ror.org/02dcqy320,Hôpital Robert-Debré,FR,France,2,SNS,2001-2005,incoming
https://ror.org/02dd25k08,Laboratoire de Chimie et Biologie des Métaux,FR,France,1,SNS,2001-2005,incoming
https://ror.org/02dgjyy92,University of Miami,US,United States,4,SNS,2001-2005,incoming
https://ror.org/02dh8ja68,Max Planck Institute for Mathematics,DE,Germany,2,SNS,2001-2005,incoming
https://ror.org/02djqfd08,Zhejiang University of Technology,CN,China,2,SNS,2001-2005,incoming
https://ror.org/02dm87055,Centre for Demographic Studies,ES,Spain,1,SNS,2001-2005,incoming
https://ror.org/02dn9h927,Peoples' Friendship University of Russia,RU,Russia,2,SNS,2001-2005,incoming
https://ror.org/02dp3a879,National Institute of Optics,IT,Italy,2,SNS,2001-2005,incoming
https://ror.org/02dqehb95,Purdue University West Lafayette,US,United States,959,SNS,2001-2005,incoming
https://ror.org/02dr19631,Medical Radiological Research Center,RU,Russia,12,SNS,2001-2005,incoming
https://ror.org/02drdmm93,Chinese Academy of Medical Sciences & Peking Union Medical College,CN,China,1,SNS,2001-2005,incoming
https://ror.org/02drrjp49,University of Montenegro,ME,Montenegro,1,SNS,2001-2005,incoming
https://ror.org/02dveg925,University of Boumerdes,DZ,Algeria,1,SNS,2001-2005,incoming
https://ror.org/02dwcqs71,All India Institute of Medical Sciences,IN,India,2,SNS,2001-2005,incoming
https://ror.org/02dxpep57,Swedish National Board of Forensic Medicine,SE,Sweden,1,SNS,2001-2005,incoming
https://ror.org/02dxx6824,Scripps Research Institute,US,United States,9,SNS,2001-2005,incoming
https://ror.org/02dyaew97,Laboratoire de physique des Solides,FR,France,5,SNS,2001-2005,incoming
https://ror.org/02dz2hb46,Division of Social and Economic Sciences,US,United States,1,SNS,2001-2005,incoming
https://ror.org/02dzbc556,Centre Européen de Recherche et de Formation Avancée en Calcul Scientifique,FR,France,1,SNS,2001-2005,incoming
https://ror.org/02dzzka09,Sungkyul University,KR,South Korea,774,SNS,2001-2005,incoming
https://ror.org/02e16g702,Hokkaido University,JP,Japan,30,SNS,2001-2005,incoming
https://ror.org/02e16wz39,Moscow State University of Printing Arts,RU,Russia,1,SNS,2001-2005,incoming
https://ror.org/02e1c4h55,Secretariat of Public Education,MX,Mexico,3,SNS,2001-2005,incoming
https://ror.org/02e24yw40,Donostia International Physics Center,ES,Spain,2,SNS,2001-2005,incoming
https://ror.org/02e2c7k09,Delft University of Technology,NL,The Netherlands,27,SNS,2001-2005,incoming
https://ror.org/02e2egq70,United States Air Force Research Laboratory,US,United States,12,SNS,2001-2005,incoming
https://ror.org/02e7b5302,Nanyang Technological University,SG,Singapore,9,SNS,2001-2005,incoming
https://ror.org/02e8hzf44,Helsinki University Hospital,FI,Finland,3,SNS,2001-2005,incoming
https://ror.org/02eb4t121,Purple Mountain Observatory,CN,China,3,SNS,2001-2005,incoming
https://ror.org/02ecxgj38,Complejo Hospitalario de Jaén,ES,Spain,1,SNS,2001-2005,incoming
https://ror.org/02ef88m96,Joint Research Center,BE,Belgium,1,SNS,2001-2005,incoming
https://ror.org/02egfyg20,China Center of Advanced Science and Technology,CN,China,66,SNS,2001-2005,incoming
https://ror.org/02en5vm52,Sorbonne Université,FR,France,1592,SNS,2001-2005,incoming
https://ror.org/02epydz83,Marshall Space Flight Center,US,United States,7,SNS,2001-2005,incoming
https://ror.org/02eq2w707,"National Academies of Sciences, Engineering, and Medicine",US,United States,52,SNS,2001-2005,incoming
https://ror.org/02ets8c94,Indiana University School of Medicine,US,United States,7,SNS,2001-2005,incoming
https://ror.org/02evnh647,Saitama University,JP,Japan,1,SNS,2001-2005,incoming
https://ror.org/02ex6cf31,Brookhaven National Laboratory,US,United States,195,SNS,2001-2005,incoming
https://ror.org/02exqgm79,Hitachi (Japan),JP,Japan,2,SNS,2001-2005,incoming
https://ror.org/02f009v59,University of Haifa,IL,Israel,6,SNS,2001-2005,incoming
https://ror.org/02f0psx94,The Polytechnic University of Japan,JP,Japan,2,SNS,2001-2005,incoming
https://ror.org/02f3xk561,Cancer Research Institute,US,United States,3,SNS,2001-2005,incoming
https://ror.org/02f40zc51,Universidad de Salamanca,ES,Spain,10,SNS,2001-2005,incoming
https://ror.org/02f42pw58,Yunnan Observatories,CN,China,1,SNS,2001-2005,incoming
https://ror.org/02f7k4z58,Davidson College,US,United States,1,SNS,2001-2005,incoming
https://ror.org/02f9zrr09,Novartis (Switzerland),CH,Switzerland,2,SNS,2001-2005,incoming
https://ror.org/02fa3aq29,McMaster University,CA,Canada,18,SNS,2001-2005,incoming
https://ror.org/02feahw73,Centre National de la Recherche Scientifique,FR,France,3169,SNS,2001-2005,incoming
https://ror.org/02fhfw393,Montanuniversität Leoben,AT,Austria,1,SNS,2001-2005,incoming
https://ror.org/02fhgbp51,National Institute of Education,SG,Singapore,2,SNS,2001-2005,incoming
https://ror.org/02fhvxj45,Temple University Health System,US,United States,1,SNS,2001-2005,incoming
https://ror.org/02fjy3w42,Ivanovo State University of Chemistry and Technology,RU,Russia,1,SNS,2001-2005,incoming
https://ror.org/02fkw1114,Institute for the Chemistry of OrganoMetallic Compounds,IT,Italy,1,SNS,2001-2005,incoming
https://ror.org/02frkq021,Siberian Branch of the Russian Academy of Sciences,RU,Russia,2349,SNS,2001-2005,incoming
https://ror.org/02frt9q65,Guangxi Normal University,CN,China,26,SNS,2001-2005,incoming
https://ror.org/02fs2bc65,Discovery Laboratories (United States),US,United States,2,SNS,2001-2005,incoming
https://ror.org/02fsxgh46,Hôpital l'Archet,FR,France,2,SNS,2001-2005,incoming
https://ror.org/02fv52296,Micron (United States),US,United States,2,SNS,2001-2005,incoming
https://ror.org/02fvywg07,Massachusetts College of Pharmacy and Health Sciences,US,United States,2,SNS,2001-2005,incoming
https://ror.org/02gars961,Winship Cancer Institute,US,United States,1,SNS,2001-2005,incoming
https://ror.org/02gaw1s20,Laboratoire de Chimie,FR,France,3,SNS,2001-2005,incoming
https://ror.org/02gcdp811,Instituto de Pesca,BR,Brazil,2,SNS,2001-2005,incoming
https://ror.org/02gcp3110,Charing Cross Hospital,GB,United Kingdom,1,SNS,2001-2005,incoming
https://ror.org/02gdcn153,Institute of Informatics and Telematics,IT,Italy,1,SNS,2001-2005,incoming
https://ror.org/02gdzyx04,University of Winnipeg,CA,Canada,2,SNS,2001-2005,incoming
https://ror.org/02ge60j37,Scott & White Memorial Hospital,US,United States,1,SNS,2001-2005,incoming
https://ror.org/02gfc7t72,Consejo Superior de Investigaciones Científicas,ES,Spain,981,SNS,2001-2005,incoming
https://ror.org/02gffk937,Shriners Hospitals for Children - Erie,US,United States,1,SNS,2001-2005,incoming
https://ror.org/02gfys938,University of Manitoba,CA,Canada,8,SNS,2001-2005,incoming
https://ror.org/02gh4kt33,National Institute for Astrophysics,IT,Italy,156,SNS,2001-2005,incoming
https://ror.org/02gkgrd84,Evgeni Kharadze Georgian National Astrophysical Observatory,GE,Georgia,3,SNS,2001-2005,incoming
https://ror.org/02grkyz14,Western University,CA,Canada,29,SNS,2001-2005,incoming
https://ror.org/02gz6gg07,Florida International University,US,United States,12,SNS,2001-2005,incoming
https://ror.org/02h158026,Institut de Recherche sur les Systèmes Atomiques et Moléculaires Complexes,FR,France,134,SNS,2001-2005,incoming
https://ror.org/02h1b1x27,University of the Andes,VE,Venezuela,1,SNS,2001-2005,incoming
https://ror.org/02h1nk258,Max Planck Institute for Brain Research,DE,Germany,1,SNS,2001-2005,incoming
https://ror.org/02h2x0161,GEOMAR Helmholtz Centre for Ocean Research Kiel,DE,Germany,2,SNS,2001-2005,incoming
https://ror.org/02h6cs343,Aichi Medical University,JP,Japan,1,SNS,2001-2005,incoming
https://ror.org/02h7s7a86,Allen University,US,United States,1,SNS,2001-2005,incoming
https://ror.org/02hb34304,EuroAcademy,EE,Estonia,2,SNS,2001-2005,incoming
https://ror.org/02hb7bm88,Natural Resources Institute Finland,FI,Finland,1,SNS,2001-2005,incoming
https://ror.org/02hcv4z63,Minia University,EG,Egypt,4,SNS,2001-2005,incoming
https://ror.org/02hcx7n63,Toho University,JP,Japan,227,SNS,2001-2005,incoming
https://ror.org/02hf6mx60,National Research University of Electronic Technology,RU,Russia,4,SNS,2001-2005,incoming
https://ror.org/02hh7en24,University of Colorado Denver,US,United States,5,SNS,2001-2005,incoming
https://ror.org/02hhndj92,University of Michigan Biological Station,US,United States,1,SNS,2001-2005,incoming
https://ror.org/02hj1n344,Industriale Chimica (Italy),IT,Italy,192,SNS,2001-2005,incoming
https://ror.org/02hk0xz87,American Superconductor (United States),US,United States,1,SNS,2001-2005,incoming
https://ror.org/02hnp4676,Astronomical Observatory of Rome,IT,Italy,1,SNS,2001-2005,incoming
https://ror.org/02hpadn98,Bielefeld University,DE,Germany,40,SNS,2001-2005,incoming
https://ror.org/02hssy432,Istituto Superiore di Sanità,IT,Italy,18,SNS,2001-2005,incoming
https://ror.org/02hstj355,Manchester Metropolitan University,GB,United Kingdom,1,SNS,2001-2005,incoming
https://ror.org/02htdjb57,Bial (Portugal),PT,Portugal,1,SNS,2001-2005,incoming
https://ror.org/02hvt5f17,Tampere University Hospital,FI,Finland,1,SNS,2001-2005,incoming
https://ror.org/02hwgty18,Institut de Recherche Mathématique Avancée,FR,France,2,SNS,2001-2005,incoming
https://ror.org/02hwp6a56,Kanazawa University,JP,Japan,69,SNS,2001-2005,incoming
https://ror.org/02j2d2g70,"Ministry of Trade, Industry and Fisheries",NO,Norway,1,SNS,2001-2005,incoming
https://ror.org/02j46qs45,Masaryk University,CZ,Czechia,4,SNS,2001-2005,incoming
https://ror.org/02j5s7g39,Australian Defence Force Academy,AU,Australia,1,SNS,2001-2005,incoming
https://ror.org/02j61yw88,Aristotle University of Thessaloniki,GR,Greece,18,SNS,2001-2005,incoming
https://ror.org/02j6c0d67,Kanagawa University,JP,Japan,248,SNS,2001-2005,incoming
https://ror.org/02j787g88,Skin Science Institute,US,United States,2,SNS,2001-2005,incoming
https://ror.org/02j8pe645,National Academy of Sciences of Belarus,BY,Belarus,15,SNS,2001-2005,incoming
https://ror.org/02jbayz55,University of Khartoum,SD,Sudan,1,SNS,2001-2005,incoming
https://ror.org/02jbv0t02,Lawrence Berkeley National Laboratory,US,United States,2623,SNS,2001-2005,incoming
https://ror.org/02jet3w32,LMU Klinikum,DE,Germany,1,SNS,2001-2005,incoming
https://ror.org/02jj4k517,Physico-Technical Institute,RU,Russia,1,SNS,2001-2005,incoming
https://ror.org/02jjdwm75,IE University,ES,Spain,880,SNS,2001-2005,incoming
https://ror.org/02jkmyk67,Academy of Mathematics and Systems Science,CN,China,2,SNS,2001-2005,incoming
https://ror.org/02jktn113,International Center for Relativistic Astrophysics,IT,Italy,1,SNS,2001-2005,incoming
https://ror.org/02jmvh098,Angarsk State Technical Academy,RU,Russia,5,SNS,2001-2005,incoming
https://ror.org/02jnxpg76,Ministry of Finance of the People's Republic of China,CN,China,66,SNS,2001-2005,incoming
https://ror.org/02jqj7156,George Mason University,US,United States,41,SNS,2001-2005,incoming
https://ror.org/02jtk7k02,Technical University of Liberec,CZ,Czechia,2,SNS,2001-2005,incoming
https://ror.org/02jv3k292,"Sofia University ""St. Kliment Ohridski""",BG,Bulgaria,3,SNS,2001-2005,incoming
https://ror.org/02jx3x895,University College London,GB,United Kingdom,1490,SNS,2001-2005,incoming
https://ror.org/02jz4aj89,Maastricht University,NL,The Netherlands,33,SNS,2001-2005,incoming
https://ror.org/02k3smh20,University of Kentucky,US,United States,30,SNS,2001-2005,incoming
https://ror.org/02k40bc56,Indiana University Bloomington,US,United States,6,SNS,2001-2005,incoming
https://ror.org/02k4h0334,NOAA National Ocean Service,US,United States,308,SNS,2001-2005,incoming
https://ror.org/02k7v4d05,University of Bern,CH,Switzerland,39,SNS,2001-2005,incoming
https://ror.org/02k7wn190,University of Parma,IT,Italy,167,SNS,2001-2005,incoming
https://ror.org/02k8cbn47,GSI Helmholtz Centre for Heavy Ion Research,DE,Germany,1,SNS,2001-2005,incoming
https://ror.org/02k9vew78,Université Nice Sophia Antipolis,FR,France,5,SNS,2001-2005,incoming
https://ror.org/02kbmgc12,AgroParisTech,FR,France,2,SNS,2001-2005,incoming
https://ror.org/02kg81z20,University of La Verne,US,United States,1,SNS,2001-2005,incoming
https://ror.org/02khfkr46,Institute of Electron Technology,PL,Poland,1,SNS,2001-2005,incoming
https://ror.org/02kjggt26,Turun Yliopistosäätiö,FI,Finland,3,SNS,2001-2005,incoming
https://ror.org/02kkvpp62,Technical University of Munich,DE,Germany,92,SNS,2001-2005,incoming
https://ror.org/02kn6nx58,Keio University,JP,Japan,8,SNS,2001-2005,incoming
https://ror.org/02knr1992,International University,KH,Cambodia,4,SNS,2001-2005,incoming
https://ror.org/02kp7p620,Central Leather Research Institute,IN,India,1,SNS,2001-2005,incoming
https://ror.org/02kpeqv85,Kyoto University,JP,Japan,157,SNS,2001-2005,incoming
https://ror.org/02kq26x23,Hellenic Open University,GR,Greece,5,SNS,2001-2005,incoming
https://ror.org/02kqnpp86,"University of Campania ""Luigi Vanvitelli""",IT,Italy,73,SNS,2001-2005,incoming
https://ror.org/02ks8qq67,Hungarian Academy of Sciences,HU,Hungary,93,SNS,2001-2005,incoming
https://ror.org/02ksqdr49,General Sciences (United States),US,United States,1,SNS,2001-2005,incoming
https://ror.org/02kswma64,Istituto Nazionale per la Fisica della Materia,IT,Italy,127,SNS,2001-2005,incoming
https://ror.org/02kta5139,Universidad Autónoma Metropolitana,MX,Mexico,3,SNS,2001-2005,incoming
https://ror.org/02kvxyf05,Institut national de recherche en sciences et technologies du numérique,FR,France,9,SNS,2001-2005,incoming
https://ror.org/02kx1hs47,Brera Astronomical Observatory,IT,Italy,2,SNS,2001-2005,incoming
https://ror.org/02kyckx55,University of Akron,US,United States,4,SNS,2001-2005,incoming
https://ror.org/02kzqn938,Université de Lille,FR,France,27,SNS,2001-2005,incoming
https://ror.org/02kzs4y22,UConn Health,US,United States,1,SNS,2001-2005,incoming
https://ror.org/02m1z0a87,Medizinische Fakultät Mannheim,DE,Germany,1,SNS,2001-2005,incoming
https://ror.org/02m388s04,Department of Atomic Energy,IN,India,2,SNS,2001-2005,incoming
https://ror.org/02m5srn05,Japan Research Institute,JP,Japan,1,SNS,2001-2005,incoming
https://ror.org/02m9kbe37,Université de Toulon,FR,France,94,SNS,2001-2005,incoming
https://ror.org/02ma57s91,Universidad de Santiago de Chile,CL,Chile,9,SNS,2001-2005,incoming
https://ror.org/02ma7yv75,Institute of Nanotechnology,GB,United Kingdom,94,SNS,2001-2005,incoming
https://ror.org/02mb95055,"Birkbeck, University of London",GB,United Kingdom,15,SNS,2001-2005,incoming
https://ror.org/02mb9s657,Hampden–Sydney College,US,United States,1,SNS,2001-2005,incoming
https://ror.org/02mbd5571,University of Bergamo,IT,Italy,23,SNS,2001-2005,incoming
https://ror.org/02mc6qk71,Laboratoire de Physique et Modélisation des Milieux Condensés,FR,France,13,SNS,2001-2005,incoming
https://ror.org/02meqm098,National Center for Biotechnology Information,US,United States,2,SNS,2001-2005,incoming
https://ror.org/02mfp0b67,National Center for Theoretical Sciences,TW,Taiwan,17,SNS,2001-2005,incoming
https://ror.org/02mg6n827,CEA Grenoble,FR,France,2,SNS,2001-2005,incoming
https://ror.org/02mh1d616,"National Center for Theoretical Sciences, Physics Division",TW,Taiwan,6,SNS,2001-2005,incoming
https://ror.org/02mh8wx89,Tianjin Medical University,CN,China,2,SNS,2001-2005,incoming
https://ror.org/02mh9a093,Pitié-Salpêtrière Hospital,FR,France,5,SNS,2001-2005,incoming
https://ror.org/02mhbdp94,Universidad de Los Andes,CO,Colombia,38,SNS,2001-2005,incoming
https://ror.org/02mjz6f26,University of Jinan,CN,China,1,SNS,2001-2005,incoming
https://ror.org/02mks6v46,DePauw University,US,United States,9,SNS,2001-2005,incoming
https://ror.org/02mp0vf47,National Cancer Research Institute,GB,United Kingdom,1,SNS,2001-2005,incoming
https://ror.org/02mp31p96,Carl Zeiss (Germany),DE,Germany,1,SNS,2001-2005,incoming
https://ror.org/02mp59d98,Centre Hospitalier de Gonesse,FR,France,1,SNS,2001-2005,incoming
https://ror.org/02mph9k76,Laboratoire de Physique Théorique et Hautes Energies,FR,France,44,SNS,2001-2005,incoming
https://ror.org/02mpq6x41,University of Illinois Chicago,US,United States,66,SNS,2001-2005,incoming
https://ror.org/02mqqhj42,UW Health University Hospital,US,United States,6,SNS,2001-2005,incoming
https://ror.org/02msb5n36,Universidad Nacional de Educación a Distancia,ES,Spain,1,SNS,2001-2005,incoming
https://ror.org/02mv6r745,Utah System of Higher Education,US,United States,22,SNS,2001-2005,incoming
https://ror.org/02mw21745,Ruđer Bošković Institute,HR,Croatia,21,SNS,2001-2005,incoming
https://ror.org/02mzn7s88,University of South Wales,GB,United Kingdom,3,SNS,2001-2005,incoming
https://ror.org/02n0ejh50,Institute of High Performance Computing,SG,Singapore,1,SNS,2001-2005,incoming
https://ror.org/02n2ava60,University of New England,US,United States,1,SNS,2001-2005,incoming
https://ror.org/02n2fzt79,Boston College,US,United States,82,SNS,2001-2005,incoming
https://ror.org/02n2yp822,FORTH Institute of Applied and Computational Mathematics,GR,Greece,1,SNS,2001-2005,incoming
https://ror.org/02n415q13,Curtin University,AU,Australia,4,SNS,2001-2005,incoming
https://ror.org/02n6c9837,Sanofi (France),FR,France,2,SNS,2001-2005,incoming
https://ror.org/02n742c10,University of Trieste,IT,Italy,3153,SNS,2001-2005,incoming
https://ror.org/02n85j827,National Research Centre,EG,Egypt,1,SNS,2001-2005,incoming
https://ror.org/02n96ep67,East China Normal University,CN,China,2,SNS,2001-2005,incoming
https://ror.org/02nbj1r55,Université des Sciences et de la Technologie d'Oran Mohamed Boudiaf,DZ,Algeria,5,SNS,2001-2005,incoming
https://ror.org/02nf34254,Queens University of Charlotte,US,United States,1,SNS,2001-2005,incoming
https://ror.org/02nfzhn33,Johns Hopkins University School of Medicine,US,United States,11,SNS,2001-2005,incoming
https://ror.org/02nhmp827,Mathematics Research Center,MX,Mexico,1,SNS,2001-2005,incoming
https://ror.org/02nk5bh05,B. Verkin Institute for Low Temperature Physics and Engineering of the National Academy of Sciences of Ukraine,UA,Ukraine,8,SNS,2001-2005,incoming
https://ror.org/02nkdxk79,Virginia Commonwealth University,US,United States,12,SNS,2001-2005,incoming
https://ror.org/02nkf1q06,University of Essex,GB,United Kingdom,3,SNS,2001-2005,incoming
https://ror.org/02nknzn40,Institute of Problems of Chemical Physics,RU,Russia,2,SNS,2001-2005,incoming
https://ror.org/02nr3fr97,Center for Biologics Evaluation and Research,US,United States,1,SNS,2001-2005,incoming
https://ror.org/02ntheh91,Instituto Venezolano de Investigaciones Científicas,VE,Venezuela,3,SNS,2001-2005,incoming
https://ror.org/02nv7yv05,Forschungszentrum Jülich,DE,Germany,36,SNS,2001-2005,incoming
https://ror.org/02nwvxz07,École nationale des ponts et chaussées,FR,France,3,SNS,2001-2005,incoming
https://ror.org/02nx5r318,College of New Jersey,US,United States,2427,SNS,2001-2005,incoming
https://ror.org/02p0gd045,Universidad Complutense de Madrid,ES,Spain,95,SNS,2001-2005,incoming
https://ror.org/02p0p4q62,Physical Research Laboratory,IN,India,12,SNS,2001-2005,incoming
https://ror.org/02p1xqf92,Centro Laser,IT,Italy,2,SNS,2001-2005,incoming
https://ror.org/02p2rk609,Laboratoire de Mathématiques et Applications,FR,France,1,SNS,2001-2005,incoming
https://ror.org/02p3et738,Laboratoire Matériaux et Phénomènes Quantiques,FR,France,13,SNS,2001-2005,incoming
https://ror.org/02p72h367,University of Cincinnati Medical Center,US,United States,4,SNS,2001-2005,incoming
https://ror.org/02p77k626,University of Rome Tor Vergata,IT,Italy,386,SNS,2001-2005,incoming
https://ror.org/02panr271,Max Planck Institute of Biophysics,DE,Germany,10,SNS,2001-2005,incoming
https://ror.org/02pc6pc55,Okayama University,JP,Japan,739,SNS,2001-2005,incoming
https://ror.org/02pg0e883,University of Aizu,JP,Japan,1,SNS,2001-2005,incoming
https://ror.org/02pgsjq66,Neuro-SU,FR,France,1,SNS,2001-2005,incoming
https://ror.org/02pj7we23,Centro Universitário Fundação Santo André,BR,Brazil,1,SNS,2001-2005,incoming
https://ror.org/02ppyfa04,Centre Hospitalier Universitaire de Lille,FR,France,1,SNS,2001-2005,incoming
https://ror.org/02pthyn77,New York University Florence,IT,Italy,358,SNS,2001-2005,incoming
https://ror.org/02pttbw34,Baylor College of Medicine,US,United States,7,SNS,2001-2005,incoming
https://ror.org/02q2d2610,University of Brescia,IT,Italy,62,SNS,2001-2005,incoming
https://ror.org/02q49af68,Aberdeen Royal Infirmary,GB,United Kingdom,2,SNS,2001-2005,incoming
https://ror.org/02qf2tx24,Kwansei Gakuin University,JP,Japan,1,SNS,2001-2005,incoming
https://ror.org/02qfef581,Nordic Optical Telescope Scientific Association,ES,Spain,1,SNS,2001-2005,incoming
https://ror.org/02qjrjx09,University of Cyprus,CY,Cyprus,545,SNS,2001-2005,incoming
https://ror.org/02qnf3n86,Universiti Brunei Darussalam,BN,Brunei,1,SNS,2001-2005,incoming
https://ror.org/02qnnz951,University of Mons,BE,Belgium,57,SNS,2001-2005,incoming
https://ror.org/02qp25a50,Brandon University,CA,Canada,1,SNS,2001-2005,incoming
https://ror.org/02qp3tb03,Mayo Clinic,US,United States,13,SNS,2001-2005,incoming
https://ror.org/02qqy8j09,Instituto de Ciencia de Materiales de Madrid,ES,Spain,3,SNS,2001-2005,incoming
https://ror.org/02qskvh78,"University of Maryland, Baltimore County",US,United States,8,SNS,2001-2005,incoming
https://ror.org/02qsmb048,University of Belgrade,RS,Serbia,21,SNS,2001-2005,incoming
https://ror.org/02qt0xs84,Cal Poly Humboldt,US,United States,34,SNS,2001-2005,incoming
https://ror.org/02qtvee93,Carleton University,CA,Canada,176,SNS,2001-2005,incoming
https://ror.org/02qyf5152,Indian Institute of Technology Bombay,IN,India,5,SNS,2001-2005,incoming
https://ror.org/02qz8b764,Cold Spring Harbor Laboratory,US,United States,7,SNS,2001-2005,incoming
https://ror.org/02r3e0967,St. Jude Children's Research Hospital,US,United States,3,SNS,2001-2005,incoming
https://ror.org/02r40rn49,Central Adelaide Local Health Network,AU,Australia,1,SNS,2001-2005,incoming
https://ror.org/02r6fpx29,National Health Research Institutes,TW,Taiwan,1,SNS,2001-2005,incoming
https://ror.org/02rc97e94,University of Calabria,IT,Italy,65,SNS,2001-2005,incoming
https://ror.org/02rcrvv70,Government of the United States of America,US,United States,2,SNS,2001-2005,incoming
https://ror.org/02re32a17,University of Applied Sciences Mainz,DE,Germany,2,SNS,2001-2005,incoming
https://ror.org/02retg991,University of Jammu,IN,India,2,SNS,2001-2005,incoming
https://ror.org/02rkvz144,Northeast Normal University,CN,China,2,SNS,2001-2005,incoming
https://ror.org/02rmd1t30,Babeș-Bolyai University,RO,Romania,1,SNS,2001-2005,incoming
https://ror.org/02rrdvm96,Center for Excellence in Molecular Cell Science,CN,China,3,SNS,2001-2005,incoming
https://ror.org/02rt1qz74,Institute of Electrical Engineering of the Slovak Academy of Sciences,SK,Slovakia,1,SNS,2001-2005,incoming
https://ror.org/02rv1bf67,Centre de Recherche de l'Institut de Démographie de l'Université Paris 1,FR,France,2,SNS,2001-2005,incoming
https://ror.org/02rx3b187,Université Grenoble Alpes,FR,France,1146,SNS,2001-2005,incoming
https://ror.org/02rxc7m23,Universidad de Navarra,ES,Spain,2,SNS,2001-2005,incoming
https://ror.org/02rxpxc98,Utah Valley University,US,United States,22,SNS,2001-2005,incoming
https://ror.org/02ryfmr77,Université des Antilles,FR,France,1,SNS,2001-2005,incoming
https://ror.org/02s376052,École Polytechnique Fédérale de Lausanne,CH,Switzerland,253,SNS,2001-2005,incoming
https://ror.org/02s4h3z39,Ural Branch of the Russian Academy of Sciences,RU,Russia,1,SNS,2001-2005,incoming
https://ror.org/02s6gs133,Institute of Microelectronics,CN,China,1,SNS,2001-2005,incoming
https://ror.org/02s8k0k61,"Istituto Nazionale di Fisica Nucleare, Laboratori Nazionali del Gran Sasso",IT,Italy,8,SNS,2001-2005,incoming
https://ror.org/02sc3r913,Griffith University,AU,Australia,8,SNS,2001-2005,incoming
https://ror.org/02sehzp52,Belarusian State University of Informatics and Radioelectronics,BY,Belarus,3,SNS,2001-2005,incoming
https://ror.org/02smd3j38,University of Turabo,US,United States,2,SNS,2001-2005,incoming
https://ror.org/02smfhw86,Virginia Tech,US,United States,315,SNS,2001-2005,incoming
https://ror.org/02sps0775,Chubu University,JP,Japan,1,SNS,2001-2005,incoming
https://ror.org/02spzyy34,University of Oregon,US,United States,2004,SNS,2001-2005,incoming
https://ror.org/02sqt9870,University of Louisiana System,US,United States,41,SNS,2001-2005,incoming
https://ror.org/02st4q439,Institut de Chimie des Substances Naturelles,FR,France,1,SNS,2001-2005,incoming
https://ror.org/02t274463,"University of California, Santa Barbara",US,United States,2801,SNS,2001-2005,incoming
https://ror.org/02t4ekc95,Medical University of Lodz,PL,Poland,2,SNS,2001-2005,incoming
https://ror.org/02tbz8k15,University Research Co (United States),US,United States,1,SNS,2001-2005,incoming
https://ror.org/02teq1165,University of Mississippi,US,United States,1945,SNS,2001-2005,incoming
https://ror.org/02tjxem41,Steacie Institute for Molecular Sciences,CA,Canada,5,SNS,2001-2005,incoming
https://ror.org/02tphfq59,National University of Rosario,AR,Argentina,1,SNS,2001-2005,incoming
https://ror.org/02tryst02,Agilent Technologies (United States),US,United States,4,SNS,2001-2005,incoming
https://ror.org/02ttsq026,University of Colorado Boulder,US,United States,1886,SNS,2001-2005,incoming
https://ror.org/02tv1yf50,"Czech Academy of Sciences, Institute of Mathematics",CZ,Czechia,3,SNS,2001-2005,incoming
https://ror.org/02tv7db43,Balıkesir University,TR,Turkey,2,SNS,2001-2005,incoming
https://ror.org/02tyrky19,Trinity College Dublin,IE,Ireland,21,SNS,2001-2005,incoming
https://ror.org/02v51f717,Peking University,CN,China,329,SNS,2001-2005,incoming
https://ror.org/02v6kpv12,Université Toulouse III - Paul Sabatier,FR,France,36,SNS,2001-2005,incoming
https://ror.org/02v80fc35,Auburn University,US,United States,4,SNS,2001-2005,incoming
https://ror.org/02v89pq06,"Istituto Nazionale di Fisica Nucleare, Sezione di Genova",IT,Italy,5,SNS,2001-2005,incoming
https://ror.org/02v8s3859,Azad University in Oxford,GB,United Kingdom,1,SNS,2001-2005,incoming
https://ror.org/02vb7sj25,Geneva College,US,United States,3,SNS,2001-2005,incoming
https://ror.org/02vf4sk45,Institute of Evolutionary Physiology and Biochemistry,RU,Russia,2,SNS,2001-2005,incoming
https://ror.org/02vgg2808,Bundesministerium für Wirtschaft und Energie,DE,Germany,1,SNS,2001-2005,incoming
https://ror.org/02vh8a032,Bilkent University,TR,Turkey,12,SNS,2001-2005,incoming
https://ror.org/02vjkv261,Inserm,FR,France,24,SNS,2001-2005,incoming
https://ror.org/02vm5rt34,Vanderbilt University,US,United States,1998,SNS,2001-2005,incoming
https://ror.org/02vnjj382,Krishna Institute of Medical Sciences Deemed University,IN,India,1,SNS,2001-2005,incoming
https://ror.org/02vr0ne26,European Institute of Oncology,IT,Italy,1,SNS,2001-2005,incoming
https://ror.org/02vv5y108,"Istituto Nazionale di Fisica Nucleare, Sezione di Firenze",IT,Italy,2,SNS,2001-2005,incoming
https://ror.org/02vwfma54,Nam Can Tho University,VN,Vietnam,1,SNS,2001-2005,incoming
https://ror.org/02vwzrd76,Thomas Jefferson National Accelerator Facility,US,United States,39,SNS,2001-2005,incoming
https://ror.org/02vzjz256,Particle Physics and Astronomy Research Council,GB,United Kingdom,2,SNS,2001-2005,incoming
https://ror.org/02vznxv75,Instituto de Química Médica,ES,Spain,8,SNS,2001-2005,incoming
https://ror.org/02w0trx84,Montana State University,US,United States,5,SNS,2001-2005,incoming
https://ror.org/02w3gk008,Silla University,KR,South Korea,2,SNS,2001-2005,incoming
https://ror.org/02w42ss30,Budapest University of Technology and Economics,HU,Hungary,17,SNS,2001-2005,incoming
https://ror.org/02w4f2z17,Silesian University in Opava,CZ,Czechia,2,SNS,2001-2005,incoming
https://ror.org/02w6gr951,Shanghai Institute of Applied Physics,CN,China,4,SNS,2001-2005,incoming
https://ror.org/02w7vnb60,Bharathidasan University,IN,India,1,SNS,2001-2005,incoming
https://ror.org/02w8ws377,Chung Yuan Christian University,TW,Taiwan,19,SNS,2001-2005,incoming
https://ror.org/02wc0kq10,Space Research Organisation Netherlands,NL,The Netherlands,2,SNS,2001-2005,incoming
https://ror.org/02wdrwh83,Space Telescope European Coordinating Facility,DE,Germany,1,SNS,2001-2005,incoming
https://ror.org/02we6hx96,Institute of Physics,UA,Ukraine,6,SNS,2001-2005,incoming
https://ror.org/02wn5qz54,University of St Andrews,GB,United Kingdom,4,SNS,2001-2005,incoming
https://ror.org/02wnmk332,Centro Brasileiro de Pesquisas Físicas,BR,Brazil,91,SNS,2001-2005,incoming
https://ror.org/02wnqcb97,National Health Service,GB,United Kingdom,2,SNS,2001-2005,incoming
https://ror.org/02wnxgj78,Chungbuk National University,KR,South Korea,7,SNS,2001-2005,incoming
https://ror.org/02wq1s711,Fédération de recherche Matière et Interactions,FR,France,135,SNS,2001-2005,incoming
https://ror.org/02ws1xc11,Universitat Jaume I,ES,Spain,3,SNS,2001-2005,incoming
https://ror.org/02wsd5p50,Vietnam Academy of Science and Technology,VN,Vietnam,2,SNS,2001-2005,incoming
https://ror.org/02wwzvj46,Université de Tours,FR,France,15,SNS,2001-2005,incoming
https://ror.org/02x4b0932,Cleveland Clinic Lerner College of Medicine,US,United States,2,SNS,2001-2005,incoming
https://ror.org/02x73b849,University of Electro-Communications,JP,Japan,2,SNS,2001-2005,incoming
https://ror.org/02x8svs93,Near East University,CY,Cyprus,3,SNS,2001-2005,incoming
https://ror.org/02x91aj62,Peter the Great St. Petersburg Polytechnic University,RU,Russia,1,SNS,2001-2005,incoming
https://ror.org/02xankh89,Universidade Nova de Lisboa,PT,Portugal,5,SNS,2001-2005,incoming
https://ror.org/02xf66n48,University of Debrecen,HU,Hungary,92,SNS,2001-2005,incoming
https://ror.org/02xfp8v59,Universidade de Brasília,BR,Brazil,1,SNS,2001-2005,incoming
https://ror.org/02xg1m795,National Institute of Genetics,JP,Japan,1,SNS,2001-2005,incoming
https://ror.org/02xkdev90,Department of Mathematical Sciences,RU,Russia,13,SNS,2001-2005,incoming
https://ror.org/02xp2c270,Main Astronomical Observatory,UA,Ukraine,5,SNS,2001-2005,incoming
https://ror.org/02xqkcw08,National Institute of Technology,JP,Japan,72,SNS,2001-2005,incoming
https://ror.org/02xrw9r68,Université du Québec à Trois-Rivières,CA,Canada,2,SNS,2001-2005,incoming
https://ror.org/02xtbq882,Institute of Theoretical Physics,CN,China,59,SNS,2001-2005,incoming
https://ror.org/02xz7d723,Harry Perkins Institute of Medical Research,AU,Australia,1,SNS,2001-2005,incoming
https://ror.org/02xznz413,Office of Energy Efficiency and Renewable Energy,US,United States,1,SNS,2001-2005,incoming
https://ror.org/02y041669,Gannon University,US,United States,1,SNS,2001-2005,incoming
https://ror.org/02y28sc20,Visva-Bharati University,IN,India,9,SNS,2001-2005,incoming
https://ror.org/02y3ad647,University of Florida,US,United States,994,SNS,2001-2005,incoming
https://ror.org/02y5f7c97,Association of Universities for Research in Astronomy,US,United States,44,SNS,2001-2005,incoming
https://ror.org/02y72wh86,Queen's University,CA,Canada,20,SNS,2001-2005,incoming
https://ror.org/02yg0nm07,University of Puerto Rico System,US,United States,29,SNS,2001-2005,incoming
https://ror.org/02ygdtt22,HSBC Holdings,GB,United Kingdom,1,SNS,2001-2005,incoming
https://ror.org/02ygek028,UCLouvain Saint-Louis Brussels,BE,Belgium,8,SNS,2001-2005,incoming
https://ror.org/02yhj4v17,FZU ‒ Institute of Physics of the Academy of Sciences of the Czech Republic,CZ,Czechia,11,SNS,2001-2005,incoming
https://ror.org/02yhrrk59,University of Derby,GB,United Kingdom,1,SNS,2001-2005,incoming
https://ror.org/02yhs7m71,Fraunhofer Institute for Applied Polymer Research,DE,Germany,1,SNS,2001-2005,incoming
https://ror.org/02yj55q56,Kunsan National University,KR,South Korea,5,SNS,2001-2005,incoming
https://ror.org/02ymw8z06,University of Missouri,US,United States,7,SNS,2001-2005,incoming
https://ror.org/02yn5by09,Universidad Católica de Cuyo,AR,Argentina,1,SNS,2001-2005,incoming
https://ror.org/02ynb0474,Razi University,IR,Iran,2,SNS,2001-2005,incoming
https://ror.org/02yrq0923,Memorial Sloan Kettering Cancer Center,US,United States,2,SNS,2001-2005,incoming
https://ror.org/02yrs2n53,Constructor University,DE,Germany,4,SNS,2001-2005,incoming
https://ror.org/02ysayy16,Institut d'Investigacions Biomèdiques de Barcelona,ES,Spain,1,SNS,2001-2005,incoming
https://ror.org/02yv0b554,Centre d’Economie Industrielle - CERNA,FR,France,1,SNS,2001-2005,incoming
https://ror.org/02yzgww51,Universidad de Costa Rica,CR,Costa Rica,1,SNS,2001-2005,incoming
https://ror.org/02z0cah89,Universidad Publica de Navarra,ES,Spain,1,SNS,2001-2005,incoming
https://ror.org/02z125451,Zhongshan Hospital of Xiamen University,CN,China,2,SNS,2001-2005,incoming
https://ror.org/02z43xh36,Stevens Institute of Technology,US,United States,22,SNS,2001-2005,incoming
https://ror.org/02z749649,Universidad Pablo de Olavide,ES,Spain,9,SNS,2001-2005,incoming
https://ror.org/02zhkt134,Krylov State Research Center,RU,Russia,2,SNS,2001-2005,incoming
https://ror.org/02zhqgq86,University of Hong Kong,CN,China,30,SNS,2001-2005,incoming
https://ror.org/02zsxwr40,University of Alabama in Huntsville,US,United States,4,SNS,2001-2005,incoming
https://ror.org/02zt1gg83,International Atomic Energy Agency,AT,Austria,6,SNS,2001-2005,incoming
https://ror.org/02zwyfg51,Virginia Union University,US,United States,75,SNS,2001-2005,incoming
https://ror.org/0300m5276,Microsoft Research Asia (China),CN,China,2,SNS,2001-2005,incoming
https://ror.org/03016c374,Chungwoon University,KR,South Korea,2,SNS,2001-2005,incoming
https://ror.org/0304hq317,Leibniz University Hannover,DE,Germany,21,SNS,2001-2005,incoming
https://ror.org/0309cs235,École Nationale Supérieure de Techniques Avancées,FR,France,9,SNS,2001-2005,incoming
https://ror.org/030avcv93,Sukhoi State Technical University of Gomel,BY,Belarus,1,SNS,2001-2005,incoming
https://ror.org/030bbe882,Universidad de la República de Uruguay,UY,Uruguay,9,SNS,2001-2005,incoming
https://ror.org/030cszc07,Australian Astronomical Observatory,AU,Australia,2,SNS,2001-2005,incoming
https://ror.org/030ea6w47,NOAA Physical Sciences Laboratory,US,United States,1,SNS,2001-2005,incoming
https://ror.org/030eybx10,Universidade de Santiago de Compostela,ES,Spain,104,SNS,2001-2005,incoming
https://ror.org/030hj3061,IMT Atlantique,FR,France,6,SNS,2001-2005,incoming
https://ror.org/030kcs678,Allergy Asthma Research Institute,US,United States,2,SNS,2001-2005,incoming
https://ror.org/030mbcp39,Robert Jones and Agnes Hunt Orthopaedic Hospital,GB,United Kingdom,1,SNS,2001-2005,incoming
https://ror.org/030pydv62,Norfolk State University,US,United States,5,SNS,2001-2005,incoming
https://ror.org/030reqw53,Goa University,IN,India,1884,SNS,2001-2005,incoming
https://ror.org/030syve83,Observatoire Midi-Pyrénées,FR,France,10,SNS,2001-2005,incoming
https://ror.org/030ym6p85,Laboratoire de Physique Théorique d’Orsay,FR,France,1,SNS,2001-2005,incoming
https://ror.org/03151rh82,Louisiana State University Health Sciences Center Shreveport,US,United States,2,SNS,2001-2005,incoming
https://ror.org/0316ej306,Weizmann Institute of Science,IL,Israel,154,SNS,2001-2005,incoming
https://ror.org/031bsb921,University of Mannheim,DE,Germany,7,SNS,2001-2005,incoming
https://ror.org/031cs6d58,Toshiba (Switzerland),CH,Switzerland,1,SNS,2001-2005,incoming
https://ror.org/031dhcv14,Hainan Normal University,CN,China,30,SNS,2001-2005,incoming
https://ror.org/031n2c920,Instituto de Nanociencia y Materiales de Aragón,ES,Spain,2,SNS,2001-2005,incoming
https://ror.org/031rekg67,Swinburne University of Technology,AU,Australia,11,SNS,2001-2005,incoming
https://ror.org/031z8pr38,Mount Holyoke College,US,United States,1876,SNS,2001-2005,incoming
https://ror.org/032000t02,Universität Ulm,DE,Germany,7,SNS,2001-2005,incoming
https://ror.org/0321g0743,Institut Gustave Roussy,FR,France,1,SNS,2001-2005,incoming
https://ror.org/03265fv13,University College Cork,IE,Ireland,10,SNS,2001-2005,incoming
https://ror.org/032685859,Vitiligo and Pigmentation Institute of Southern California,US,United States,1,SNS,2001-2005,incoming
https://ror.org/0326v3z14,Toshiba (Japan),JP,Japan,6,SNS,2001-2005,incoming
https://ror.org/0327y7e25,Institute of Materials Structure Science,JP,Japan,1,SNS,2001-2005,incoming
https://ror.org/032bg8m67,Centro Universitário da Cidade,BR,Brazil,4,SNS,2001-2005,incoming
https://ror.org/032bw1116,Hunan Women'S University,CN,China,30,SNS,2001-2005,incoming
https://ror.org/032db5x82,University of South Florida,US,United States,1366,SNS,2001-2005,incoming
https://ror.org/032e0fv91,St. Patrick's Hospital,IE,Ireland,2,SNS,2001-2005,incoming
https://ror.org/032e49973,Ministry of Science ICT and Future Planning,KR,South Korea,1,SNS,2001-2005,incoming
https://ror.org/032e6b942,Alfred-Wegener-Institut Helmholtz-Zentrum für Polar- und Meeresforschung,DE,Germany,1,SNS,2001-2005,incoming
https://ror.org/032fvf508,Institute of Technology Sligo,IE,Ireland,5,SNS,2001-2005,incoming
https://ror.org/032hdk172,University of Mumbai,IN,India,1,SNS,2001-2005,incoming
https://ror.org/032hfv632,Bristol-Myers Squibb (Germany),DE,Germany,9,SNS,2001-2005,incoming
https://ror.org/032qqvq76,Cardiovascular Institute Hospital,JP,Japan,4,SNS,2001-2005,incoming
https://ror.org/032tyv240,Institute of Molecular Science and Technologies,IT,Italy,45,SNS,2001-2005,incoming
https://ror.org/032w3wj13,Research Institute for Production Development,JP,Japan,1,SNS,2001-2005,incoming
https://ror.org/0331kj160,Pedagogical University,MZ,Mozambique,1,SNS,2001-2005,incoming
https://ror.org/0331z5r71,Zhejiang Shuren University,CN,China,62,SNS,2001-2005,incoming
https://ror.org/0332rf080,FF Pharma (Netherlands),NL,The Netherlands,2,SNS,2001-2005,incoming
https://ror.org/0338jc112,St. Petersburg State Technological Institute,RU,Russia,4,SNS,2001-2005,incoming
https://ror.org/033eqas34,Justus-Liebig-Universität Gießen,DE,Germany,19,SNS,2001-2005,incoming
https://ror.org/033m02g29,National Hellenic Research Foundation,GR,Greece,8,SNS,2001-2005,incoming
https://ror.org/033n9gh91,Carl von Ossietzky Universität Oldenburg,DE,Germany,1,SNS,2001-2005,incoming
https://ror.org/033tt8e33,NOAA Earth System Research Laboratory,US,United States,1,SNS,2001-2005,incoming
https://ror.org/033vjfk17,Wuhan University,CN,China,36,SNS,2001-2005,incoming
https://ror.org/033yb0967,Hôpitaux Universitaires Henri-Mondor,FR,France,1,SNS,2001-2005,incoming
https://ror.org/03441jy26,Yukhnovskii Institute for Condensed Matter Physics of the National Academy of Sciences of Ukraine,UA,Ukraine,2,SNS,2001-2005,incoming
https://ror.org/034a4bk84,Laboratoire de Physique des deux infinis Bordeaux,FR,France,1,SNS,2001-2005,incoming
https://ror.org/034fqtg16,Institute of Microelectronics Technology and High Purity Materials,RU,Russia,1,SNS,2001-2005,incoming
https://ror.org/034gcgw60,Institute of Space and Astronautical Science,JP,Japan,17,SNS,2001-2005,incoming
https://ror.org/034pm2g80,Dallas County Community College District,US,United States,5,SNS,2001-2005,incoming
https://ror.org/034q1za58,Guru Gobind Singh Indraprastha University,IN,India,1,SNS,2001-2005,incoming
https://ror.org/034qe8j39,Endocrine and Metabolism Research Center,IR,Iran,1,SNS,2001-2005,incoming
https://ror.org/034t30j35,Chinese Academy of Sciences,CN,China,521,SNS,2001-2005,incoming
https://ror.org/034xvzb47,United States Food and Drug Administration,US,United States,3,SNS,2001-2005,incoming
https://ror.org/034zgem50,Agenzia Spaziale Italiana,IT,Italy,5,SNS,2001-2005,incoming
https://ror.org/0358tcd02,Northamptonshire Healthcare NHS Foundation Trust,GB,United Kingdom,1,SNS,2001-2005,incoming
https://ror.org/03599d813,Ochanomizu University,JP,Japan,6,SNS,2001-2005,incoming
https://ror.org/0359qxb80,Agence Parisienne du Climat,FR,France,1,SNS,2001-2005,incoming
https://ror.org/035a15991,Instituto Argentino de Radioastronomía,AR,Argentina,2,SNS,2001-2005,incoming
https://ror.org/035b05819,University of Copenhagen,DK,Denmark,266,SNS,2001-2005,incoming
https://ror.org/035cy3r13,Pasteur Hellenic Institute,GR,Greece,2,SNS,2001-2005,incoming
https://ror.org/035dsb084,HUN-REN Wigner Research Centre for Physics,HU,Hungary,9,SNS,2001-2005,incoming
https://ror.org/035gh3a49,IMT School for Advanced Studies Lucca,IT,Italy,3,SNS,2001-2005,incoming
https://ror.org/035mh1293,Link Campus University,IT,Italy,2,SNS,2001-2005,incoming
https://ror.org/035qedt02,Ministero della cultura,IT,Italy,5,SNS,2001-2005,incoming
https://ror.org/035rreb34,Department of National Defence,CA,Canada,1,SNS,2001-2005,incoming
https://ror.org/035rzkx15,Jena University Hospital,DE,Germany,3,SNS,2001-2005,incoming
https://ror.org/035t17984,Beijing Jishuitan Hospital,CN,China,1,SNS,2001-2005,incoming
https://ror.org/035t8zc32,The University of Osaka,JP,Japan,324,SNS,2001-2005,incoming
https://ror.org/035xkbk20,Aix-Marseille Université,FR,France,339,SNS,2001-2005,incoming
https://ror.org/035z18f46,State Key Laboratory of Quantum Optics and Quantum Optics Devices,CN,China,1,SNS,2001-2005,incoming
https://ror.org/035z2ew45,Eastern Illinois University,US,United States,1,SNS,2001-2005,incoming
https://ror.org/036266993,National Laboratory of the Rockies,US,United States,1,SNS,2001-2005,incoming
https://ror.org/0366raz47,Naval Research Laboratory Remote Sensing Division,US,United States,1,SNS,2001-2005,incoming
https://ror.org/036atcw47,Alfred Mann Foundation,US,United States,2,SNS,2001-2005,incoming
https://ror.org/036b2ww28,Universidad de Málaga,ES,Spain,5,SNS,2001-2005,incoming
https://ror.org/036bdjm06,Techniquest,GB,United Kingdom,2,SNS,2001-2005,incoming
https://ror.org/036c9yv20,University of Kansas Medical Center,US,United States,3,SNS,2001-2005,incoming
https://ror.org/036f5mx38,Space Telescope Science Institute,US,United States,42,SNS,2001-2005,incoming
https://ror.org/036jqmy94,University of Iowa,US,United States,1900,SNS,2001-2005,incoming
https://ror.org/036n0x007,Lafayette College,US,United States,1,SNS,2001-2005,incoming
https://ror.org/036trcv74,Nanjing Normal University,CN,China,67,SNS,2001-2005,incoming
https://ror.org/036wvzt09,"Agency for Science, Technology and Research",SG,Singapore,2,SNS,2001-2005,incoming
https://ror.org/036x6gt55,North Bristol NHS Trust,GB,United Kingdom,1,SNS,2001-2005,incoming
https://ror.org/0370htr03,UCL Queen Square Institute of Neurology,GB,United Kingdom,1,SNS,2001-2005,incoming
https://ror.org/0371hy230,Institució Catalana de Recerca i Estudis Avançats,ES,Spain,20,SNS,2001-2005,incoming
https://ror.org/037263487,Università degli Studi Internazionali di Roma,IT,Italy,3,SNS,2001-2005,incoming
https://ror.org/0373nm262,Kongju National University,KR,South Korea,1,SNS,2001-2005,incoming
https://ror.org/03763ep67,Children's Hospital of Pittsburgh,US,United States,2,SNS,2001-2005,incoming
https://ror.org/0377t1328,European Southern Observatory,CL,Chile,14,SNS,2001-2005,incoming
https://ror.org/037b1pp87,Beijing University of Technology,CN,China,2,SNS,2001-2005,incoming
https://ror.org/037b5pv06,University of Pecs,HU,Hungary,11,SNS,2001-2005,incoming
https://ror.org/037d0vf92,Nizhny Novgorod State Technical University,RU,Russia,3,SNS,2001-2005,incoming
https://ror.org/037gty358,Universidad Metropolitana,US,United States,2,SNS,2001-2005,incoming
https://ror.org/037s24f05,Clemson University,US,United States,5,SNS,2001-2005,incoming
https://ror.org/037styt87,Petersburg Nuclear Physics Institute,RU,Russia,103,SNS,2001-2005,incoming
https://ror.org/037t3ry66,Illinois Institute of Technology,US,United States,9,SNS,2001-2005,incoming
https://ror.org/037tm7f56,Courant Institute of Mathematical Sciences,US,United States,21,SNS,2001-2005,incoming
https://ror.org/037wpkx04,University of Minho,PT,Portugal,10,SNS,2001-2005,incoming
https://ror.org/037zgn354,Johns Hopkins Medicine,US,United States,14,SNS,2001-2005,incoming
https://ror.org/038483r84,Eni (Italy),IT,Italy,1,SNS,2001-2005,incoming
https://ror.org/0384j8v12,The University of Sydney,AU,Australia,284,SNS,2001-2005,incoming
https://ror.org/0385nmy68,Ministry of Industry and Information Technology,CN,China,3,SNS,2001-2005,incoming
https://ror.org/038fcbc74,Institut de Génomique Fonctionnelle de Lyon,FR,France,1,SNS,2001-2005,incoming
https://ror.org/038jp4m40,"National Centre of Scientific Research ""Demokritos""",GR,Greece,38,SNS,2001-2005,incoming
https://ror.org/038kp1442,Minnesota Supercomputing Institute,US,United States,1,SNS,2001-2005,incoming
https://ror.org/038mfx688,National Academy of Sciences,US,United States,37,SNS,2001-2005,incoming
https://ror.org/038rjvd86,Department of Biological Sciences,RU,Russia,24,SNS,2001-2005,incoming
https://ror.org/038t36y30,Heidelberg University,DE,Germany,1096,SNS,2001-2005,incoming
https://ror.org/038x9td67,Institute for Atomic and Molecular Physics,NL,The Netherlands,2,SNS,2001-2005,incoming
https://ror.org/0390vdb22,Institute on Aging,US,United States,1,SNS,2001-2005,incoming
https://ror.org/0396t6k89,Institute of Informatics & Telecommunications,GR,Greece,2,SNS,2001-2005,incoming
https://ror.org/0397tsa92,Clark Atlanta University,US,United States,3,SNS,2001-2005,incoming
https://ror.org/039bjqg32,University of Warsaw,PL,Poland,149,SNS,2001-2005,incoming
https://ror.org/039bp8j42,University of Verona,IT,Italy,7,SNS,2001-2005,incoming
https://ror.org/039epzh36,"Istituto Nazionale di Fisica Nucleare, Gruppo Collegato di Cosenza",IT,Italy,1,SNS,2001-2005,incoming
https://ror.org/039fj2469,Observatoire de la Côte d’Azur,FR,France,2,SNS,2001-2005,incoming
https://ror.org/039pa0a74,DES Pune University,IN,India,3,SNS,2001-2005,incoming
https://ror.org/039shy520,Institute of High Energy Physics,AT,Austria,32,SNS,2001-2005,incoming
https://ror.org/039w8qr24,North Bengal University,IN,India,3,SNS,2001-2005,incoming
https://ror.org/039zedc16,St George’s University Hospitals NHS Foundation Trust,GB,United Kingdom,1,SNS,2001-2005,incoming
https://ror.org/039zxt351,IRCCS Ospedale San Raffaele,IT,Italy,1,SNS,2001-2005,incoming
https://ror.org/03a0vt050,Institute of Inorganic Methodologies and Plasmas,IT,Italy,5,SNS,2001-2005,incoming
https://ror.org/03a1kt624,Universidad de Huelva,ES,Spain,3,SNS,2001-2005,incoming
https://ror.org/03a1kwz48,University of Tübingen,DE,Germany,26,SNS,2001-2005,incoming
https://ror.org/03a26mh11,Laboratoire de Physique de l'Ecole Normale Supérieure,FR,France,25,SNS,2001-2005,incoming
https://ror.org/03a62bv60,University of Malta,MT,Malta,2,SNS,2001-2005,incoming
https://ror.org/03a64bh57,University of Catania,IT,Italy,327,SNS,2001-2005,incoming
https://ror.org/03ab8zv57,International Centre for Mathematical Sciences,GB,United Kingdom,40,SNS,2001-2005,incoming
https://ror.org/03ad39j10,University of Pisa,IT,Italy,3187,SNS,2001-2005,incoming
https://ror.org/03agge938,Smith & Nephew (United Kingdom),GB,United Kingdom,1,SNS,2001-2005,incoming
https://ror.org/03am2jy38,Université de Perpignan,FR,France,1,SNS,2001-2005,incoming
https://ror.org/03anc3s24,Austrian Academy of Sciences,AT,Austria,419,SNS,2001-2005,incoming
https://ror.org/03angcq70,University of Birmingham,GB,United Kingdom,1986,SNS,2001-2005,incoming
https://ror.org/03ap2av50,Max Planck Institute of Neurobiology,DE,Germany,1,SNS,2001-2005,incoming
https://ror.org/03apz2q12,Institute of Molecular Genetics,RU,Russia,1,SNS,2001-2005,incoming
https://ror.org/03ar0mv07,United States Department of the Navy,US,United States,1,SNS,2001-2005,incoming
https://ror.org/03ate3e03,Max Planck Institute for Molecular Genetics,DE,Germany,2,SNS,2001-2005,incoming
https://ror.org/03av75f26,Max Planck Institute for Multidisciplinary Sciences,DE,Germany,5,SNS,2001-2005,incoming
https://ror.org/03awzbc87,Northeastern University,CN,China,1,SNS,2001-2005,incoming
https://ror.org/03ayjn504,Tecnológico de Monterrey,MX,Mexico,1,SNS,2001-2005,incoming
https://ror.org/03b5vk392,Center for Neurosciences,US,United States,5,SNS,2001-2005,incoming
https://ror.org/03b94tp07,University of Auckland,NZ,New Zealand,3,SNS,2001-2005,incoming
https://ror.org/03be58a36,Southern Arkansas University Tech,US,United States,32,SNS,2001-2005,incoming
https://ror.org/03bea9k73,Ollscoil na Gaillimhe – University of Galway,IE,Ireland,7,SNS,2001-2005,incoming
https://ror.org/03bfqnx40,Democritus University of Thrace,GR,Greece,2,SNS,2001-2005,incoming
https://ror.org/03bnmw459,University of Potsdam,DE,Germany,21,SNS,2001-2005,incoming
https://ror.org/03bp5hc83,Universidad de Antioquia,CO,Colombia,4,SNS,2001-2005,incoming
https://ror.org/03bq46k73,National University,US,United States,1,SNS,2001-2005,incoming
https://ror.org/03bqmcz70,Jagiellonian University,PL,Poland,151,SNS,2001-2005,incoming
https://ror.org/03bra4w96,Ministry of Education and Science,UA,Ukraine,1,SNS,2001-2005,incoming
https://ror.org/03bw34a45,UPMC Hillman Cancer Center,US,United States,2,SNS,2001-2005,incoming
https://ror.org/03bzbv419,Anhui Institute of Optics and Fine Mechanics,CN,China,3,SNS,2001-2005,incoming
https://ror.org/03c3r2d17,Center for Astrophysics Harvard & Smithsonian,US,United States,180,SNS,2001-2005,incoming
https://ror.org/03c44v465,Polytechnic University of Bari,IT,Italy,217,SNS,2001-2005,incoming
https://ror.org/03c4mmv16,University of Ottawa,CA,Canada,22,SNS,2001-2005,incoming
https://ror.org/03c59nw07,Institute of Physics,HR,Croatia,3,SNS,2001-2005,incoming
https://ror.org/03c62dg59,Ottawa Hospital,CA,Canada,1,SNS,2001-2005,incoming
https://ror.org/03c782j94,Judd Systems Technologies (United States),US,United States,1,SNS,2001-2005,incoming
https://ror.org/03cd02q50,United States Army Medical Research and Development Command,US,United States,1,SNS,2001-2005,incoming
https://ror.org/03cdgfs84,Landschaftsverband Westfalen-Lippe,DE,Germany,2,SNS,2001-2005,incoming
https://ror.org/03ceheh96,Qufu Normal University,CN,China,1,SNS,2001-2005,incoming
https://ror.org/03cmntr54,Instituto de Astrofísica de Canarias,ES,Spain,12,SNS,2001-2005,incoming
https://ror.org/03cq4gr50,Khon Kaen University,TH,Thailand,1,SNS,2001-2005,incoming
https://ror.org/03cqe8w59,Consejo Nacional de Investigaciones Científicas y Técnicas,AR,Argentina,25,SNS,2001-2005,incoming
https://ror.org/03cv38k47,University Medical Center Groningen,NL,The Netherlands,1,SNS,2001-2005,incoming
https://ror.org/03cve4549,Tsinghua University,CN,China,114,SNS,2001-2005,incoming
https://ror.org/03cx6bg69,National Technical University of Athens,GR,Greece,44,SNS,2001-2005,incoming
https://ror.org/03cxys317,Yamaguchi University,JP,Japan,3,SNS,2001-2005,incoming
https://ror.org/03czfpz43,Emory University,US,United States,81,SNS,2001-2005,incoming
https://ror.org/03czns913,Laboratoire d'Optique Appliquée,FR,France,9,SNS,2001-2005,incoming
https://ror.org/03d1maw17,University of Namur,BE,Belgium,12,SNS,2001-2005,incoming
https://ror.org/03d7c1451,Indonesian Institute of Sciences,ID,Indonesia,1,SNS,2001-2005,incoming
https://ror.org/03dbr7087,University of Toronto,CA,Canada,962,SNS,2001-2005,incoming
https://ror.org/03dkvy735,New York Medical College,US,United States,2,SNS,2001-2005,incoming
https://ror.org/03dqcb840,Luther College,US,United States,35,SNS,2001-2005,incoming
https://ror.org/03dy61e04,ScienCentral (United States),US,United States,4,SNS,2001-2005,incoming
https://ror.org/03dzc0485,University of Regina,CA,Canada,22,SNS,2001-2005,incoming
https://ror.org/03e04g978,Tanzania Commission for Science and Technology,TZ,Tanzania,166,SNS,2001-2005,incoming
https://ror.org/03e1sv842,Abdus Salam Centre for Physics,PK,Pakistan,6,SNS,2001-2005,incoming
https://ror.org/03e29r284,National Taipei University,TW,Taiwan,6,SNS,2001-2005,incoming
https://ror.org/03e2qe334,Naresuan University,TH,Thailand,1,SNS,2001-2005,incoming
https://ror.org/03e3qgk42,University of Wisconsin Health,US,United States,2,SNS,2001-2005,incoming
https://ror.org/03e5eem51,Budker Institute of Nuclear Physics,RU,Russia,2340,SNS,2001-2005,incoming
https://ror.org/03e71c577,Centre for Addiction and Mental Health,CA,Canada,1,SNS,2001-2005,incoming
https://ror.org/03e8tm275,Shriners Hospitals for Children,US,United States,1,SNS,2001-2005,incoming
https://ror.org/03efa9j76,Solid State Physics Laboratory,IN,India,1,SNS,2001-2005,incoming
https://ror.org/03efmqc40,Arizona State University,US,United States,18,SNS,2001-2005,incoming
https://ror.org/03eh3y714,Paul Scherrer Institute,CH,Switzerland,87,SNS,2001-2005,incoming
https://ror.org/03emtbt60,Ministry of Science and Technology,IN,India,2,SNS,2001-2005,incoming
https://ror.org/03enmdz06,"California State University, Fresno",US,United States,36,SNS,2001-2005,incoming
https://ror.org/03ep23f07,Korea Research Institute of Bioscience and Biotechnology,KR,South Korea,2,SNS,2001-2005,incoming
https://ror.org/03eqttr49,Research Triangle Park Foundation,US,United States,10,SNS,2001-2005,incoming
https://ror.org/03es66g06,Leiden Observatory,NL,The Netherlands,7,SNS,2001-2005,incoming
https://ror.org/03et85d35,Ningbo University,CN,China,6,SNS,2001-2005,incoming
https://ror.org/03evg0379,Higher Institute of Technologies and Applied Sciences,CU,Cuba,1,SNS,2001-2005,incoming
https://ror.org/03ez0zf69,Royal Observatory in Greenwich,GB,United Kingdom,1,SNS,2001-2005,incoming
https://ror.org/03f0apy98,Laboratoire de Physique Subatomique et de Cosmologie,FR,France,113,SNS,2001-2005,incoming
https://ror.org/03fc1k060,University of Salento,IT,Italy,95,SNS,2001-2005,incoming
https://ror.org/03fd77x13,Institut National de Physique Nucléaire et de Physique des Particules,FR,France,2587,SNS,2001-2005,incoming
https://ror.org/03fe56089,GlaxoSmithKline (Italy),IT,Italy,1,SNS,2001-2005,incoming
https://ror.org/03fkbz285,Saint Louis University,ES,Spain,2,SNS,2001-2005,incoming
https://ror.org/03fnv7n42,Nanjing Xiaozhuang University,CN,China,1,SNS,2001-2005,incoming
https://ror.org/03frj4r98,Japan Advanced Institute of Science and Technology,JP,Japan,3,SNS,2001-2005,incoming
https://ror.org/03ftejk10,V. N. Karazin Kharkiv National University,UA,Ukraine,5,SNS,2001-2005,incoming
https://ror.org/03fvtr511,Hanscom Air Force Base,US,United States,1,SNS,2001-2005,incoming
https://ror.org/03g03ge92,Amgen (United States),US,United States,1,SNS,2001-2005,incoming
https://ror.org/03g267s60,Max Planck Institute for Biological Intelligence,DE,Germany,10,SNS,2001-2005,incoming
https://ror.org/03g2cyv75,National Bureau of Investigation,FI,Finland,1,SNS,2001-2005,incoming
https://ror.org/03g35dg18,Delaware State University,US,United States,1,SNS,2001-2005,incoming
https://ror.org/03g3m1w62,DuPont (United States),US,United States,4,SNS,2001-2005,incoming
https://ror.org/03g3p3b82,Mount Saint Vincent University,CA,Canada,1,SNS,2001-2005,incoming
https://ror.org/03g4hym73,University of Birjand,IR,Iran,2,SNS,2001-2005,incoming
https://ror.org/03g5ew477,Institute of Photonic Sciences,ES,Spain,5,SNS,2001-2005,incoming
https://ror.org/03g897070,Shanghai Institute of Optics and Fine Mechanics,CN,China,1,SNS,2001-2005,incoming
https://ror.org/03gbw6p94,University of Technology,RU,Russia,4,SNS,2001-2005,incoming
https://ror.org/03gc1p724,Laboratoire de Physique des 2 Infinis Irène Joliot-Curie,FR,France,1524,SNS,2001-2005,incoming
https://ror.org/03gds6c39,The University of Texas Health Science Center at Houston,US,United States,1,SNS,2001-2005,incoming
https://ror.org/03gf02c22,Folkwang University of the Arts,DE,Germany,71,SNS,2001-2005,incoming
https://ror.org/03gf8rp76,National Centre for Biological Sciences,IN,India,1,SNS,2001-2005,incoming
https://ror.org/03gh96r95,Bowdoin College,US,United States,2,SNS,2001-2005,incoming
https://ror.org/03gk81f96,Kaohsiung Medical University,TW,Taiwan,1,SNS,2001-2005,incoming
https://ror.org/03gnr7b55,Nantes Université,FR,France,10,SNS,2001-2005,incoming
https://ror.org/03gq8fr08,Rutherford Appleton Laboratory,GB,United Kingdom,2173,SNS,2001-2005,incoming
https://ror.org/03grc6f14,Mount Allison University,CA,Canada,8,SNS,2001-2005,incoming
https://ror.org/03grvy078,University of Minnesota System,US,United States,378,SNS,2001-2005,incoming
https://ror.org/03grx7119,University of Science and Technology Liaoning,CN,China,1,SNS,2001-2005,incoming
https://ror.org/03h2bh287,Oxford University Hospitals NHS Trust,GB,United Kingdom,1,SNS,2001-2005,incoming
https://ror.org/03h2bxq36,University of Dundee,GB,United Kingdom,5,SNS,2001-2005,incoming
https://ror.org/03h3jqn23,European Space Research and Technology Centre,NL,The Netherlands,1,SNS,2001-2005,incoming
https://ror.org/03h4zjr91,Carnegie Observatories,US,United States,33,SNS,2001-2005,incoming
https://ror.org/03h7mcc28,"Directorate for Social, Behavioral & Economic Sciences",US,United States,1,SNS,2001-2005,incoming
https://ror.org/03h7qq074,Slovak Academy of Sciences,SK,Slovakia,54,SNS,2001-2005,incoming
https://ror.org/03h7r5v07,Università Cattolica del Sacro Cuore,IT,Italy,6,SNS,2001-2005,incoming
https://ror.org/03hamhx47,University of Massachusetts Lowell,US,United States,5,SNS,2001-2005,incoming
https://ror.org/03haqsp75,"Institute of Atomic and Molecular Sciences, Academia Sinica",TW,Taiwan,2,SNS,2001-2005,incoming
https://ror.org/03hasqf61,Institut de Ciència de Materials de Barcelona,ES,Spain,2,SNS,2001-2005,incoming
https://ror.org/03hsf0573,William & Mary,US,United States,197,SNS,2001-2005,incoming
https://ror.org/03ht1xw27,Tata Institute of Fundamental Research,IN,India,357,SNS,2001-2005,incoming
https://ror.org/03hx19n93,Naval Research Laboratory Space Science Division,US,United States,3,SNS,2001-2005,incoming
https://ror.org/03hxyy717,Institut für Humangenetik,DE,Germany,1,SNS,2001-2005,incoming
https://ror.org/03hxzy361,Institute of Physics,NL,The Netherlands,667,SNS,2001-2005,incoming
https://ror.org/03hypw319,Université de Reims Champagne-Ardenne,FR,France,8,SNS,2001-2005,incoming
https://ror.org/03j1rr444,Pontifícia Universidade Católica de Minas Gerais,BR,Brazil,1,SNS,2001-2005,incoming
https://ror.org/03j283p93,State Key Laboratory of Molecular Reaction Dynamics,CN,China,13,SNS,2001-2005,incoming
https://ror.org/03j3dv688,SUNY New Paltz,US,United States,1,SNS,2001-2005,incoming
https://ror.org/03j4rrt43,International Centre for Genetic Engineering and Biotechnology,IN,India,1,SNS,2001-2005,incoming
https://ror.org/03j4x9j18,Institute of Process Engineering,CN,China,1,SNS,2001-2005,incoming
https://ror.org/03j9xzm13,Naval Research Laboratory Optical Sciences Division,US,United States,34,SNS,2001-2005,incoming
https://ror.org/03jbf6q27,Max-Born-Institute for Nonlinear Optics and Short Pulse Spectroscopy,DE,Germany,1,SNS,2001-2005,incoming
https://ror.org/03jdj0g52,Applied Research Laboratory at Penn State,US,United States,1,SNS,2001-2005,incoming
https://ror.org/03jp3w522,Institute of Electronic Materials Technology,PL,Poland,1,SNS,2001-2005,incoming
https://ror.org/03jsdjx34,Cambridge University Press,GB,United Kingdom,1,SNS,2001-2005,incoming
https://ror.org/03jtrja12,Dumlupinar University,TR,Turkey,1,SNS,2001-2005,incoming
https://ror.org/03jwrn541,Fashion Institute of Technology,US,United States,2,SNS,2001-2005,incoming
https://ror.org/03jzs4815,A. N. Nesmeyanov Institute of Organoelement Compounds,RU,Russia,2,SNS,2001-2005,incoming
https://ror.org/03jzxkg37,Senshu University,JP,Japan,8,SNS,2001-2005,incoming
https://ror.org/03k1bsr36,Université de Bourgogne,FR,France,6,SNS,2001-2005,incoming
https://ror.org/03k1gpj17,Colorado State University,US,United States,1919,SNS,2001-2005,incoming
https://ror.org/03k3c2t50,University of Alaska Anchorage,US,United States,1,SNS,2001-2005,incoming
https://ror.org/03k9qs827,Fritz Haber Institute of the Max Planck Society,DE,Germany,4,SNS,2001-2005,incoming
https://ror.org/03kf4rc21,Ohio University Lancaster,US,United States,7,SNS,2001-2005,incoming
https://ror.org/03kgj4539,TRIUMF,CA,Canada,1057,SNS,2001-2005,incoming
https://ror.org/03kgsv495,Bar-Ilan University,IL,Israel,6,SNS,2001-2005,incoming
https://ror.org/03kj6ny93,National Optical Astronomy Observatory,US,United States,5,SNS,2001-2005,incoming
https://ror.org/03kk7td41,Cardiff University,GB,United Kingdom,20,SNS,2001-2005,incoming
https://ror.org/03kn4xv14,Institute for High Energy Physics,RU,Russia,81,SNS,2001-2005,incoming
https://ror.org/03kpps236,Barcelona Institute of Science and Technology,ES,Spain,377,SNS,2001-2005,incoming
https://ror.org/03kqpb082,Czech Technical University in Prague,CZ,Czechia,32,SNS,2001-2005,incoming
https://ror.org/03kw9gc02,Aligarh Muslim University,IN,India,5,SNS,2001-2005,incoming
https://ror.org/03kwrfk72,Women's and Children's Hospital,AU,Australia,1,SNS,2001-2005,incoming
https://ror.org/03m0n3c07,Istituto di Matematica Applicata e Tecnologie Informatiche,IT,Italy,11,SNS,2001-2005,incoming
https://ror.org/03m1g2s55,Sanford Burnham Prebys Medical Discovery Institute,US,United States,1,SNS,2001-2005,incoming
https://ror.org/03m2x1q45,University of Arizona,US,United States,104,SNS,2001-2005,incoming
https://ror.org/03m964n84,Aichi University of Education,JP,Japan,2,SNS,2001-2005,incoming
https://ror.org/03mb6wj31,Universitat Politècnica de Catalunya,ES,Spain,21,SNS,2001-2005,incoming
https://ror.org/03mfyme49,Instituto de Investigación Biomédica de Lleida,ES,Spain,2,SNS,2001-2005,incoming
https://ror.org/03mkjjy25,Université de Versailles Saint-Quentin-en-Yvelines,FR,France,8,SNS,2001-2005,incoming
https://ror.org/03mqfn238,University of South China,CN,China,1,SNS,2001-2005,incoming
https://ror.org/03mstc592,European Molecular Biology Laboratory,DE,Germany,43,SNS,2001-2005,incoming
https://ror.org/03mt1jy53,Embry-Riddle Aeronautical University Prescott Arizona Campus,US,United States,1,SNS,2001-2005,incoming
https://ror.org/03mtd9a03,Stanford Medicine,US,United States,7,SNS,2001-2005,incoming
https://ror.org/03mwa7s65,Ministry of Health Labour and Welfare,JP,Japan,3,SNS,2001-2005,incoming
https://ror.org/03mwgfy56,Tarbiat Modares University,IR,Iran,1,SNS,2001-2005,incoming
https://ror.org/03mzbmf11,Institute for Physics of Microstructures,RU,Russia,6,SNS,2001-2005,incoming
https://ror.org/03n15ch10,CEA Paris-Saclay,FR,France,57,SNS,2001-2005,incoming
https://ror.org/03n3yg876,Laboratoire de physique des lasers,FR,France,1,SNS,2001-2005,incoming
https://ror.org/03n6nwv02,Universidad Politécnica de Madrid,ES,Spain,9,SNS,2001-2005,incoming
https://ror.org/03n7a5z57,Huainan Normal University,CN,China,1,SNS,2001-2005,incoming
https://ror.org/03n7yzv56,Adnan Menderes University,TR,Turkey,1,SNS,2001-2005,incoming
https://ror.org/03nadee84,Vilnius University,LT,Lithuania,2,SNS,2001-2005,incoming
https://ror.org/03natb733,Hamamatsu Photonics (Japan),JP,Japan,2,SNS,2001-2005,incoming
https://ror.org/03nawhv43,"University of California, Riverside",US,United States,1051,SNS,2001-2005,incoming
https://ror.org/03nb7yk44,Centro de Física Teórica e Computacional,PT,Portugal,3,SNS,2001-2005,incoming
https://ror.org/03nf36p02,University of Beira Interior,PT,Portugal,1,SNS,2001-2005,incoming
https://ror.org/03ngjpk76,General Atomics (United States),US,United States,1,SNS,2001-2005,incoming
https://ror.org/03nhjew95,Université de Rouen Normandie,FR,France,5,SNS,2001-2005,incoming
https://ror.org/03nj2kd75,Houston Health and Human Services Department,US,United States,3,SNS,2001-2005,incoming
https://ror.org/03njmea73,Duke Medical Center,US,United States,9,SNS,2001-2005,incoming
https://ror.org/03njp5837,École Royale de l'Air de Marrakech,MA,Morocco,4,SNS,2001-2005,incoming
https://ror.org/03nteze27,National Taiwan University Hospital,TW,Taiwan,1,SNS,2001-2005,incoming
https://ror.org/03nvtfm43,Concordia University,US,United States,1022,SNS,2001-2005,incoming
https://ror.org/03p14d497,University of Augsburg,DE,Germany,7,SNS,2001-2005,incoming
https://ror.org/03p2z7827,Benemérita Universidad Autónoma de Puebla,MX,Mexico,25,SNS,2001-2005,incoming
https://ror.org/03p3aeb86,Universidad de Murcia,ES,Spain,17,SNS,2001-2005,incoming
https://ror.org/03p74gp79,University of Cape Town,ZA,South Africa,10,SNS,2001-2005,incoming
https://ror.org/03p7jen43,Direction des Sciences du Vivant,FR,France,3,SNS,2001-2005,incoming
https://ror.org/03pbgwk21,Université Bordeaux Montaigne,FR,France,1,SNS,2001-2005,incoming
https://ror.org/03pcc9z86,Université de franche-comté,FR,France,3,SNS,2001-2005,incoming
https://ror.org/03pfsnq21,University of Rzeszów,PL,Poland,2,SNS,2001-2005,incoming
https://ror.org/03pm18j10,Hofstra University,US,United States,1,SNS,2001-2005,incoming
https://ror.org/03pnv4752,Queensland University of Technology,AU,Australia,1,SNS,2001-2005,incoming
https://ror.org/03prydq77,University of Vienna,AT,Austria,103,SNS,2001-2005,incoming
https://ror.org/03ps48j85,Hochschule für Musik Karlsruhe,DE,Germany,9,SNS,2001-2005,incoming
https://ror.org/03pt86f80,Innsbruck Medical University,AT,Austria,1,SNS,2001-2005,incoming
https://ror.org/03ptaj492,Seikei University,JP,Japan,1,SNS,2001-2005,incoming
https://ror.org/03pvr2g57,Universitätsklinikum Würzburg,DE,Germany,2,SNS,2001-2005,incoming
https://ror.org/03pwcc270,Auburn University System,US,United States,4,SNS,2001-2005,incoming
https://ror.org/03q21mh05,Cairo University,EG,Egypt,1,SNS,2001-2005,incoming
https://ror.org/03q4c3e69,Andalusian Health Service,ES,Spain,1,SNS,2001-2005,incoming
https://ror.org/03q674f15,Polish Academy of Learning,PL,Poland,450,SNS,2001-2005,incoming
https://ror.org/03q8dnn23,City University of Hong Kong,CN,China,5,SNS,2001-2005,incoming
https://ror.org/03q8sby79,İstanbul Esenyurt Üniversitesi,TR,Turkey,28,SNS,2001-2005,incoming
https://ror.org/03q92e557,Yanka Kupala State University of Grodno,BY,Belarus,6,SNS,2001-2005,incoming
https://ror.org/03qbxj466,University of North Texas System,US,United States,191,SNS,2001-2005,incoming
https://ror.org/03qd7mz70,Johnson & Johnson (United States),US,United States,3,SNS,2001-2005,incoming
https://ror.org/03qn8fb07,Commonwealth Scientific and Industrial Research Organisation,AU,Australia,14,SNS,2001-2005,incoming
https://ror.org/03qnxaf80,Fordham University,US,United States,1,SNS,2001-2005,incoming
https://ror.org/03qpd8w66,Istituto di Genetica Molecolare,IT,Italy,11,SNS,2001-2005,incoming
https://ror.org/03qryx823,Technion – Israel Institute of Technology,IL,Israel,203,SNS,2001-2005,incoming
https://ror.org/03qt6ba18,Georgia State University,US,United States,9,SNS,2001-2005,incoming
https://ror.org/03qvqb743,Chuo University,JP,Japan,18,SNS,2001-2005,incoming
https://ror.org/03qvtpc38,Dong-A University,KR,South Korea,1,SNS,2001-2005,incoming
https://ror.org/03qxff017,Hebrew University of Jerusalem,IL,Israel,60,SNS,2001-2005,incoming
https://ror.org/03r0ha626,University of Utah,US,United States,49,SNS,2001-2005,incoming
https://ror.org/03r8nx235,Albert B. Chandler Hospital,US,United States,1,SNS,2001-2005,incoming
https://ror.org/03r8z3t63,UNSW Sydney,AU,Australia,21,SNS,2001-2005,incoming
https://ror.org/03rcwtr18,Laurentian University,CA,Canada,1,SNS,2001-2005,incoming
https://ror.org/03rjt0z37,German University in Cairo,EG,Egypt,12,SNS,2001-2005,incoming
https://ror.org/03rkhvv36,Physical and Technical Institute,BY,Belarus,8,SNS,2001-2005,incoming
https://ror.org/03rmrcq20,University of British Columbia,CA,Canada,1992,SNS,2001-2005,incoming
https://ror.org/03rp50x72,University of the Witwatersrand,ZA,South Africa,3,SNS,2001-2005,incoming
https://ror.org/03rq94151,Institute of Astronomy and Space Physics,AR,Argentina,2,SNS,2001-2005,incoming
https://ror.org/03rqtqb02,Institute of Biostructure and Bioimaging,IT,Italy,21,SNS,2001-2005,incoming
https://ror.org/03rtgjq94,University of South Carolina System,US,United States,1902,SNS,2001-2005,incoming
https://ror.org/03rx2tr07,National Synchrotron Radiation Laboratory,CN,China,3,SNS,2001-2005,incoming
https://ror.org/03rzb4f20,Universidad Autónoma del Estado de Morelos,MX,Mexico,1,SNS,2001-2005,incoming
https://ror.org/03s251g81,University of Craiova,RO,Romania,4,SNS,2001-2005,incoming
https://ror.org/03s53g630,National High Magnetic Field Laboratory,US,United States,4,SNS,2001-2005,incoming
https://ror.org/03s65by71,"University of California, Santa Cruz",US,United States,2124,SNS,2001-2005,incoming
https://ror.org/03s7gtk40,Leipzig University,DE,Germany,15,SNS,2001-2005,incoming
https://ror.org/03sbpja79,Department of Health and Social Care,GB,United Kingdom,2,SNS,2001-2005,incoming
https://ror.org/03sd35x91,Nanjing Tech University,CN,China,1,SNS,2001-2005,incoming
https://ror.org/03sgyqj04,École Nationale Supérieure de Chimie de Montpellier,FR,France,1,SNS,2001-2005,incoming
https://ror.org/03shav252,Kazan State Technological University,RU,Russia,1,SNS,2001-2005,incoming
https://ror.org/03sjk9a61,"Ministère de l'Enseignement Supérieur, de la Recherche et de l'Espace",FR,France,1,SNS,2001-2005,incoming
https://ror.org/03sk1we31,National Nuclear Security Administration,US,United States,21,SNS,2001-2005,incoming
https://ror.org/03sk2bs13,European Foundation for the Improvement of Living and Working Conditions,IE,Ireland,1,SNS,2001-2005,incoming
https://ror.org/03spzdh62,Computational Sciences (United States),US,United States,2,SNS,2001-2005,incoming
https://ror.org/03srtnf24,Universidade Federal do Ceará,BR,Brazil,1,SNS,2001-2005,incoming
https://ror.org/03sry2h30,Max Planck Institute for Gravitational Physics,DE,Germany,6,SNS,2001-2005,incoming
https://ror.org/03ss88z23,Kagoshima University,JP,Japan,1,SNS,2001-2005,incoming
https://ror.org/03stptj97,Izmir Institute of Technology,TR,Turkey,5,SNS,2001-2005,incoming
https://ror.org/03svwq685,Università degli Studi della Tuscia,IT,Italy,1,SNS,2001-2005,incoming
https://ror.org/03sxdvx36,Nevada System of Higher Education,US,United States,43,SNS,2001-2005,incoming
https://ror.org/03sxpbt26,Institute of Applied Physics and Computational Mathematics,CN,China,5,SNS,2001-2005,incoming
https://ror.org/03t67hw32,American Superconductor (Austria),AT,Austria,1,SNS,2001-2005,incoming
https://ror.org/03t6cz096,Astronomical Institute of the Slovak Academy of Sciences,SK,Slovakia,7,SNS,2001-2005,incoming
https://ror.org/03t78wx29,Hiroshima University,JP,Japan,796,SNS,2001-2005,incoming
https://ror.org/03ta25k06,Universidade Estadual de Goiás,BR,Brazil,3,SNS,2001-2005,incoming
https://ror.org/03taz7m60,University of Southern California,US,United States,34,SNS,2001-2005,incoming
https://ror.org/03tc05689,University of Basilicata,IT,Italy,1981,SNS,2001-2005,incoming
https://ror.org/03tgsfw79,Kobe University,JP,Japan,70,SNS,2001-2005,incoming
https://ror.org/03thb3e06,American Museum of Natural History,US,United States,10,SNS,2001-2005,incoming
https://ror.org/03ths8210,Universidad Carlos III de Madrid,ES,Spain,1,SNS,2001-2005,incoming
https://ror.org/03tjsyq23,Department of Biotechnology,IN,India,1,SNS,2001-2005,incoming
https://ror.org/03tn5ee41,Benha University,EG,Egypt,1,SNS,2001-2005,incoming
https://ror.org/03tnjrr49,Laboratoire AstroParticule et Cosmologie,FR,France,2,SNS,2001-2005,incoming
https://ror.org/03tns0030,Environmental Protection Agency,US,United States,2,SNS,2001-2005,incoming
https://ror.org/03tp8z347,"Czech Academy of Sciences, Astronomical Institute",CZ,Czechia,2,SNS,2001-2005,incoming
https://ror.org/03tqb8s11,Yangzhou University,CN,China,1,SNS,2001-2005,incoming
https://ror.org/03tw5w184,Institut für Kardiovaskuläre Physiologie und Pathophysiologie,DE,Germany,13,SNS,2001-2005,incoming
https://ror.org/03tzaeb71,University of Hawaii System,US,United States,161,SNS,2001-2005,incoming
https://ror.org/03tzb2h73,Ajou University,KR,South Korea,25,SNS,2001-2005,incoming
https://ror.org/03v0r5n49,Indian Institute of Technology Madras,IN,India,12,SNS,2001-2005,incoming
https://ror.org/03v4gjf40,Technische Universität Berlin,DE,Germany,48,SNS,2001-2005,incoming
https://ror.org/03v5jj203,Stazione Zoologica Anton Dohrn,IT,Italy,2,SNS,2001-2005,incoming
https://ror.org/03v76x132,Yale University,US,United States,2927,SNS,2001-2005,incoming
https://ror.org/03v783k16,University of Kalyani,IN,India,1,SNS,2001-2005,incoming
https://ror.org/03v7h1165,Institute for Microstructural Sciences,CA,Canada,25,SNS,2001-2005,incoming
https://ror.org/03v8adn41,"Queens College, CUNY",US,United States,1,SNS,2001-2005,incoming
https://ror.org/03v8tnc06,Institute of High Energy Physics,CN,China,1808,SNS,2001-2005,incoming
https://ror.org/03v9e8t09,Centro de Biología Molecular Severo Ochoa,ES,Spain,2,SNS,2001-2005,incoming
https://ror.org/03ve83257,Centre for Organic Chemistry (Czechia),CZ,Czechia,1,SNS,2001-2005,incoming
https://ror.org/03veakt65,Military Institute of Engineering,BR,Brazil,2,SNS,2001-2005,incoming
https://ror.org/03vek6s52,Harvard University,US,United States,3,SNS,2001-2005,incoming
https://ror.org/03vgfxd91,Institut Pascal,FR,France,64,SNS,2001-2005,incoming
https://ror.org/03vn1bh77,Istituto Nazionale di Ricerca Metrologica,IT,Italy,3,SNS,2001-2005,incoming
https://ror.org/03vpj4s62,Max Planck Institute of Molecular Physiology,DE,Germany,25,SNS,2001-2005,incoming
https://ror.org/03vrj4p82,Federal University of São João del-Rei,BR,Brazil,74,SNS,2001-2005,incoming
https://ror.org/03vs46t66,Université de Cergy-Pontoise,FR,France,1,SNS,2001-2005,incoming
https://ror.org/03vyzg221,Groupe de Spectrométrie Moléculaire et Atmosphérique,FR,France,2,SNS,2001-2005,incoming
https://ror.org/03w44ff23,Brigham and Women's Faulkner Hospital,US,United States,2,SNS,2001-2005,incoming
https://ror.org/03w5j8p12,Rega Institute for Medical Research,BE,Belgium,22,SNS,2001-2005,incoming
https://ror.org/03w5sq511,Indian Institute of Technology Kharagpur,IN,India,1,SNS,2001-2005,incoming
https://ror.org/03w8m2977,Yibin University,CN,China,1,SNS,2001-2005,incoming
https://ror.org/03wd9za21,European Space Agency,FR,France,4,SNS,2001-2005,incoming
https://ror.org/03wevmz92,Harvard Medical School,US,United States,1,SNS,2001-2005,incoming
https://ror.org/03wfqwh68,Duke University Health System,US,United States,9,SNS,2001-2005,incoming
https://ror.org/03wjwyj98,Eppendorf (Germany),DE,Germany,1,SNS,2001-2005,incoming
https://ror.org/03wmf1y16,University of Colorado Anschutz Medical Campus,US,United States,3,SNS,2001-2005,incoming
https://ror.org/03wnrjx87,Royal Society,GB,United Kingdom,26,SNS,2001-2005,incoming
https://ror.org/03wyf0g15,Istituto di Chimica Biomolecolare,IT,Italy,39,SNS,2001-2005,incoming
https://ror.org/03x0d4x24,Pacific Northwest Diabetes Research Institute,US,United States,1,SNS,2001-2005,incoming
https://ror.org/03x1jna21,Central China Normal University,CN,China,67,SNS,2001-2005,incoming
https://ror.org/03x42jk29,Université Gustave Eiffel,FR,France,2,SNS,2001-2005,incoming
https://ror.org/03x516a66,Federal Institute For Materials Research and Testing,DE,Germany,2,SNS,2001-2005,incoming
https://ror.org/03x72q350,Gwangju Health University,KR,South Korea,1,SNS,2001-2005,incoming
https://ror.org/03x8p5f11,Molecular Sciences Software Institute,US,United States,1,SNS,2001-2005,incoming
https://ror.org/03x8rhq63,Institute of Modern Physics,CN,China,18,SNS,2001-2005,incoming
https://ror.org/03x94j517,Medical Research Council,GB,United Kingdom,19,SNS,2001-2005,incoming
https://ror.org/03xawq568,Agricultural University of Athens,GR,Greece,1,SNS,2001-2005,incoming
https://ror.org/03xaz7s88,Claremont Colleges,US,United States,7,SNS,2001-2005,incoming
https://ror.org/03xddgg98,Mexican Social Security Institute,MX,Mexico,1,SNS,2001-2005,incoming
https://ror.org/03xec1444,Science Systems and Applications (United States),US,United States,9,SNS,2001-2005,incoming
https://ror.org/03xejxm22,"Istituto Nazionale di Fisica Nucleare, Sezione di Milano Bicocca",IT,Italy,7,SNS,2001-2005,incoming
https://ror.org/03xez1567,Salk Institute for Biological Studies,US,United States,1,SNS,2001-2005,incoming
https://ror.org/03xg85719,Institute for Advanced Study,DE,Germany,10,SNS,2001-2005,incoming
https://ror.org/03xjacd83,Cleveland Clinic,US,United States,4,SNS,2001-2005,incoming
https://ror.org/03xjwb503,Université Paris-Saclay,FR,France,1737,SNS,2001-2005,incoming
https://ror.org/03xpwj629,Liaoning University,CN,China,30,SNS,2001-2005,incoming
https://ror.org/03xqtf034,The Netherlands Cancer Institute,NL,The Netherlands,1,SNS,2001-2005,incoming
https://ror.org/03xrrjk67,University of Alabama,US,United States,21,SNS,2001-2005,incoming
https://ror.org/03xwa9562,University of Pennsylvania Press,US,United States,2733,SNS,2001-2005,incoming
https://ror.org/03xy0wx88,Biomedical Research Council,SG,Singapore,1,SNS,2001-2005,incoming
https://ror.org/03y1kax64,Micro & Nano Research Institute,CN,China,1,SNS,2001-2005,incoming
https://ror.org/03y1zyv86,Oklahoma State University Oklahoma City,US,United States,8,SNS,2001-2005,incoming
https://ror.org/03y2yf271,Time Université,TN,Tunisia,1,SNS,2001-2005,incoming
https://ror.org/03y3e3s17,Shanxi University,CN,China,3,SNS,2001-2005,incoming
https://ror.org/03y71xh61,University of Richmond,US,United States,5,SNS,2001-2005,incoming
https://ror.org/03y7q9t39,University of Canterbury,NZ,New Zealand,6,SNS,2001-2005,incoming
https://ror.org/03y8mpv07,Centre de Recherche sur l'Hétéro-Epitaxie et ses Applications,FR,France,2,SNS,2001-2005,incoming
https://ror.org/03ybx0x41,Department of Biomedicine Basel,CH,Switzerland,136,SNS,2001-2005,incoming
https://ror.org/03ydkyb10,University of Wisconsin System,US,United States,2555,SNS,2001-2005,incoming
https://ror.org/03yeq9x20,University of Lincoln,GB,United Kingdom,1,SNS,2001-2005,incoming
https://ror.org/03yez3163,King Fahd University of Petroleum and Minerals,SA,Saudi Arabia,17,SNS,2001-2005,incoming
https://ror.org/03yghzc09,University of Exeter,GB,United Kingdom,26,SNS,2001-2005,incoming
https://ror.org/03yj89h83,University of Oulu,FI,Finland,7,SNS,2001-2005,incoming
https://ror.org/03yjb2x39,University of Calgary,CA,Canada,5,SNS,2001-2005,incoming
https://ror.org/03ykbk197,University of Portsmouth,GB,United Kingdom,17,SNS,2001-2005,incoming
https://ror.org/03ymk3103,University of Washington School of Medicine,US,United States,1,SNS,2001-2005,incoming
https://ror.org/03yp8z857,University of Missouri Health System,US,United States,8,SNS,2001-2005,incoming
https://ror.org/03ypqe447,Santa Clara University,US,United States,3,SNS,2001-2005,incoming
https://ror.org/03yrrjy16,University of Southern Denmark,DK,Denmark,31,SNS,2001-2005,incoming
https://ror.org/03ysstz10,Electronics and Telecommunications Research Institute,KR,South Korea,3,SNS,2001-2005,incoming
https://ror.org/03ytdtb31,Sanofi (Germany),DE,Germany,2,SNS,2001-2005,incoming
https://ror.org/03yxnpp24,Universidad de Sevilla,ES,Spain,4,SNS,2001-2005,incoming
https://ror.org/03z4c6358,Institute of Nuclear Physics of Lyon,FR,France,88,SNS,2001-2005,incoming
https://ror.org/03z77qz90,University of Tartu,EE,Estonia,2,SNS,2001-2005,incoming
https://ror.org/03z8fyr40,Karadeniz Technical University,TR,Turkey,1,SNS,2001-2005,incoming
https://ror.org/03z8jm198,Herzberg Institute of Astrophysics,CA,Canada,5,SNS,2001-2005,incoming
https://ror.org/03z8x2j90,Frenchay Hospital,GB,United Kingdom,1,SNS,2001-2005,incoming
https://ror.org/03z9tma90,Boğaziçi University,TR,Turkey,4,SNS,2001-2005,incoming
https://ror.org/03zcpvf19,University Hospitals of the Ruhr-University of Bochum,DE,Germany,2,SNS,2001-2005,incoming
https://ror.org/03zd3ta61,Shanxi Normal University,CN,China,1,SNS,2001-2005,incoming
https://ror.org/03zdwsf69,University of Rostock,DE,Germany,1904,SNS,2001-2005,incoming
https://ror.org/03zeg8w71,Steklov Mathematical Institute,RU,Russia,2,SNS,2001-2005,incoming
https://ror.org/03zga2b32,University of Bergen,NO,Norway,1934,SNS,2001-2005,incoming
https://ror.org/03zh5eq96,Offenburg University of Applied Sciences,DE,Germany,1,SNS,2001-2005,incoming
https://ror.org/03zhmy467,San Gallicano Hospital,IT,Italy,3,SNS,2001-2005,incoming
https://ror.org/03zkja782,Luton and Dunstable University Hospital NHS Foundation Trust,GB,United Kingdom,1,SNS,2001-2005,incoming
https://ror.org/03zm2br59,Centrum Badań Kosmicznych,PL,Poland,1,SNS,2001-2005,incoming
https://ror.org/03zmrmn05,Xi’an Jiaotong-Liverpool University,CN,China,3,SNS,2001-2005,incoming
https://ror.org/03zmsge54,NSF NOIRLab,US,United States,9,SNS,2001-2005,incoming
https://ror.org/03zsp3p94,University of the Aegean,GR,Greece,9,SNS,2001-2005,incoming
https://ror.org/03zwxja46,HUN-REN Research Centre for Natural Sciences,HU,Hungary,1,SNS,2001-2005,incoming
https://ror.org/03zx86w41,ESPCI Paris,FR,France,11,SNS,2001-2005,incoming
https://ror.org/03zyp6p76,Yokohama National University,JP,Japan,1,SNS,2001-2005,incoming
https://ror.org/03zzj3f20,Fields Institute for Research in Mathematical Sciences,CA,Canada,3,SNS,2001-2005,incoming
https://ror.org/03zzmyz63,Philadelphia University,US,United States,2,SNS,2001-2005,incoming
https://ror.org/03zzzks34,Liverpool Hospital,AU,Australia,1,SNS,2001-2005,incoming
https://ror.org/0400avk24,University of Bedfordshire,GB,United Kingdom,1,SNS,2001-2005,incoming
https://ror.org/0402pty94,University of Chemical Technology and Metallurgy,BG,Bulgaria,1,SNS,2001-2005,incoming
https://ror.org/04048e026,International Superconductivity Technology Center,JP,Japan,1,SNS,2001-2005,incoming
https://ror.org/0405mnx93,Texas Tech University,US,United States,588,SNS,2001-2005,incoming
https://ror.org/0406gha72,"University of Nevada, Las Vegas",US,United States,37,SNS,2001-2005,incoming
https://ror.org/0406jsq08,Hospital Universitário da Universidade de São Paulo,BR,Brazil,1,SNS,2001-2005,incoming
https://ror.org/040af2s02,University of Helsinki,FI,Finland,906,SNS,2001-2005,incoming
https://ror.org/040at6s67,Centro de Investigação em Química,PT,Portugal,1,SNS,2001-2005,incoming
https://ror.org/040c17130,Kyungpook National University,KR,South Korea,1093,SNS,2001-2005,incoming
https://ror.org/040dky007,Indian Institute of Chemical Technology,IN,India,1,SNS,2001-2005,incoming
https://ror.org/040gcmg81,National Cancer Institute,US,United States,11,SNS,2001-2005,incoming
https://ror.org/040hwdc70,Université Lille 1,FR,France,6,SNS,2001-2005,incoming
https://ror.org/040kfrw16,SUNY Upstate Medical University,US,United States,2,SNS,2001-2005,incoming
https://ror.org/040kx1j83,Instituto de Física de Cantabria,ES,Spain,353,SNS,2001-2005,incoming
https://ror.org/040qhpb54,Aomori University,JP,Japan,78,SNS,2001-2005,incoming
https://ror.org/040qxz868,Chhatrapati Shahu Ji Maharaj University,IN,India,2,SNS,2001-2005,incoming
https://ror.org/040r57n67,Nicolaus Copernicus Astronomical Center,PL,Poland,2,SNS,2001-2005,incoming
https://ror.org/040r8fr65,Aarhus University Hospital,DK,Denmark,71,SNS,2001-2005,incoming
https://ror.org/040vwpm13,University of Houston System,US,United States,1,SNS,2001-2005,incoming
https://ror.org/040w2dm02,Interuniversity Institute for High Energies,BE,Belgium,7,SNS,2001-2005,incoming
https://ror.org/040wb2y55,University of Luhansk,UA,Ukraine,2,SNS,2001-2005,incoming
https://ror.org/040wg7k59,Chalmers University of Technology,SE,Sweden,32,SNS,2001-2005,incoming
https://ror.org/040wrkp27,Institute of Biomedical Chemistry,RU,Russia,2,SNS,2001-2005,incoming
https://ror.org/0410a8y51,Centre Hospitalier de l’Université de Montréal,CA,Canada,2,SNS,2001-2005,incoming
https://ror.org/0411seq30,Kocaeli Üniversitesi,TR,Turkey,1,SNS,2001-2005,incoming
https://ror.org/0413xn342,Houston Advanced Research Center,US,United States,2,SNS,2001-2005,incoming
https://ror.org/04155gf20,Institute of Technologists,JP,Japan,2,SNS,2001-2005,incoming
https://ror.org/0418kp584,Lishui University,CN,China,1,SNS,2001-2005,incoming
https://ror.org/041akq887,Universidade Federal de Santa Catarina,BR,Brazil,9,SNS,2001-2005,incoming
https://ror.org/041hz9568,Korea Institute for Advanced Study,KR,South Korea,66,SNS,2001-2005,incoming
https://ror.org/041kmwe10,Imperial College London,GB,United Kingdom,2075,SNS,2001-2005,incoming
https://ror.org/041m9xr71,Ames National Laboratory,US,United States,1,SNS,2001-2005,incoming
https://ror.org/041nas322,University of Bonn,DE,Germany,224,SNS,2001-2005,incoming
https://ror.org/041ndzj79,University of New Mexico,US,United States,796,SNS,2001-2005,incoming
https://ror.org/041nk4h53,Lawrence Livermore National Laboratory,US,United States,1805,SNS,2001-2005,incoming
https://ror.org/041qf4r12,"China University of Petroleum, Beijing",CN,China,1,SNS,2001-2005,incoming
https://ror.org/041szz343,Volgograd State Technical University,RU,Russia,1,SNS,2001-2005,incoming
https://ror.org/041vyyf82,Avaya (United States),US,United States,2,SNS,2001-2005,incoming
https://ror.org/041zkgm14,University of Ferrara,IT,Italy,2035,SNS,2001-2005,incoming
https://ror.org/04204gr61,University of Havana,CU,Cuba,1,SNS,2001-2005,incoming
https://ror.org/0420db125,Rockefeller University,US,United States,794,SNS,2001-2005,incoming
https://ror.org/0421ba211,Turku Centre for Biotechnology,FI,Finland,2,SNS,2001-2005,incoming
https://ror.org/0424g0k78,Istituto Giannina Gaslini,IT,Italy,1,SNS,2001-2005,incoming
https://ror.org/042aqky30,Technische Universität Dresden,DE,Germany,1930,SNS,2001-2005,incoming
https://ror.org/042dc0x18,Grand Accélérateur National d'Ions Lourds,FR,France,1,SNS,2001-2005,incoming
https://ror.org/042ga5208,Las Campanas Observatory,CL,Chile,2,SNS,2001-2005,incoming
https://ror.org/042nb2s44,Massachusetts Institute of Technology,US,United States,2930,SNS,2001-2005,incoming
https://ror.org/042t93s57,Italian Institute of Technology,IT,Italy,2,SNS,2001-2005,incoming
https://ror.org/042tdr378,Southern Methodist University,US,United States,153,SNS,2001-2005,incoming
https://ror.org/042tfbd02,Institut Polytechnique de Paris,FR,France,856,SNS,2001-2005,incoming
https://ror.org/0430z0381,Endocrinology and Metabolism Clinical Sciences Institute,IR,Iran,1,SNS,2001-2005,incoming
https://ror.org/04310tc15,Laboratoire de Cristallographie et Sciences des Matériaux,FR,France,1,SNS,2001-2005,incoming
https://ror.org/0431sk359,Marine Biological Association of the United Kingdom,GB,United Kingdom,2,SNS,2001-2005,incoming
https://ror.org/0432q4w56,BioInfoBank Institute,PL,Poland,2,SNS,2001-2005,incoming
https://ror.org/0433kqc49,Pukyong National University,KR,South Korea,2,SNS,2001-2005,incoming
https://ror.org/0435rc536,Novo Nordisk (Denmark),DK,Denmark,3,SNS,2001-2005,incoming
https://ror.org/04387x656,Università degli Studi del Piemonte Orientale “Amedeo Avogadro”,IT,Italy,102,SNS,2001-2005,incoming
https://ror.org/043axf581,St. Marianna University School of Medicine,JP,Japan,1,SNS,2001-2005,incoming
https://ror.org/043b26x63,National Research Council Institute for Biodiagnostics,CA,Canada,1,SNS,2001-2005,incoming
https://ror.org/043bgf219,International Centre for Genetic Engineering and Biotechnology,IT,Italy,6,SNS,2001-2005,incoming
https://ror.org/043bpky34,Nanjing University of Posts and Telecommunications,CN,China,1,SNS,2001-2005,incoming
https://ror.org/043dxc061,Sichuan Normal University,CN,China,6,SNS,2001-2005,incoming
https://ror.org/043e04s74,Civil Aerospace Medical Institute,US,United States,1,SNS,2001-2005,incoming
https://ror.org/043ehm030,UNC Lineberger Comprehensive Cancer Center,US,United States,1,SNS,2001-2005,incoming
https://ror.org/043htjv09,CY Cergy Paris Université,FR,France,23,SNS,2001-2005,incoming
https://ror.org/043jqrs76,Sunchon National University,KR,South Korea,1,SNS,2001-2005,incoming
https://ror.org/043k4kk20,Korea Research Institute of Chemical Technology,KR,South Korea,1,SNS,2001-2005,incoming
https://ror.org/043kfae87,"Istituto Nazionale di Fisica Nucleare, Gruppo Collegato di Salerno",IT,Italy,99,SNS,2001-2005,incoming
https://ror.org/043mer456,University of Nebraska–Lincoln,US,United States,32,SNS,2001-2005,incoming
https://ror.org/043mz5j54,"University of California, San Francisco",US,United States,2247,SNS,2001-2005,incoming
https://ror.org/043n4fm24,Laboratoire Paul Painlevé,FR,France,2,SNS,2001-2005,incoming
https://ror.org/043nxc105,Universitat de València,ES,Spain,1215,SNS,2001-2005,incoming
https://ror.org/043pgqy52,Universities Space Research Association,US,United States,8,SNS,2001-2005,incoming
https://ror.org/043pwc612,Universidade do Porto,PT,Portugal,1,SNS,2001-2005,incoming
https://ror.org/043q5er54,Frederick Taylor University,US,United States,3,SNS,2001-2005,incoming
https://ror.org/043raxx74,University of Houston Sugar Land,US,United States,3,SNS,2001-2005,incoming
https://ror.org/043z4tv69,National Institute of Allergy and Infectious Diseases,US,United States,2,SNS,2001-2005,incoming
https://ror.org/0443cwa12,Tallinn University of Technology,EE,Estonia,2,SNS,2001-2005,incoming
https://ror.org/0445phv87,University of Toyama,JP,Japan,1,SNS,2001-2005,incoming
https://ror.org/0447kww10,University of Miyazaki,JP,Japan,2,SNS,2001-2005,incoming
https://ror.org/0449kf092,Prairie View A&M University,US,United States,1876,SNS,2001-2005,incoming
https://ror.org/044cqdj35,Mie Chukyo University,JP,Japan,68,SNS,2001-2005,incoming
https://ror.org/044j76961,University of Lethbridge,CA,Canada,3,SNS,2001-2005,incoming
https://ror.org/044jxhp58,Ifremer,FR,France,1,SNS,2001-2005,incoming
https://ror.org/044k9ta02,University of Palermo,IT,Italy,211,SNS,2001-2005,incoming
https://ror.org/044kkfr75,AlbaNova,SE,Sweden,4,SNS,2001-2005,incoming
https://ror.org/044kxby82,Institut Montpelliérain Alexander Grothendieck,FR,France,1,SNS,2001-2005,incoming
https://ror.org/044pcn091,University of Mississippi Medical Center,US,United States,1,SNS,2001-2005,incoming
https://ror.org/044s2fj67,Yaroslavl State University,RU,Russia,2,SNS,2001-2005,incoming
https://ror.org/044s61914,Centre Hospitalier Universitaire de Liège,BE,Belgium,2,SNS,2001-2005,incoming
https://ror.org/044tecp05,Institutul de Fizică Atomică,RO,Romania,12,SNS,2001-2005,incoming
https://ror.org/044vhe029,UF Health Cancer Center,US,United States,1,SNS,2001-2005,incoming
https://ror.org/044vy1d05,Tokushima University,JP,Japan,3,SNS,2001-2005,incoming
https://ror.org/044w3nw43,Bioinformatics Institute,SG,Singapore,1,SNS,2001-2005,incoming
https://ror.org/044w7a341,Towson University,US,United States,1,SNS,2001-2005,incoming
https://ror.org/044yd9t77,Joint Institute for Nuclear Research,RU,Russia,942,SNS,2001-2005,incoming
https://ror.org/0452rtt80,Laboratoire de Neurobiologie Cellulaire et Moléculaire,FR,France,2,SNS,2001-2005,incoming
https://ror.org/0453v4r20,University of Puerto Rico at Río Piedras,US,United States,21,SNS,2001-2005,incoming
https://ror.org/0458dap48,Atlantic Technological University,IE,Ireland,4,SNS,2001-2005,incoming
https://ror.org/045k2fq98,Institute of Metals Research,CH,Switzerland,1,SNS,2001-2005,incoming
https://ror.org/045ktmd28,Laboratoire National des Champs Magnétiques Intenses,FR,France,1,SNS,2001-2005,incoming
https://ror.org/045nemn19,Ubon Ratchathani University,TH,Thailand,1,SNS,2001-2005,incoming
https://ror.org/045ney286,Oulu University Hospital,FI,Finland,5,SNS,2001-2005,incoming
https://ror.org/045ntgf29,Oklahoma State University System,US,United States,196,SNS,2001-2005,incoming
https://ror.org/045wgfr59,University of Stirling,GB,United Kingdom,1,SNS,2001-2005,incoming
https://ror.org/045x93337,Yeshiva University,US,United States,1,SNS,2001-2005,incoming
https://ror.org/045z05062,St. Agnes University,JP,Japan,1,SNS,2001-2005,incoming
https://ror.org/0460jpj73,University of Concepción,CL,Chile,7,SNS,2001-2005,incoming
https://ror.org/0461cvh40,Gangneung–Wonju National University,KR,South Korea,1,SNS,2001-2005,incoming
https://ror.org/0464eyp60,University of Massachusetts Chan Medical School,US,United States,2,SNS,2001-2005,incoming
https://ror.org/04650gr34,Centre for Research in Astrophysics of Québec,CA,Canada,1,SNS,2001-2005,incoming
https://ror.org/04664mr26,"Institute for Materials Research, Tohoku University",JP,Japan,7,SNS,2001-2005,incoming
https://ror.org/046865y68,Hanyang University,KR,South Korea,14,SNS,2001-2005,incoming
https://ror.org/0468k6j36,Institute of Psychiatry and Neurology,PL,Poland,1,SNS,2001-2005,incoming
https://ror.org/046ak2485,Freie Universität Berlin,DE,Germany,8,SNS,2001-2005,incoming
https://ror.org/046f6cx68,Fujita Health University,JP,Japan,15,SNS,2001-2005,incoming
https://ror.org/046fa4y88,The Heart Research Institute,AU,Australia,6,SNS,2001-2005,incoming
https://ror.org/046ffzj20,Universidad de Cantabria,ES,Spain,765,SNS,2001-2005,incoming
https://ror.org/046hjmc37,Laboratoire Charles Fabry,FR,France,1,SNS,2001-2005,incoming
https://ror.org/046hw5281,Nova School of Business and Economics Library,PT,Portugal,1,SNS,2001-2005,incoming
https://ror.org/046n57345,Hefei Institutes of Physical Science,CN,China,6,SNS,2001-2005,incoming
https://ror.org/046rm7j60,"University of California, Los Angeles",US,United States,2731,SNS,2001-2005,incoming
https://ror.org/046w3ze59,Laboratoire de l'Accélérateur Linéaire,FR,France,6,SNS,2001-2005,incoming
https://ror.org/047272k79,The University of Western Australia,AU,Australia,9,SNS,2001-2005,incoming
https://ror.org/047426m28,University of Illinois Urbana-Champaign,US,United States,547,SNS,2001-2005,incoming
https://ror.org/047908t24,Universidade Federal de Pernambuco,BR,Brazil,3,SNS,2001-2005,incoming
https://ror.org/047aswc67,National Center for Genetic Engineering and Biotechnology,TH,Thailand,1,SNS,2001-2005,incoming
https://ror.org/047dqcg40,Korea University,KR,South Korea,318,SNS,2001-2005,incoming
https://ror.org/047g8vk19,Erciyes University,TR,Turkey,1,SNS,2001-2005,incoming
https://ror.org/047gc3g35,University of Chile,CL,Chile,18,SNS,2001-2005,incoming
https://ror.org/047kx5j58,Hanson Institute,AU,Australia,1,SNS,2001-2005,incoming
https://ror.org/047rhhm47,Brigham Young University,US,United States,5,SNS,2001-2005,incoming
https://ror.org/047s2c258,"University of Maryland, College Park",US,United States,2146,SNS,2001-2005,incoming
https://ror.org/047ybhc09,"City St George's, University of London",GB,United Kingdom,2,SNS,2001-2005,incoming
https://ror.org/047yk3s18,Catholic University of America,US,United States,10,SNS,2001-2005,incoming
https://ror.org/0482b5b22,Brazilian Agricultural Research Corporation,BR,Brazil,1,SNS,2001-2005,incoming
https://ror.org/0482ksk80,Purdue University in Indianapolis,US,United States,1,SNS,2001-2005,incoming
https://ror.org/048400679,Space Sciences Laboratory,US,United States,3,SNS,2001-2005,incoming
https://ror.org/0485axj58,University Hospital Southampton NHS Foundation Trust,GB,United Kingdom,2,SNS,2001-2005,incoming
https://ror.org/048a87296,Uppsala University,SE,Sweden,107,SNS,2001-2005,incoming
https://ror.org/048dd0611,Institute of Semiconductors,CN,China,21,SNS,2001-2005,incoming
https://ror.org/048gmay44,University of the Sciences,US,United States,44,SNS,2001-2005,incoming
https://ror.org/048nfjm95,"National University of Ireland, Maynooth",IE,Ireland,3,SNS,2001-2005,incoming
https://ror.org/048nxq511,Tokyo University of Marine Science and Technology,JP,Japan,2,SNS,2001-2005,incoming
https://ror.org/048rj2z13,"Ministry of Education, Culture, Sports, Science and Technology",JP,Japan,5,SNS,2001-2005,incoming
https://ror.org/048sx0r50,University of Houston,US,United States,12,SNS,2001-2005,incoming
https://ror.org/048tbm396,University of Turin,IT,Italy,2346,SNS,2001-2005,incoming
https://ror.org/048v13307,National Institute for Physiological Sciences,JP,Japan,2,SNS,2001-2005,incoming
https://ror.org/048y1rc66,Institute of Chemistry,CN,China,4,SNS,2001-2005,incoming
https://ror.org/0491yz035,Saha Institute of Nuclear Physics,IN,India,19,SNS,2001-2005,incoming
https://ror.org/0493xsw21,Berlin Institute of Health at Charité - Universitätsmedizin Berlin,DE,Germany,3,SNS,2001-2005,incoming
https://ror.org/0495fxg12,Institut Pasteur,FR,France,14,SNS,2001-2005,incoming
https://ror.org/0497crr92,Smith College,US,United States,2,SNS,2001-2005,incoming
https://ror.org/049asqa32,Sabancı Üniversitesi,TR,Turkey,1,SNS,2001-2005,incoming
https://ror.org/049ebw417,Istituto di Fotonica e Nanotecnologie,IT,Italy,3,SNS,2001-2005,incoming
https://ror.org/049emcs32,The University of Texas at Dallas,US,United States,1881,SNS,2001-2005,incoming
https://ror.org/049jf1a25,"Istituto Nazionale di Fisica Nucleare, Laboratori Nazionali di Frascati",IT,Italy,1504,SNS,2001-2005,incoming
https://ror.org/049kefs16,Southern Illinois University Carbondale,US,United States,1,SNS,2001-2005,incoming
https://ror.org/049nhh297,Laboratoire d’Annecy de Physique des Particules,FR,France,2276,SNS,2001-2005,incoming
https://ror.org/049pfb863,Kent State University,US,United States,18,SNS,2001-2005,incoming
https://ror.org/049rrx986,Universidade Estadual do Paraná,BR,Brazil,5,SNS,2001-2005,incoming
https://ror.org/049s0rh22,Dartmouth College,US,United States,7,SNS,2001-2005,incoming
https://ror.org/049v75w11,National Institute on Aging,US,United States,1,SNS,2001-2005,incoming
https://ror.org/049zedh07,Robert Jones and Agnes Hunt Orthopaedic Hospital NHS Trust,GB,United Kingdom,1,SNS,2001-2005,incoming
https://ror.org/04a1a1e81,Dublin City University,IE,Ireland,2,SNS,2001-2005,incoming
https://ror.org/04a3nrb88,Institute of Energy Problems of Chemical Physics,RU,Russia,1,SNS,2001-2005,incoming
https://ror.org/04a7rxb17,University of Hyderabad,IN,India,27,SNS,2001-2005,incoming
https://ror.org/04a8t1e98,Osaka Gakuin University,JP,Japan,3,SNS,2001-2005,incoming
https://ror.org/04a9tmd77,Icahn School of Medicine at Mount Sinai,US,United States,4,SNS,2001-2005,incoming
https://ror.org/04am5a125,Mount Vernon Hospital,GB,United Kingdom,28,SNS,2001-2005,incoming
https://ror.org/04ap5x931,Division of Physics,US,United States,16,SNS,2001-2005,incoming
https://ror.org/04aqjf708,New York State Psychiatric Institute,US,United States,2,SNS,2001-2005,incoming
https://ror.org/04asdee31,Université Marie et Louis Pasteur,FR,France,115,SNS,2001-2005,incoming
https://ror.org/04atsbb87,Florida Institute of Technology,US,United States,51,SNS,2001-2005,incoming
https://ror.org/04avkmd49,Williams College,US,United States,8,SNS,2001-2005,incoming
https://ror.org/04b0z7q78,Institut des Sciences Humaines et Sociales,FR,France,2,SNS,2001-2005,incoming
https://ror.org/04b2dty93,"Merck KGaA, Darmstadt (Germany)",DE,Germany,8,SNS,2001-2005,incoming
https://ror.org/04b6x2g63,Loyola University Chicago,US,United States,16,SNS,2001-2005,incoming
https://ror.org/04bckew43,Hôpitaux Universitaires de Strasbourg,FR,France,10,SNS,2001-2005,incoming
https://ror.org/04bct7p84,Duke University Hospital,US,United States,9,SNS,2001-2005,incoming
https://ror.org/04bdffz58,Drexel University,US,United States,6,SNS,2001-2005,incoming
https://ror.org/04bdnn252,Sussex County Community College,US,United States,4,SNS,2001-2005,incoming
https://ror.org/04bjg9m96,Defense Acquisition Program Administration,KR,South Korea,1,SNS,2001-2005,incoming
https://ror.org/04btayy36,Berry College,US,United States,1,SNS,2001-2005,incoming
https://ror.org/04bwf3e34,Deutsches Zentrum für Luft- und Raumfahrt e. V. (DLR),DE,Germany,17,SNS,2001-2005,incoming
https://ror.org/04bxa3v83,Shiraz University of Technology,IR,Iran,1,SNS,2001-2005,incoming
https://ror.org/04c2erx11,VERITAS,US,United States,2,SNS,2001-2005,incoming
https://ror.org/04c3cgg32,Liaoning Normal University,CN,China,4,SNS,2001-2005,incoming
https://ror.org/04c4dkn09,University of Science and Technology of China,CN,China,354,SNS,2001-2005,incoming
https://ror.org/04c6bry31,St. James's Hospital,IE,Ireland,2,SNS,2001-2005,incoming
https://ror.org/04cdgtt98,German Cancer Research Center,DE,Germany,4,SNS,2001-2005,incoming
https://ror.org/04cdn2797,Banaras Hindu University,IN,India,8,SNS,2001-2005,incoming
https://ror.org/04chrp450,Nagoya University,JP,Japan,375,SNS,2001-2005,incoming
https://ror.org/04cqn7d42,University of Colorado Cancer Center,US,United States,3,SNS,2001-2005,incoming
https://ror.org/04cqs5j56,Southern Illinois University Edwardsville,US,United States,1,SNS,2001-2005,incoming
https://ror.org/04cr1bk24,NASA Planetary Science,US,United States,10,SNS,2001-2005,incoming
https://ror.org/04ct4d772,Southeast University,CN,China,4,SNS,2001-2005,incoming
https://ror.org/04cvxnb49,Goethe University Frankfurt,DE,Germany,173,SNS,2001-2005,incoming
https://ror.org/04cw6st05,University of London,GB,United Kingdom,1657,SNS,2001-2005,incoming
https://ror.org/04cxjpx43,Vijaya College,IN,India,1,SNS,2001-2005,incoming
https://ror.org/04d139241,Tokai National Higher Education and Research System,JP,Japan,377,SNS,2001-2005,incoming
https://ror.org/04d23a975,United States Naval Research Laboratory,US,United States,45,SNS,2001-2005,incoming
https://ror.org/04d4sd432,University of Sfax,TN,Tunisia,5,SNS,2001-2005,incoming
https://ror.org/04d5mb615,University of Nebraska at Kearney,US,United States,37,SNS,2001-2005,incoming
https://ror.org/04d5vba33,The University of Texas at El Paso,US,United States,1,SNS,2001-2005,incoming
https://ror.org/04d836q62,TU Wien,AT,Austria,38,SNS,2001-2005,incoming
https://ror.org/04dawnj30,University of North Carolina at Charlotte,US,United States,1,SNS,2001-2005,incoming
https://ror.org/04dcc3438,Centre de Calcul de l’Institut National de Physique Nucléaire et de Physique des Particules,FR,France,1,SNS,2001-2005,incoming
https://ror.org/04dese585,Indian Institute of Science Bangalore,IN,India,20,SNS,2001-2005,incoming
https://ror.org/04dkns738,Procter & Gamble (United States),US,United States,1,SNS,2001-2005,incoming
https://ror.org/04dkp9463,University of Amsterdam,NL,The Netherlands,247,SNS,2001-2005,incoming
https://ror.org/04dndfk38,University of Bío-Bío,CL,Chile,1,SNS,2001-2005,incoming
https://ror.org/04dq56617,Max Planck Institute of Psychiatry,DE,Germany,1,SNS,2001-2005,incoming
https://ror.org/04drvxt59,Beth Israel Deaconess Medical Center,US,United States,4,SNS,2001-2005,incoming
https://ror.org/04dt6a039,Military Medical Academy,RS,Serbia,2,SNS,2001-2005,incoming
https://ror.org/04dx82x73,Nanning Normal University,CN,China,29,SNS,2001-2005,incoming
https://ror.org/04e3ktk27,Laboratoire de Recherche en Informatique,FR,France,3,SNS,2001-2005,incoming
https://ror.org/04ea70f07,Instituto Politécnico de Lisboa,PT,Portugal,14,SNS,2001-2005,incoming
https://ror.org/04edz9p52,Thea (France),FR,France,1,SNS,2001-2005,incoming
https://ror.org/04ehecz88,University of Pittsburgh Medical Center,US,United States,2,SNS,2001-2005,incoming
https://ror.org/04ehykb85,Institute of Biomedical Technologies,IT,Italy,5,SNS,2001-2005,incoming
https://ror.org/04en4ww09,Institute for Behavioral Medicine,US,United States,1,SNS,2001-2005,incoming
https://ror.org/04enhpe73,Leibniz Institute of Atmospheric Physics at the Rostock University,DE,Germany,1,SNS,2001-2005,incoming
https://ror.org/04er32z07,Rockefeller University Press,US,United States,2,SNS,2001-2005,incoming
https://ror.org/04ers2y35,University of Bremen,DE,Germany,5,SNS,2001-2005,incoming
https://ror.org/04etcj997,Inter-University Centre for Astronomy and Astrophysics,IN,India,13,SNS,2001-2005,incoming
https://ror.org/04ex24z53,Collège de France,FR,France,93,SNS,2001-2005,incoming
https://ror.org/04ezg6d83,Toyohashi University of Technology,JP,Japan,5,SNS,2001-2005,incoming
https://ror.org/04ezk3x31,Université Toulouse - Jean Jaurès,FR,France,1,SNS,2001-2005,incoming
https://ror.org/04f2nsd36,Lancaster University,GB,United Kingdom,237,SNS,2001-2005,incoming
https://ror.org/04f4syj68,Polo Universitario Città di Prato,IT,Italy,29,SNS,2001-2005,incoming
https://ror.org/04f4wg107,Saga University,JP,Japan,160,SNS,2001-2005,incoming
https://ror.org/04f786589,Chunghwa Telecom (Taiwan),TW,Taiwan,1,SNS,2001-2005,incoming
https://ror.org/04fceqm38,Macalester College,US,United States,3,SNS,2001-2005,incoming
https://ror.org/04feqxb79,Atomic Energy Organization of Iran,IR,Iran,1,SNS,2001-2005,incoming
https://ror.org/04fg7fb49,Institute of Cell Biology,UA,Ukraine,3,SNS,2001-2005,incoming
https://ror.org/04fnmyb71,"Istituto Nazionale di Fisica Nucleare, Gruppo Collegato di Parma",IT,Italy,7,SNS,2001-2005,incoming
https://ror.org/04fnrxr62,Haverford College,US,United States,56,SNS,2001-2005,incoming
https://ror.org/04fnxsj42,University of North Carolina at Greensboro,US,United States,48,SNS,2001-2005,incoming
https://ror.org/04fp4ps48,Franklin & Marshall College,US,United States,1,SNS,2001-2005,incoming
https://ror.org/04fsd0842,Solent NHS Trust,GB,United Kingdom,1,SNS,2001-2005,incoming
https://ror.org/04fttyv97,University of Arkansas at Little Rock,US,United States,3,SNS,2001-2005,incoming
https://ror.org/04fw54a43,Indian Council of Agricultural Research,IN,India,26,SNS,2001-2005,incoming
https://ror.org/04g2vpn86,Royal Holloway University of London,GB,United Kingdom,1355,SNS,2001-2005,incoming
https://ror.org/04g3scy39,Government of South Australia,AU,Australia,1,SNS,2001-2005,incoming
https://ror.org/04g6bbq64,Adam Mickiewicz University in Poznań,PL,Poland,52,SNS,2001-2005,incoming
https://ror.org/04g9zpa43,S. C. Institute of Health Science and Research,JP,Japan,1,SNS,2001-2005,incoming
https://ror.org/04gbpnx96,University of Opole,PL,Poland,1,SNS,2001-2005,incoming
https://ror.org/04gecbm52,Lam Research (United States),US,United States,4,SNS,2001-2005,incoming
https://ror.org/04gnjpq42,National and Kapodistrian University of Athens,GR,Greece,115,SNS,2001-2005,incoming
https://ror.org/04gp5j812,Materials Research Center,IN,India,1,SNS,2001-2005,incoming
https://ror.org/04gpcyk21,Japan Women's University,JP,Japan,1,SNS,2001-2005,incoming
https://ror.org/04gpjfg13,International Centre for Materials Physics,CN,China,1,SNS,2001-2005,incoming
https://ror.org/04gqg1a07,Université Savoie Mont Blanc,FR,France,2296,SNS,2001-2005,incoming
https://ror.org/04gqx4x78,Università Campus Bio-Medico,IT,Italy,1,SNS,2001-2005,incoming
https://ror.org/04gsp2c11,James Cook University,AU,Australia,8,SNS,2001-2005,incoming
https://ror.org/04gyf1771,"University of California, Irvine",US,United States,2126,SNS,2001-2005,incoming
https://ror.org/04gzb2213,University of Delhi,IN,India,42,SNS,2001-2005,incoming
https://ror.org/04gzbav43,Amirkabir University of Technology,IR,Iran,1,SNS,2001-2005,incoming
https://ror.org/04h1h0y33,Centre National d'Études Spatiales,FR,France,15,SNS,2001-2005,incoming
https://ror.org/04h3h5b09,Institute of Physics Belgrade,RS,Serbia,9,SNS,2001-2005,incoming
https://ror.org/04h699437,University of Leicester,GB,United Kingdom,28,SNS,2001-2005,incoming
https://ror.org/04h6w7946,University of the Fraser Valley,CA,Canada,2,SNS,2001-2005,incoming
https://ror.org/04h9pn542,Seoul National University,KR,South Korea,1054,SNS,2001-2005,incoming
https://ror.org/04haebc03,Memorial University of Newfoundland,CA,Canada,1,SNS,2001-2005,incoming
https://ror.org/04hd4qy94,Ospedale SS. Annunziata,IT,Italy,1,SNS,2001-2005,incoming
https://ror.org/04hmgwg30,Karolinska Institutet Innovations (Sweden),SE,Sweden,19,SNS,2001-2005,incoming
https://ror.org/04hnrs676,Universidade de Mogi das Cruzes,BR,Brazil,2,SNS,2001-2005,incoming
https://ror.org/04hrrh248,Institute of Mathematics,PL,Poland,1,SNS,2001-2005,incoming
https://ror.org/04hx2r306,Eureka Scientific,US,United States,1,SNS,2001-2005,incoming
https://ror.org/04j36h363,Children's Hospital & Medical Center,US,United States,2,SNS,2001-2005,incoming
https://ror.org/04j3eks61,Institute of Solid State Physics,CN,China,3,SNS,2001-2005,incoming
https://ror.org/04j485w94,Allergy Associates Research Center,US,United States,2,SNS,2001-2005,incoming
https://ror.org/04j5wtv36,Directorate-General Joint Research Centre,BE,Belgium,1,SNS,2001-2005,incoming
https://ror.org/04j6jb515,Istituti Fisioterapici Ospitalieri,IT,Italy,3,SNS,2001-2005,incoming
https://ror.org/04j757h98,Victoria University,AU,Australia,1,SNS,2001-2005,incoming
https://ror.org/04je98850,Fu Jen Catholic University,TW,Taiwan,7,SNS,2001-2005,incoming
https://ror.org/04jhswv08,Fundação Oswaldo Cruz,BR,Brazil,3,SNS,2001-2005,incoming
https://ror.org/04jmt9361,University of Madras,IN,India,6,SNS,2001-2005,incoming
https://ror.org/04jr01610,Carnegie Institution for Science,US,United States,4,SNS,2001-2005,incoming
https://ror.org/04jr1s763,University of Florence,IT,Italy,974,SNS,2001-2005,incoming
https://ror.org/04jsz6e67,Dutch Research Council,NL,The Netherlands,51,SNS,2001-2005,incoming
https://ror.org/04jvemc39,Max Planck Institute for Radio Astronomy,DE,Germany,5,SNS,2001-2005,incoming
https://ror.org/04jvka613,"National Institute of Technology, Toyama College",JP,Japan,68,SNS,2001-2005,incoming
https://ror.org/04jymbd90,"Czech Academy of Sciences, Nuclear Physics Institute",CZ,Czechia,2,SNS,2001-2005,incoming
https://ror.org/04jzps455,Structural Genomics Consortium,CA,Canada,2,SNS,2001-2005,incoming
https://ror.org/04k093t90,Chaudhary Sarwan Kumar Himachal Pradesh Krishi Vishvavidyalaya,IN,India,1,SNS,2001-2005,incoming
https://ror.org/04k83g518,Concordia University Wisconsin,US,United States,7,SNS,2001-2005,incoming
https://ror.org/04k8k6n84,Université de Haute-Alsace,FR,France,32,SNS,2001-2005,incoming
https://ror.org/04ka0vh05,Instituto de Astrofísica de Andalucía,ES,Spain,9,SNS,2001-2005,incoming
https://ror.org/04kdfz702,Institut National des Sciences de l'Univers,FR,France,183,SNS,2001-2005,incoming
https://ror.org/04kfn4587,Mount Sinai Health System,US,United States,1,SNS,2001-2005,incoming
https://ror.org/04kfyt897,Center for Theoretical Physics,PL,Poland,3,SNS,2001-2005,incoming
https://ror.org/04khwmr87,Vienna Biocenter,AT,Austria,1,SNS,2001-2005,incoming
https://ror.org/04kp2b655,University of Brighton,GB,United Kingdom,1,SNS,2001-2005,incoming
https://ror.org/04kp2z675,"National Institute of Technology, Gunma College",JP,Japan,4,SNS,2001-2005,incoming
https://ror.org/04kqgqa72,Mississippi Institutions of Higher Learning,US,United States,1961,SNS,2001-2005,incoming
https://ror.org/04ksd4g47,National Institute of Informatics,JP,Japan,1,SNS,2001-2005,incoming
https://ror.org/04kwfkk85,Nokia (France),FR,France,78,SNS,2001-2005,incoming
https://ror.org/04kwvgz42,Hacettepe University,TR,Turkey,6,SNS,2001-2005,incoming
https://ror.org/04kz5ba43,WSB Merito University in Poznan,PL,Poland,2,SNS,2001-2005,incoming
https://ror.org/04m01e293,University of York,GB,United Kingdom,8,SNS,2001-2005,incoming
https://ror.org/04m24yn62,National Radio Astronomy Observatory,US,United States,28,SNS,2001-2005,incoming
https://ror.org/04m2ybb32,Nagoya City Science Museum,JP,Japan,1,SNS,2001-2005,incoming
https://ror.org/04m4wwh75,Altai State University,RU,Russia,3,SNS,2001-2005,incoming
https://ror.org/04m5j1k67,Aalborg University,DK,Denmark,1,SNS,2001-2005,incoming
https://ror.org/04mczx267,National Academy of Sciences of Armenia,AM,Armenia,2,SNS,2001-2005,incoming
https://ror.org/04mg3nk07,San Diego Supercomputer Center,US,United States,13,SNS,2001-2005,incoming
https://ror.org/04mghma93,Heriot-Watt University,GB,United Kingdom,47,SNS,2001-2005,incoming
https://ror.org/04mh52z70,Smithsonian Astrophysical Observatory,US,United States,2,SNS,2001-2005,incoming
https://ror.org/04mhzgx49,Tel Aviv University,IL,Israel,171,SNS,2001-2005,incoming
https://ror.org/04mte1k06,National Research Council Canada,CA,Canada,40,SNS,2001-2005,incoming
https://ror.org/04mvpxy20,Huzhou University,CN,China,1,SNS,2001-2005,incoming
https://ror.org/04mvr1r74,Intermountain Healthcare,US,United States,2,SNS,2001-2005,incoming
https://ror.org/04mxxkb11,Universidad de Cádiz,ES,Spain,2,SNS,2001-2005,incoming
https://ror.org/04mz5ra38,University of Duisburg-Essen,DE,Germany,7,SNS,2001-2005,incoming
https://ror.org/04mz9mt17,University of Nottingham Malaysia Campus,MY,Malaysia,2,SNS,2001-2005,incoming
https://ror.org/04mzk4q39,Showa University,JP,Japan,1,SNS,2001-2005,incoming
https://ror.org/04n0g0b29,Universitat Pompeu Fabra,ES,Spain,9,SNS,2001-2005,incoming
https://ror.org/04ngpga37,Park University,US,United States,6,SNS,2001-2005,incoming
https://ror.org/04njjy449,Universidad de Granada,ES,Spain,44,SNS,2001-2005,incoming
https://ror.org/04nkhwh30,University of Hull,GB,United Kingdom,2,SNS,2001-2005,incoming
https://ror.org/04nt8b154,Fukuoka University,JP,Japan,1,SNS,2001-2005,incoming
https://ror.org/04nxkaq16,Università degli studi di Cassino e del Lazio Meridionale,IT,Italy,544,SNS,2001-2005,incoming
https://ror.org/04nytyj38,Shanghai Institute of Microsystem and Information Technology,CN,China,16,SNS,2001-2005,incoming
https://ror.org/04p2sbk06,Panjab University,IN,India,341,SNS,2001-2005,incoming
https://ror.org/04p491231,Pennsylvania State University,US,United States,57,SNS,2001-2005,incoming
https://ror.org/04p4e8t29,Research Organization of Information and Systems,JP,Japan,1,SNS,2001-2005,incoming
https://ror.org/04p5ggc03,Max Delbrück Center,DE,Germany,7,SNS,2001-2005,incoming
https://ror.org/04p9k2z50,Universitat Ramon Llull,ES,Spain,38,SNS,2001-2005,incoming
https://ror.org/04pkc8m17,Nokia (Finland),FI,Finland,78,SNS,2001-2005,incoming
https://ror.org/04pm4x478,Istanbul Bilgi University,TR,Turkey,1,SNS,2001-2005,incoming
https://ror.org/04pmn0e78,Universidad de Alcalá,ES,Spain,1,SNS,2001-2005,incoming
https://ror.org/04pp8hn57,Utrecht University,NL,The Netherlands,85,SNS,2001-2005,incoming
https://ror.org/04ptp8872,London Centre for Nanotechnology,GB,United Kingdom,1,SNS,2001-2005,incoming
https://ror.org/04py35477,Max Planck Institute of Biochemistry,DE,Germany,8,SNS,2001-2005,incoming
https://ror.org/04pznag94,Hospital Universitário Clementino Fraga Filho,BR,Brazil,2,SNS,2001-2005,incoming
https://ror.org/04pznsd21,American University of Beirut,LB,Lebanon,2,SNS,2001-2005,incoming
https://ror.org/04q0r6m34,Universidad Autónoma de la Ciudad de México,MX,Mexico,1,SNS,2001-2005,incoming
https://ror.org/04q4kt073,University of Urbino,IT,Italy,231,SNS,2001-2005,incoming
https://ror.org/04q6c7p66,China University of Geosciences (Beijing),CN,China,2,SNS,2001-2005,incoming
https://ror.org/04q78tk20,Sungkyunkwan University,KR,South Korea,999,SNS,2001-2005,incoming
https://ror.org/04q9esz89,Louisiana Tech University,US,United States,41,SNS,2001-2005,incoming
https://ror.org/04qcjsm24,The Maria Sklodowska-Curie National Research Institute of Oncology,PL,Poland,2,SNS,2001-2005,incoming
https://ror.org/04qcpkd70,Institute of Bioinformatics and Applied Biotechnology,IN,India,1,SNS,2001-2005,incoming
https://ror.org/04qfh2k37,Mongolian Academy of Sciences,MN,Mongolia,1,SNS,2001-2005,incoming
https://ror.org/04qh86j58,Korean Association Of Science and Technology Studies,KR,South Korea,30,SNS,2001-2005,incoming
https://ror.org/04qk6pt94,Wright State University,US,United States,1,SNS,2001-2005,incoming
https://ror.org/04qmmjx98,Osnabrück University,DE,Germany,2,SNS,2001-2005,incoming
https://ror.org/04qpssw85,State Research Center of the Russian Federation,RU,Russia,1,SNS,2001-2005,incoming
https://ror.org/04qr3zq92,University of Electronic Science and Technology of China,CN,China,1,SNS,2001-2005,incoming
https://ror.org/04qr5t414,North China Electric Power University,CN,China,2,SNS,2001-2005,incoming
https://ror.org/04qskqr65,Arecibo Observatory,US,United States,2,SNS,2001-2005,incoming
https://ror.org/04qst6c17,Peralta Community College District,US,United States,2,SNS,2001-2005,incoming
https://ror.org/04qtj9h94,Technical University of Denmark,DK,Denmark,8,SNS,2001-2005,incoming
https://ror.org/04qw24q55,Wageningen University & Research,NL,The Netherlands,1,SNS,2001-2005,incoming
https://ror.org/04qxnmv42,Palacký University Olomouc,CZ,Czechia,8,SNS,2001-2005,incoming
https://ror.org/04qyvz380,San Jose State University,US,United States,3,SNS,2001-2005,incoming
https://ror.org/04qzfn040,University of KwaZulu-Natal,ZA,South Africa,5,SNS,2001-2005,incoming
https://ror.org/04qzrw529,Yaroslav-the-Wise Novgorod State University,RU,Russia,1,SNS,2001-2005,incoming
https://ror.org/04r3kq386,Uniformed Services University of the Health Sciences,US,United States,2,SNS,2001-2005,incoming
https://ror.org/04r45q768,Universities Austria,AT,Austria,2,SNS,2001-2005,incoming
https://ror.org/04r5fge26,Institute for High Performance Computing and Networking,IT,Italy,10,SNS,2001-2005,incoming
https://ror.org/04r9x1a08,AstraZeneca (United Kingdom),GB,United Kingdom,1,SNS,2001-2005,incoming
https://ror.org/04raf6v53,Colorado School of Mines,US,United States,2,SNS,2001-2005,incoming
https://ror.org/04rb60x98,Parc Científic de la Universitat de València,ES,Spain,1,SNS,2001-2005,incoming
https://ror.org/04rc0xn13,Environmental Molecular Sciences Laboratory,US,United States,40,SNS,2001-2005,incoming
https://ror.org/04rgqcd02,Centre de recherche du CHU de Québec-Université Laval,CA,Canada,3,SNS,2001-2005,incoming
https://ror.org/04rq5mt64,"University of Maryland, Baltimore",US,United States,15,SNS,2001-2005,incoming
https://ror.org/04rr0m327,University of Montana Western,US,United States,1,SNS,2001-2005,incoming
https://ror.org/04rswrd78,Iowa State University,US,United States,2006,SNS,2001-2005,incoming
https://ror.org/04rt94r53,Barnard College,US,United States,2,SNS,2001-2005,incoming
https://ror.org/04rvw0k47,University of Shizuoka,JP,Japan,7,SNS,2001-2005,incoming
https://ror.org/04ryvdf08,Space Research Institute,RU,Russia,5,SNS,2001-2005,incoming
https://ror.org/04s3cat53,Wakayama Prefectural Research Center of Environment and Public Health,JP,Japan,1,SNS,2001-2005,incoming
https://ror.org/04s5mat29,University of Victoria,CA,Canada,1987,SNS,2001-2005,incoming
https://ror.org/04s629c33,National Institute of Health Sciences,JP,Japan,3,SNS,2001-2005,incoming
https://ror.org/04s99y476,China West Normal University,CN,China,1,SNS,2001-2005,incoming
https://ror.org/04s9hft57,Quaid-i-Azam University,PK,Pakistan,6,SNS,2001-2005,incoming
https://ror.org/04scfb908,Alfred Health,AU,Australia,5,SNS,2001-2005,incoming
https://ror.org/04sjpp691,National Museums of Kenya,KE,Kenya,1,SNS,2001-2005,incoming
https://ror.org/04sm5zn07,Boeing (United States),US,United States,4,SNS,2001-2005,incoming
https://ror.org/04smrs866,Institute of Neurobiology and Molecular Medicine,IT,Italy,1,SNS,2001-2005,incoming
https://ror.org/04sn06036,Institute for Experimental Endocrinology and Oncology,IT,Italy,2,SNS,2001-2005,incoming
https://ror.org/04sqkw483,University of Georgia Research Foundation,US,United States,6,SNS,2001-2005,incoming
https://ror.org/04sqpjb51,"Universidad de San Buenaventura, Bogota",CO,Colombia,32,SNS,2001-2005,incoming
https://ror.org/04sy7nb49,Leibniz-Institute for Food Systems Biology at the Technical University of Munich,DE,Germany,3,SNS,2001-2005,incoming
https://ror.org/04szabx38,Institut de Biologie Structurale,FR,France,3,SNS,2001-2005,incoming
https://ror.org/04t0gwh46,Institut Curie,FR,France,4,SNS,2001-2005,incoming
https://ror.org/04t24x986,Novartis (Austria),AT,Austria,1,SNS,2001-2005,incoming
https://ror.org/04t2ss102,Novosibirsk State University,RU,Russia,73,SNS,2001-2005,incoming
https://ror.org/04t3en479,Karlsruhe Institute of Technology,DE,Germany,1281,SNS,2001-2005,incoming
https://ror.org/04t4pcw17,Astronomical Observatory,RS,Serbia,3,SNS,2001-2005,incoming
https://ror.org/04t5xt781,Northeastern University,US,United States,157,SNS,2001-2005,incoming
https://ror.org/04t6wsp57,Instituto de Estudos Avançados da Universidade de São Paulo,BR,Brazil,2,SNS,2001-2005,incoming
https://ror.org/04t730v47,National Technological University,AR,Argentina,7,SNS,2001-2005,incoming
https://ror.org/04t8qjg16,Central Drug Research Institute,IN,India,1,SNS,2001-2005,incoming
https://ror.org/04td37d32,Institut National de la Recherche Scientifique,CA,Canada,2,SNS,2001-2005,incoming
https://ror.org/04teye511,Pontificia Universidad Católica de Chile,CL,Chile,20,SNS,2001-2005,incoming
https://ror.org/04tft4718,Tamkang University,TW,Taiwan,1,SNS,2001-2005,incoming
https://ror.org/04tfzc498,Istituti di Ricovero e Cura a Carattere Scientifico,IT,Italy,22,SNS,2001-2005,incoming
https://ror.org/04tj63d06,North Carolina State University,US,United States,18,SNS,2001-2005,incoming
https://ror.org/04tk2gy88,University of Florida Health,US,United States,1,SNS,2001-2005,incoming
https://ror.org/04tmmky42,Grinnell College,US,United States,3,SNS,2001-2005,incoming
https://ror.org/04tnvnq52,Délégation Paris B,FR,France,10,SNS,2001-2005,incoming
https://ror.org/04tqcn816,Health Sciences University of Hokkaido,JP,Japan,1,SNS,2001-2005,incoming
https://ror.org/04tsc8g87,National Kaohsiung Normal University,TW,Taiwan,106,SNS,2001-2005,incoming
https://ror.org/04tsk2644,Ruhr University Bochum,DE,Germany,1946,SNS,2001-2005,incoming
https://ror.org/04ttjf776,RMIT University,AU,Australia,19,SNS,2001-2005,incoming
https://ror.org/04ttnw109,Sakarya University,TR,Turkey,3,SNS,2001-2005,incoming
https://ror.org/04twccc71,National United University,TW,Taiwan,174,SNS,2001-2005,incoming
https://ror.org/04twxam07,The University of Texas MD Anderson Cancer Center,US,United States,7,SNS,2001-2005,incoming
https://ror.org/04txhk134,Eastern University,US,United States,3,SNS,2001-2005,incoming
https://ror.org/04v0as660,Hillingdon Hospitals NHS Foundation Trust,GB,United Kingdom,28,SNS,2001-2005,incoming
https://ror.org/04v76ef78,Christian-Albrechts-Universität zu Kiel,DE,Germany,19,SNS,2001-2005,incoming
https://ror.org/04v8djg66,Atrium Health Wake Forest Baptist,US,United States,2,SNS,2001-2005,incoming
https://ror.org/04v9v0986,CFA Institute,US,United States,29,SNS,2001-2005,incoming
https://ror.org/04vc81p87,University of Sannio,IT,Italy,18,SNS,2001-2005,incoming
https://ror.org/04vfs5h36,Washington State University Spokane,US,United States,168,SNS,2001-2005,incoming
https://ror.org/04vg4w365,Loughborough University,GB,United Kingdom,2,SNS,2001-2005,incoming
https://ror.org/04vmvtb21,Tulane University,US,United States,7,SNS,2001-2005,incoming
https://ror.org/04vnq7t77,University of Stuttgart,DE,Germany,89,SNS,2001-2005,incoming
https://ror.org/04vpw3947,Spire Southampton Hospital,GB,United Kingdom,2,SNS,2001-2005,incoming
https://ror.org/04vq9c111,Staatliche Hochschule für Gestaltung Karlsruhe,DE,Germany,3,SNS,2001-2005,incoming
https://ror.org/04vqm6w82,Whitehead Institute for Biomedical Research,US,United States,1,SNS,2001-2005,incoming
https://ror.org/04vv4v570,Landmark College,US,United States,2,SNS,2001-2005,incoming
https://ror.org/04vy5s568,Universidad del Zulia,VE,Venezuela,1,SNS,2001-2005,incoming
https://ror.org/04vy95b61,National Science and Technology Development Agency,TH,Thailand,1,SNS,2001-2005,incoming
https://ror.org/04w4m6z96,"Istituto Nazionale di Fisica Nucleare, Sezione di Milano",IT,Italy,5,SNS,2001-2005,incoming
https://ror.org/04w6pnc49,Hungarian Research Network,HU,Hungary,46,SNS,2001-2005,incoming
https://ror.org/04w6xt508,University of Minnesota Crookston,US,United States,81,SNS,2001-2005,incoming
https://ror.org/04w8z7f34,National Research Nuclear University MEPhI,RU,Russia,7,SNS,2001-2005,incoming
https://ror.org/04waf7p94,Instytut Biologii Doświadczalnej im. Marcelego Nenckiego,PL,Poland,2,SNS,2001-2005,incoming
https://ror.org/04wez5e68,Université Paris 8,FR,France,814,SNS,2001-2005,incoming
https://ror.org/04wffgt70,Universidade Estadual de Campinas (UNICAMP),BR,Brazil,25,SNS,2001-2005,incoming
https://ror.org/04whwem28,Japan College of Social Work,JP,Japan,2,SNS,2001-2005,incoming
https://ror.org/04wkdwp52,Institut Català de la Salut,ES,Spain,1,SNS,2001-2005,incoming
https://ror.org/04wn7wc95,Nagoya City University,JP,Japan,2,SNS,2001-2005,incoming
https://ror.org/04wnheq77,Institute for Physics,US,United States,1,SNS,2001-2005,incoming
https://ror.org/04wq8zb47,Sultan Qaboos University,OM,Oman,2,SNS,2001-2005,incoming
https://ror.org/04wqh5h97,Institute for Molecular Science,JP,Japan,13,SNS,2001-2005,incoming
https://ror.org/04ww21r56,Niigata University,JP,Japan,274,SNS,2001-2005,incoming
https://ror.org/04wwrrg31,AstraZeneca (Sweden),SE,Sweden,1,SNS,2001-2005,incoming
https://ror.org/04wxdxa47,Hospital Universitari Germans Trias i Pujol,ES,Spain,1,SNS,2001-2005,incoming
https://ror.org/04x0n3178,Instituto de Biología Molecular y Celular de Rosario,AR,Argentina,1,SNS,2001-2005,incoming
https://ror.org/04x48z588,European Laboratory for Non-Linear Spectroscopy,IT,Italy,34,SNS,2001-2005,incoming
https://ror.org/04x4v8p40,Pfizer (United Kingdom),GB,United Kingdom,2,SNS,2001-2005,incoming
https://ror.org/04xaa4j22,Institut National des Sciences Appliquées de Rennes,FR,France,2,SNS,2001-2005,incoming
https://ror.org/04xbn6x09,Instituto Nacional de Pesquisas Espaciais,BR,Brazil,17,SNS,2001-2005,incoming
https://ror.org/04xdyc983,Włodzimierz Trzebiatowski Institute of Low Temperature and Structure Research,PL,Poland,3,SNS,2001-2005,incoming
https://ror.org/04xe01d27,University of Tarapacá,CL,Chile,1,SNS,2001-2005,incoming
https://ror.org/04xf6nm78,Cadi Ayyad University,MA,Morocco,1,SNS,2001-2005,incoming
https://ror.org/04xfdsg27,Telethon Institute Of Genetics And Medicine,IT,Italy,1,SNS,2001-2005,incoming
https://ror.org/04xfp8b22,Naval Research Laboratory Information Technology Division,US,United States,1,SNS,2001-2005,incoming
https://ror.org/04xfq0f34,RWTH Aachen University,DE,Germany,294,SNS,2001-2005,incoming
https://ror.org/04xhy8q59,Université de Poitiers,FR,France,1,SNS,2001-2005,incoming
https://ror.org/04xmteb38,Laboratoire Jacques-Louis Lions,FR,France,7,SNS,2001-2005,incoming
https://ror.org/04xqwq985,Inje University,KR,South Korea,1,SNS,2001-2005,incoming
https://ror.org/04xraxn18,Fondazione Telethon,IT,Italy,8,SNS,2001-2005,incoming
https://ror.org/04xreqs31,Institute for Research in Fundamental Sciences,IR,Iran,6,SNS,2001-2005,incoming
https://ror.org/04xs57h96,University of Liverpool,GB,United Kingdom,2785,SNS,2001-2005,incoming
https://ror.org/04xsj2p07,Observatoire astronomique de Strasbourg,FR,France,4,SNS,2001-2005,incoming
https://ror.org/04xysgw12,Pohang University of Science and Technology,KR,South Korea,16,SNS,2001-2005,incoming
https://ror.org/04y3yya25,Institut Químic de Sarrià,ES,Spain,1,SNS,2001-2005,incoming
https://ror.org/04y6n3q27,Institute for High Energy Physics,NL,The Netherlands,655,SNS,2001-2005,incoming
https://ror.org/04y75dx46,Institute of Medical Sciences,IN,India,1,SNS,2001-2005,incoming
https://ror.org/04y8cs423,École Nationale Supérieure des Mines de Paris,FR,France,127,SNS,2001-2005,incoming
https://ror.org/04ycpbx82,University of Westminster,GB,United Kingdom,1,SNS,2001-2005,incoming
https://ror.org/04ydmy275,University of Massachusetts Boston,US,United States,3,SNS,2001-2005,incoming
https://ror.org/04yh6v913,North Asia University,JP,Japan,1,SNS,2001-2005,incoming
https://ror.org/04yj19304,California Baptist University,US,United States,1339,SNS,2001-2005,incoming
https://ror.org/04ypx8c21,Zhengzhou University,CN,China,7,SNS,2001-2005,incoming
https://ror.org/04yqw9c44,Universidade Federal de Juiz de Fora,BR,Brazil,5,SNS,2001-2005,incoming
https://ror.org/04yrqp957,Université d'Angers,FR,France,2,SNS,2001-2005,incoming
https://ror.org/04yvd9h56,Kanagawa Academy of Science and Technology,JP,Japan,2,SNS,2001-2005,incoming
https://ror.org/04ywz9252,Islamic Azad University Kerman,IR,Iran,1,SNS,2001-2005,incoming
https://ror.org/04yznqr36,Université Jean Monnet,FR,France,2,SNS,2001-2005,incoming
https://ror.org/04yzxz566,Ca' Foscari University of Venice,IT,Italy,10,SNS,2001-2005,incoming
https://ror.org/04z08z627,University of Molise,IT,Italy,501,SNS,2001-2005,incoming
https://ror.org/04z1g6718,Brookhaven College,US,United States,5,SNS,2001-2005,incoming
https://ror.org/04z3y3f62,Osservatorio Astronomico di Padova,IT,Italy,3,SNS,2001-2005,incoming
https://ror.org/04z49n283,Fairfield University,US,United States,6,SNS,2001-2005,incoming
https://ror.org/04z893x06,Langston University,US,United States,37,SNS,2001-2005,incoming
https://ror.org/04z8k9a98,University of Coimbra,PT,Portugal,13,SNS,2001-2005,incoming
https://ror.org/04zaaa143,Laboratoire de Physique Théorique de la Matière Condensée,FR,France,3,SNS,2001-2005,incoming
https://ror.org/04zaypm56,National Research Council,IT,Italy,964,SNS,2001-2005,incoming
https://ror.org/04zb59n70,Leibniz Institute for Solid State and Materials Research,DE,Germany,2,SNS,2001-2005,incoming
https://ror.org/04zdays56,Instituto de Biología Molecular y Celular de Plantas,ES,Spain,1,SNS,2001-2005,incoming
https://ror.org/04ze6rb18,University of Zimbabwe,ZW,Zimbabwe,1,SNS,2001-2005,incoming
https://ror.org/04zfme737,Liverpool John Moores University,GB,United Kingdom,3,SNS,2001-2005,incoming
https://ror.org/04zjtrb98,Old Dominion University,US,United States,10,SNS,2001-2005,incoming
https://ror.org/04zjvnp94,Clalit Health Services,IL,Israel,1,SNS,2001-2005,incoming
https://ror.org/04zmssz18,École Normale Supérieure de Lyon,FR,France,13,SNS,2001-2005,incoming
https://ror.org/04zrf7b53,University of Kaiserslautern,DE,Germany,4,SNS,2001-2005,incoming
https://ror.org/0504dfg48,Tohoku Gakuin University,JP,Japan,254,SNS,2001-2005,incoming
https://ror.org/0506y2b23,"Istituto Nazionale Tumori IRCCS ""Fondazione G. Pascale""",IT,Italy,11,SNS,2001-2005,incoming
https://ror.org/05078rg59,Institute of Mathematical Sciences,IN,India,20,SNS,2001-2005,incoming
https://ror.org/0509djg30,Indian Institute of Technology Dharwad,IN,India,3,SNS,2001-2005,incoming
https://ror.org/050a13t43,Moscow State University,TJ,Tajikistan,5,SNS,2001-2005,incoming
https://ror.org/050c3cw24,Universitat de Lleida,ES,Spain,2,SNS,2001-2005,incoming
https://ror.org/050fgfc71,State Key Laboratory of Applied Organic Chemistry,CN,China,3,SNS,2001-2005,incoming
https://ror.org/050jcm728,Institut National des Sciences Mathématiques et de leurs Interactions,FR,France,27,SNS,2001-2005,incoming
https://ror.org/050jn9y42,Institut National des Sciences Appliquées de Lyon,FR,France,1,SNS,2001-2005,incoming
https://ror.org/050kcr883,Illinois State University,US,United States,38,SNS,2001-2005,incoming
https://ror.org/050mac570,National Institute of Chemistry,SI,Slovenia,1,SNS,2001-2005,incoming
https://ror.org/050p6gz73,Indian Association for the Cultivation of Science,IN,India,13,SNS,2001-2005,incoming
https://ror.org/050qmg959,Singapore Management University,SG,Singapore,5,SNS,2001-2005,incoming
https://ror.org/050rg6t21,Prokhorov General Physics Institute,RU,Russia,4,SNS,2001-2005,incoming
https://ror.org/050sv4x28,Buck Institute for Research on Aging,US,United States,2,SNS,2001-2005,incoming
https://ror.org/050zdnc69,"Ministry of Science, Technology and Innovation",BR,Brazil,109,SNS,2001-2005,incoming
https://ror.org/0516ah480,"The Graduate University for Advanced Studies, SOKENDAI",JP,Japan,31,SNS,2001-2005,incoming
https://ror.org/051escj72,Université de Montpellier,FR,France,85,SNS,2001-2005,incoming
https://ror.org/051fd9666,Case Western Reserve University,US,United States,21,SNS,2001-2005,incoming
https://ror.org/051fftw81,Division of Mathematical Sciences,US,United States,1,SNS,2001-2005,incoming
https://ror.org/051fvmk98,University of Alabama System,US,United States,20,SNS,2001-2005,incoming
https://ror.org/051kpcy16,Université de Caen Normandie,FR,France,7,SNS,2001-2005,incoming
https://ror.org/051q2m369,Hankuk University of Foreign Studies,KR,South Korea,1,SNS,2001-2005,incoming
https://ror.org/051smb947,Nagasaki Institute of Applied Science,JP,Japan,7,SNS,2001-2005,incoming
https://ror.org/051sx6d27,Dublin Institute For Advanced Studies,IE,Ireland,1,SNS,2001-2005,incoming
https://ror.org/051v7w268,Istituto Pasteur,IT,Italy,20,SNS,2001-2005,incoming
https://ror.org/051wnqr14,Department of Defence,AU,Australia,3,SNS,2001-2005,incoming
https://ror.org/051xsx468,Instituto de Biofísica Carlos Chagas Filho,BR,Brazil,1,SNS,2001-2005,incoming
https://ror.org/0524sp257,University of Bristol,GB,United Kingdom,1979,SNS,2001-2005,incoming
https://ror.org/05256ym39,Kazan Federal University,RU,Russia,1,SNS,2001-2005,incoming
https://ror.org/05277x335,Joint Institute for Computational Sciences,US,United States,1,SNS,2001-2005,incoming
https://ror.org/05290cv24,University of Naples Federico II,IT,Italy,3129,SNS,2001-2005,incoming
https://ror.org/052ahj806,Centre de Génétique Moléculaire,FR,France,4,SNS,2001-2005,incoming
https://ror.org/052bz7812,Université Paris Dauphine-PSL,FR,France,1,SNS,2001-2005,incoming
https://ror.org/052czxv31,Massey University,NZ,New Zealand,3,SNS,2001-2005,incoming
https://ror.org/052d0h423,Max Planck Institute for Nuclear Physics,DE,Germany,52,SNS,2001-2005,incoming
https://ror.org/052g8jq94,Universitat Autònoma de Barcelona,ES,Spain,1214,SNS,2001-2005,incoming
https://ror.org/052gg0110,University of Oxford,GB,United Kingdom,2661,SNS,2001-2005,incoming
https://ror.org/052kcks88,Universidade Lusófona do Porto,PT,Portugal,14,SNS,2001-2005,incoming
https://ror.org/052kwzs30,King Khalid University,SA,Saudi Arabia,1,SNS,2001-2005,incoming
https://ror.org/052msxy68,Montana University System,US,United States,1,SNS,2001-2005,incoming
https://ror.org/052rphn09,Foundation for Research and Technology Hellas,GR,Greece,7,SNS,2001-2005,incoming
https://ror.org/052rrw050,National Astronomical Observatory of Japan,JP,Japan,173,SNS,2001-2005,incoming
https://ror.org/052zr0n46,Institute for Medical Research and Occupational Health,HR,Croatia,1,SNS,2001-2005,incoming
https://ror.org/0530bdk91,Magna Graecia University,IT,Italy,1,SNS,2001-2005,incoming
https://ror.org/0532c1x92,Poznań University of Economics and Business,PL,Poland,1,SNS,2001-2005,incoming
https://ror.org/05350h943,Center of Advanced European Studies and Research,DE,Germany,1,SNS,2001-2005,incoming
https://ror.org/0535cbe18,Kanazawa Medical University,JP,Japan,3,SNS,2001-2005,incoming
https://ror.org/0538gdx71,Jawaharlal Nehru Centre for Advanced Scientific Research,IN,India,2,SNS,2001-2005,incoming
https://ror.org/053avzc18,Czech Academy of Sciences,CZ,Czechia,133,SNS,2001-2005,incoming
https://ror.org/053e8a708,Showa Pharmaceutical University,JP,Japan,1,SNS,2001-2005,incoming
https://ror.org/053f2w588,Manisa Celal Bayar University,TR,Turkey,27,SNS,2001-2005,incoming
https://ror.org/053fp5c05,Ewha Womans University,KR,South Korea,14,SNS,2001-2005,incoming
https://ror.org/053fq8t95,Swansea University,GB,United Kingdom,24,SNS,2001-2005,incoming
https://ror.org/053g6we49,Zagazig University,EG,Egypt,1,SNS,2001-2005,incoming
https://ror.org/053hkmn05,Primary Children's Hospital,US,United States,2,SNS,2001-2005,incoming
https://ror.org/053pw6b94,Vitenparken,NO,Norway,4,SNS,2001-2005,incoming
https://ror.org/053tmcn30,MIT-Harvard Center for Ultracold Atoms,US,United States,1,SNS,2001-2005,incoming
https://ror.org/053w1zy07,Hunan Normal University,CN,China,33,SNS,2001-2005,incoming
https://ror.org/053zwxr79,United Nations University – Maastricht Economic and Social Research Institute on Innovation and Technology,NL,The Netherlands,4,SNS,2001-2005,incoming
https://ror.org/054225q67,Cancer Research UK,GB,United Kingdom,15,SNS,2001-2005,incoming
https://ror.org/05431kn12,Institute of Marine and Environmental Technology,US,United States,1,SNS,2001-2005,incoming
https://ror.org/0546hnb39,University of Konstanz,DE,Germany,19,SNS,2001-2005,incoming
https://ror.org/054a6wv56,Institute of Space Science - INFLPR Subsidiary,RO,Romania,1,SNS,2001-2005,incoming
https://ror.org/054b0b564,Texas Christian University,US,United States,1,SNS,2001-2005,incoming
https://ror.org/054gw3b40,Baku State University,AZ,Azerbaijan,1,SNS,2001-2005,incoming
https://ror.org/054hm6j14,Vollum Institute,US,United States,8,SNS,2001-2005,incoming
https://ror.org/054kvr030,University System of Taiwan,TW,Taiwan,260,SNS,2001-2005,incoming
https://ror.org/054pv6659,Universität Innsbruck,AT,Austria,50,SNS,2001-2005,incoming
https://ror.org/054qv7y42,Institut Polytechnique de Bordeaux,FR,France,3,SNS,2001-2005,incoming
https://ror.org/054xkpr46,Gazi University,TR,Turkey,5,SNS,2001-2005,incoming
https://ror.org/054y9c036,Telescopio Nazionale Galileo,ES,Spain,16,SNS,2001-2005,incoming
https://ror.org/05510vn56,Federico Santa María Technical University,CL,Chile,31,SNS,2001-2005,incoming
https://ror.org/0553yr311,Universidad de La Rioja,ES,Spain,1,SNS,2001-2005,incoming
https://ror.org/0554h7e84,Department of Earth Sciences,RU,Russia,1,SNS,2001-2005,incoming
https://ror.org/0556gk990,Touro University California,US,United States,1,SNS,2001-2005,incoming
https://ror.org/0556naa44,Yokkaichi University,JP,Japan,97,SNS,2001-2005,incoming
https://ror.org/0558j5q12,Universitatea Națională de Știință și Tehnologie Politehnica București,RO,Romania,1,SNS,2001-2005,incoming
https://ror.org/05591te55,Ludwig-Maximilians-Universität München,DE,Germany,185,SNS,2001-2005,incoming
https://ror.org/055eqsb67,National University of Mar del Plata,AR,Argentina,3,SNS,2001-2005,incoming
https://ror.org/055khg266,Institut Universitaire de France,FR,France,3,SNS,2001-2005,incoming
https://ror.org/055m2tx54,North Eastern Hill University,IN,India,3,SNS,2001-2005,incoming
https://ror.org/055mf0v62,King Mongkut's Institute of Technology Ladkrabang,TH,Thailand,2,SNS,2001-2005,incoming
https://ror.org/055n47h92,National Institutes of Natural Sciences,JP,Japan,19,SNS,2001-2005,incoming
https://ror.org/055qbch41,Institute of Basic Medical Sciences of the Chinese Academy of Medical Sciences,CN,China,1,SNS,2001-2005,incoming
https://ror.org/055rjs771,Institute of Microbial Technology,IN,India,2,SNS,2001-2005,incoming
https://ror.org/055yb9v95,IBM (Netherlands),NL,The Netherlands,1,SNS,2001-2005,incoming
https://ror.org/055yf1005,Nagoya Institute of Technology,JP,Japan,1,SNS,2001-2005,incoming
https://ror.org/055yg0521,University of Maryland School of Medicine,US,United States,4,SNS,2001-2005,incoming
https://ror.org/0561ghm58,Slovak University of Technology in Bratislava,SK,Slovakia,5,SNS,2001-2005,incoming
https://ror.org/0561n6946,Romanian Academy,RO,Romania,2,SNS,2001-2005,incoming
https://ror.org/0561zqn56,University System of Ohio,US,United States,2178,SNS,2001-2005,incoming
https://ror.org/0566a8c54,University of North Carolina System,US,United States,12,SNS,2001-2005,incoming
https://ror.org/0566yhn94,Jan Długosz University,PL,Poland,3,SNS,2001-2005,incoming
https://ror.org/0567t7073,Fox Chase Cancer Center,US,United States,1,SNS,2001-2005,incoming
https://ror.org/0567v8t28,Jawaharlal Nehru University,IN,India,1,SNS,2001-2005,incoming
https://ror.org/05695qy17,Instytut Farmaceutyczny,PL,Poland,1,SNS,2001-2005,incoming
https://ror.org/056am2717,Brock University,CA,Canada,1,SNS,2001-2005,incoming
https://ror.org/056ffv270,Imperial College Healthcare NHS Trust,GB,United Kingdom,6,SNS,2001-2005,incoming
https://ror.org/056hgyx35,University Prep,US,United States,1,SNS,2001-2005,incoming
https://ror.org/056hzt889,Institute for Quantum Optics and Quantum Information Innsbruck,AT,Austria,8,SNS,2001-2005,incoming
https://ror.org/056r5vk88,Penza State University,RU,Russia,2,SNS,2001-2005,incoming
https://ror.org/056szk247,Jishou University,CN,China,1,SNS,2001-2005,incoming
https://ror.org/056tb7j80,Universidad Nacional de Córdoba,AR,Argentina,3,SNS,2001-2005,incoming
https://ror.org/056tn4839,Sogang University,KR,South Korea,1,SNS,2001-2005,incoming
https://ror.org/056wdsj76,Research Institute for Pharmacy and Biochemistry (Czechia),CZ,Czechia,1,SNS,2001-2005,incoming
https://ror.org/05709zb94,Hamilton College,US,United States,4,SNS,2001-2005,incoming
https://ror.org/0575yy874,University Medical Center Utrecht,NL,The Netherlands,1,SNS,2001-2005,incoming
https://ror.org/057ewhh68,Augsburg University,US,United States,5,SNS,2001-2005,incoming
https://ror.org/057ff4y42,BOKU University,AT,Austria,2,SNS,2001-2005,incoming
https://ror.org/057g20z61,Science and Technology Facilities Council,GB,United Kingdom,2179,SNS,2001-2005,incoming
https://ror.org/057jm7w82,Tokyo University of Pharmacy and Life Sciences,JP,Japan,1,SNS,2001-2005,incoming
https://ror.org/057mn3690,National Chemical Laboratory,IN,India,15,SNS,2001-2005,incoming
https://ror.org/057q6n778,Dongguk University,KR,South Korea,5,SNS,2001-2005,incoming
https://ror.org/057qpr032,Université de Bordeaux,FR,France,13,SNS,2001-2005,incoming
https://ror.org/057ts1y80,Islamic University of Gaza,PS,Palestine,1,SNS,2001-2005,incoming
https://ror.org/057vy9683,Hamamatsu University,JP,Japan,1,SNS,2001-2005,incoming
https://ror.org/057w15z03,Erasmus University Rotterdam,NL,The Netherlands,8,SNS,2001-2005,incoming
https://ror.org/057xmsr27,Virginia Commonwealth University Medical Center,US,United States,1,SNS,2001-2005,incoming
https://ror.org/057zme681,Laboratoire de Chimie Bactérienne,FR,France,4,SNS,2001-2005,incoming
https://ror.org/0581g8849,Laboratoire d’Analyse et de Mathématiques Appliquées,FR,France,1,SNS,2001-2005,incoming
https://ror.org/0587ef340,Comenius University Bratislava,SK,Slovakia,49,SNS,2001-2005,incoming
https://ror.org/0589kgd85,Yukawa Institute for Theoretical Physics,JP,Japan,11,SNS,2001-2005,incoming
https://ror.org/058aed112,Los Angeles Community College District,US,United States,3,SNS,2001-2005,incoming
https://ror.org/058cjye32,Universidad de Guanajuato,MX,Mexico,22,SNS,2001-2005,incoming
https://ror.org/058h74p94,Nagasaki University,JP,Japan,3,SNS,2001-2005,incoming
https://ror.org/058kdrc56,National Center of Radiobiology and Radiation Protection,BG,Bulgaria,2,SNS,2001-2005,incoming
https://ror.org/058kzes98,University Museum Utrecht,NL,The Netherlands,6,SNS,2001-2005,incoming
https://ror.org/058kzsd48,Paderborn University,DE,Germany,2,SNS,2001-2005,incoming
https://ror.org/058m2zy02,Biblioteca Universitaria di Napoli,IT,Italy,5,SNS,2001-2005,incoming
https://ror.org/058m7ey48,Sandia National Laboratories California,US,United States,21,SNS,2001-2005,incoming
https://ror.org/058nrs650,Institute on Membrane Technology,IT,Italy,5,SNS,2001-2005,incoming
https://ror.org/058pyyv44,National Astronomical Observatories,CN,China,13,SNS,2001-2005,incoming
https://ror.org/058rymf81,National Research Council of Science and Technology,KR,South Korea,8,SNS,2001-2005,incoming
https://ror.org/058t6p923,Laboratoire Leprince-Ringuet,FR,France,890,SNS,2001-2005,incoming
https://ror.org/058t7w767,State Key Laboratory of Drug Research,CN,China,3,SNS,2001-2005,incoming
https://ror.org/058tw4f12,International Gemini Observatory,US,United States,1,SNS,2001-2005,incoming
https://ror.org/058w5nk68,Union College,US,United States,3,SNS,2001-2005,incoming
https://ror.org/058xzat49,Max Planck Institute of Immunobiology and Epigenetics,DE,Germany,1,SNS,2001-2005,incoming
https://ror.org/059636586,Istanbul Technical University,TR,Turkey,32,SNS,2001-2005,incoming
https://ror.org/059b5pb30,Konan University,JP,Japan,3,SNS,2001-2005,incoming
https://ror.org/059be4e97,NXP (Netherlands),NL,The Netherlands,2,SNS,2001-2005,incoming
https://ror.org/059dkdx38,National Taiwan Normal University,TW,Taiwan,58,SNS,2001-2005,incoming
https://ror.org/059et2b68,Université Oran 1 Ahmed Ben Bella,DZ,Algeria,1,SNS,2001-2005,incoming
https://ror.org/059gw8r13,Xinjiang University,CN,China,1,SNS,2001-2005,incoming
https://ror.org/059hhvg49,Arden University,GB,United Kingdom,2,SNS,2001-2005,incoming
https://ror.org/059rn9488,Hewlett-Packard (United States),US,United States,5,SNS,2001-2005,incoming
https://ror.org/059ryjv25,Chung Shan Medical University,TW,Taiwan,1,SNS,2001-2005,incoming
https://ror.org/059sp8j34,Instituto Politécnico Nacional,MX,Mexico,64,SNS,2001-2005,incoming
https://ror.org/059tqvg48,Department of Chemistry and Material Sciences,RU,Russia,9,SNS,2001-2005,incoming
https://ror.org/059x21724,University of Yamanashi,JP,Japan,2,SNS,2001-2005,incoming
https://ror.org/059yhyy33,Japan Aerospace Exploration Agency,JP,Japan,4,SNS,2001-2005,incoming
https://ror.org/059yx9a68,Universidad Nacional de Colombia,CO,Colombia,14,SNS,2001-2005,incoming
https://ror.org/05a0dhs15,École Normale Supérieure - PSL,FR,France,42,SNS,2001-2005,incoming
https://ror.org/05a15z872,Samsung Medical Center,KR,South Korea,1,SNS,2001-2005,incoming
https://ror.org/05a28rw58,ETH Zurich,CH,Switzerland,253,SNS,2001-2005,incoming
https://ror.org/05a353079,University Hospital of Lausanne,CH,Switzerland,1,SNS,2001-2005,incoming
https://ror.org/05a94k872,Johann Radon Institute for Computational and Applied Mathematics,AT,Austria,1,SNS,2001-2005,incoming
https://ror.org/05ab3fa41,New College,GB,United Kingdom,1,SNS,2001-2005,incoming
https://ror.org/05abbep66,Brandeis University,US,United States,790,SNS,2001-2005,incoming
https://ror.org/05aevyc10,Okayama University of Science,JP,Japan,1,SNS,2001-2005,incoming
https://ror.org/05afd6695,Maharaja Bir Bikram University,IN,India,863,SNS,2001-2005,incoming
https://ror.org/05ag62t55,Institut für Höhere Studien - Institute for Advanced Studies (IHS),AT,Austria,10,SNS,2001-2005,incoming
https://ror.org/05apxxy63,Korea Advanced Institute of Science and Technology,KR,South Korea,55,SNS,2001-2005,incoming
https://ror.org/05arfhc56,University of Rajasthan,IN,India,3,SNS,2001-2005,incoming
https://ror.org/05aspc753,Mario Negri Institute for Pharmacological Research,IT,Italy,7,SNS,2001-2005,incoming
https://ror.org/05axz5g38,State Key Laboratory of Functional Materials for Informatics,CN,China,16,SNS,2001-2005,incoming
https://ror.org/05b81av32,Luton and Dunstable Hospital,GB,United Kingdom,1,SNS,2001-2005,incoming
https://ror.org/05b8d3w18,Max Planck Institute of Molecular Cell Biology and Genetics,DE,Germany,7,SNS,2001-2005,incoming
https://ror.org/05b9vxh94,Hospital Universitari de Vic,ES,Spain,2,SNS,2001-2005,incoming
https://ror.org/05bbbc791,University of Karachi,PK,Pakistan,2,SNS,2001-2005,incoming
https://ror.org/05bbqza97,Kingston University,GB,United Kingdom,1,SNS,2001-2005,incoming
https://ror.org/05bhada84,Nara Institute of Science and Technology,JP,Japan,1,SNS,2001-2005,incoming
https://ror.org/05bhmhz54,Yangtze University,CN,China,2,SNS,2001-2005,incoming
https://ror.org/05bj7sh33,University of Science and Technology,YE,Yemen,2,SNS,2001-2005,incoming
https://ror.org/05bjen692,Center for Cancer Research,US,United States,2,SNS,2001-2005,incoming
https://ror.org/05bk57929,Stellenbosch University,ZA,South Africa,4,SNS,2001-2005,incoming
https://ror.org/05bn3m307,Université de technologie de belfort-montbéliard,FR,France,4,SNS,2001-2005,incoming
https://ror.org/05bnh6r87,Cornell University,US,United States,323,SNS,2001-2005,incoming
https://ror.org/05bqach95,National Taiwan University,TW,Taiwan,64,SNS,2001-2005,incoming
https://ror.org/05brss208,Laboratoire de physique de la matière condensée,FR,France,2,SNS,2001-2005,incoming
https://ror.org/05bt7sv47,Instituto de Radioastronomía Milimétrica,ES,Spain,1,SNS,2001-2005,incoming
https://ror.org/05bx1gz93,Utsunomiya University,JP,Japan,2,SNS,2001-2005,incoming
https://ror.org/05bxb3784,Academia Sinica,TW,Taiwan,954,SNS,2001-2005,incoming
https://ror.org/05byvp690,The University of Texas Southwestern Medical Center,US,United States,3,SNS,2001-2005,incoming
https://ror.org/05c0g2426,National Institute for Nanotechnology,CA,Canada,2,SNS,2001-2005,incoming
https://ror.org/05c6ejt42,Nihon Bunka University,JP,Japan,5,SNS,2001-2005,incoming
https://ror.org/05c95bg36,Laboratoire de Physique des Plasmas,FR,France,1,SNS,2001-2005,incoming
https://ror.org/05cf8a891,Albert Einstein College of Medicine,US,United States,5,SNS,2001-2005,incoming
https://ror.org/05ckss308,France Universités,FR,France,1,SNS,2001-2005,incoming
https://ror.org/05cq64r17,University of Łódź,PL,Poland,12,SNS,2001-2005,incoming
https://ror.org/05crjpb27,Bocconi University,IT,Italy,1,SNS,2001-2005,incoming
https://ror.org/05ctdxz19,University of Messina,IT,Italy,57,SNS,2001-2005,incoming
https://ror.org/05cvf7v30,Institute of Physics,CN,China,436,SNS,2001-2005,incoming
https://ror.org/05cvfcr44,NSF National Center for Atmospheric Research,US,United States,1,SNS,2001-2005,incoming
https://ror.org/05cy2r844,"Institute Academy for Precision Measurment Science and Technology, CAS",CN,China,2,SNS,2001-2005,incoming
https://ror.org/05cy4wa09,Wellcome Sanger Institute,GB,United Kingdom,1,SNS,2001-2005,incoming
https://ror.org/05d23ve83,Colgate University,US,United States,2,SNS,2001-2005,incoming
https://ror.org/05d2rrs40,Lam Research (Austria),AT,Austria,4,SNS,2001-2005,incoming
https://ror.org/05d2yfz11,National University of Defense Technology,CN,China,2,SNS,2001-2005,incoming
https://ror.org/05d5m2r55,Institut des Hautes Études Scientifiques,FR,France,9,SNS,2001-2005,incoming
https://ror.org/05d80kz58,Henan University of Science and Technology,CN,China,1,SNS,2001-2005,incoming
https://ror.org/05db1vq90,RIKEN BNL Research Center,US,United States,66,SNS,2001-2005,incoming
https://ror.org/05ddrvt52,Defence Science and Technology Group,AU,Australia,3,SNS,2001-2005,incoming
https://ror.org/05dfxeg46,Institut Henri Poincaré,FR,France,4,SNS,2001-2005,incoming
https://ror.org/05djhd259,Institut Denis Poisson,FR,France,15,SNS,2001-2005,incoming
https://ror.org/05dkdaa55,Ioffe Institute,RU,Russia,2,SNS,2001-2005,incoming
https://ror.org/05dq2gs74,Vanderbilt University Medical Center,US,United States,1,SNS,2001-2005,incoming
https://ror.org/05dqf9946,Institute of Science Tokyo,JP,Japan,307,SNS,2001-2005,incoming
https://ror.org/05drcjw53,Pai Chai University,KR,South Korea,1,SNS,2001-2005,incoming
https://ror.org/05drmrq39,Tennessee Technological University,US,United States,1,SNS,2001-2005,incoming
https://ror.org/05dsdbp53,Centro de Física Computacional,PT,Portugal,1,SNS,2001-2005,incoming
https://ror.org/05dxps055,California Institute of Technology,US,United States,2214,SNS,2001-2005,incoming
https://ror.org/05dybt340,Communications Research Centre Canada,CA,Canada,1,SNS,2001-2005,incoming
https://ror.org/05e5waw95,Elmhurst College,US,United States,1,SNS,2001-2005,incoming
https://ror.org/05e7p5n27,"Institut thématique Neurosciences, sciences cognitives, neurologie, psychiatrie",FR,France,1,SNS,2001-2005,incoming
https://ror.org/05e830h62,Institute of Physical Chemistry,PL,Poland,7,SNS,2001-2005,incoming
https://ror.org/05e94g991,University of Illinois System,US,United States,404,SNS,2001-2005,incoming
https://ror.org/05ebxsr90,Chimie Physique et Chimie du Vivant,FR,France,1,SNS,2001-2005,incoming
https://ror.org/05ect4e57,Louisiana State University,US,United States,64,SNS,2001-2005,incoming
https://ror.org/05ejpqr48,Worcester Polytechnic Institute,US,United States,3,SNS,2001-2005,incoming
https://ror.org/05ekwbr88,Chicago State University,US,United States,1,SNS,2001-2005,incoming
https://ror.org/05en5nh73,University of Seoul,KR,South Korea,1,SNS,2001-2005,incoming
https://ror.org/05eq41471,Veterans Health Administration,US,United States,4,SNS,2001-2005,incoming
https://ror.org/05eva6s33,"Istituto Nazionale di Fisica Nucleare, Sezione di Roma I",IT,Italy,5,SNS,2001-2005,incoming
https://ror.org/05eyymj94,École Supérieure de Biotechnologie de Strasbourg,FR,France,2,SNS,2001-2005,incoming
https://ror.org/05f0yaq80,Stockholm University,SE,Sweden,99,SNS,2001-2005,incoming
https://ror.org/05f0zr486,Vienna General Hospital,AT,Austria,31,SNS,2001-2005,incoming
https://ror.org/05f82e368,Université Paris Cité,FR,France,2267,SNS,2001-2005,incoming
https://ror.org/05f950310,KU Leuven,BE,Belgium,50,SNS,2001-2005,incoming
https://ror.org/05fcfqq67,Oregon National Primate Research Center,US,United States,1,SNS,2001-2005,incoming
https://ror.org/05fd1hd85,Tbilisi State University,GE,Georgia,8,SNS,2001-2005,incoming
https://ror.org/05fde5z47,Hampton University,US,United States,6,SNS,2001-2005,incoming
https://ror.org/05fhe0r85,Agency for Defense Development,KR,South Korea,1,SNS,2001-2005,incoming
https://ror.org/05fjffm04,Laboratoire de Physiologie Cellulaire,FR,France,2,SNS,2001-2005,incoming
https://ror.org/05fjs7w98,National Institute for Medical Research,TZ,Tanzania,166,SNS,2001-2005,incoming
https://ror.org/05fnp1145,Al-Azhar University,EG,Egypt,1,SNS,2001-2005,incoming
https://ror.org/05fnxgv12,GLA University,IN,India,1,SNS,2001-2005,incoming
https://ror.org/05fp9g671,University of Mazandaran,IR,Iran,1,SNS,2001-2005,incoming
https://ror.org/05fq50484,York University,CA,Canada,36,SNS,2001-2005,incoming
https://ror.org/05fscjm95,Jorvi Hospital,FI,Finland,1,SNS,2001-2005,incoming
https://ror.org/05fsfvw79,Anhui Normal University,CN,China,3,SNS,2001-2005,incoming
https://ror.org/05g0sd071,Central Research Laboratories (United Kingdom),GB,United Kingdom,4,SNS,2001-2005,incoming
https://ror.org/05g3dte14,Florida State University,US,United States,72,SNS,2001-2005,incoming
https://ror.org/05g3mes96,University of Latvia,LV,Latvia,1,SNS,2001-2005,incoming
https://ror.org/05gbyky62,Institute of Radio-Engineering and Electronics,RU,Russia,7,SNS,2001-2005,incoming
https://ror.org/05gd75v11,Council of Southeast Pennsylvania,US,United States,1,SNS,2001-2005,incoming
https://ror.org/05gedqb32,GlaxoSmithKline (Germany),DE,Germany,1,SNS,2001-2005,incoming
https://ror.org/05ggagb37,Samara National Research University,RU,Russia,3,SNS,2001-2005,incoming
https://ror.org/05ggc9x40,Université Paris-Est Créteil,FR,France,4,SNS,2001-2005,incoming
https://ror.org/05ghs6f64,Montreal Neurological Institute and Hospital,CA,Canada,1,SNS,2001-2005,incoming
https://ror.org/05gpvde20,Royal Prince Alfred Hospital,AU,Australia,1,SNS,2001-2005,incoming
https://ror.org/05gq02987,Brown University,US,United States,61,SNS,2001-2005,incoming
https://ror.org/05gqaka33,Martin Luther University Halle-Wittenberg,DE,Germany,1,SNS,2001-2005,incoming
https://ror.org/05grdyy37,Amsterdam University Medical Centers,NL,The Netherlands,8,SNS,2001-2005,incoming
https://ror.org/05gs8cd61,University of Salzburg,AT,Austria,16,SNS,2001-2005,incoming
https://ror.org/05gt1vc06,Howard University,US,United States,1,SNS,2001-2005,incoming
https://ror.org/05gvnxz63,Argonne National Laboratory,US,United States,1063,SNS,2001-2005,incoming
https://ror.org/05gxnyn08,Indiana University – Purdue University Indianapolis,US,United States,2,SNS,2001-2005,incoming
https://ror.org/05gzceg21,Kasetsart University,TH,Thailand,1,SNS,2001-2005,incoming
https://ror.org/05gzmn429,SLAC National Accelerator Laboratory,US,United States,952,SNS,2001-2005,incoming
https://ror.org/05gzqy922,UC Irvine Chao Family Comprehensive Cancer Center,US,United States,1,SNS,2001-2005,incoming
https://ror.org/05h1aye87,Linköping University Hospital,SE,Sweden,1,SNS,2001-2005,incoming
https://ror.org/05h1bnb22,North Dakota State University,US,United States,3,SNS,2001-2005,incoming
https://ror.org/05h634p83,Credit Suisse (Switzerland),CH,Switzerland,1,SNS,2001-2005,incoming
https://ror.org/05h68bp56,Nippon Institute of Technology,JP,Japan,1,SNS,2001-2005,incoming
https://ror.org/05h7xva58,Wesleyan University,US,United States,6,SNS,2001-2005,incoming
https://ror.org/05h992307,Pacific Northwest National Laboratory,US,United States,85,SNS,2001-2005,incoming
https://ror.org/05h9q1g27,Texas State University,US,United States,1,SNS,2001-2005,incoming
https://ror.org/05h9t7759,University of Isfahan,IR,Iran,1,SNS,2001-2005,incoming
https://ror.org/05hbrxp80,Agricultural Research Organization,IL,Israel,1,SNS,2001-2005,incoming
https://ror.org/05hdxka83,Université Panthéon-Assas,FR,France,19,SNS,2001-2005,incoming
https://ror.org/05hh8d621,IBM (United States),US,United States,26,SNS,2001-2005,incoming
https://ror.org/05hkkdn48,Fraunhofer-Gesellschaft,DE,Germany,6,SNS,2001-2005,incoming
https://ror.org/05hm2ja81,Institut de Recherche en Astrophysique et Planétologie,FR,France,1,SNS,2001-2005,incoming
https://ror.org/05hpfkn88,Universidade Federal do Rio Grande,BR,Brazil,1,SNS,2001-2005,incoming
https://ror.org/05hr7qe62,Genetika,RU,Russia,1,SNS,2001-2005,incoming
https://ror.org/05hs5r386,Mathematical Sciences Research Institute,US,United States,2,SNS,2001-2005,incoming
https://ror.org/05hs6h993,Michigan State University,US,United States,922,SNS,2001-2005,incoming
https://ror.org/05ht0mh31,University of Udine,IT,Italy,273,SNS,2001-2005,incoming
https://ror.org/05htk5m33,Hunan University,CN,China,14,SNS,2001-2005,incoming
https://ror.org/05hy3tk52,École Polytechnique,FR,France,2141,SNS,2001-2005,incoming
https://ror.org/05j1gs298,Erasmus Hospital,BE,Belgium,3,SNS,2001-2005,incoming
https://ror.org/05j3snm48,"Istituto Nazionale di Fisica Nucleare, Sezione di Trieste",IT,Italy,1,SNS,2001-2005,incoming
https://ror.org/05j636y43,University of Maryland Biotechnology Institute,US,United States,1,SNS,2001-2005,incoming
https://ror.org/05j7gyw58,Université des Sciences et de Technologie d'Ati,TD,Chad,1,SNS,2001-2005,incoming
https://ror.org/05j8x4n38,San Francisco General Hospital,US,United States,1,SNS,2001-2005,incoming
https://ror.org/05jbt9m15,University of Arkansas at Fayetteville,US,United States,5,SNS,2001-2005,incoming
https://ror.org/05jg8yp15,Hammersmith Hospital,GB,United Kingdom,5,SNS,2001-2005,incoming
https://ror.org/05jhnwe22,Edith Cowan University,AU,Australia,1,SNS,2001-2005,incoming
https://ror.org/05jk51a88,Nihon University,JP,Japan,8,SNS,2001-2005,incoming
https://ror.org/05jm22562,Ausonius Institut de Recherche sur l'Antiquité et le Moyen age,FR,France,1,SNS,2001-2005,incoming
https://ror.org/05jmhh281,National Center for Toxicological Research,US,United States,1,SNS,2001-2005,incoming
https://ror.org/05jmm0651,Korea Aerospace University,KR,South Korea,1,SNS,2001-2005,incoming
https://ror.org/05k0s5494,Children's Hospital at Westmead,AU,Australia,3,SNS,2001-2005,incoming
https://ror.org/05k37v296,Defence Research and Development Organisation,IN,India,1,SNS,2001-2005,incoming
https://ror.org/05k4ema52,Institut de Pharmacologie Moléculaire et Cellulaire,FR,France,2,SNS,2001-2005,incoming
https://ror.org/05kacka20,"Istituto di Scienza e Tecnologie dell'Informazione ""Alessandro Faedo""",IT,Italy,34,SNS,2001-2005,incoming
https://ror.org/05kacnm89,Central University of Venezuela,VE,Venezuela,2,SNS,2001-2005,incoming
https://ror.org/05kb8h459,Umeå University,SE,Sweden,2,SNS,2001-2005,incoming
https://ror.org/05kfstc28,Sardar Patel University,IN,India,2,SNS,2001-2005,incoming
https://ror.org/05kh5wx29,Agrifood Research Finland,FI,Finland,1,SNS,2001-2005,incoming
https://ror.org/05kknxr83,"Department of Energy, Engineering, Mechanics and Control Processes",RU,Russia,2,SNS,2001-2005,incoming
https://ror.org/05kph4940,Helsinki Institute for Information Technology,FI,Finland,1,SNS,2001-2005,incoming
https://ror.org/05krs5044,University of Sheffield,GB,United Kingdom,124,SNS,2001-2005,incoming
https://ror.org/05kt9ap64,Kindai University,JP,Japan,3,SNS,2001-2005,incoming
https://ror.org/05ktbsm52,Burnet Institute,AU,Australia,1,SNS,2001-2005,incoming
https://ror.org/05kx2e072,UNM Comprehensive Cancer Center,US,United States,1,SNS,2001-2005,incoming
https://ror.org/05kytsw45,Örebro University,SE,Sweden,3,SNS,2001-2005,incoming
https://ror.org/05kzadn81,Nara Women's University,JP,Japan,259,SNS,2001-2005,incoming
https://ror.org/05kzjxq56,Chonnam National University,KR,South Korea,165,SNS,2001-2005,incoming
https://ror.org/05m14sk15,Leningrad State University named after AS Pushkin,RU,Russia,1,SNS,2001-2005,incoming
https://ror.org/05m7pjf47,University College Dublin,IE,Ireland,96,SNS,2001-2005,incoming
https://ror.org/05m802881,Bariloche Atomic Centre,AR,Argentina,4,SNS,2001-2005,incoming
https://ror.org/05ma4gw77,University of the Pacific,US,United States,4,SNS,2001-2005,incoming
https://ror.org/05mgxqt50,Institute of Physics of the Slovak Academy of Sciences,SK,Slovakia,14,SNS,2001-2005,incoming
https://ror.org/05mj6fy81,University of Houston - Downtown,US,United States,1,SNS,2001-2005,incoming
https://ror.org/05msxaq47,University of North Texas Health Science Center,US,United States,2,SNS,2001-2005,incoming
https://ror.org/05msy9z54,Universidade Federal de Pelotas,BR,Brazil,1,SNS,2001-2005,incoming
https://ror.org/05mx0wr29,Zhejiang University of Science and Technology,CN,China,2,SNS,2001-2005,incoming
https://ror.org/05mzfcs16,The Open University,GB,United Kingdom,4,SNS,2001-2005,incoming
https://ror.org/05n3dz165,University of Jyväskylä,FI,Finland,399,SNS,2001-2005,incoming
https://ror.org/05n3x4p02,Medical University of Vienna,AT,Austria,36,SNS,2001-2005,incoming
https://ror.org/05n911h24,Technische Universität Darmstadt,DE,Germany,12,SNS,2001-2005,incoming
https://ror.org/05nf86y53,Japan Atomic Energy Agency,JP,Japan,7,SNS,2001-2005,incoming
https://ror.org/05nhcdk38,Laboratoire de Physique Théorique et Modélisation,FR,France,3,SNS,2001-2005,incoming
https://ror.org/05njb9z20,University of Ljubljana,SI,Slovenia,315,SNS,2001-2005,incoming
https://ror.org/05nkf0n29,University of New Brunswick,CA,Canada,1,SNS,2001-2005,incoming
https://ror.org/05nkgk822,Jiangxi Normal University,CN,China,12,SNS,2001-2005,incoming
https://ror.org/05nnv1197,Institute of Applied Physics,RU,Russia,6,SNS,2001-2005,incoming
https://ror.org/05nnyr510,University of Rajshahi,BD,Bangladesh,1,SNS,2001-2005,incoming
https://ror.org/05p1j8758,Kansas State University,US,United States,47,SNS,2001-2005,incoming
https://ror.org/05p52kj31,Royal Brisbane and Women's Hospital,AU,Australia,2,SNS,2001-2005,incoming
https://ror.org/05p7te762,HRL Laboratories (United States),US,United States,2,SNS,2001-2005,incoming
https://ror.org/05p8nb362,Health Canada,CA,Canada,2,SNS,2001-2005,incoming
https://ror.org/05p8w6387,Florida Atlantic University,US,United States,1,SNS,2001-2005,incoming
https://ror.org/05p8z3f47,Purdue University System,US,United States,266,SNS,2001-2005,incoming
https://ror.org/05patmk97,Institute for Chemical and Physical Processes,IT,Italy,139,SNS,2001-2005,incoming
https://ror.org/05pbb8783,Université de Montpellier Paul-Valéry,FR,France,4,SNS,2001-2005,incoming
https://ror.org/05pcv4v03,Parthenope University of Naples,IT,Italy,29,SNS,2001-2005,incoming
https://ror.org/05pjhbt17,Montana Department of Environmental Quality,US,United States,4,SNS,2001-2005,incoming
https://ror.org/05pjsgx75,Indian Institute of Technology Kanpur,IN,India,8,SNS,2001-2005,incoming
https://ror.org/05pm71w80,Pfizer (Japan),JP,Japan,2,SNS,2001-2005,incoming
https://ror.org/05pq4yn02,"Czech Academy of Sciences, Biology Centre",CZ,Czechia,1,SNS,2001-2005,incoming
https://ror.org/05pq8vh42,Instituto de Biomedicina de Valencia,ES,Spain,1,SNS,2001-2005,incoming
https://ror.org/05pyc3h39,Institute of Atomic Energy,PL,Poland,1,SNS,2001-2005,incoming
https://ror.org/05q0y0j38,Federal Aviation Administration,US,United States,1,SNS,2001-2005,incoming
https://ror.org/05q3vnk25,Institut de Recherche pour le Développement,FR,France,2,SNS,2001-2005,incoming
https://ror.org/05q65zh81,Chimie ParisTech,FR,France,8,SNS,2001-2005,incoming
https://ror.org/05q79g396,Infrared Processing and Analysis Center,US,United States,3,SNS,2001-2005,incoming
https://ror.org/05q87sg56,Saint Joseph's University,US,United States,1,SNS,2001-2005,incoming
https://ror.org/05q8wtt20,National Institute for Basic Biology,JP,Japan,2,SNS,2001-2005,incoming
https://ror.org/05q92br09,Jeonbuk National University,KR,South Korea,10,SNS,2001-2005,incoming
https://ror.org/05q9m0937,University of Klagenfurt,AT,Austria,1,SNS,2001-2005,incoming
https://ror.org/05qajvd42,Australia Telescope National Facility,AU,Australia,10,SNS,2001-2005,incoming
https://ror.org/05qbj3p45,Royal Museums Greenwich,GB,United Kingdom,1,SNS,2001-2005,incoming
https://ror.org/05qbk4x57,University of Chinese Academy of Sciences,CN,China,1,SNS,2001-2005,incoming
https://ror.org/05qec5a53,Centre Hospitalier Universitaire de Rennes,FR,France,1,SNS,2001-2005,incoming
https://ror.org/05qghxh33,Stony Brook University,US,United States,88,SNS,2001-2005,incoming
https://ror.org/05qn5kv73,CHU de Québec-Université Laval,CA,Canada,11,SNS,2001-2005,incoming
https://ror.org/05qndj312,Hospital Universitario de Canarias,ES,Spain,1,SNS,2001-2005,incoming
https://ror.org/05qpmg879,Institut de Biologie Moléculaire et Cellulaire,FR,France,1,SNS,2001-2005,incoming
https://ror.org/05qpz1x62,Friedrich Schiller University Jena,DE,Germany,9,SNS,2001-2005,incoming
https://ror.org/05qrfxd25,Russian Academy of Sciences,RU,Russia,154,SNS,2001-2005,incoming
https://ror.org/05qsjq305,Centre Hospitalier Universitaire de Nice,FR,France,2,SNS,2001-2005,incoming
https://ror.org/05qvskn85,Xinxiang University,CN,China,1,SNS,2001-2005,incoming
https://ror.org/05qwgg493,Boston University,US,United States,102,SNS,2001-2005,incoming
https://ror.org/05r3f7h03,Physikalisch-Technische Bundesanstalt,DE,Germany,1,SNS,2001-2005,incoming
https://ror.org/05r78ng12,University of Castilla-La Mancha,ES,Spain,2,SNS,2001-2005,incoming
https://ror.org/05r8r3608,United States University,US,United States,1,SNS,2001-2005,incoming
https://ror.org/05r9v2c42,Ana G. Mendez University System,US,United States,2,SNS,2001-2005,incoming
https://ror.org/05rbhea42,Centre for Advanced Study,NO,Norway,1,SNS,2001-2005,incoming
https://ror.org/05rcgef49,Institute for Complex Systems,IT,Italy,9,SNS,2001-2005,incoming
https://ror.org/05rdf8595,Universidade de Vigo,ES,Spain,2,SNS,2001-2005,incoming
https://ror.org/05rfqv493,East Tennessee State University,US,United States,3,SNS,2001-2005,incoming
https://ror.org/05rrcem69,"University of California, Davis",US,United States,835,SNS,2001-2005,incoming
https://ror.org/05rsv9s98,United States Department of Veterans Affairs,US,United States,2,SNS,2001-2005,incoming
https://ror.org/05rtchs68,Instituto de Estructura de la Materia,ES,Spain,39,SNS,2001-2005,incoming
https://ror.org/05rwrfh97,Institut Fourier,FR,France,2,SNS,2001-2005,incoming
https://ror.org/05ryc2b20,National Laboratory of Solid State Microstructures,CN,China,8,SNS,2001-2005,incoming
https://ror.org/05ryemn72,Ankara Yıldırım Beyazıt University,TR,Turkey,12,SNS,2001-2005,incoming
https://ror.org/05s004555,Favaloro University,AR,Argentina,2,SNS,2001-2005,incoming
https://ror.org/05s0g1g46,National Research Foundation,ZA,South Africa,1,SNS,2001-2005,incoming
https://ror.org/05s1dqz78,451 Research (United Kingdom),GB,United Kingdom,1,SNS,2001-2005,incoming
https://ror.org/05s4feg49,University of Warmia and Mazury in Olsztyn,PL,Poland,1,SNS,2001-2005,incoming
https://ror.org/05s754026,Karlstad University,SE,Sweden,2,SNS,2001-2005,incoming
https://ror.org/05s7fvh27,Yamaha (Japan),JP,Japan,1,SNS,2001-2005,incoming
https://ror.org/05sbt2524,Institut polytechnique de Grenoble,FR,France,115,SNS,2001-2005,incoming
https://ror.org/05sd5r855,Laboratoire de Mathématiques Blaise Pascal,FR,France,8,SNS,2001-2005,incoming
https://ror.org/05sgb8g78,Suranaree University of Technology,TH,Thailand,2,SNS,2001-2005,incoming
https://ror.org/05sj3n476,Tokyo University of Science,JP,Japan,2,SNS,2001-2005,incoming
https://ror.org/05sj7yp62,University of Carabobo,VE,Venezuela,3,SNS,2001-2005,incoming
https://ror.org/05sjrb944,Menoufia University,EG,Egypt,1,SNS,2001-2005,incoming
https://ror.org/05sqd3t97,State University System of Florida,US,United States,8,SNS,2001-2005,incoming
https://ror.org/05sv6pg41,University of Wisconsin–Stevens Point,US,United States,116,SNS,2001-2005,incoming
https://ror.org/05sxbyd35,University Medical Centre Mannheim,DE,Germany,14,SNS,2001-2005,incoming
https://ror.org/05sxf4h28,Universidade Federal do Espírito Santo,BR,Brazil,2,SNS,2001-2005,incoming
https://ror.org/05t3agv77,American University of Beirut New York Office,US,United States,1,SNS,2001-2005,incoming
https://ror.org/05t4ema23,RV University,IN,India,6,SNS,2001-2005,incoming
https://ror.org/05t77d857,Institute of Biomedical Science,GB,United Kingdom,7,SNS,2001-2005,incoming
https://ror.org/05t8bcz72,University of Alicante,ES,Spain,17,SNS,2001-2005,incoming
https://ror.org/05t8khn72,Institut de Biologia Molecular de Barcelona,ES,Spain,1,SNS,2001-2005,incoming
https://ror.org/05t8y2r12,Soochow University,CN,China,4,SNS,2001-2005,incoming
https://ror.org/05tb13r23,Abiola Ajimobi Technical University Ibadan,NG,Nigeria,1,SNS,2001-2005,incoming
https://ror.org/05teb7b63,Fırat University,TR,Turkey,13,SNS,2001-2005,incoming
https://ror.org/05tgveb11,Altana (Netherlands),NL,The Netherlands,1,SNS,2001-2005,incoming
https://ror.org/05tjan294,McLaren Health Care,US,United States,1,SNS,2001-2005,incoming
https://ror.org/05tkyf982,Ben-Gurion University of the Negev,IL,Israel,14,SNS,2001-2005,incoming
https://ror.org/05tr67282,Hôpital Necker-Enfants Malades,FR,France,2,SNS,2001-2005,incoming
https://ror.org/05trd4x28,University of Trento,IT,Italy,330,SNS,2001-2005,incoming
https://ror.org/05v62cm79,University of Reading,GB,United Kingdom,6,SNS,2001-2005,incoming
https://ror.org/05v9kya57,Pázmány Péter Catholic University,HU,Hungary,35,SNS,2001-2005,incoming
https://ror.org/05vf0dg29,Roma Tre University,IT,Italy,2876,SNS,2001-2005,incoming
https://ror.org/05vf56z40,University of Tehran,IR,Iran,8,SNS,2001-2005,incoming
https://ror.org/05vg74d16,Norwegian Institute of Marine Research,NO,Norway,1,SNS,2001-2005,incoming
https://ror.org/05vghhr25,University of Turku,FI,Finland,9,SNS,2001-2005,incoming
https://ror.org/05vh67662,Instituto Tecnológico de Aeronáutica,BR,Brazil,5,SNS,2001-2005,incoming
https://ror.org/05vk2g845,Institute for Microelectronics and Microsystems,IT,Italy,4,SNS,2001-2005,incoming
https://ror.org/05vs4fq96,Hillsdale College,US,United States,182,SNS,2001-2005,incoming
https://ror.org/05vt21141,Institut für Technische und Angewandte Physik (Germany),DE,Germany,3,SNS,2001-2005,incoming
https://ror.org/05vt9qd57,"Rutgers, The State University of New Jersey",US,United States,1453,SNS,2001-2005,incoming
https://ror.org/05vvhh982,University of Arkansas System,US,United States,6,SNS,2001-2005,incoming
https://ror.org/05vvzn852,University of Kentucky HealthCare,US,United States,1,SNS,2001-2005,incoming
https://ror.org/05vz28418,Southern Illinois University System,US,United States,2,SNS,2001-2005,incoming
https://ror.org/05vzafd60,Georgetown University,US,United States,1,SNS,2001-2005,incoming
https://ror.org/05w1kdn42,LWL-Universitätsklinik Hamm,DE,Germany,2,SNS,2001-2005,incoming
https://ror.org/05w6wfp17,Bhabha Atomic Research Centre,IN,India,4,SNS,2001-2005,incoming
https://ror.org/05wag9297,Van der Waals-Zeeman Institute,NL,The Netherlands,1,SNS,2001-2005,incoming
https://ror.org/05wba8r86,Institute of Crystallography,IT,Italy,7,SNS,2001-2005,incoming
https://ror.org/05wf30g94,Creighton University,US,United States,4,SNS,2001-2005,incoming
https://ror.org/05wfehw39,Accademia Nazionale dei Lincei,IT,Italy,4,SNS,2001-2005,incoming
https://ror.org/05wg1m734,Radboud University Medical Center,NL,The Netherlands,2,SNS,2001-2005,incoming
https://ror.org/05whw7f42,Universitario Tecnológico Universitam,MX,Mexico,3,SNS,2001-2005,incoming
https://ror.org/05wm6p530,Universidade Portucalense,PT,Portugal,1,SNS,2001-2005,incoming
https://ror.org/05wnc7373,Bethel University,US,United States,1,SNS,2001-2005,incoming
https://ror.org/05wp7an13,Malmö University,SE,Sweden,1,SNS,2001-2005,incoming
https://ror.org/05wqg4606,Laboratoire Pierre Aigrain,FR,France,1,SNS,2001-2005,incoming
https://ror.org/05wr49d48,Wakayama University,JP,Japan,1,SNS,2001-2005,incoming
https://ror.org/05wv2vq37,University of Dhaka,BD,Bangladesh,1,SNS,2001-2005,incoming
https://ror.org/05wvpxv85,Tufts University,US,United States,779,SNS,2001-2005,incoming
https://ror.org/05wxkj555,Cukurova University,TR,Turkey,9,SNS,2001-2005,incoming
https://ror.org/05wzh1m37,Institut de Chimie Moléculaire et des Matériaux d'Orsay,FR,France,1,SNS,2001-2005,incoming
https://ror.org/05x2bcf33,Carnegie Mellon University,US,United States,947,SNS,2001-2005,incoming
https://ror.org/05x8mcb75,VSB - Technical University of Ostrava,CZ,Czechia,2,SNS,2001-2005,incoming
https://ror.org/05xbyzq55,Tokyo Kasei University,JP,Japan,2,SNS,2001-2005,incoming
https://ror.org/05xdczy51,German Institute of Human Nutrition,DE,Germany,1,SNS,2001-2005,incoming
https://ror.org/05xh8yr59,University Physicians,US,United States,3,SNS,2001-2005,incoming
https://ror.org/05xm08015,Technical University of Košice,SK,Slovakia,1,SNS,2001-2005,incoming
https://ror.org/05xpvk416,National Institute of Standards and Technology,US,United States,34,SNS,2001-2005,incoming
https://ror.org/05xqtsb23,International Solvay Institutes,BE,Belgium,4,SNS,2001-2005,incoming
https://ror.org/05xqycm14,Tripura University,IN,India,1,SNS,2001-2005,incoming
https://ror.org/05xrbcc66,Advanced Science Research Center,JP,Japan,7,SNS,2001-2005,incoming
https://ror.org/05xszy717,National Defense Academy of Japan,JP,Japan,3,SNS,2001-2005,incoming
https://ror.org/05xvt9f17,Leiden University Medical Center,NL,The Netherlands,4,SNS,2001-2005,incoming
https://ror.org/05y762451,Institute for Quantum Electronics,CH,Switzerland,8,SNS,2001-2005,incoming
https://ror.org/05y8y6598,FIRST Center for Micro- and Nanoscience,CH,Switzerland,2,SNS,2001-2005,incoming
https://ror.org/05yc77b46,University of Córdoba,ES,Spain,1,SNS,2001-2005,incoming
https://ror.org/05yfrba80,Science Museum,GB,United Kingdom,1,SNS,2001-2005,incoming
https://ror.org/05ynxx418,Linköping University,SE,Sweden,24,SNS,2001-2005,incoming
