omid,doi,pmid,isbn
omid:br/06401174863,doi:10.1148/radiol.2021210213,pmid:34463550,
omid:br/061702782889,doi:10.5858/arpa.2018-0396-cp,pmid:30969158,
omid:br/06230814622,doi:10.1016/s0140-6736(05)79055-3,pmid:9643800,
omid:br/062502792343,doi:10.1163/156856207780424997,pmid:17540114,
omid:br/061503536922,doi:10.1182/blood.v98.10.3143,pmid:11698303,
omid:br/06702932926,doi:10.1016/b978-0-12-415847-4.00022-7,,
omid:br/06140923271,doi:10.1016/j.ajog.2007.03.045,pmid:17689633,
omid:br/06901180894,doi:10.1016/s0079-6700(00)00032-0,,
omid:br/062203148941,doi:10.1002/9780470650073.ch2,,
omid:br/06304333327,doi:10.1016/j.eswa.2023.121322,,
omid:br/061104336077,doi:10.4236/jfrm.2024.132014,,
omid:br/062402553337,doi:10.1109/mwsym.2014.6848243,,
omid:br/0690761674,doi:10.1159/000227697,pmid:9143408,
omid:br/06202491283,doi:10.1021/ic700882n,pmid:17696493,
omid:br/061503146680,doi:10.1039/b822934c,,
omid:br/061403318730,doi:10.1007/s12664-011-0139-z,pmid:22068889,
omid:br/06240162443,doi:10.3324/haematol.2012.067892,pmid:22875615,
omid:br/062502228809,doi:10.3390/nu12061816,pmid:32570811,
omid:br/0670458399,doi:10.1016/s1471-4914(01)01912-8,pmid:11286755,
omid:br/06290568317,doi:10.21203/rs.3.rs-4493375/v1,,
omid:br/0601004494,doi:10.15468/dl.htzuvh,,
omid:br/061102879123,doi:10.1200/jco.2012.45.0981,pmid:23816963,
omid:br/06103202244,doi:10.1007/s00292-008-1048-5,pmid:18810444,
omid:br/06301533000,doi:10.1371/journal.pone.0020110,pmid:21747927,
omid:br/06250446318,doi:10.3390/s19010183,pmid:30621019,
omid:br/062403276760,doi:10.1007/s10620-019-05576-9,pmid:30863953,
omid:br/06190991189,doi:10.1111/j.1365-294x.2007.03621.x,pmid:18194169,
omid:br/06120104151,doi:10.1068/p7940,pmid:26562256,
omid:br/061401408088,doi:10.1007/s00018-002-8522-7,pmid:12440769,
omid:br/061904286488,doi:10.1101/2024.05.26.595964,,
omid:br/062501002827,doi:10.1016/s0963-9969(96)00060-9,,
omid:br/06101878877,doi:10.1061/9780784480830.005,,
omid:br/06320185800,doi:10.3390/su15108263,,
omid:br/06350459647,doi:10.1177/23743735241257384,,
omid:br/06402539997,doi:10.1128/msphere.00826-19,pmid:32024702,
omid:br/062202374800,doi:10.18553/jmcp.2021.27.11.1613,pmid:34714106,
omid:br/06120668518,doi:10.1109/tps.2021.3080987,,
omid:br/062403803915,,pmid:25351758,
omid:br/0630887598,doi:10.1007/s004290050140,pmid:9565323,
omid:br/06260821100,doi:10.1053/j.jfas.2020.10.001,pmid:33509712,
omid:br/06202398483,doi:10.1080/08923973.2022.2052894,pmid:35285388,
omid:br/062401799097,doi:10.1093/mnras/stz1519,,
omid:br/0650862393,doi:10.1093/rheumatology/keab500,pmid:34146099,
omid:br/06101750294,doi:10.3847/1538-4357/aa78ef,,
omid:br/062301719940,doi:10.1051/0004-6361/201527751,,
omid:br/062501788738,doi:10.3934/dcds.2016.36.2113,,
omid:br/06460104644,doi:10.1079/9781800621893.0016,,
omid:br/061701386899,doi:10.1016/j.cemconres.2003.11.013,,
omid:br/06210484737,doi:10.1126/science.1144581,pmid:17656717,
omid:br/06103912723,doi:10.1007/978-981-19-4711-7_7,,
omid:br/06204176220,,pmid:1352397,
omid:br/06201556052,doi:10.1109/59.867150,,
omid:br/06204804484,doi:10.1016/j.soilbio.2024.109440,,
omid:br/06602834823,doi:10.1016/j.molmet.2014.09.004,pmid:25506547,
omid:br/06304812360,doi:10.4337/9781803920634.00007,,
omid:br/061301242650,doi:10.1136/thx.5.2.144,pmid:15431218,
omid:br/061401409872,doi:10.3390/ijms21197249,pmid:33008128,
omid:br/0680986896,doi:10.1007/s12603-020-1463-8,pmid:33367468,
omid:br/06202334407,doi:10.1016/j.ufug.2013.06.005,,
omid:br/06240251276,doi:10.1515/ael-2018-0045,,
omid:br/06140681397,doi:10.1016/j.yhbeh.2015.01.008,pmid:25647157,
omid:br/061102807639,doi:10.1016/j.still.2019.02.018,,
omid:br/062603917983,,pmid:12901230,
omid:br/0670333372,doi:10.1016/j.jde.2016.08.028,,
omid:br/06202992807,doi:10.1016/j.baga.2012.10.002,,
omid:br/061701200536,doi:10.3109/00365529409105353,,
omid:br/06702359189,doi:10.1016/s0165-1684(02)00252-9,,
omid:br/06190979646,doi:10.1016/0149-7634(95)00033-b,pmid:8622814,
omid:br/06301574108,doi:10.2165/00003495-200161100-00007,pmid:11558833,
omid:br/062201424826,doi:10.1061/(asce)ee.1943-7870.0001316,,
omid:br/062504228776,doi:10.3758/s13428-024-02364-w,,
omid:br/0650322437,doi:10.1095/biolreprod64.3.890,pmid:11207205,
omid:br/061201480319,doi:10.1007/s10549-009-0514-y,pmid:19701703,
omid:br/06250496378,doi:10.1016/0031-9422(80)85160-0,,
omid:br/06403105727,doi:10.1021/acsami.7b16182,pmid:29220574,
omid:br/061403142486,doi:10.1002/9783527630295.ch10,,
omid:br/061301690677,doi:10.4149/gpb_2012_026,pmid:22781824,
omid:br/061602804141,doi:10.1016/j.ijcard.2022.03.023,pmid:35301078,
omid:br/06401383858,doi:10.1002/anse.202100026,,
omid:br/06160741565,doi:10.1002/jor.23343,pmid:27312470,
omid:br/062301644553,doi:10.1002/jcp.28470,pmid:30888066,
omid:br/06302434801,doi:10.1088/1402-4896/ab1220,,
omid:br/062603997210,doi:10.1002/pat.6129,,
omid:br/062103525786,doi:10.3390/en15155377,,
omid:br/06602457400,doi:10.1016/j.jmbbm.2018.07.015,pmid:30031361,
omid:br/0611087409,doi:10.1074/jbc.271.31.18780,pmid:8702535,
omid:br/06310462125,doi:10.1142/9781860948985_0021,,
omid:br/06703844043,doi:10.1016/j.cld.2022.06.002,pmid:36270717,
omid:br/061703905230,doi:10.1101/2023.01.12.23284462,,
omid:br/062202607365,doi:10.1038/s41598-021-84337-z,pmid:33750811,
omid:br/06150857867,doi:10.1186/1743-8454-6-10,pmid:19735572,
omid:br/06602559203,doi:10.1007/978-981-13-2384-3_32,,
omid:br/0690794313,doi:10.1086/596660,pmid:19199544,
omid:br/062301352303,doi:10.1142/s0218213012400106,,
omid:br/06160235454,doi:10.1159/000511585,pmid:32932249,
omid:br/06101460546,doi:10.1002/ange.200903801,,
omid:br/06703846366,doi:10.3390/s22197138,pmid:36236237,
omid:br/0645045820,doi:10.1016/j.bios.2015.12.097,pmid:26748368,
omid:br/061602089904,doi:10.1136/bmjpo-2020-000705,pmid:34192167,
omid:br/064807031,doi:10.1165/ajrcmb.10.4.8136161,pmid:8136161,
omid:br/06190163173,doi:10.1042/bsr20150188,pmid:26415497,
omid:br/061501522963,doi:10.1371/journal.pone.0131604,pmid:26107779,
omid:br/061101822350,doi:10.3390/genes9110548,pmid:30428542,
omid:br/06130244361,doi:10.1007/bf02101691,pmid:3934392,
omid:br/0670622402,doi:10.1002/cne.10147,pmid:11891646,
omid:br/06240529223,doi:10.5465/3069289,,
omid:br/061504313979,doi:10.1176/appi.books.9798894551289.cd02,,
omid:br/06902163448,doi:10.4111/kju.2009.50.8.797,,
omid:br/06403102361,doi:10.1111/j.1749-6632.2009.04460.x,pmid:19456336,
omid:br/0660959310,doi:10.1136/gutjnl-2018-317791,pmid:31003979,
omid:br/06404799923,doi:10.1016/j.fbio.2024.105045,,
omid:br/061801623322,doi:10.1097/med.0b013e3283488218,pmid:21681088,
omid:br/061401544027,doi:10.3389/fphar.2020.607713,pmid:33390996,
omid:br/061201497822,doi:10.1203/00006450-198708000-00017,pmid:3658544,
omid:br/0690664256,doi:10.1021/nn100478a,pmid:20731453,
omid:br/06603249148,doi:10.1016/j.toxlet.2014.05.015,pmid:24875536,
omid:br/061201308681,doi:10.1038/s41467-022-28629-6,pmid:35190556,
omid:br/06801562595,doi:10.3389/fphar.2022.845313,pmid:35462895,
omid:br/06230356231,doi:10.1038/ncb2073,pmid:20526328,
omid:br/06110716474,doi:10.1016/j.tet.2017.03.066,,
omid:br/06502929251,doi:10.1101/2021.10.20.465090,,
omid:br/061704135983,doi:10.1093/oso/9780195132199.003.0004,,
omid:br/062101597120,doi:10.1007/s004100050267,,
omid:br/062401368642,doi:10.1016/j.ces.2009.02.036,,
omid:br/061801127594,doi:10.5692/clinicalneurol.cn-001309,pmid:31341131,
omid:br/06903057384,doi:10.1093/aesa/88.5.695,,
omid:br/0660220009,doi:10.1167/iovs.12-10427,pmid:22977135,
omid:br/061303038232,doi:10.1016/j.foodchem.2021.130620,pmid:34343812,
omid:br/06402596729,doi:10.1179/joc.2006.18.5.494,pmid:17127226,
omid:br/06103035260,doi:10.1002/adma.201706825,pmid:30155969,
omid:br/061904005902,doi:10.1101/2023.06.07.23291022,,
omid:br/061801662529,doi:10.1016/j.camwa.2020.07.006,,
omid:br/06902675174,doi:10.1163/9789004276796,,isbn:9789004231856
omid:br/061203864990,doi:10.1016/j.bioadv.2023.213320,,
omid:br/062402380057,doi:10.1080/00016489850183692,,
omid:br/0633021337,doi:10.1016/s0925-2312(98)00032-0,,
omid:br/06103117671,doi:10.1021/acsami.8b07014,pmid:29939717,
omid:br/06602503181,doi:10.24969/hvt.2021.284,,
omid:br/06104262613,,pmid:17234137,
omid:br/06203143489,doi:10.1016/j.bbalip.2012.01.009,pmid:22285325,
omid:br/06210930451,doi:10.1021/jf401628v,pmid:23799644,
omid:br/061502755671,doi:10.1016/j.jorganchem.2016.07.028,,
omid:br/06804638939,doi:10.1177/20563051231222240,,
omid:br/061901832102,doi:10.47529/2223-2524.2021.3.7,,
omid:br/061403038262,doi:10.1073/pnas.1013093107,pmid:20926747,
omid:br/061402555987,doi:10.1007/s10517-016-3455-6,pmid:27591876,
omid:br/06803842186,doi:10.1021/acs.joc.2c00828,pmid:35969667,
omid:br/06140777110,doi:10.1016/j.jenvp.2015.06.005,,
omid:br/06202398112,doi:10.12997/jla.2017.6.2.61,,
omid:br/061101973317,doi:10.4103/1673-5374.265565,pmid:31552907,
omid:br/061501638744,doi:10.1186/1471-2431-13-90,pmid:23758752,
omid:br/062502264738,doi:10.1101/845941,,
omid:br/062102576908,doi:10.1016/s0145-2126(01)00182-5,pmid:12008077,
omid:br/06270101988,doi:10.1007/s10965-023-03517-9,,
omid:br/06801728383,doi:10.1051/0004-6361/200913334,,
omid:br/061701263414,doi:10.1161/atvbaha.107.160218,pmid:18296586,
omid:br/061202254930,doi:10.1101/2020.03.04.977421,,
omid:br/062301265939,doi:10.1111/jce.13776,pmid:30375102,
omid:br/062401524329,doi:10.1093/ajae/aap041,,
omid:br/06110556895,doi:10.2307/591907,,
omid:br/06704135783,,pmid:1349637,
omid:br/061403764192,doi:10.1016/s0889-8545(05)70063-2,pmid:10083935,
omid:br/061201703636,doi:10.3390/toxins7124889,pmid:26690218,
omid:br/06401546457,doi:10.1039/jr9430000250,,
omid:br/062401424145,doi:10.1007/s00415-004-0495-z,pmid:15372259,
omid:br/06501663044,doi:10.7150/jca.32817,pmid:31258769,
omid:br/06340388650,doi:10.1007/s10620-024-08288-x,,
omid:br/0650503480,doi:10.1007/bf02183068,,
omid:br/061302678437,doi:10.1021/acsami.6b00158,pmid:26824825,
omid:br/06350555051,doi:10.2147/idr.s450504,,
omid:br/061101101705,doi:10.1016/j.jpag.2012.06.005,pmid:23158757,
omid:br/061702201018,doi:10.2957/kanzo.57.649,,
omid:br/061701285207,doi:10.1055/s-0042-1743398,,
omid:br/061502242189,doi:10.4324/9781315710020,,isbn:9781317487708
omid:br/06260221083,doi:10.1093/humrep/deg372,pmid:12923147,
omid:br/0652051574,doi:10.1079/bjn2003979,pmid:14667191,
omid:br/061302667630,doi:10.1007/s00167-009-0833-x,pmid:19565221,
omid:br/061804371986,doi:10.1007/978-3-031-56093-4_26,,
omid:br/06190454245,doi:10.1016/0167-5699(94)90153-8,pmid:7513517,
omid:br/06202864738,doi:10.1002/ente.201600490,,
omid:br/061501625893,doi:10.3389/fonc.2020.01015,pmid:32670884,
omid:br/06504851019,doi:10.1002/macp.202400055,,
omid:br/061602070051,doi:10.1080/00318884.2018.1541272,,
omid:br/061601451564,doi:10.1055/s-0040-1722193,pmid:33498089,
omid:br/06102014540,doi:10.1002/047001153x.g403207,,
omid:br/061903049896,doi:10.1002/hep.510260234,pmid:9252164,
omid:br/06201320590,doi:10.1016/j.molcel.2012.04.006,pmid:22578841,
omid:br/06450149582,doi:10.21203/rs.3.rs-2876893/v1,,
omid:br/0630247771,doi:10.1016/j.sleep.2012.10.015,pmid:23474058,
omid:br/06430188272,doi:10.1038/s43587-023-00488-w,,
omid:br/061402406558,doi:10.1111/psyp.13682,pmid:32940368,
omid:br/0630809219,doi:10.1111/1467-8470.00061,,
omid:br/06703013243,doi:10.1038/s41598-017-00826-0,pmid:28389653,
omid:br/061301026046,doi:10.1111/anu.12970,,
omid:br/061201480298,doi:10.1007/s10549-009-0541-8,pmid:19760030,
omid:br/06801758127,doi:10.1080/15248372.2012.725186,,
omid:br/062101310486,doi:10.1515/znb-1979-0208,,
omid:br/06702242738,doi:10.1016/j.ceramint.2019.07.252,,
omid:br/06501440617,doi:10.3390/molecules24112046,pmid:31146359,
omid:br/06804855815,doi:10.1007/978-3-031-65556-2_8,,
omid:br/061501868915,doi:10.1038/sj.emboj.7601474,pmid:17139245,
omid:br/062603922825,doi:10.1186/s12870-020-2244-6,pmid:31992218,
omid:br/06702831810,doi:10.1248/bpb.29.2226,pmid:17077519,
omid:br/061101530545,doi:10.1371/journal.pone.0038729,pmid:22723878,
omid:br/062201100256,doi:10.1016/s0022-5193(05)80097-9,pmid:2062107,
omid:br/061901866382,doi:10.1016/j.xfre.2020.10.005,pmid:34223280,
omid:br/062102765322,doi:10.1016/j.amjcard.2019.05.034,pmid:31221463,
omid:br/06502860869,doi:10.1007/s00464-005-0787-0,pmid:17001441,
omid:br/061101462017,doi:10.1016/j.ygeno.2004.03.008,pmid:15233993,
omid:br/06130643175,doi:10.1016/j.clon.2019.01.009,pmid:30738715,
omid:br/061701011858,doi:10.1016/j.intimp.2009.05.007,pmid:19497390,
omid:br/061701378388,doi:10.1016/j.jnt.2015.07.010,,
omid:br/06803030733,doi:10.1002/cam4.1338,pmid:29436144,
omid:br/0660150763,doi:10.1186/s13023-015-0338-2,pmid:26416388,
omid:br/0637015544,doi:10.2174/092986712800228998,pmid:22414100,
omid:br/06604380257,doi:10.1055/a-2088-3718,,
omid:br/06120111463,doi:10.1097/cmr.0000000000000796,pmid:35254331,
omid:br/062203888355,doi:10.1016/j.heliyon.2023.e13024,,
omid:br/062301577776,doi:10.1016/j.gie.2018.04.2362,pmid:29750984,
omid:br/06402431633,doi:10.1097/ipc.obo13e31815aa2dd,,
omid:br/061103644429,doi:10.1016/s0006-3495(99)77426-6,pmid:10233088,
omid:br/0610789593,doi:10.1016/j.biosystemseng.2010.12.001,,
omid:br/061703323832,doi:10.1021/j100287a006,,
omid:br/061603756537,,pmid:1582066,
omid:br/06404883182,doi:10.1109/jiot.2023.3323704,,
omid:br/06602226234,doi:10.1021/jp201455f,pmid:21491893,
omid:br/061902615787,doi:10.1038/s41598-022-12153-0,pmid:35624184,
omid:br/062301234360,doi:10.17660/actahortic.2009.845.40,,
omid:br/061102840170,doi:10.1155/2013/382762,,
omid:br/061201664346,doi:10.1140/epjc/s10052-007-0237-3,,
omid:br/06602146936,doi:10.1007/s002239900421,pmid:9501955,
omid:br/061101370216,doi:10.1111/1754-9485.12960,pmid:31608606,
omid:br/06240544646,doi:10.1080/00071668.2020.1799331,pmid:32696679,
omid:br/061702556331,doi:10.1002/9781118442562.ch10,,
omid:br/06240765876,doi:10.1100/2012/486324,pmid:22547982,
omid:br/061702017850,doi:10.1109/cc.2016.7405730,,
omid:br/06304222202,,pmid:23091784,
omid:br/061302814121,doi:10.1016/j.forsciint.2011.08.022,pmid:21937174,
omid:br/061502585906,doi:10.1016/j.leukres.2011.02.001,pmid:21376394,
omid:br/06210270574,doi:10.1016/j.puhe.2021.04.032,pmid:34129915,
omid:br/0630198337,doi:10.1002/ajim.4700110206,pmid:3103429,
omid:br/062401632008,doi:10.1083/jcb.11.3.729,pmid:14454024,
omid:br/06804404424,doi:10.1016/j.cca.2023.117246,,
omid:br/061403709046,doi:10.1016/s0140-6736(87)91014-2,pmid:2889032,
omid:br/061603147082,doi:10.1016/j.marenvres.2015.10.001,pmid:26515473,
omid:br/061902095247,doi:10.1016/s0090-1229(88)80009-6,pmid:2967138,
omid:br/06901008041,doi:10.1021/ac801591r,pmid:18925746,
omid:br/061201238871,doi:10.1016/s0040-6090(98)01268-1,,
omid:br/06201026739,doi:10.1111/resp.13180,pmid:28944531,
omid:br/06404900319,doi:10.1007/s40618-024-02478-0,,
omid:br/06103309931,doi:10.1038/nrrheum.2011.37,pmid:21468143,
omid:br/0680168126,doi:10.1002/2015gb005084,pmid:26693204,
omid:br/062404301019,doi:10.1016/j.cej.2024.151351,,
omid:br/061203122064,doi:10.1111/1346-8138.13392,pmid:27076388,
omid:br/06803717701,doi:10.1016/j.jcv.2016.07.019,pmid:27500365,
omid:br/06302172483,doi:10.2741/s14,pmid:19482690,
omid:br/0660744834,doi:10.1016/j.jemermed.2015.06.030,pmid:26281820,
omid:br/062104188741,doi:10.1016/j.plantsci.2024.111994,,
omid:br/06230915442,doi:10.1186/s13223-020-00420-6,pmid:32265996,
omid:br/062201803033,doi:10.1093/mnras/stz3030,,
omid:br/0670734763,doi:10.1109/tmi.2006.880682,pmid:17024841,
omid:br/0690562960,doi:10.1039/b711269f,,
omid:br/061301505514,doi:10.17116/anaesthesiology202005170,,
omid:br/062503899528,doi:10.1016/j.heliyon.2023.e13772,,
omid:br/06170628628,doi:10.1021/jp991460l,,
omid:br/06603487280,doi:10.1016/j.indcrop.2017.04.015,,
omid:br/06903882602,,pmid:11780716,
omid:br/061801599919,doi:10.2307/j.ctvjz80ss,,isbn:9780674004559
omid:br/06102815370,doi:10.1007/978-3-319-28386-9_11,,
omid:br/06801519006,doi:10.1214/aoms/1177729754,,
omid:br/06250784590,doi:10.1177/1758834018755089,pmid:29434679,
omid:br/06130181290,doi:10.1039/p19940001787,,
omid:br/062603062880,doi:10.1128/mcb.8.11.5016-5025.1988,pmid:3211134,
omid:br/06604711438,doi:10.1007/s11357-024-01399-3,,
omid:br/062202240860,doi:10.1158/1078-0432.ccr-20-0704,pmid:32546645,
omid:br/06402804167,doi:10.1016/j.inffus.2005.09.001,,
omid:br/06103745195,doi:10.1007/s10021-020-00567-8,,
omid:br/061701345860,doi:10.1007/s15016-015-0508-4,,
omid:br/06301132717,doi:10.1161/circulationaha.106.667741,pmid:17261652,
omid:br/06301417490,doi:10.1111/j.1550-7408.2005.04-3273.x,pmid:15817120,
omid:br/062101908505,doi:10.1002/pbc.21102,pmid:17274007,
omid:br/061903773112,,pmid:18642428,
omid:br/06801647390,doi:10.11124/jbisrir-2008-229,,
omid:br/061602482440,doi:10.1016/b978-0-12-804019-5.00013-x,,
omid:br/06601849491,doi:10.46545/aijelr.v2i2.188,,
omid:br/06220440666,doi:10.4414/smw.2011.13176,pmid:21416410,
omid:br/06403455070,doi:10.1007/978-3-642-15375-4_10,,
omid:br/06450128366,doi:10.18632/aging.204470,,
omid:br/06120398412,doi:10.1016/j.childyouth.2005.10.008,,
omid:br/061901199296,doi:10.1177/1354066109344662,,
omid:br/061803626297,,pmid:12438263,
omid:br/06220444654,doi:10.1159/000324043,pmid:21304247,
omid:br/062201064560,doi:10.1590/0004-282x-anp-2021-0038,pmid:35195227,
omid:br/06303858808,doi:10.1016/j.cmpb.2022.107111,pmid:36108572,
omid:br/06303216787,doi:10.1002/elps.201500502,pmid:26643265,
omid:br/06150154497,doi:10.1016/0022-474x(94)90050-r,,
omid:br/06903514189,doi:10.1175/1520-0485(1986)016<1165:szlcar>2.0.co;2,,
omid:br/0670829488,doi:10.1038/ki.1996.425,pmid:8887275,
omid:br/061904261697,doi:10.33438/ijdshs.1436634,,
omid:br/06701008939,doi:10.1093/mollus/eym032,,
omid:br/06310593156,doi:10.3390/ijms252312635,,
omid:br/06102204671,doi:10.1093/mnras/sty2030,,
omid:br/0630422941,doi:10.1016/0016-7061(86)90042-x,,
omid:br/061701368441,doi:10.1016/s0090-8258(03)00517-1,pmid:14529670,
omid:br/061302010734,doi:10.1007/s11581-019-03433-3,,
omid:br/0680743038,doi:10.1007/s00262-010-0964-4,pmid:21225259,
omid:br/06304749198,doi:10.1002/hed.27803,,
omid:br/06160231003,doi:10.1128/iai.01185-07,pmid:18070904,
omid:br/06230815679,doi:10.1016/s0140-6736(94)90404-9,pmid:7983992,
omid:br/061401504616,doi:10.1371/journal.pone.0157044,pmid:27276196,
omid:br/062201531030,doi:10.1021/ja01627a103,,
omid:br/06201849292,doi:10.1088/1475-7516/2022/06/033,,
omid:br/06260276807,doi:10.1016/s0308-597x(01)00019-7,,
omid:br/061402389772,doi:10.1063/1.2349587,,
omid:br/0627012346,doi:10.1002/ijc.31015,pmid:28840594,
omid:br/061902451193,doi:10.2165/00003088-199528010-00004,pmid:7712660,
omid:br/0680851352,doi:10.1007/s10006-012-0382-1,pmid:23242942,
omid:br/06120159611,doi:10.1016/j.blre.2009.01.001,pmid:19246139,
omid:br/06203875115,doi:10.3390/nano12173002,pmid:36080037,
omid:br/061602019064,doi:10.4103/1319-4534.322604,pmid:34527868,
omid:br/061803547079,doi:10.3390/math10234480,,
omid:br/06502826003,doi:10.1016/b978-1-55860-874-0.x5000-x,,isbn:9781558608740
omid:br/06101056360,doi:10.1002/jms.952,,
omid:br/06210572145,doi:10.1111/1460-6984.12613,pmid:33687133,
omid:br/0690517126,doi:10.1039/a806913a,,
omid:br/061502036081,doi:10.1002/rse2.85,,
omid:br/062303514745,doi:10.1162/08989290051137530,pmid:11177420,
omid:br/062204268861,doi:10.1016/j.cej.2024.152715,,
omid:br/06190235238,doi:10.1016/0025-5564(68)90081-3,,
omid:br/06210435200,doi:10.1016/j.jmsy.2017.10.005,,
omid:br/0660648575,doi:10.1257/jep.31.2.33,,
omid:br/062501911068,doi:10.1039/b924056j,,
omid:br/062203161100,doi:10.1109/vetecf.2010.5594453,,
omid:br/06302480849,doi:10.1159/000345497,pmid:23258317,
omid:br/061802661710,doi:10.1055/a-1372-7828,,
omid:br/06502864570,doi:10.1016/0550-3213(82)90262-0,,
omid:br/061601299867,doi:10.1086/191213,,
omid:br/061801106001,doi:10.1046/j.1463-1318.1999.00044.x,pmid:23577806,
omid:br/0627052176,doi:10.1093/aob/mcaa186,pmid:33090204,
omid:br/061203892623,doi:10.1007/s13235-023-00499-7,,
omid:br/061303475356,doi:10.1175/1520-0485(1972)002<0411:wgcaps>2.0.co;2,,
omid:br/061402664517,doi:10.1021/acsami.5b08380,pmid:26474012,
omid:br/062601613112,doi:10.1007/bf00695601,pmid:6332447,
omid:br/062502041578,doi:10.1007/978-3-662-60354-3_15,,
omid:br/061201089725,doi:10.1016/j.jpag.2007.05.001,pmid:18082857,
omid:br/0640208827,doi:10.1093/ndt/14.12.2898,pmid:10570094,
omid:br/06501743563,doi:10.1051/0004-6361/201117476,,
omid:br/061301941156,doi:10.1055/s-0035-1555939,pmid:26244858,
omid:br/0653098465,doi:10.3390/math11061404,,
omid:br/062402092830,doi:10.1016/j.biopsycho.2007.12.009,pmid:18282653,
omid:br/061201850632,doi:10.1016/j.janxdis.2010.06.024,pmid:20709492,
omid:br/0633097242,doi:10.1177/2050313x231164490,,
omid:br/06204411433,doi:10.1039/9781788016414-00036,,
omid:br/062601846312,doi:10.1007/s11886-003-0041-0,pmid:12493164,
omid:br/061803483705,doi:10.1136/heart.86.3.284,pmid:11514479,
omid:br/062201794052,doi:10.3390/toxics9120329,pmid:34941764,
omid:br/06330124095,doi:10.1111/gtc.13020,,
omid:br/06501864954,doi:10.1080/21681376.2017.1325330,,
omid:br/06202873227,doi:10.1016/j.chemosphere.2019.125154,pmid:31675575,
omid:br/06304683641,doi:10.1016/j.trechm.2024.10.005,,
omid:br/06250579636,doi:10.1016/j.actbio.2017.02.030,pmid:28216300,
omid:br/061201890996,doi:10.3390/plants10081719,pmid:34451765,
omid:br/061902444861,doi:10.1055/s-0033-1339337,,
omid:br/062601803749,doi:10.1007/978-3-030-72834-2_31,,
omid:br/06504827027,doi:10.1016/j.ultsonch.2024.107028,,
omid:br/061801470952,doi:10.1016/j.procs.2014.05.382,,
omid:br/06230697738,doi:10.1046/j.1365-2265.2002.01535.x,pmid:12100081,
omid:br/062503539158,doi:10.3390/fermentation8100533,,
omid:br/0630171728,doi:10.1097/rli.0b013e31818e659e,pmid:19002061,
omid:br/06302272046,doi:10.3390/math8111915,,
omid:br/061802217264,doi:10.1016/j.humpath.2010.05.023,pmid:21056897,
omid:br/06902590770,doi:10.1109/acc.2012.6315435,,
omid:br/06260452292,doi:10.1039/c4dt00090k,pmid:24760124,
omid:br/06504836933,doi:10.1016/j.neuro.2024.03.002,,
omid:br/061601366813,doi:10.1016/j.fertnstert.2013.04.020,pmid:23663997,
omid:br/062301357964,doi:10.1016/j.febslet.2010.02.039,pmid:20176017,
omid:br/061101814793,doi:10.1021/cg8008943,,
omid:br/062301521693,doi:10.1371/journal.pone.0098568,pmid:24887587,
omid:br/062401181647,doi:10.1183/09031936.01.00229601,pmid:12392032,
omid:br/06803080100,doi:10.1007/978-1-4757-6749-0_21,,
omid:br/0690708796,doi:10.1042/bst20160296,pmid:28687716,
omid:br/061903180596,doi:10.1109/icmee.2010.5558499,,
omid:br/06701466529,doi:10.1038/nrg2971,pmid:21468099,
omid:br/062102789183,doi:10.1002/mma.4778,,
omid:br/06203452437,doi:10.1080/07351690.2017.1250588,,
omid:br/06180179430,doi:10.1016/j.yexmp.2015.03.006,pmid:25746661,
omid:br/062402865825,doi:10.1177/1933719117697127,pmid:28299992,
omid:br/061301190065,doi:10.1111/j.1651-2227.1999.tb01083.x,,
omid:br/062303816444,doi:10.3724/abbs.2022031,pmid:35607957,
omid:br/061201231399,doi:10.1051/matecconf/201712103007,,
omid:br/062603993629,doi:10.1002/admi.202202236,,
omid:br/0639094233,doi:10.2139/ssrn.4110656,,
omid:br/06430156077,doi:10.1101/2022.06.14.22276404,,
omid:br/062201224603,doi:10.1046/j.1432-1033.2003.03635.x,pmid:12787028,
omid:br/062203888925,doi:10.1038/s41598-022-26437-y,,
omid:br/06502228011,doi:10.1007/s13353-021-00650-3,pmid:34241817,
omid:br/061501011424,doi:10.1677/erc.1.01014,pmid:16113095,
omid:br/0650718525,doi:10.1084/jem.20091442,pmid:19635860,
omid:br/0670328626,doi:10.1111/j.1365-3156.2012.03079.x,pmid:22974376,
omid:br/06303609322,doi:10.1017/cbo9780511610851.021,,
omid:br/061301529828,doi:10.1021/jacs.2c01622,pmid:35404066,
omid:br/06802510464,doi:10.4172/2155-6113.1000565,pmid:27379199,
omid:br/062303992928,doi:10.1080/19424396.2017.12222455,,
omid:br/06501884973,doi:10.1109/ddecs.2006.1649600,,
omid:br/061301857795,doi:10.1016/j.jcjd.2015.09.083,pmid:26654861,
omid:br/06701772898,doi:10.1016/j.ijscr.2018.11.055,pmid:30567076,
omid:br/0630201886,doi:10.1093/ndt/13.7.1622,pmid:9681699,
omid:br/061902625259,doi:10.1002/mde.4090150404,,
omid:br/062503001287,doi:10.1533/9780857095583.3.306,,
omid:br/06360106634,doi:10.2196/40733,,
omid:br/06340525996,doi:10.31083/j.ceog5011234,,
omid:br/061403017132,doi:10.1021/es970723r,,
omid:br/062203455082,doi:10.1177/23259671221114930,pmid:36003968,
omid:br/061104062319,doi:10.1021/acsptsci.3c00010,,
omid:br/062603025691,doi:10.1016/b978-0-12-823036-7.00022-0,,
omid:br/062503912039,doi:10.1016/j.xplc.2023.100674,,
omid:br/061504236599,doi:10.1097/md.0000000000035456,,
omid:br/0610255885,doi:10.1016/j.sleep.2017.11.1148,pmid:29458747,
omid:br/06250987507,doi:10.1080/00032719.2022.2039932,,
omid:br/06104380165,doi:10.1002/acr.25102,,
omid:br/062403986808,doi:10.1007/s00247-023-05674-x,,
omid:br/06803906046,doi:10.1103/physrevlett.65.408,pmid:10042913,
omid:br/0607564974,doi:10.1007/s10880-024-10061-1,,
omid:br/06901301535,doi:10.5867/medwave.2010.01.4335,,
omid:br/06190347855,doi:10.1016/j.bej.2005.04.022,,
omid:br/06303237280,doi:10.1007/978-1-4614-1001-0_8,,
omid:br/06210698029,doi:10.1016/j.jdent.2010.08.003,pmid:20709137,
omid:br/06230579251,doi:10.1080/10408398.2021.1956424,pmid:34347552,
omid:br/061501281826,doi:10.3390/biomedicines10020373,pmid:35203582,
omid:br/0651059096,doi:10.1063/1.4731644,,
omid:br/061103978632,doi:10.3390/ijms241713193,,
omid:br/061103857962,doi:10.1016/j.ygyno.2005.09.060,pmid:16325244,
omid:br/06402195213,doi:10.1590/0034-7167-2021-0867pt,,
omid:br/062101510307,doi:10.1371/journal.pone.0217810,pmid:31658268,
omid:br/06240878846,doi:10.1152/ajpendo.1986.251.1.e65,pmid:3728665,
omid:br/061804176635,doi:10.3389/fcell.2023.1274682,,
omid:br/062403425202,doi:10.1016/j.scitotenv.2022.156043,pmid:35597352,
omid:br/06502643502,doi:10.1101/2020.03.25.007765,,
omid:br/06190618255,doi:10.1210/jcem.86.12.8080,pmid:11739425,
omid:br/061702688345,doi:10.1021/acsami.9b23155,pmid:32164403,
omid:br/06101497512,doi:10.1037/0021-9010.92.2.475,pmid:17371092,
omid:br/062102247570,doi:10.1158/1078-0432.ccr-20-4504,pmid:33593885,
omid:br/062603460800,doi:10.1016/j.ceramint.2022.06.166,,
omid:br/06220804922,doi:10.1016/j.powtec.2020.07.039,,
omid:br/061101983220,doi:10.1287/mnsc.46.4.548.12057,,
omid:br/0630191762,doi:10.1080/10463283.2015.1070018,,
omid:br/062302140839,doi:10.1519/jsc.0b013e318231ab4c,pmid:22614138,
omid:br/06401687878,doi:10.1140/epjc/s10052-018-6482-9,pmid:30872964,
omid:br/0640117144,doi:10.1007/s11695-018-3144-9,pmid:29504053,
omid:br/061402228828,doi:10.1016/j.genhosppsych.2012.10.011,pmid:23260339,
omid:br/061701739054,doi:10.1093/llc/fqp001,,
omid:br/06330498668,doi:10.1186/s12889-024-18676-7,,
omid:br/06270201523,doi:10.3390/su142416982,,
omid:br/061601212561,doi:10.1345/aph.10311,pmid:11895067,
omid:br/06402351210,doi:10.1007/s12038-007-0050-z,pmid:17536170,
omid:br/06180661470,doi:10.1111/jfpp.12188,,
omid:br/062203426709,doi:10.1093/pasj/psac057,,
omid:br/061701761723,doi:10.1007/s11814-009-0240-5,,
omid:br/06601258454,doi:10.1096/fj.13-237388,pmid:24500923,
omid:br/06801374085,doi:10.1016/j.cep.2021.108437,,
omid:br/062504302679,doi:10.1007/s44311-024-00002-4,,
omid:br/061601542359,doi:10.1021/ja206477z,pmid:22023652,
omid:br/062401795987,doi:10.2484/rcr.v3i4.92,pmid:27303551,
omid:br/06403041546,doi:10.1097/mnm.0b013e32833d278a,pmid:20634768,
omid:br/06180456055,doi:10.1016/j.orl.2009.02.003,,
omid:br/06604181082,,pmid:15983678,
omid:br/061701821212,doi:10.1111/j.1365-2966.2007.11439.x,,
omid:br/062201524638,doi:10.1021/jacs.8b08537,pmid:30621387,
omid:br/06190953926,doi:10.1098/rsta.2001.0828,,
omid:br/062303757778,doi:10.1016/s0378-1097(02)00735-8,pmid:12076794,
omid:br/061301117834,doi:10.1016/j.surg.2010.09.002,pmid:21134543,
omid:br/06902239498,doi:10.1016/j.jpba.2019.01.017,pmid:30660034,
omid:br/06150696425,doi:10.1111/cen.12383,pmid:24325584,
omid:br/061402395352,doi:10.1016/0370-2693(78)90011-4,,
omid:br/06501235379,doi:10.1016/j.jmr.2016.07.002,pmid:27434780,
omid:br/06490126481,doi:10.3390/cryst13091364,,
omid:br/061701703816,doi:10.1128/aac.41.3.551,pmid:9055991,
omid:br/06302156106,doi:10.1097/hs9.0000000000000238,pmid:35309793,
omid:br/061303108064,doi:10.1002/hec.1391,pmid:18702091,
omid:br/0639025190,doi:10.1111/j.1469-8749.1995.tb15018.x,pmid:7672469,
omid:br/06130401006,doi:10.1016/j.mce.2017.03.019,pmid:28428045,
omid:br/061302754163,doi:10.1088/1757-899x/189/1/012022,,
omid:br/0660140692,doi:10.1016/j.ejps.2016.08.005,pmid:27497878,
omid:br/061403766293,doi:10.1002/(sici)1098-2744(199903)24:3<169::aid-mc3>3.0.co;2-a,pmid:10204801,
omid:br/061902662045,doi:10.1016/0032-3861(79)90070-3,,
omid:br/06702182832,doi:10.3390/universe5030084,,
omid:br/0690444461,doi:10.1039/b820392j,pmid:19421627,
omid:br/062302467082,doi:10.1017/9781139137201.020,,
omid:br/0640526115,doi:10.1063/5.0016384,,
omid:br/0670508729,doi:10.1039/c4cp05817h,pmid:25733356,
omid:br/06240269210,doi:10.1016/j.cortex.2009.02.017,pmid:19375076,
omid:br/0670748225,doi:10.1007/s00442-013-2670-3,pmid:23649754,
omid:br/06260588369,doi:10.1108/mbe-09-2019-0096,,
omid:br/06602515266,doi:10.1002/mdc3.13406,pmid:35402649,
omid:br/062301719817,doi:10.1051/0004-6361/201527473,,
omid:br/061101540712,doi:10.1021/ja9712229,,
omid:br/06250493645,doi:10.1016/j.pepi.2021.106762,,
omid:br/06160464433,doi:10.1016/j.jad.2014.11.059,pmid:25577159,
omid:br/061104407749,doi:10.1007/978-981-97-4068-0_5,,
omid:br/06901589169,doi:10.2307/1913388,,
omid:br/06403456879,doi:10.1016/j.ajem.2004.12.011,pmid:16032631,
omid:br/061503718801,doi:10.1016/s0160-4120(03)00151-x,pmid:14664872,
omid:br/06502356792,doi:10.1556/monkol.53.2009.4.4,pmid:20071307,
omid:br/06804451111,doi:10.1109/etfa52439.2022.9921493,,
omid:br/06502251616,doi:10.1002/j.1460-2075.1994.tb06872.x,pmid:7957103,
omid:br/061104275997,doi:10.1016/j.mcpro.2024.100717,,
omid:br/06150573988,doi:10.1016/s1081-1206(10)61190-8,pmid:16095144,
omid:br/061401309656,doi:10.1038/bjc.2015.342,pmid:26484410,
omid:br/065099212,doi:10.1002/anie.202107877,pmid:34263981,
omid:br/062101695416,doi:10.1111/liv.12628,pmid:24976523,
omid:br/061302714313,doi:10.1007/s10658-011-9891-2,,
omid:br/061203106086,doi:10.1177/0269216316650788,pmid:27412258,
omid:br/06604339618,doi:10.1093/gbe/evad148,,
omid:br/061402675220,doi:10.1016/j.bbrc.2018.02.149,pmid:29462622,
omid:br/06501648383,doi:10.1016/j.dsx.2020.10.018,pmid:33113471,
omid:br/06340178855,doi:10.1016/j.jnoncrysol.2023.122327,,
omid:br/06202585910,doi:10.1080/1120009x.2021.1959787,pmid:34486957,
omid:br/061901404793,doi:10.3892/ol.2017.5910,pmid:28529584,
omid:br/06801586834,doi:10.1051/epjconf/201922301034,,
omid:br/06190103234,doi:10.1108/aaaj-03-2013-1252,,
omid:br/06190100264,doi:10.1080/1479758032000135933,,
omid:br/062101767851,doi:10.1016/j.mrfmmm.2011.11.008,pmid:22138132,
omid:br/06301175688,doi:10.1677/joe.0.1570099,pmid:9614363,
omid:br/061302292633,doi:10.1101/648576,,
omid:br/06103238289,doi:10.7150/thno.24322,pmid:29930738,
omid:br/062201787382,doi:10.1002/mnfr.200500147,pmid:16288502,
omid:br/06140919228,doi:10.1086/301750,pmid:9497247,
omid:br/0670458446,doi:10.1016/s1471-4914(01)02127-x,pmid:11597518,
omid:br/06190823839,doi:10.1089/dna.2014.2738,pmid:26368054,
omid:br/06160510899,doi:10.1039/d0cp01336f,pmid:32500890,
omid:br/061803993224,doi:10.1016/j.ctarc.2023.100715,,
omid:br/062601822565,doi:10.1007/s10404-008-0349-6,,
omid:br/061203544750,doi:10.7759/cureus.27189,pmid:36039270,
omid:br/0606116100,doi:10.1007/978-3-031-77385-3_5,,
omid:br/0660637284,doi:10.3109/02699052.2013.772238,pmid:23473439,
omid:br/06260955199,doi:10.1021/jf101841r,pmid:20681651,
omid:br/062402393554,doi:10.1016/j.canlet.2004.12.023,pmid:16253763,
omid:br/06802493002,doi:10.1021/ic50143a009,,
omid:br/061601317208,doi:10.1016/j.ymgme.2013.06.012,pmid:23845234,
omid:br/061901428234,doi:10.1103/physrevd.92.074011,,
omid:br/062501318600,doi:10.1134/s154747712103002x,,
omid:br/061601530033,doi:10.1371/journal.pone.0056579,pmid:23468868,
omid:br/061603010031,doi:10.1109/icdcs.2011.79,,
omid:br/061802040177,doi:10.1136/adc.78.1.3,pmid:9534667,
omid:br/06504378527,doi:10.1103/physrevd.107.123513,,
omid:br/061401435117,doi:10.1136/vr.152.5.138,pmid:12585601,
omid:br/06280570052,doi:10.1039/d4sm00530a,,
omid:br/0690146962,doi:10.1142/s2345768614500019,,
omid:br/06110702603,doi:10.3389/fncel.2017.00083,pmid:28400720,
omid:br/06260139835,doi:10.1002/ejic.201301375,,
omid:br/06404701959,doi:10.1520/jte20230124,,
omid:br/062101744676,doi:10.1007/s12263-015-0480-4,pmid:26183162,
omid:br/061704303352,doi:10.1016/j.jmbbm.2024.106608,,
omid:br/062602739949,doi:10.1007/978-3-642-10268-4_52,,
omid:br/0620491446,doi:10.1080/00102209508960394,,
omid:br/062603965221,doi:10.3389/fimmu.2022.1078340,,
omid:br/06260763123,doi:10.1016/j.oceaneng.2009.01.004,,
omid:br/061101496017,doi:10.1093/sleep/zsaa055,pmid:32227223,
omid:br/06604749077,doi:10.1111/jcmm.18342,,
omid:br/0645047516,doi:10.1097/00001813-200206000-00006,pmid:12045459,
omid:br/061203733172,doi:10.1016/s0168-8278(03)00398-2,pmid:12971976,
omid:br/06120148206,doi:10.1016/j.mee.2015.03.040,,
omid:br/061103837801,doi:10.1016/s2666-5247(22)00225-7,pmid:35964637,
omid:br/06701065646,doi:10.1159/000180448,pmid:1079332,
omid:br/061601560618,doi:10.4028/www.scientific.net/msf.587-588.961,,
omid:br/06180251982,doi:10.1183/23120541.00008-2020,pmid:32607371,
omid:br/062501798274,doi:10.1590/s1517-83822008000200002,pmid:24031203,
omid:br/06204063677,,pmid:6479537,
omid:br/06290534673,doi:10.3390/plants13202925,,
omid:br/061701186600,doi:10.1089/neu.2016.4717,pmid:28006970,
omid:br/06701454651,doi:10.1016/j.ygeno.2018.09.019,pmid:30292769,
omid:br/061403733970,,pmid:9133368,
omid:br/0650429428,doi:10.1016/j.joca.2009.08.012,pmid:19747587,
omid:br/06501087325,doi:10.1016/s0950-0618(02)00117-4,,
omid:br/06203275508,doi:10.1111/bioe.12093,pmid:24724540,
omid:br/062102617592,doi:10.18311/jnr/2020/24113,,
omid:br/06704673356,doi:10.1109/icccis60361.2023.10425484,,
omid:br/06101717789,doi:10.1146/annurev.genet.39.073003.100738,pmid:16872256,
omid:br/06150258975,doi:10.1016/j.agsy.2007.05.001,,
omid:br/0680834072,doi:10.1287/ijoc.2019.0893,,
omid:br/062204015883,doi:10.1007/978-3-031-34593-7_30,,
omid:br/06170476889,doi:10.1113/jphysiol.1987.sp016552,pmid:2445969,
omid:br/061301340180,doi:10.1109/tem.2008.2009789,,
omid:br/0620401326,doi:10.2147/ijgm.s360320,pmid:35450032,
omid:br/06401440347,doi:10.3390/ijms19102972,pmid:30274246,
omid:br/061202300939,doi:10.5772/intechopen.82351,,
omid:br/06902198425,doi:10.1563/aaid-joi-d-19-00275,pmid:33031547,
omid:br/0660742260,doi:10.1111/j.1468-0475.2011.00557.x,,
omid:br/06901590767,doi:10.1177/019459988108900111,pmid:6784081,
omid:br/061301809545,doi:10.1111/j.1365-2966.2009.15840.x,,
omid:br/0650502451,doi:10.1094/phyto.2004.94.4.337,pmid:18944109,
omid:br/061502808932,doi:10.1016/j.nuclphysbps.2009.03.017,,
omid:br/06703439807,doi:10.1002/hep.25510,pmid:22135116,
omid:br/06350501701,doi:10.1002/adhm.202402372,,
omid:br/06902123109,doi:10.1097/00003246-200006000-00003,pmid:10890608,
omid:br/0606458586,doi:10.1007/s13157-024-01883-8,,
omid:br/0620445427,doi:10.1007/bf00178208,pmid:8139702,
omid:br/06250467178,doi:10.1016/j.jpedsurg.2021.01.018,pmid:33485614,
omid:br/06260611913,doi:10.1016/j.jhin.2016.12.015,pmid:28131642,
omid:br/06401117189,doi:10.1067/mtc.2001.111206,pmid:11174744,
omid:br/06250569835,doi:10.1080/13683500708668426,,
omid:br/062201874030,doi:10.4081/pmc.2020.242,pmid:33140631,
omid:br/062201718353,doi:10.1086/175542,,
omid:br/06160554131,doi:10.1093/glycob/11.1.21,pmid:11181558,
omid:br/06260270991,doi:10.14336/ad.2017.0702,pmid:29896440,
omid:br/062401887358,doi:10.1080/19475411.2019.1591541,,
omid:br/06210593714,doi:10.1023/a:1009684502135,,
omid:br/061701750690,doi:10.1002/mrm.24967,pmid:24151231,
omid:br/06402295787,doi:10.1093/crocol/otz017,,
omid:br/0634016849,doi:10.1007/s12272-011-0418-3,pmid:21544733,
omid:br/062402755440,doi:10.1088/1757-899x/3/1/012001,,
omid:br/06180617912,doi:10.1172/jci112879,pmid:2950133,
omid:br/06401168551,doi:10.1002/ejhf.1100,pmid:29280256,
omid:br/061502909968,doi:10.1101/2021.08.19.21262298,,
omid:br/06104189106,doi:10.1016/s0885-3924(00)00116-0,pmid:10799797,
omid:br/06440162996,doi:10.1007/978-3-031-26801-4_9,,
omid:br/062601689682,doi:10.1016/j.camwa.2006.02.031,,
omid:br/061901712072,doi:10.3390/atmos9010006,,
omid:br/06703443681,doi:10.1042/bcj20200290,pmid:32427336,
omid:br/06260655573,doi:10.1002/jts.22644,pmid:33370465,
omid:br/062403430318,doi:10.1007/s11356-022-23094-6,pmid:36149565,
omid:br/06180935697,doi:10.1016/j.jcp.2006.12.021,,
omid:br/06201580076,doi:10.1016/j.lfs.2008.10.003,pmid:18976674,
omid:br/062403810531,,pmid:21532726,
omid:br/06301262474,doi:10.1086/605870,,
omid:br/0606518288,doi:10.1080/17512786.2024.2443229,,
omid:br/061203628013,doi:10.1016/s0006-3495(00)76713-0,pmid:10692345,
omid:br/062603267200,doi:10.1109/csmr.2008.4493311,,
omid:br/062601360501,doi:10.1093/nar/28.20.3846,pmid:11024162,
omid:br/061901650785,doi:10.1021/je201080c,,
omid:br/06103118142,doi:10.1021/acsami.8b04222,pmid:29779377,
omid:br/06902878755,doi:10.1080/02699052.2022.2033838,pmid:35099339,
omid:br/062101639053,doi:10.1016/s0021-9517(03)00067-8,,
omid:br/06180829372,doi:10.1186/s13045-019-0826-2,pmid:31847880,
omid:br/06250299682,doi:10.1016/j.jacl.2009.04.042,,
omid:br/06401170197,doi:10.1007/s12149-021-01632-5,pmid:34021491,
omid:br/062203046455,doi:10.1073/pnas.2119695119,pmid:35858355,
omid:br/06301272477,doi:10.1017/s1368980009990231,pmid:19545468,
omid:br/061602374777,doi:10.1109/ccta.2017.8062486,,
omid:br/061803036781,doi:10.1002/hep.510290311,pmid:10051497,
omid:br/06102269998,doi:10.1016/j.ccm.2009.08.012,pmid:19925970,
omid:br/061901627088,doi:10.3389/fonc.2013.00296,pmid:24377084,
omid:br/06103231319,doi:10.1007/978-0-85729-991-8_10,,
omid:br/06210300809,doi:10.1186/s12943-020-01174-w,pmid:32127004,
omid:br/061301783852,doi:10.1016/j.brainres.2012.04.051,pmid:22565012,
omid:br/06260264753,doi:10.1016/j.sleep.2022.05.016,pmid:35717731,
omid:br/062103483451,doi:10.1104/pp.102.3.803,pmid:8278534,
omid:br/0630888458,doi:10.1021/acschemneuro.8b00128,pmid:29733572,
omid:br/06804880663,doi:10.1016/j.jlr.2024.100583,,
omid:br/062501730288,doi:10.1111/j.1440-1673.1994.tb00114.x,pmid:8147793,
omid:br/06130555098,doi:10.1136/jech.53.4.204,pmid:10396545,
omid:br/061702019580,doi:10.1016/j.nanoen.2018.08.072,,
omid:br/061302678194,doi:10.1021/acsami.5b11975,pmid:26919087,
omid:br/06502501489,doi:10.1111/bpa.12804,pmid:31799776,
omid:br/06202523662,doi:10.3109/07853899409147890,pmid:7915526,
omid:br/063409072,doi:10.1207/s15327590ijhc1002_3,pmid:11542908,
omid:br/061202108778,doi:10.1016/j.ica.2018.05.032,,
omid:br/0670944950,doi:10.1134/s0026893315020077,,
omid:br/06230433281,doi:10.1093/abm/kaac023,pmid:35759288,
omid:br/06360127392,doi:10.1007/s40262-023-01246-2,,
omid:br/06203282994,doi:10.1200/jco.2014.32.15_suppl.tps9121,,
omid:br/062603407547,doi:10.1002/0471214426.pas0106,,
omid:br/06204673440,doi:10.3390/jpm14020144,,
omid:br/062201279581,doi:10.1177/070674370705201106,pmid:18399039,
omid:br/06110563642,doi:10.1016/j.renene.2018.02.098,,
omid:br/06604297864,doi:10.1002/14651858.cd001090.pub2,pmid:24043371,
omid:br/062302871664,doi:10.1080/0232929031000080623,,
omid:br/06130583358,doi:10.1016/j.freeradbiomed.2008.11.026,pmid:19133326,
omid:br/062301031367,doi:10.1007/s10741-005-5253-5,pmid:16416046,
omid:br/06190424383,doi:10.3233/jad-220218,pmid:35599492,
omid:br/06250289795,doi:10.3389/fmicb.2017.01821,pmid:28983292,
omid:br/06240425793,doi:10.1109/tcst.2011.2164541,,
omid:br/06504770249,doi:10.7759/cureus.56775,,
omid:br/06170694699,doi:10.1109/jproc.2006.871776,,
omid:br/0617085142,doi:10.1074/jbc.m112.351569,pmid:22843687,
omid:br/0623070321,doi:10.1136/hrt.82.2.226,pmid:10409542,
omid:br/06901205105,doi:10.1177/0020764010382368,pmid:20851829,
omid:br/06190148198,doi:10.1186/s12872-019-1028-0,pmid:30836955,
omid:br/061301660426,doi:10.1089/neu.2021.0435,pmid:35057639,
omid:br/061701583147,doi:10.1067/mge.2001.116358,pmid:11427835,
omid:br/069080145,doi:10.3891/acta.chem.scand.25-0747,,
omid:br/06120599983,doi:10.1007/s00216-011-5522-1,pmid:22094590,
omid:br/06702726149,doi:10.1101/201459,,
omid:br/062301900692,doi:10.51249/jid.v3i02.808,,
omid:br/06180171360,doi:10.1016/0305-0548(87)90065-7,,
omid:br/06230403915,doi:10.1016/j.healthpol.2020.07.007,pmid:32839011,
omid:br/06110204910,doi:10.1016/j.neunet.2014.08.010,pmid:25241349,
omid:br/06401045615,doi:10.1097/mol.0b013e32802e6c12,pmid:17353666,
omid:br/0630214650,doi:10.1186/cc12701,pmid:23998635,
omid:br/06601745983,doi:10.1103/physrevc.80.044317,,
omid:br/0642085409,doi:10.1109/cpe-powereng58103.2023.10227442,,
omid:br/061902220749,doi:10.1097/pgp.0b013e31829c6574,pmid:24681730,
omid:br/061402508644,doi:10.1128/9781555817381.ch82,,
omid:br/061701942788,doi:10.1007/s43465-022-00628-1,pmid:35669030,
omid:br/062101216939,doi:10.1097/00005650-200006000-00008,pmid:10843314,
omid:br/06202832293,doi:10.1016/s0370-2693(97)00078-6,,
omid:br/061401885734,doi:10.22358/jafs/74033/2004,,
omid:br/062302981738,doi:10.1145/2212908.2212954,,
omid:br/062401795476,doi:10.1016/j.radcr.2016.02.018,pmid:27257464,
omid:br/06160288269,doi:10.1097/00006123-199202000-00013,,
omid:br/06204345334,doi:10.1007/s42250-022-00549-4,,
omid:br/0606287636,doi:10.3847/1538-4357/ad98f7,,
omid:br/06150662721,doi:10.1111/jfpp.15727,,
omid:br/061802249538,doi:10.1016/s0001-8686(02)00094-5,pmid:12689761,
omid:br/061402001573,doi:10.1038/leu.2015.200,pmid:26205084,
omid:br/06160538068,doi:10.1016/s0001-4575(99)00026-3,,
omid:br/06140201480,doi:10.1093/ndt/gfq265,pmid:20484303,
omid:br/06602198641,doi:10.1080/03650340.2019.1676891,,
omid:br/062102640585,doi:10.1021/acssynbio.7b00416,pmid:29366319,
omid:br/062601462266,doi:10.1007/s00330-021-08199-9,pmid:34390372,
omid:br/062101433368,doi:10.1002/ange.202017062,,
omid:br/06803270804,doi:10.1016/j.jtherbio.2015.04.005,pmid:26267493,
omid:br/062301224720,doi:10.1046/j.1432-1327.1998.2520147.x,pmid:9523724,
omid:br/06180295045,doi:10.3389/fimmu.2020.584509,pmid:33329558,
omid:br/06503868259,doi:10.1016/j.porgcoat.2022.107138,,
omid:br/062202839737,doi:10.1007/s10212-014-0232-7,,
omid:br/06190411105,doi:10.1002/qua.25793,,
omid:br/061303489704,doi:10.1017/s0140525x00974028,,
omid:br/062504261562,doi:10.1007/s10668-023-04306-6,,
omid:br/062203912000,doi:10.1016/j.xgen.2023.100301,,
omid:br/06180833175,doi:10.1016/j.neucom.2018.01.038,,
omid:br/06240889367,doi:10.1145/24820.24822,,
omid:br/06140428694,doi:10.1186/s12959-020-00252-9,pmid:33317566,
omid:br/06220747593,doi:10.1016/j.eucr.2022.102079,pmid:35520031,
omid:br/06180695555,doi:10.1111/j.1365-2265.1995.tb02693.x,pmid:7634507,
omid:br/06602510348,doi:10.1056/nejm198104023041401,pmid:7010157,
omid:br/0640123140,doi:10.1021/cr00037a013,,
omid:br/06804045333,,pmid:8137272,
omid:br/061602592218,doi:10.1023/a:1020548904384,pmid:9733093,
omid:br/062301436732,doi:10.1002/msc.1363,pmid:30298974,
omid:br/06104710634,doi:10.3390/jor4020010,,
omid:br/06402544110,doi:10.1182/bloodadvances.2021005139,pmid:34581754,
omid:br/06201263433,doi:10.1093/cid/ciaa684,pmid:32474578,
omid:br/0680900024,doi:10.1111/j.0022-202x.2005.23673.x,pmid:15982298,
omid:br/062404364451,doi:10.1016/j.energy.2024.132994,,
omid:br/062601083403,doi:10.3390/ijerph17197240,pmid:33022999,
omid:br/06901270964,doi:10.1097/mat.0000000000000860,pmid:30379653,
omid:br/061904297779,doi:10.4103/jpcdoh.jpcdoh_17_24,,
omid:br/0635059600,doi:10.1088/1748-9326/ab9ece,,
omid:br/061801360978,doi:10.1111/1755-0998.12606,pmid:27718335,
omid:br/0690968117,doi:10.1111/j.1475-6773.2012.01386.x,pmid:22353031,
omid:br/06110701828,doi:10.3389/fncel.2018.00427,pmid:30510503,
omid:br/062102638968,doi:10.1016/j.electstud.2015.12.005,,
omid:br/061503321217,doi:10.1021/j100020a003,,
omid:br/06490111678,doi:10.1111/sji.13299,,
omid:br/062203047182,doi:10.1073/pnas.95.13.7580,pmid:9636192,
omid:br/06101285283,doi:10.1017/s1368980015002293,pmid:26328752,
omid:br/06350411872,doi:10.3389/fsufs.2024.1343283,,
omid:br/061702680949,doi:10.1002/aic.14849,,
omid:br/061303536981,doi:10.3389/feart.2022.1067002,,
omid:br/06301467273,doi:10.4103/glioma.glioma_7_20,,
omid:br/061501590105,doi:10.1111/j.1600-0404.1994.tb01682.x,pmid:8042448,
omid:br/062602865248,doi:10.1007/978-3-642-67724-3_7,,
omid:br/06103736097,doi:10.1016/s0169-2607(03)00069-5,,
omid:br/06330142193,doi:10.1155/2023/6680536,,
omid:br/061901984687,doi:10.3339/jkspn.2007.11.2.255,,
omid:br/061402796773,doi:10.1007/bf03346352,pmid:17848841,
omid:br/061901434244,doi:10.1061/(asce)0733-9437(1983)109:1(72),,
omid:br/06120790804,doi:10.1016/j.ultramic.2016.05.006,pmid:27222320,
omid:br/06130416561,doi:10.1016/s1386-9477(99)00304-5,,
omid:br/061603333513,doi:10.1509/jmkr.48.spl.s138,,
omid:br/0670971688,doi:10.1039/c5ra17181d,,
omid:br/06340107932,doi:10.36106/ijsr/2900221,,
omid:br/062501065252,doi:10.1016/j.foodcont.2021.108475,,
omid:br/062603830345,doi:10.3389/fmed.2022.785719,pmid:35665348,
omid:br/06802744824,doi:10.5772/intechopen.70271,,
omid:br/06902473127,doi:10.1094/mpmi-2-160,,
omid:br/06901077659,doi:10.1039/c5nj03120f,,
omid:br/062302794464,doi:10.1016/j.mechmat.2008.04.001,,
omid:br/0690226131,doi:10.1002/cyto.b.21177,,
omid:br/06101150669,doi:10.1097/corr.0000000000000400,pmid:30810538,
omid:br/06301745105,doi:10.3390/jrfm14010010,,
omid:br/06604747048,doi:10.1016/j.coastaleng.2024.104560,,
omid:br/061602624861,doi:10.1038/s41598-019-40421-z,pmid:32034287,
omid:br/061802042060,doi:10.1001/archinte.148.11.2381,,
omid:br/06330361941,doi:10.1016/j.dld.2023.12.013,,
omid:br/061103795185,doi:10.1016/s0950-351x(05)80300-3,pmid:7811221,
omid:br/061501986437,doi:10.1155/2005/294529,,
omid:br/06101659926,doi:10.18388/abp.2008_3022,,
omid:br/061104369709,doi:10.1177/20543581241289196,,
omid:br/06803898784,doi:10.1056/nejmcpc020006,pmid:11856800,
omid:br/061302979961,doi:10.1016/b978-0-12-820549-5.00019-x,,
omid:br/06250755313,doi:10.1152/ajpheart.00437.2004,pmid:15374823,
omid:br/061502425476,doi:10.1080/09168451.2018.1549933,pmid:30475154,
omid:br/062201581895,doi:10.1080/00016350600844360,pmid:17123911,
omid:br/06120453742,doi:10.1136/bcr-2019-229194,pmid:31811102,
omid:br/06501576935,doi:10.3389/fnagi.2017.00312,pmid:29033827,
omid:br/06301017833,doi:10.1111/j.1464-410x.2006.06583.x,pmid:17129234,
omid:br/06303956194,doi:10.1002/cssc.202201744,,
omid:br/061703440945,doi:10.1201/9781003211471-16,,
omid:br/06901668493,doi:10.1083/jcb.110.5.1729,pmid:2186048,
omid:br/0605108455,doi:10.1007/978-3-031-68726-6_10,,
omid:br/061902573409,doi:10.1016/b978-0-12-410527-0.00008-9,,
omid:br/06130473572,doi:10.1088/0022-3727/33/11/320,,
omid:br/06702166658,doi:10.3390/catal8080313,,
omid:br/061303044118,doi:10.1002/9780470665237,,isbn:9780470699881
omid:br/06804292222,doi:10.1093/annonc/mdx176,pmid:28475671,
omid:br/062102419418,doi:10.1007/s00417-011-1810-x,pmid:21881840,
omid:br/06401743760,doi:10.1051/0004-6361/201118495,,
omid:br/0610782142,doi:10.3109/10715769109145830,pmid:2060832,
omid:br/067089715,doi:10.1074/jbc.m308512200,pmid:14634005,
omid:br/06502938787,doi:10.1109/pedg.2015.7223092,,
omid:br/061802670679,doi:10.1007/s00726-011-0913-3,pmid:21509489,
omid:br/061503754555,,pmid:19277425,
omid:br/062402252099,doi:10.1101/2020.02.27.969006,,
omid:br/0630528186,doi:10.1021/bi962642y,pmid:9153411,
omid:br/061901252281,doi:10.1016/j.neuint.2009.08.008,pmid:19703504,
omid:br/061601012470,doi:10.2983/035.029.0407,,
omid:br/06130400277,doi:10.1094/pdis.1999.83.6.589c,pmid:30849846,
omid:br/06201332685,doi:10.1038/bjc.1981.164,pmid:7023523,
omid:br/062401304343,doi:10.1103/physreva.89.042338,,
omid:br/0610559028,doi:10.1016/s1526-9523(01)00233-1,pmid:11874088,
omid:br/06104829911,doi:10.1007/s11695-024-07294-2,,
omid:br/061502892988,doi:10.1105/tpc.111.092254,pmid:22415275,
omid:br/062503532715,doi:10.3390/microorganisms10102018,,
omid:br/06104097423,,pmid:8569196,
omid:br/061502008330,doi:10.9781/ijimai.2020.02.002,,
omid:br/062501246749,doi:10.1016/j.jsams.2021.11.039,pmid:34895837,
omid:br/0620403309,doi:10.1016/0190-9622(93)70256-s,pmid:8408827,
omid:br/061403774421,doi:10.1016/s0960-9822(03)00542-6,pmid:12956959,
omid:br/06290573525,doi:10.1007/s12672-024-01077-y,,
omid:br/062201847920,doi:10.1016/s2221-1691(11)60091-9,pmid:23569804,
omid:br/06702103746,doi:10.1186/s12987-015-0007-9,pmid:25994964,
omid:br/0650927772,doi:10.1023/a:1011481632510,,
omid:br/06201713152,doi:10.1038/sj.bjp.0702373,pmid:10193771,
omid:br/06104173565,doi:10.1023/a:1006851428691,pmid:9228292,
omid:br/06140808164,doi:10.1186/1475-2867-12-32,pmid:22720671,
omid:br/0641091570,doi:10.4337/9781035304585.00009,,
omid:br/06210964813,doi:10.1111/ijs.12537,pmid:26045301,
omid:br/06260490626,doi:10.1124/jpet.118.253104,pmid:30275150,
omid:br/061801311414,doi:10.1016/j.concog.2009.09.013,pmid:19962911,
omid:br/0680853270,doi:10.1016/j.jchromb.2017.03.013,pmid:28334649,
omid:br/062103060860,doi:10.3892/or.2014.3571,pmid:25355463,
omid:br/062103708707,,pmid:12372732,
omid:br/06201027867,doi:10.1101/gr.3133605,pmid:15741509,
omid:br/06302167020,doi:10.1109/twc.2007.060094,,
omid:br/066091675,doi:10.2214/ajr.16.16033,pmid:27304515,
omid:br/06103770502,doi:10.1093/annonc/mdt425,pmid:24276027,
omid:br/061403293523,doi:10.1007/s00214-021-02765-6,,
omid:br/06170899443,doi:10.1016/0022-2011(67)90134-6,,
omid:br/061701798761,doi:10.1371/journal.ppat.1006290,pmid:28542486,
omid:br/0620457927,doi:10.1039/9781782622093,,isbn:9781782626404
omid:br/0610952294,doi:10.1021/jf903527y,pmid:20073469,
omid:br/061701894774,doi:10.1016/j.ejrad.2016.08.020,pmid:27776644,
omid:br/06190510778,doi:10.1016/j.nbd.2015.11.011,pmid:26631617,
omid:br/06101880650,doi:10.1075/tsl.117.06kon,,
omid:br/0690652570,doi:10.4161/auto.7.10.16626,pmid:22011618,
omid:br/062202231887,doi:10.1177/21501327211040746,pmid:34427126,
omid:br/061203677637,,pmid:21593722,
omid:br/06210761805,doi:10.1002/jcla.24149,pmid:34859927,
omid:br/062602132095,doi:10.2174/157489211796957748,pmid:21612575,
omid:br/062601570022,doi:10.1109/tpwrs.2005.846206,,
omid:br/061203890858,doi:10.1038/s43856-023-00319-4,,
omid:br/06503724180,doi:10.1016/j.transproceed.2020.02.083,pmid:32222386,
omid:br/0644027209,doi:10.1378/chest.105.3.947,pmid:8131573,
omid:br/061604219820,doi:10.2147/jir.s477490,,
omid:br/06380126518,doi:10.1080/00343404.2023.2172390,,
omid:br/06150681832,doi:10.1016/j.jfa.2022.109483,,
omid:br/06190704814,doi:10.3390/cancers13030370,pmid:33498405,
omid:br/0641032642,doi:10.3923/ajpp.2007.76.89,,
omid:br/062603512396,doi:10.1103/physrev.144.319,,
omid:br/06903479824,doi:10.3390/polym14163318,pmid:36015575,
omid:br/061601736290,doi:10.1086/518650,,
omid:br/061701056215,doi:10.2118/163664-pa,,
omid:br/06404093195,,pmid:8558639,
omid:br/062601262764,doi:10.1016/s0040-8166(98)80012-8,pmid:9569684,
omid:br/061603095051,doi:10.1007/s11270-008-9822-9,,
omid:br/062301171258,doi:10.1111/j.1365-2621.1983.tb10804.x,,
omid:br/06902438401,doi:10.2165/00007256-198704040-00003,pmid:3306866,
omid:br/061303670941,,pmid:4000785,
omid:br/062302221446,doi:10.1089/ten.a.2006.0352,pmid:18333820,
omid:br/06320566999,doi:10.35118/apjmbb.2024.032.3.24,,
omid:br/06101757742,doi:10.1103/physrevc.89.044910,,
omid:br/0630873101,doi:10.1111/bjd.14836,pmid:27375176,
omid:br/062603639706,,pmid:12215101,
omid:br/0650299469,doi:10.1016/j.transci.2021.103224,pmid:34366234,
omid:br/06280462084,doi:10.1111/aphw.12552,,
omid:br/0620198384,doi:10.1111/vcp.12062,pmid:23919654,
omid:br/06210666748,doi:10.1016/j.ijrobp.2007.10.036,pmid:18474314,
omid:br/061702619707,doi:10.1038/s41598-019-40038-2,pmid:30816339,
omid:br/061801993812,doi:10.1016/j.econlet.2009.07.002,,
omid:br/06203924336,doi:10.1016/j.hrtlng.2022.09.018,,
omid:br/06803900815,doi:10.1103/physrev.128.1425,,
omid:br/06150667391,doi:10.1081/dmr-120023683,pmid:12959413,
omid:br/06250388924,doi:10.1016/j.cemconcomp.2010.10.020,,
omid:br/06503130844,doi:10.1007/978-3-642-39802-5_24,,
omid:br/06202504840,doi:10.1016/j.neuropharm.2011.01.050,pmid:21324325,
omid:br/062601328838,doi:10.1038/ncomms7653,pmid:25808752,
omid:br/061201379242,doi:10.1021/jo800179m,pmid:18358000,
omid:br/06204203234,,pmid:14511964,
omid:br/061803307047,doi:10.1097/md.0000000000016054,pmid:31277099,
omid:br/062401047976,doi:10.1016/s2468-1253(18)30306-6,pmid:30343116,
omid:br/06150654626,doi:10.1002/cncy.22312,pmid:32573971,
omid:br/061502287228,doi:10.1109/itec53557.2022.9813843,,
omid:br/06150400303,doi:10.1016/j.jaad.2020.12.065,pmid:33482258,
omid:br/0640646146,doi:10.1176/jnp.2008.20.2.162,pmid:18451187,
omid:br/062401175607,doi:10.1177/0888325496010002002,,
omid:br/061201846029,doi:10.1016/j.trechm.2019.04.003,,
omid:br/0650656606,doi:10.1080/21645515.2016.1165908,pmid:27105067,
omid:br/0610449015,doi:10.1128/jcm.00333-13,pmid:23426920,
omid:br/061201043146,doi:10.1007/s12013-011-9282-5,pmid:21913004,
omid:br/06903887485,,pmid:17396708,
omid:br/062602476495,doi:10.1016/j.chemosphere.2020.127695,pmid:32818848,
omid:br/06903825588,,pmid:7294161,
omid:br/06280142444,doi:10.1002/ajum.12313,,
omid:br/0630601074,doi:10.1093/eurheartj/ehx342,pmid:29020409,
omid:br/061401722286,doi:10.3390/foods8100458,pmid:31597386,
omid:br/06402137769,doi:10.1002/ece3.719,pmid:24223268,
omid:br/062601825567,doi:10.1016/j.jphotobiol.2019.111513,pmid:31136885,
omid:br/061502603786,doi:10.3390/ani9070470,pmid:31340515,
omid:br/0610689632,doi:10.1080/00221309.1955.9918346,,
omid:br/062503948643,doi:10.3390/jpm13060989,,
omid:br/06103117225,doi:10.1021/acsami.8b09899,pmid:30052425,
omid:br/061801308507,doi:10.1038/ncomms14637,pmid:28256514,
omid:br/06501266076,doi:10.1002/pd.5062,pmid:28453882,
omid:br/06904354109,doi:10.1016/j.ygyno.2024.08.012,,
omid:br/06804378393,doi:10.1109/wacvw58289.2023.00009,,
omid:br/06110854539,doi:10.1177/216507990605400408,,
omid:br/06704061388,,pmid:11149630,
omid:br/06401437474,doi:10.1007/s00018-021-03853-3,pmid:34028590,
omid:br/061203739455,,pmid:11299807,
omid:br/06120909465,doi:10.1080/10715762.2018.1485075,pmid:29865970,
omid:br/06703181764,doi:10.1136/bmj.c1672,pmid:20522654,
omid:br/06302520617,doi:10.1093/aobpla/plz009,pmid:30911367,
omid:br/0630478977,doi:10.1113/jphysiol.1980.sp013238,pmid:7411453,
omid:br/06240203534,doi:10.1093/petrology/egy005,,
omid:br/0680755631,doi:10.1159/000448218,pmid:27548082,
omid:br/062502414556,doi:10.1111/j.1365-2109.2010.02758.x,,
omid:br/062402379282,doi:10.1007/978-981-10-4358-1_25,,
omid:br/067093896,doi:10.2214/ajr.07.2515,pmid:18716093,
omid:br/0660561151,doi:10.1039/d0bm00027b,pmid:32236265,
omid:br/06901413353,doi:10.7314/apjcp.2016.17.2.771,pmid:26925678,
omid:br/06601294146,doi:10.1364/jocn.11.000b97,,
omid:br/062403013594,doi:10.1098/rspb.2007.0417,pmid:17591590,
omid:br/062302439070,doi:10.1007/978-3-319-27140-8_27,,
omid:br/0660807046,doi:10.1016/j.jfineco.2004.12.005,,
omid:br/06401117284,doi:10.1067/mtc.2000.109706,pmid:11003765,
omid:br/0680371455,doi:10.1016/j.cattod.2012.05.025,,
omid:br/0628075067,doi:10.3920/jiff2022.0127,,
omid:br/06704356261,doi:10.1021/acs.inorgchem.3c01243,,
omid:br/061204320748,doi:10.1007/978-3-662-64801-8_107-1,,
omid:br/06901011753,doi:10.1097/aln.0b013e3181ebdb15,pmid:20700042,
omid:br/0670652681,doi:10.1007/s00191-018-0603-3,,
omid:br/06803066548,doi:10.1016/j.mspro.2014.07.021,,
omid:br/06170107901,doi:10.1038/sj.jp.7211593,pmid:16929344,
omid:br/061201030605,doi:10.1111/j.1467-7652.2011.00667.x,pmid:22145600,
omid:br/06160117320,doi:10.1016/s0960-894x(99)00396-0,pmid:10476864,
omid:br/062201952997,doi:10.1055/s-0036-1586759,pmid:28321373,
omid:br/061603794212,,pmid:34465681,
omid:br/062501011172,doi:10.1017/s146114570600647x,pmid:16448581,
omid:br/062401782042,doi:10.18502/pbr.v5i2.1579,,
omid:br/06402172815,doi:10.1016/j.jnc.2015.03.003,,
omid:br/0607240013,doi:10.1109/cac63892.2024.10864745,,
omid:br/06303736990,doi:10.1016/j.scienta.2012.01.012,,
omid:br/06503522951,doi:10.1016/j.theriogenology.2015.02.005,pmid:25748245,
omid:br/06410158754,doi:10.37285/ijpsn.2022.15.6.7,,
omid:br/06210368022,doi:10.1002/chin.201627269,,
omid:br/061602634101,doi:10.1097/ta.0000000000000213,pmid:24747460,
omid:br/062403709085,,pmid:9803752,
omid:br/06603027139,doi:10.1038/s41598-021-98909-6,pmid:34625574,
omid:br/062402714874,doi:10.1007/978-1-62703-311-4_18,pmid:23436419,
omid:br/0630976957,doi:10.12688/f1000research.121906.1,,
omid:br/0670627801,doi:10.1103/physrevb.75.035134,,
omid:br/062303453189,doi:10.2174/2212796815666211011142101,,
omid:br/061101236238,doi:10.1111/j.1432-1033.1979.tb12795.x,pmid:220046,
omid:br/06140188408,doi:10.1016/j.ejpb.2018.05.038,pmid:29859807,
omid:br/0660220132,doi:10.1167/iovs.12-9909,pmid:22871828,
omid:br/06701806139,doi:10.1088/1367-2630/14/8/085004,,
omid:br/06603495683,doi:10.1016/j.scriptamat.2020.04.025,,
omid:br/0670407227,doi:10.1016/j.clineuro.2008.05.003,pmid:18572306,
omid:br/06103371621,doi:10.1109/nssmic.2012.6551206,,
omid:br/06210590659,doi:10.1111/j.1939-1676.2012.00997.x,pmid:22947047,
omid:br/062603795676,doi:10.4103/jpbs.jpbs_182_21,pmid:35017897,
omid:br/06120882127,doi:10.1016/j.jconhyd.2010.12.012,pmid:21288593,
omid:br/061903397569,doi:10.1101/2020.12.11.421578,,
omid:br/06120397915,doi:10.1016/j.childyouth.2009.11.001,,
omid:br/061203587941,doi:10.1172/jci21686,pmid:15372100,
omid:br/06160323694,doi:10.1002/bip.360280113,pmid:2720098,
omid:br/06803164652,doi:10.1016/j.polymdegradstab.2021.109622,,
omid:br/06390141668,doi:10.3390/s23136020,,
omid:br/061203122368,doi:10.2147/cia.s282709,pmid:34079242,
omid:br/0606853818,doi:10.1108/ijbpa-03-2024-0059,,
omid:br/061301109466,doi:10.1128/jvi.70.12.8508-8517.1996,pmid:8970974,
omid:br/06404696028,doi:10.1101/2023.10.13.562241,,
omid:br/061101481422,doi:10.1007/s12649-011-9075-5,,
omid:br/06280517008,doi:10.1515/9781478027720,,
omid:br/061402144917,doi:10.1016/j.nbt.2021.01.009,pmid:33516825,
omid:br/06602169619,doi:10.1089/gtmb.2019.0111,pmid:32101052,
omid:br/06603748016,doi:10.1504/ijesb.2014.062130,,
omid:br/061301523521,doi:10.1021/jp211206n,,
omid:br/06701060074,doi:10.1016/j.wear.2007.08.005,,
omid:br/062502205206,doi:10.1109/tcds.2020.3041179,,
omid:br/06802357900,doi:10.1039/a904933i,,
omid:br/0640104409,doi:10.1002/anie.201403006,pmid:24825410,
omid:br/0660684050,doi:10.1016/j.chembiol.2017.04.002,pmid:28431223,
omid:br/0690614595,doi:10.1016/j.dld.2013.01.013,pmid:23461842,
omid:br/06170233566,doi:10.1016/j.jeurceramsoc.2017.05.050,,
omid:br/0660484130,doi:10.1126/science.1241165,pmid:23828891,
omid:br/061801486303,doi:10.1016/s0161-813x(01)00052-3,pmid:11577805,
omid:br/062501554208,doi:10.1159/000095805,pmid:16974106,
omid:br/061102699830,doi:10.1021/acsami.6b07997,pmid:27560801,
omid:br/062502631481,doi:10.1007/978-1-4939-2227-7_17,,
omid:br/06140891543,doi:10.1111/1523-1747.ep12492612,pmid:1748819,
omid:br/062602047801,doi:10.1016/j.neuron.2013.01.024,pmid:23395368,
omid:br/06150653555,doi:10.1016/j.clcc.2019.04.003,pmid:31060856,
omid:br/06602795376,doi:10.1016/s0109-5641(03)00130-1,pmid:15019451,
omid:br/0660634661,doi:10.1021/acs.jpcb.6b00524,pmid:26938937,
omid:br/06403543532,doi:10.1111/hae.13817,pmid:31294904,
omid:br/062304370467,doi:10.1016/j.afos.2024.08.002,,
omid:br/0630991196,doi:10.1016/j.scitotenv.2020.143276,pmid:33162127,
omid:br/061801994062,doi:10.1111/j.1600-9657.2008.00739.x,pmid:19290895,
omid:br/061076849,doi:10.1111/j.1600-6143.2007.01944.x,pmid:17845571,
omid:br/06460128933,doi:10.1016/j.toxicon.2023.107140,,
omid:br/06901855667,doi:10.1007/s10291-018-0820-0,,
omid:br/06101866414,doi:10.1088/1475-7516/2010/05/037,,
omid:br/062102338156,doi:10.1016/bs.apar.2018.03.005,pmid:29753337,
omid:br/061203677573,,pmid:20010484,
omid:br/062303818662,,pmid:27668053,
omid:br/06704328427,doi:10.21518/ms2022-044,,
omid:br/06402505653,doi:10.1007/s00040-003-0662-8,,
omid:br/061402383515,doi:10.1016/0924-7963(95)00012-7,,
omid:br/061301748754,doi:10.1016/j.revmed.2019.08.001,pmid:31495525,
omid:br/061904313886,doi:10.3390/biology13110892,,
omid:br/061301512903,doi:10.1371/journal.pone.0231323,pmid:32287287,
omid:br/06301815799,doi:10.1088/1367-2630/aa99b2,,
omid:br/061102222743,doi:10.1007/978-3-319-69123-7_5,,
omid:br/061401246085,doi:10.1016/j.jcin.2016.04.019,pmid:27388826,
omid:br/0680628685,doi:10.1111/wusa.12349,,
omid:br/06260664658,doi:10.1016/j.rvsc.2014.12.013,pmid:25577545,
omid:br/062301543366,doi:10.1111/j.1532-5415.2010.03285.x,pmid:21361879,
omid:br/06703038767,doi:10.1111/1756-185x.13963,pmid:32951342,
omid:br/06260728784,doi:10.1039/d1nr01768c,pmid:34486622,
omid:br/061102111674,doi:10.1016/j.urology.2017.10.009,pmid:29080782,
omid:br/061302604892,doi:10.1186/s13643-019-1176-4,pmid:31661030,
omid:br/06303926667,doi:10.1016/j.jbusres.2022.113362,,
omid:br/061703325775,doi:10.1021/j100192a054,,
omid:br/06204401185,doi:10.1007/s00406-023-01647-1,,
omid:br/06230664787,doi:10.1053/j.semperi.2019.06.003,pmid:31331633,
omid:br/06401288021,doi:10.1089/bfm.2016.0204,pmid:28504547,
omid:br/061104043463,doi:10.1109/iscas46773.2023.10181603,,
omid:br/06801322744,doi:10.1016/j.gyobfe.2012.07.011,pmid:22901782,
omid:br/06240564041,doi:10.1080/10408398.2016.1206845,pmid:27438696,
omid:br/06903674898,doi:10.1016/0014-2999(86)90660-6,pmid:3086108,
omid:br/0630789422,doi:10.1515/biolog-2015-0074,,
omid:br/06180732832,doi:10.1109/tie.2018.2875644,,
omid:br/06101259633,doi:10.1053/jars.2000.7681,pmid:11027767,
omid:br/062303027624,doi:10.1007/978-90-481-8730-0_13,,
omid:br/061201889738,doi:10.1001/jamanetworkopen.2020.23644,pmid:33136134,
omid:br/061701734994,doi:10.1088/0004-637x/755/1/49,,
omid:br/062601886494,doi:10.1016/j.bspc.2022.103870,,
omid:br/06901462556,doi:10.1016/j.aquaculture.2008.10.028,,
omid:br/0630628883,doi:10.1186/s13063-022-06240-w,pmid:35410375,
omid:br/0660610932,doi:10.1016/j.dld.2020.10.033,pmid:33189590,
omid:br/06301254350,doi:10.1207/s15324834basp2403_3,,
omid:br/061901456704,doi:10.1016/j.jhevol.2014.06.002,pmid:25016565,
omid:br/062302802015,doi:10.1016/j.fusengdes.2018.02.020,,
omid:br/0641042223,doi:10.1016/j.ridd.2019.02.002,pmid:30776739,
omid:br/06130565731,doi:10.1016/j.anai.2012.12.013,pmid:23548521,
omid:br/06130560648,doi:10.1103/physreve.97.042201,pmid:29758605,
omid:br/0620247598,doi:10.1016/j.sleep.2017.02.007,pmid:28755899,
omid:br/062301225805,doi:10.1016/j.anndiagpath.2019.151403,pmid:31494491,
omid:br/061802386603,doi:10.1209/0295-5075/107/28009,,
omid:br/062202606102,doi:10.1038/s41598-022-10008-2,pmid:35449143,
omid:br/062403308799,doi:10.1194/jlr.r800087-jlr200,pmid:19011257,
omid:br/062301884898,doi:10.1140/epjp/s13360-020-00274-2,,
omid:br/06802475918,doi:10.1016/j.erss.2022.102629,,
omid:br/061403056074,doi:10.1017/cbo9780511535093,,isbn:9780521811590
omid:br/061601289540,doi:10.1097/hjh.0b013e3282f4fcdb,,
omid:br/0680443283,doi:10.1016/j.fct.2010.04.043,pmid:20435077,
omid:br/06604437044,doi:10.1186/s12885-023-10776-8,,
omid:br/06170245109,doi:10.1016/j.molstruc.2020.128255,,
omid:br/06180980155,doi:10.1110/ps.073169008,pmid:18156470,
omid:br/061303070376,doi:10.1016/j.scriptamat.2008.01.028,,
omid:br/0636032664,doi:10.1002/14651858.cd003244.pub3,pmid:21328259,
omid:br/061904414411,doi:10.1103/physrevresearch.5.043251,,
omid:br/06280109564,doi:10.1007/s11738-023-03563-2,,
omid:br/062601983869,doi:10.1016/j.lwt.2014.03.014,,
omid:br/0620552354,doi:10.1002/bjs.1800560605,pmid:5305843,
omid:br/0634087972,doi:10.1097/md.0000000000033367,,
omid:br/06220602598,doi:10.1016/j.ehb.2018.01.002,pmid:29529400,
omid:br/062101132289,doi:10.6004/jnccn.2018.7055,,
omid:br/06902662612,doi:10.1007/978-90-368-0612-1_6,,
omid:br/061303543800,doi:10.1016/j.xcrp.2022.101100,,
omid:br/0610128440,doi:10.1002/ejic.200601226,,
omid:br/061903482575,doi:10.1109/aicas54282.2022.9869846,,
omid:br/06190323846,doi:10.2307/3109766,,
omid:br/061201067108,doi:10.1016/j.mechatronics.2006.04.002,,
omid:br/061202870625,doi:10.1007/978-3-0348-8703-8_20,,
omid:br/06301222812,doi:10.1016/0005-2760(75)90039-9,,
omid:br/0650337640,doi:10.1016/j.jelectrocard.2010.07.022,pmid:20888001,
omid:br/061201837193,doi:10.1016/j.cnur.2017.10.002,pmid:29362057,
omid:br/062601619179,doi:10.1111/j.1744-7976.2009.01160.x,,
omid:br/06104109384,doi:10.1016/s0031-6989(84)80040-5,pmid:6463097,
omid:br/0620404505,doi:10.1094/pdis-03-13-0309-pdn,,
omid:br/06370101763,doi:10.48550/arxiv.1203.2142,,
omid:br/06170158938,doi:10.1080/01448765.2019.1580615,,
omid:br/06150880333,doi:10.2196/12439,pmid:30747714,
omid:br/06202414482,doi:10.1039/c3fo30380b,pmid:23787405,
omid:br/061803917960,doi:10.3390/jcm12123907,,
omid:br/06150122149,doi:10.1246/bcsj.27.112,,
omid:br/061804418172,doi:10.1016/j.matcom.2024.03.015,,
omid:br/0690573448,doi:10.1103/physrevd.102.095003,,
omid:br/06302658465,doi:10.1101/823963,,
omid:br/061601987799,doi:10.1186/s13148-021-01192-5,pmid:34774111,
omid:br/06110177111,doi:10.1111/1440-1681.13093,pmid:30932210,
omid:br/0635080402,doi:10.1111/btp.13204,,
omid:br/062501829858,doi:10.3201/eid1304.061378,pmid:17553270,
omid:br/061202080600,doi:10.1161/jaha.118.010797,pmid:30561255,
omid:br/06704243830,,pmid:29710306,
omid:br/06190209475,doi:10.1093/jxb/erj125,pmid:16556628,
omid:br/061702674708,doi:10.1002/cphc.200301069,pmid:15139221,
omid:br/061102091805,doi:10.1155/2010/456240,pmid:20379359,
omid:br/0650892756,doi:10.1097/meg.0000000000001835,pmid:32639419,
omid:br/062601887224,doi:10.1016/j.bspc.2021.103048,,
omid:br/061201717106,doi:10.1093/pasj/psv041,,
omid:br/06502326390,doi:10.3390/su14148523,,
omid:br/06402270150,doi:10.1001/archsurg.1929.04420030129006,,
omid:br/06120518024,doi:10.1063/1.3639272,,
omid:br/0632063294,doi:10.1515/cclm-2013-0077,pmid:23612552,
omid:br/062602086014,doi:10.1103/physrevlett.122.218501,pmid:31283309,
omid:br/06230943736,doi:10.1016/j.rser.2005.02.003,,
omid:br/061603765845,,pmid:18214162,
omid:br/061501035122,doi:10.1175/jcli-d-13-00096.1,,
omid:br/061802981351,doi:10.1016/b978-0-12-382167-6.00048-5,,
omid:br/0650676974,doi:10.1002/kin.20528,,
omid:br/06310170442,doi:10.3847/1538-4357/acd5d3,,
omid:br/061101266593,doi:10.2478/kbo-2022-0073,,
omid:br/06701749118,doi:10.1016/j.soard.2011.11.014,pmid:22222304,
omid:br/061803618406,,pmid:9376583,
omid:br/062201332370,doi:10.1109/ted.2008.2006889,,
omid:br/0618067772,doi:10.1016/j.crwh.2021.e00305,pmid:33854956,
omid:br/0690982931,doi:10.12688/f1000research.10276.1,pmid:28299191,
omid:br/062504213881,doi:10.21203/rs.3.rs-3823014/v1,,
omid:br/06304823902,doi:10.1016/j.isci.2024.111208,,
omid:br/061501622211,doi:10.1007/s11010-011-1058-0,pmid:21948259,
omid:br/0610566716,doi:10.1088/0960-1317/11/4/312,,
omid:br/06120363303,doi:10.1016/s0920-9964(02)00306-7,pmid:12591583,
omid:br/06801849641,doi:10.1088/1475-7516/2013/10/030,,
omid:br/06702765095,doi:10.1016/j.jhazmat.2020.123728,pmid:32853890,
omid:br/06210764222,doi:10.1080/07420528.2018.1466788,pmid:29750547,
omid:br/06260214635,doi:10.3354/meps07474,,
omid:br/061801065442,doi:10.1016/j.eplepsyres.2021.106667,pmid:33989886,
omid:br/061202504756,doi:10.1002/9781118951620.ch13,,
omid:br/06170770645,doi:10.1016/s0742-051x(00)00008-1,,
omid:br/0610661747,doi:10.1021/acsnano.6b02711,pmid:27482761,
omid:br/062302277192,doi:10.1145/3341162.3349306,,
omid:br/06503971517,doi:10.1002/brb3.2832,,
omid:br/061802461178,doi:10.1109/epdc.2015.7330499,,
omid:br/062201607786,doi:10.1016/j.tecto.2012.04.017,,
omid:br/06250755338,doi:10.1152/ajpheart.00629.2004,pmid:15345489,
omid:br/06240237281,doi:10.1063/1.1665427,,
omid:br/06150589072,doi:10.1023/a:1005605528309,pmid:11439750,
omid:br/06210197420,doi:10.1097/01.asn.0000103226.28798.ea,pmid:14694153,
omid:br/061602069355,doi:10.1086/684084,,
omid:br/06701310427,doi:10.1038/s41467-018-07873-9,pmid:30610184,
omid:br/06330530457,doi:10.1016/j.jctube.2024.100470,,
omid:br/06702420816,doi:10.1088/0031-8949/84/04/045008,,
omid:br/06310178429,doi:10.1016/j.cognition.2023.105421,,
omid:br/061201630783,doi:10.1002/adom.202101427,,
omid:br/06140792796,doi:10.1016/j.pain.2010.07.027,pmid:20732744,
omid:br/062404322500,doi:10.61186/jbums.31.1.79,,
omid:br/062602436078,doi:10.1109/tdei.2015.004836,,
omid:br/06230809580,doi:10.1038/bmt.2008.62,pmid:18545253,
omid:br/061101878361,doi:10.1002/j.1460-2075.1991.tb07947.x,pmid:1991448,
omid:br/0605479996,doi:10.1109/iccns62192.2024.10776405,,
omid:br/06150809172,doi:10.1016/j.psj.2020.12.003,pmid:33516486,
omid:br/062104341370,doi:10.1002/vjch.202000171,,
omid:br/06170975406,doi:10.1039/c4ra10260f,,
omid:br/06802555063,doi:10.21508/1027-4065-2020-65-5-152-157,,
omid:br/0660290975,doi:10.1227/01.neu.0000369607.71913.3e,pmid:20386136,
omid:br/062202368827,doi:10.1088/0305-4470/28/11/022,,
omid:br/06502346525,doi:10.1038/s41374-017-0018-z,pmid:29326427,
omid:br/06201454767,doi:10.1007/bf02125805,pmid:1345106,
omid:br/06201170404,doi:10.1007/s11547-009-0439-x,pmid:19697104,
omid:br/061102646451,doi:10.1016/j.physleta.2006.05.011,,
omid:br/0640909803,doi:10.3892/ijmm.2018.3907,pmid:30272261,
omid:br/06301694722,doi:10.1007/s00467-006-0387-9,pmid:17186278,
omid:br/0690865738,doi:10.1093/rheumatology/kew202,pmid:27107429,
omid:br/06901665518,doi:10.1038/nbt1104-1357,pmid:15529154,
omid:br/062304290169,doi:10.1016/j.intimp.2024.111981,,
omid:br/061703303053,doi:10.1046/j.1537-2995.2002.00128.x,pmid:12375659,
omid:br/0680528539,doi:10.1063/1.5024321,,
omid:br/06504681528,doi:10.1111/apt.17909,,
omid:br/061101661450,doi:10.1063/1.2985606,pmid:19045081,
omid:br/06310482898,doi:10.1007/s10787-024-01517-9,,
omid:br/0646033903,doi:10.1038/s41398-017-0012-7,pmid:29187730,
omid:br/06702964287,doi:10.1016/b978-0-12-746302-5.50010-4,,
omid:br/061803963759,doi:10.3390/biophysica3020025,,
omid:br/062104398549,doi:10.4018/979-8-3693-5528-2.ch004,,
omid:br/06101722159,doi:10.2165/00002018-200326080-00003,pmid:12825969,
omid:br/0638057619,doi:10.1111/1365-2664.12269,,
omid:br/0604960204,doi:10.1007/s12328-024-02074-y,,
omid:br/061402596300,doi:10.1038/srep15766,pmid:26514366,
omid:br/06110305324,doi:10.1177/1947603509360210,pmid:26069548,
omid:br/061503777211,doi:10.1016/s0929-693x(03)00219-7,pmid:12818778,
omid:br/06250923335,doi:10.1210/en.2013-1825,pmid:24424062,
omid:br/06501268817,doi:10.1096/fj.201500160r,pmid:26936359,
omid:br/06204255965,doi:10.1055/s-0038-1637672,pmid:30217238,
omid:br/06401091444,doi:10.1136/openhrt-2015-000298,pmid:26512328,
omid:br/06150826340,doi:10.1016/j.ijcha.2020.100480,pmid:32083165,
omid:br/062301494459,doi:10.1007/s13277-014-2048-0,pmid:24824872,
omid:br/062103983275,doi:10.1093/qopen/qoad002,,
omid:br/0653039604,doi:10.1071/py20189,pmid:33567248,
omid:br/062103603141,doi:10.1016/s0006-291x(87)80272-3,pmid:2825681,
omid:br/061503895513,doi:10.1590/0102-311xpt006122,,
omid:br/0660685929,doi:10.1099/0022-1317-80-7-1575,pmid:10423124,
omid:br/061202384482,doi:10.1155/2013/569121,pmid:26464907,
omid:br/06903214038,doi:10.1002/9780470561416.ch6,,
omid:br/0653027426,doi:10.2967/jnumed.107.043489,pmid:17942813,
omid:br/06180566516,doi:10.1103/physrevd.98.123503,,
omid:br/061903807330,,pmid:24358441,
omid:br/06140897156,doi:10.3164/jcbn.21-23,pmid:34857985,
omid:br/0680456852,doi:10.2307/3298564,,
omid:br/061401992558,doi:10.1007/978-3-030-41429-0_35,,
omid:br/062504302622,doi:10.1038/s41576-024-00748-4,,
omid:br/06230127333,doi:10.1016/s0009-2614(02)01414-8,,
omid:br/061601319736,doi:10.1063/1.4915529,pmid:26428556,
omid:br/06110628522,doi:10.1103/physrevb.74.085415,,
omid:br/0633090062,doi:10.1097/pr9.0000000000001095,,
omid:br/062103640471,,pmid:8429014,
omid:br/062301400894,doi:10.3892/ol.2014.2622,pmid:25435953,
omid:br/06270202002,doi:10.3390/su15032536,,
omid:br/061401858273,doi:10.1016/j.micinf.2007.12.012,pmid:18400545,
omid:br/06201326208,doi:10.1016/s1283-0771(09)70287-7,,
omid:br/062401621367,doi:10.1186/s12864-020-06903-5,pmid:32682391,
omid:br/061302367399,doi:10.1016/b978-0-08-102310-5.00015-1,,
omid:br/06501660939,doi:10.1016/j.bjps.2007.11.037,pmid:18248863,
omid:br/0660695406,doi:10.1109/jproc.2016.2575064,,
omid:br/06504163333,,pmid:3052264,
omid:br/06401552622,doi:10.1021/ja00250a047,,
omid:br/061502465149,doi:10.1002/9781119421405.ch12,,
omid:br/061401211787,doi:10.1097/mlr.0000000000000155,pmid:24926704,
omid:br/06310607283,doi:10.1097/nna.0000000000001421,,
omid:br/06401546285,doi:10.1039/jr9640003156,,
omid:br/06601111986,doi:10.1002/jsfa.2740340406,pmid:6876768,
omid:br/06320375208,doi:10.1021/acsami.3c16216,,
omid:br/061103681838,doi:10.1016/s0022-1759(00)00229-5,pmid:10986408,
omid:br/0648053643,doi:10.1016/j.jalgebra.2010.07.040,,
omid:br/062601449566,doi:10.1103/physrevd.89.043002,,
omid:br/062101332837,doi:10.1109/tit.2012.2235905,,
omid:br/06602264607,doi:10.1016/0272-8842(90)90043-f,,
omid:br/061402750497,doi:10.1007/978-1-4615-0427-6_7,,
omid:br/062401664330,doi:10.1016/j.gca.2011.05.013,,
omid:br/06140512393,doi:10.1016/j.mehy.2013.11.035,pmid:24355424,
omid:br/061803705006,doi:10.1016/0094-1190(85)90017-8,pmid:12313837,
omid:br/062503064643,doi:10.2981/wlb.1998.001,,
omid:br/06701142274,doi:10.1109/access.2018.2864573,,
omid:br/06204107123,doi:10.1016/s0041-1345(98)01184-1,pmid:9838608,
omid:br/062601129370,doi:10.1128/jvi.65.3.1420-1426.1991,pmid:1847461,
omid:br/062101563473,doi:10.18352/ijc.792,,
omid:br/062103519042,doi:10.1016/j.arr.2022.101744,,
omid:br/06101840229,doi:10.1515/acph-2015-0013,pmid:26011934,
omid:br/06802562542,doi:10.1109/78.661334,,
omid:br/061702089561,doi:10.18632/oncotarget.23986,pmid:29515777,
omid:br/06301737871,doi:10.1088/0004-637x/733/2/91,,
omid:br/06104189326,doi:10.1016/s0885-3924(01)00350-5,pmid:11728796,
omid:br/06104827495,doi:10.3847/1538-3881/ad4c6d,,
omid:br/06602842218,doi:10.24287/1726-1708-2019-18-2-11-21,,
omid:br/0670444255,doi:10.1007/s11244-022-01654-x,,
omid:br/06402189687,doi:10.1007/s00068-018-01070-5,pmid:30627733,
omid:br/06302191688,doi:10.1093/mnras/stt1067,,
omid:br/06402375177,doi:10.1080/00313020310001643598,pmid:14757568,
omid:br/061102121512,doi:10.1016/j.injury.2012.06.004,pmid:22769980,
omid:br/061402650690,doi:10.12659/ajcr.922326,pmid:32376817,
omid:br/062101336172,doi:10.1093/nar/gnf129,pmid:12466561,
omid:br/06320513309,doi:10.1063/5.0218251,,
omid:br/06801338208,doi:10.18240/ijo.2019.07.23,pmid:31341814,
omid:br/062601135190,doi:10.1146/annurev-pathol-011110-130227,pmid:21942528,
omid:br/062201296607,doi:10.1007/bf02293808,,
omid:br/061301818294,doi:10.3390/biom10020315,pmid:32079257,
omid:br/061802378444,doi:10.1016/j.jgyn.2014.10.016,pmid:25618178,
omid:br/061401520541,doi:10.1021/ja302089w,pmid:22671280,
omid:br/0648048328,doi:10.1108/ijchm-09-2019-0750,,
omid:br/062603546764,doi:10.1061/(asce)cc.1943-5614.0001282,,
omid:br/06202400130,doi:10.1016/j.neuron.2008.01.020,pmid:18341988,
omid:br/06120263140,doi:10.1016/j.envexpbot.2010.10.024,,
omid:br/061301805923,doi:10.3390/cells7120257,pmid:30544639,
omid:br/061503539284,doi:10.3390/ijerph192013511,,
omid:br/062301141540,doi:10.1093/ajh/hpu209,pmid:25391580,
omid:br/061604138716,doi:10.1016/j.rsma.2023.103326,,
omid:br/061404090745,doi:10.4103/drj.drj_521_23,,
omid:br/063406934,doi:10.1016/j.coastaleng.2021.104004,,
omid:br/061903549674,doi:10.1371/journal.pone.0275812,,
omid:br/061201751455,doi:10.1016/j.clinbiomech.2016.10.006,pmid:27744006,
omid:br/061603347670,doi:10.1016/j.annonc.2020.10.478,pmid:33098993,
omid:br/062303720853,doi:10.1016/s0140-6736(17)32479-0,pmid:29029895,
omid:br/06150391630,doi:10.1111/ene.14193,pmid:32415740,
omid:br/062601287099,doi:10.1080/19393210.2010.503353,pmid:24779574,
omid:br/06204074720,,pmid:11907135,
omid:br/06130139403,doi:10.3109/10611869908996850,pmid:10937289,
omid:br/061502437575,doi:10.1016/j.fm.2020.103510,pmid:32539980,
omid:br/062401213057,doi:10.1016/j.arthro.2011.07.019,pmid:22019233,
omid:br/061901496401,doi:10.1007/s00259-021-05653-0,pmid:34957527,
omid:br/06404145154,,pmid:24817228,
omid:br/06302940437,doi:10.1109/icetci53161.2021.9563598,,
omid:br/061901742409,doi:10.1016/j.jacc.2016.05.049,pmid:27491907,
omid:br/06301019160,doi:10.1016/j.foodres.2018.04.070,pmid:29803483,
omid:br/0650655805,doi:10.1080/21645515.2018.1458175,pmid:29667483,
omid:br/0642093994,doi:10.2139/ssrn.4473850,,
omid:br/0640848732,doi:10.1378/chest.124.1.102,pmid:12853510,
omid:br/061904425771,doi:10.5935/2526-8732.20210013,,
omid:br/061904278977,doi:10.1080/15376494.2023.2262989,,
omid:br/06330134653,doi:10.1016/j.curtheres.2023.100707,,
omid:br/062203216091,doi:10.1016/b978-0-12-373884-4.00007-0,,
omid:br/0660621034,doi:10.1172/jci45444,pmid:21670502,
omid:br/06801977897,doi:10.1016/b978-1-4377-0398-6.00015-9,,
omid:br/061602614188,doi:10.1186/s12929-021-00730-w,pmid:33906663,
omid:br/06701643154,doi:10.1016/j.jcat.2016.05.001,,
omid:br/061601330390,doi:10.1104/pp.100.2.826,pmid:16653064,
omid:br/06602117747,doi:10.1021/acs.molpharmaceut.1c00323,pmid:34318678,
omid:br/06260990825,doi:10.1039/c3ra46703a,,
omid:br/06501957229,doi:10.1109/isvdat.2014.6881040,,
omid:br/06210617766,doi:10.1136/jcp.39.9.1003,pmid:3639088,
omid:br/062402701927,doi:10.1164/rccm.201409-1634oc,pmid:25695688,
omid:br/06140960281,doi:10.3181/00379727-124-31897,pmid:4164643,
omid:br/06230307249,doi:10.1016/j.jash.2016.06.035,pmid:27451950,
omid:br/062602317284,doi:10.1101/664474,,
omid:br/0610129035,doi:10.1002/ejic.200500986,,
omid:br/061601112654,doi:10.1097/00005373-197905000-00006,pmid:448769,
omid:br/06604181182,,pmid:16155649,
omid:br/0640447569,doi:10.1007/s002100000351,pmid:11219402,
omid:br/061202079908,doi:10.1161/jaha.119.012738,pmid:31438759,
omid:br/06701516885,doi:10.1371/journal.pone.0162007,pmid:27598770,
omid:br/06220675987,doi:10.1108/jpbm-11-2017-1666,,
omid:br/06301239746,doi:10.1097/01.prs.0000178402.77445.44,pmid:16163093,
omid:br/06504871786,doi:10.1016/j.ijresmar.2024.05.006,,
omid:br/061903770548,,pmid:17462173,
omid:br/06470130492,doi:10.14202/vetworld.2023.1246-1251,,
omid:br/0670176051,doi:10.1097/01.rli.0000170447.45577.5e,pmid:16024990,
omid:br/06103367999,doi:10.1145/2491185.2491197,,
omid:br/06502600423,doi:10.1021/om980071v,,
omid:br/06150358655,doi:10.1007/s002130050762,pmid:9860115,
omid:br/062204183214,doi:10.3390/metabo14020088,,
omid:br/062603871469,,pmid:16607936,
omid:br/06530116827,doi:10.1055/s-0043-1764368,,
omid:br/06603305197,doi:10.1484/j.cde.2.308910,,
omid:br/061301009995,doi:10.1038/ejhg.2013.107,pmid:23695284,
omid:br/062102706379,doi:10.1164/rccm.201711-2239oc,pmid:29442524,
omid:br/062603145454,doi:10.1016/j.atmosenv.2012.06.044,,
omid:br/06601727231,doi:10.1016/j.jcf.2017.06.013,pmid:28986018,
omid:br/06601302967,doi:10.1088/0953-2048/26/12/122002,,
omid:br/061703202439,doi:10.1109/bmsb49480.2020.9379882,,
omid:br/06180559851,doi:10.1155/2019/3202794,,
omid:br/06160698392,doi:10.1111/j.1365-2265.2010.03849.x,pmid:20718767,
omid:br/06303087605,doi:10.1002/cbic.201800394,pmid:30178909,
omid:br/06402418380,doi:10.1007/978-3-030-40570-0_3,,
omid:br/061703813540,doi:10.1007/s12079-023-00780-9,,
omid:br/061803596757,,pmid:159161,
omid:br/06240935334,doi:10.1655/herpetologica-d-12-00068,,
omid:br/061701457595,doi:10.1021/ie030580j,,
omid:br/06210301008,doi:10.1186/s12943-019-1001-7,pmid:30876419,
omid:br/06170411308,doi:10.1111/j.1747-5457.1982.tb00501.x,,
omid:br/06601827632,doi:10.3238/arztebl.m2022.0087,pmid:35410670,
omid:br/06601237209,doi:10.1111/j.1432-1033.1988.tb13908.x,pmid:3127209,
omid:br/06230793892,doi:10.1002/1097-0142(19931201)72:11<3318::aid-cncr2820721130>3.0.co;2-n,pmid:8242559,
omid:br/06120179771,doi:10.1186/1472-6882-11-119,pmid:22118215,
omid:br/06603289786,doi:10.1016/j.langsci.2018.08.015,,
omid:br/06502798715,doi:10.1007/978-94-010-0460-2_48,,
omid:br/06603092408,doi:10.1002/aic.690491221,,
omid:br/0630105315,doi:10.1024/0300-9831/a000672,pmid:32718217,
omid:br/06270166847,doi:10.1108/compel-08-2022-0293,,
omid:br/06190148559,doi:10.1186/1471-2334-11-110,pmid:21527037,
omid:br/0690162610,doi:10.2514/1.a32384,,
omid:br/062601392180,doi:10.1046/j.1471-4159.2000.0750644.x,pmid:10899939,
omid:br/062403661730,doi:10.4049/jimmunol.162.6.3590,pmid:10092818,
omid:br/062502404125,doi:10.1063/1.1426103,,
omid:br/062402469558,doi:10.1075/scl.78.08bla,,
omid:br/061701814339,doi:10.1016/j.ijnaoe.2017.02.007,,
omid:br/062502464746,doi:10.1016/bs.ctdb.2016.12.005,pmid:28527569,
omid:br/06450138896,doi:10.3390/s23010331,,
omid:br/061101718481,doi:10.3390/jcm9123810,pmid:33255703,
omid:br/061801903501,doi:10.1016/j.livsci.2020.103976,pmid:32336997,
omid:br/061701492078,doi:10.5665/sleep.2374,pmid:23372268,
omid:br/061803121726,doi:10.1007/978-3-540-70872-8_1,,
omid:br/061704334241,doi:10.1007/s00284-024-03860-0,,
omid:br/06150656095,doi:10.1089/ten.tec.2013.0411,pmid:24634988,
omid:br/062501671543,doi:10.21769/bioprotoc.2233,pmid:34541232,
omid:br/06101525631,doi:10.1002/ccd.25830,pmid:25594190,
omid:br/0629039369,doi:10.1111/1462-2920.12382,pmid:24428638,
omid:br/061301323289,doi:10.1093/europace/euu006,pmid:24596397,
omid:br/062077408,doi:10.1128/jb.171.10.5325-5331.1989,pmid:2676972,
omid:br/062303654925,doi:10.1016/0021-9150(90)90021-a,pmid:2157450,
omid:br/06370112514,doi:10.1007/s13721-022-00397-9,,
omid:br/061302592847,doi:10.3390/ani10081425,pmid:32824035,
omid:br/06201067657,doi:10.1039/c9nj06441a,,
omid:br/06203494164,doi:10.1016/1359-0197(89)90096-9,,
omid:br/0660735485,doi:10.1007/bf02902622,,
omid:br/06380186005,doi:10.3390/magnetochemistry8120190,,
omid:br/0680893485,doi:10.1016/j.addr.2009.08.001,pmid:19682516,
omid:br/061102113705,doi:10.1016/j.ejogrb.2014.10.033,pmid:25461367,
omid:br/062601593168,doi:10.1161/hypertensionaha.114.03919,pmid:25001271,
omid:br/062403524689,doi:10.1007/s11255-022-03397-w,,
omid:br/062103914414,doi:10.1126/science.adg4421,,
omid:br/06190185004,doi:10.3389/feart.2022.834979,,
omid:br/0633014969,doi:10.2174/0929867327666200806110206,pmid:32767913,
omid:br/062602556803,doi:10.17487/rfc0777,,
omid:br/0650664666,doi:10.1108/dpm-09-2013-0155,,
omid:br/06301222030,doi:10.1016/0005-2760(83)90294-1,,
omid:br/06220171251,doi:10.1002/eji.200635910,pmid:17013976,
omid:br/0641040936,doi:10.1016/j.mcp.2014.11.001,pmid:25444935,
omid:br/061902786827,doi:10.1186/1756-0500-6-517,pmid:24314440,
omid:br/06903743965,,pmid:18284275,
omid:br/062302093740,doi:10.2105/ajph.2021.306201,pmid:33734846,
omid:br/061901208234,doi:10.1177/002234338702400213,,
omid:br/06103969222,doi:10.3889/oamjms.2022.10241,,
omid:br/062104243312,doi:10.1002/spe.3381,,
omid:br/061602628141,doi:10.1038/srep13623,pmid:26323476,
omid:br/0610982633,doi:10.3934/cpaa.2018129,,
omid:br/061101313549,doi:10.1016/j.bandc.2012.12.001,pmid:23313834,
omid:br/0638026291,doi:10.1378/chest.07-2085,pmid:18187736,
omid:br/06203157761,doi:10.1080/00837792.1990.10670480,,
omid:br/062601989584,doi:10.1007/s40121-015-0070-1,pmid:26032649,
omid:br/062301635589,doi:10.1155/2013/570848,pmid:23997796,
omid:br/06140215371,doi:10.1021/ol502270q,pmid:25157475,
omid:br/062201303901,doi:10.1038/ncomms10639,pmid:26875819,
omid:br/06902749934,doi:10.1016/j.clinph.2013.06.027,pmid:23876762,
omid:br/06803908243,doi:10.1126/science.290.5489.122,pmid:11021794,
omid:br/06903188272,doi:10.1016/b978-0-12-380928-5.10019-3,,
omid:br/0650799543,doi:10.1016/j.agrformet.2010.09.011,,
omid:br/06901131111,doi:10.1111/jcmm.13451,pmid:29314656,
omid:br/06504684628,doi:10.1002/advs.202306571,,
omid:br/06380153578,doi:10.1186/s12951-023-02086-9,,
omid:br/06702520005,doi:10.1016/j.egypro.2015.11.236,,
omid:br/061502424780,doi:10.1093/bbb/zbab055,pmid:33791772,
omid:br/0630256257,doi:10.2166/wst.1998.0350,,
omid:br/06190508429,doi:10.1088/1748-0221/9/04/p04005,,
omid:br/06101535922,doi:10.1371/journal.pone.0168117,pmid:28033375,
omid:br/06190988913,doi:10.1111/all.13107,pmid:27992060,
omid:br/06104811746,doi:10.1093/ptep/ptae095,,
omid:br/06240468326,doi:10.1211/jpp.58.12.0005,pmid:17331322,
omid:br/06403559292,doi:10.1016/j.eneco.2014.01.002,,
omid:br/0635086267,doi:10.1101/2023.07.19.23292824,,
omid:br/06101241010,doi:10.1002/mana.201100351,,
omid:br/0610436781,doi:10.1109/mei.2007.357807,,
omid:br/06260446636,doi:10.1016/j.joca.2021.09.007,pmid:34547432,
omid:br/06140455998,doi:10.1016/j.jad.2018.02.089,pmid:29522941,
omid:br/061101183089,doi:10.1002/jemt.10092,pmid:12112445,
omid:br/0680549744,doi:10.3758/s13414-020-02101-3,pmid:32803547,
omid:br/061801250744,doi:10.1086/651266,pmid:20218875,
omid:br/062601531091,doi:10.1016/j.clim.2017.11.016,pmid:29223406,
omid:br/061402194053,doi:10.1021/om2007453,pmid:23087535,
omid:br/06520151880,doi:10.3389/fcimb.2023.1142029,,
omid:br/061702633816,doi:10.1016/j.nuclphysa.2012.12.031,,
omid:br/061801783730,doi:10.1007/s10546-008-9294-x,,
omid:br/06480112213,doi:10.3389/fcvm.2023.1173440,,
omid:br/061903445752,doi:10.1016/j.neubiorev.2022.104805,pmid:35926727,
omid:br/062403300910,doi:10.1097/md.0000000000010957,pmid:29851843,
omid:br/065208546,doi:10.1016/j.ijadhadh.2018.05.019,,
omid:br/061403288199,doi:10.1007/s11102-011-0364-6,pmid:22081273,
omid:br/06903304250,doi:10.1109/aivr50618.2020.00035,,
omid:br/0610710658,doi:10.3389/fnhum.2015.00264,pmid:26029082,
omid:br/061302108800,doi:10.1016/j.injury.2006.08.064,pmid:17097657,
omid:br/061102666227,doi:10.1007/978-1-4939-1071-7_6,,
omid:br/061202435957,doi:10.1007/s00414-022-02817-x,pmid:35333964,
omid:br/06702398483,doi:10.1021/acs.jctc.8b01022,pmid:30698954,
omid:br/06220105090,doi:10.1016/0301-0104(77)85189-6,,
omid:br/06290453621,doi:10.1039/d4nj01100g,,
omid:br/06260159600,doi:10.21203/rs.2.13441/v2,pmid:31796001,
omid:br/061303874758,doi:10.1111/ijlh.13998,,
omid:br/062604048505,doi:10.1111/cobi.14101,,
omid:br/06502540693,doi:10.1016/j.egypro.2017.03.047,,
omid:br/06202362698,doi:10.1515/chem-2021-0048,,
omid:br/06130987390,doi:10.1016/s0003-2670(00)01126-0,,
omid:br/06301703473,doi:10.1177/1759091420914768,pmid:32241177,
omid:br/061301718582,doi:10.1093/pasj/61.sp1.s263,,
omid:br/062603000282,doi:10.1101/2022.05.30.22275563,,
omid:br/06230597114,doi:10.1007/s11042-022-12366-5,,
omid:br/061202638512,doi:10.1016/j.mpdhp.2019.01.003,,
omid:br/06130772553,doi:10.1086/428626,pmid:15747239,
omid:br/06602504928,doi:10.1212/wnl.0000000000003452,pmid:27903817,
omid:br/06230480822,doi:10.1016/s0022-3697(00)00114-1,,
omid:br/0650766235,doi:10.2147/ijn.s44393,pmid:23836972,
omid:br/06240833911,doi:10.1037/a0024831,pmid:21843021,
omid:br/062303942305,doi:10.1016/j.paerosci.2023.100923,,
omid:br/061503723127,doi:10.1016/s0165-5728(97)00138-0,pmid:9521600,
omid:br/06203194608,doi:10.1039/c3an02295a,pmid:24432353,
omid:br/06240170244,doi:10.1093/nar/gkab851,pmid:34554251,
omid:br/06103134930,doi:10.1103/physreve.81.051910,pmid:20866264,
omid:br/0670855895,doi:10.1101/gad.1415106,pmid:16818609,
omid:br/06501182739,doi:10.1109/tasc.2008.922543,,
omid:br/0633092142,doi:10.57244/dfbd.1073262,,
omid:br/0660922856,doi:10.2174/1386207319666160506123921,pmid:27682867,
omid:br/062303505748,doi:10.1016/j.jenvman.2022.116642,,
omid:br/06160244414,doi:10.1021/acs.jmedchem.2c00623,,
omid:br/061301309074,doi:10.1038/s41467-018-03838-0,pmid:29666366,
omid:br/0630260049,doi:10.1186/s13550-018-0370-z,pmid:29488080,
omid:br/06201583341,doi:10.1016/0016-5085(81)90015-9,,
omid:br/06370105161,doi:10.1371/journal.pone.0281878,,
omid:br/0670549818,doi:10.1017/jwe.2018.51,,
omid:br/061402758885,doi:10.1136/neurintsurg-2021-017956,pmid:34593600,
omid:br/061202451229,doi:10.1016/0045-6039(76)90015-4,pmid:177216,
omid:br/062202421086,doi:10.1007/s11127-019-00680-w,,
omid:br/061502034756,doi:10.3390/min11020217,,
omid:br/06401234860,doi:10.1002/prp2.952,pmid:35466586,
omid:br/062102053494,doi:10.1103/physrevlett.109.160401,pmid:23215056,
omid:br/06220592684,doi:10.1249/00005768-199303000-00012,,
omid:br/06180805981,doi:10.3382/ps.2014-03920,pmid:24931963,
omid:br/061801064143,doi:10.1016/j.ekir.2021.01.005,pmid:33912746,
omid:br/061601318059,doi:10.1109/msp.2005.1458273,,
omid:br/061201467373,doi:10.1080/1028415x.2017.1321813,pmid:28466678,
omid:br/062202326140,doi:10.1075/cal.22.07boa,,
omid:br/062501417785,doi:10.3390/ijms20143517,pmid:31323752,
omid:br/06140940498,doi:10.1124/mol.119.117564,pmid:32063580,
omid:br/061804391391,doi:10.1302/2048-0105.131.360120,,
omid:br/06130278448,doi:10.1029/2010jf001921,,
omid:br/06260196750,doi:10.3389/fnut.2019.00116,pmid:31448279,
omid:br/061602634543,doi:10.1097/ta.0b013e31828dac3e,pmid:23694867,
omid:br/0633020240,doi:10.18632/aging.103644,pmid:32721927,
omid:br/06104809289,doi:10.1111/ctr.15415,,
omid:br/06402381977,doi:10.3892/etm.2018.5790,pmid:29599835,
omid:br/0610162796,doi:10.1016/j.carbpol.2019.115208,pmid:31472869,
omid:br/0614092409,doi:10.2217/fon-2018-0591,pmid:30714399,
omid:br/062601016211,doi:10.1213/ane.0000000000001102,pmid:26797551,
omid:br/0636035816,doi:10.1016/s0047-6374(02)00039-8,pmid:12044947,
omid:br/06320481521,doi:10.1016/b978-0-443-15483-6.00003-2,,
omid:br/062402876111,doi:10.1007/978-3-642-21796-8_13,,
omid:br/061603764723,doi:10.1016/s0764-4469(00)80037-2,pmid:10547719,
omid:br/06602499437,doi:10.1111/j.1750-3639.2009.00283.x,pmid:19371353,
omid:br/0690155434,doi:10.1071/wr12079,,
omid:br/062201180749,doi:10.1093/neuonc/nov064,pmid:25910840,
omid:br/061801137249,doi:10.1109/access.2019.2942200,,
omid:br/061801172394,doi:10.1111/j.1556-4029.2012.02126.x,pmid:22458862,
omid:br/062403759308,doi:10.1016/s0304-3940(01)01907-3,pmid:11406327,
omid:br/06402607827,doi:10.1201/9781482296303,,isbn:9780429175077
omid:br/0638078022,doi:10.1093/femsml/uqad016,,
omid:br/062502243239,doi:10.1158/1078-0432.ccr-15-1622,pmid:26655846,
omid:br/062501173145,doi:10.1302/0301-620x.82b3.0820332,,
omid:br/062102875220,doi:10.1007/978-94-009-0019-6_80,,
omid:br/06140459659,doi:10.1016/j.epsr.2022.108175,,
omid:br/061601745778,doi:10.1587/transinf.2018pal0002,,
omid:br/0620981304,doi:10.2337/dc05-2096,pmid:16732039,
omid:br/061902404672,doi:10.1016/j.canlet.2014.04.002,pmid:24746899,
omid:br/062101417428,doi:10.3390/ijms21031095,pmid:32046035,
omid:br/06902212359,doi:10.1007/s10958-016-3151-0,,
omid:br/06401595587,doi:10.1016/j.gie.2010.08.040,,
omid:br/06903317491,doi:10.1111/j.1537-2995.2007.01405.x,pmid:17880609,
omid:br/062301536323,doi:10.1021/ja00315a070,,
omid:br/06102212261,doi:10.1007/s11883-012-0226-3,pmid:22249950,
omid:br/061704344294,doi:10.36253/979-12-215-0319-7.39,,
omid:br/061202104755,doi:10.1016/j.injury.2010.08.003,pmid:20728882,
omid:br/061702704812,doi:10.1016/j.bcp.2011.09.004,pmid:21930116,
omid:br/061401753615,doi:10.1007/s10979-006-9058-4,pmid:17221308,
omid:br/0640533934,doi:10.1021/bi00182a017,pmid:8161548,
omid:br/06180904067,doi:10.1109/tnsre.2016.2560906,pmid:28113559,
omid:br/06260983830,doi:10.1002/cpe.957,,
omid:br/06901577979,doi:10.3389/fphar.2021.772418,pmid:35069196,
omid:br/061401052913,doi:10.1029/wr021i010p01503,,
omid:br/06702271023,doi:10.1177/00220345840630101101,pmid:6592205,
omid:br/06110780950,doi:10.1086/525043,pmid:18205531,
omid:br/06402407334,doi:10.1002/chem.201903573,pmid:31538684,
omid:br/061804401798,doi:10.3390/jcm13133844,,
omid:br/06280133204,doi:10.1111/os.13674,,
omid:br/06530124192,doi:10.1097/hjh.0000000000003406,,
omid:br/06170595982,doi:10.1007/s12020-020-02432-z,pmid:32743767,
omid:br/062604334769,doi:10.1787/71a51317-en,,
omid:br/061404164174,doi:10.17816/pavlovj595860,,
omid:br/06901110186,doi:10.1016/j.jpag.2018.07.004,pmid:30041018,
omid:br/061502092382,doi:10.1007/978-3-030-25105-5_2,,
omid:br/062502028239,doi:10.1039/c9fo00530g,pmid:31960866,
omid:br/062101774760,doi:10.1103/physrevb.93.060403,,
omid:br/06130913433,doi:10.1080/10715760802069462,pmid:18551810,
omid:br/06403470510,doi:10.1016/j.foodchem.2013.05.098,pmid:23870979,
omid:br/06240227004,doi:10.1016/j.margeo.2008.02.014,,
omid:br/061201446356,doi:10.1136/vr.101758,pmid:24225443,
omid:br/06203294745,doi:10.3390/v7041823,pmid:25856634,
omid:br/061303901037,doi:10.1093/mnras/stad2166,,
omid:br/061701131832,doi:10.1161/01.cir.95.8.2115,pmid:9133522,
omid:br/06160608643,doi:10.1007/s00216-007-1704-2,pmid:17985118,
omid:br/06150779750,doi:10.1007/s00784-012-0750-0,pmid:22699659,
omid:br/06504354066,doi:10.1111/pere.12464,,
omid:br/061103563358,doi:10.1558/jld.21228,,
omid:br/06310458290,doi:10.1007/978-981-97-2355-3_3,,
omid:br/061504251442,doi:10.1021/acsami.4c04858,,
omid:br/06270204658,doi:10.7759/cureus.43076,,
omid:br/06130190308,doi:10.1016/j.tifs.2018.03.016,,
omid:br/062403048529,doi:10.1073/pnas.1917554117,pmid:32184330,
omid:br/0660304049,doi:10.1186/s12966-014-0086-z,pmid:25027848,
omid:br/0680719087,doi:10.1097/pai.0b013e318261a342,pmid:22914610,
omid:br/061802392430,doi:10.1159/000213792,pmid:8832266,
omid:br/06401453599,doi:10.1149/1.3700922,,
omid:br/0610480950,doi:10.1093/petrology/egl040,,
omid:br/06104429255,doi:10.1016/j.psychsport.2023.102430,,
omid:br/0620825832,doi:10.1016/j.agwat.2020.106356,,
omid:br/0610106999,doi:10.1007/s00345-015-1543-2,pmid:25822706,
omid:br/06504408881,doi:10.1186/s42408-023-00166-7,,
omid:br/06704060485,,pmid:7510699,
omid:br/06202439820,doi:10.1103/physrevlett.105.183901,pmid:21231105,
omid:br/061703085233,doi:10.1107/s0907444909003539,pmid:19307715,
omid:br/0670163143,doi:10.1093/rpd/ncw033,pmid:26977075,
omid:br/06303682694,doi:10.1016/b978-012088394-3/50056-8,,
omid:br/06110799929,doi:10.1016/0304-4165(88)90160-2,,
omid:br/06403545030,doi:10.23736/s0375-9393.16.11442-7,,
omid:br/062102180310,doi:10.1080/10717544.2017.1370512,pmid:28856931,
omid:br/06240556265,doi:10.1103/physrevc.103.014311,,
omid:br/062501023074,doi:10.14227/dt180111p26,,
omid:br/0660685296,doi:10.1006/jfan.2001.3776,,
omid:br/062101493850,doi:10.1542/peds.82.6.828,,
omid:br/06401301188,doi:10.1007/s11664-017-5531-8,,
omid:br/062501636262,doi:10.1093/ecam/neq053,pmid:21792362,
omid:br/06704837731,doi:10.3390/ph17070853,,
omid:br/06501976835,doi:10.1108/s0163-786x(2013)0000035005,,
omid:br/061401429059,doi:10.1016/0044-8486(91)90040-e,,
omid:br/062402786145,doi:10.1016/j.ijcard.2016.08.028,pmid:27526362,
omid:br/061201290840,doi:10.1007/s11136-018-1987-0,pmid:30187395,
omid:br/0635058857,doi:10.1088/1748-9326/abe960,,
omid:br/06510193950,doi:10.1097/01.jaa.0000911196.91455.72,,
omid:br/061301531502,doi:10.1021/ja0577692,pmid:16464077,
omid:br/061301543777,doi:10.1109/tpwrd.2008.917693,,
omid:br/06130252471,doi:10.1016/j.gr.2021.12.008,,
omid:br/06180560458,doi:10.1155/2018/1738612,,
omid:br/06150251166,doi:10.1016/j.technovation.2009.05.014,,
omid:br/06140330425,doi:10.1093/jee/toaa048,pmid:32246721,
omid:br/062401994011,doi:10.1080/1755876x.2020.1771815,,
omid:br/065083600,doi:10.1074/jbc.m115.693598,pmid:26865633,
omid:br/06230111483,doi:10.1007/bf01291786,pmid:9013389,
omid:br/06310311045,doi:10.1016/0893-6080(95)00014-3,,
omid:br/061301777026,doi:10.1002/bit.24474,pmid:22383222,
omid:br/062401423242,doi:10.21037/hbsn-20-497,pmid:33575298,
omid:br/0610856794,doi:10.1378/chest.80.5.596,pmid:7297151,
omid:br/061502448761,doi:10.1007/s00704-017-2073-1,,
omid:br/063309533,doi:10.1111/conl.12435,,
omid:br/0690642509,doi:10.1090/s0002-9947-1984-0732102-x,,
omid:br/06120575488,doi:10.1111/bcpt.12309,pmid:25134969,
omid:br/062302040734,doi:10.1001/archinternmed.2011.499,pmid:22158575,
omid:br/06601815531,doi:10.1021/cg4016756,,
omid:br/06120803690,doi:10.1007/s00170-017-1445-0,,
omid:br/06140383510,doi:10.1016/j.idairyj.2013.04.003,,
omid:br/062301070619,doi:10.1016/j.jclepro.2020.122504,,
omid:br/062602778135,doi:10.1016/j.ttbdis.2014.09.004,pmid:25448420,
omid:br/062103948816,doi:10.1111/joss.12816,,
omid:br/061902186547,doi:10.1016/j.jdiacomp.2017.03.011,pmid:28499961,
omid:br/06210112743,doi:10.1016/j.palaeo.2009.05.003,,
omid:br/062502022866,doi:10.1007/bf02895731,,
omid:br/062301447904,doi:10.1007/s00431-009-1137-3,pmid:20119725,
omid:br/06504087965,doi:10.1016/0022-0736(90)90153-s,pmid:2406361,
omid:br/061702700402,doi:10.1016/j.bbrc.2017.01.114,pmid:28130106,
omid:br/062201782915,doi:10.1371/journal.ppat.1002498,pmid:22291595,
omid:br/062401683519,doi:10.1109/tia.2018.2866247,,
omid:br/0670953867,doi:10.1046/j.1526-4610.2001.041007629.x,pmid:11554950,
omid:br/0680639587,doi:10.1090/s0002-9947-1957-0089999-2,,
omid:br/06210857989,doi:10.1111/vde.12909,pmid:33185330,
omid:br/06190176640,doi:10.1074/mcp.m113.030742,pmid:23882024,
omid:br/062501862783,doi:10.1093/emboj/16.5.989,pmid:9118960,
omid:br/06701246028,doi:10.1002/pd.1970110814,pmid:1766933,
omid:br/061703552888,doi:10.12688/f1000research.125706.1,,
omid:br/06230654690,doi:10.1007/s00402-021-04210-6,pmid:34633511,
omid:br/06220625076,doi:10.1016/j.jval.2015.09.2472,,
omid:br/06802625881,doi:10.1007/978-3-319-66332-6_9,,
omid:br/062504312251,doi:10.3390/app14156759,,
omid:br/06250948418,doi:10.1007/s00228-019-02746-6,pmid:31428816,
omid:br/061101213116,doi:10.1177/1060028016676830,pmid:27798318,
omid:br/06101458477,doi:10.1007/s00332-018-9488-4,,
omid:br/06902598421,doi:10.1016/j.bulcan.2018.07.015,pmid:30243478,
omid:br/0640763194,doi:10.1152/ajpregu.00845.2004,pmid:15802554,
omid:br/061903469998,doi:10.4132/jptm.2022.07.11,pmid:36128863,
omid:br/0680325448,doi:10.1007/s10535-008-0006-7,,
omid:br/06160536710,doi:10.1080/09540121.2019.1576851,pmid:30714388,
omid:br/0610283898,doi:10.1134/s10704272160030204,,
omid:br/0660188960,doi:10.1242/dmm.039156,pmid:31308048,
omid:br/062201414642,doi:10.3390/ijms23020611,pmid:35054794,
omid:br/061101975691,doi:10.1111/ddg.60_12795,,
omid:br/06902025151,doi:10.6090/jarq.35.31,,
omid:br/062101305314,doi:10.1016/j.neuroimage.2021.118587,pmid:34560271,
omid:br/06701156166,doi:10.1158/1055-9965.epi-21-1060,pmid:35149581,
omid:br/0650833090,doi:10.1155/2019/5130152,pmid:30881462,
omid:br/06250214555,doi:10.1002/ajmg.a.36096,pmid:23918729,
omid:br/06701473810,doi:10.1021/acs.nanolett.6b05227,pmid:28191854,
omid:br/06903856375,doi:10.1523/eneuro.0192-21.2021,pmid:34670820,
omid:br/06140165355,doi:10.1016/j.cor.2020.105033,,
omid:br/06403169790,doi:10.4049/jimmunol.1200244,pmid:22844122,
omid:br/062401279267,doi:10.1016/j.joms.2011.10.017,pmid:22265169,
omid:br/061501035296,doi:10.1175/jcli-d-12-00184.1,,
omid:br/0640430034,doi:10.1144/0016-764904-082,,
omid:br/062104313856,doi:10.1016/j.biopha.2024.117403,,
omid:br/061401728768,doi:10.1021/la981364w,,
omid:br/06602977940,doi:10.1109/iscc.2014.6912523,,
omid:br/062502044572,doi:10.1002/smll.202104073,pmid:34725921,
omid:br/06303752305,doi:10.1016/j.jretai.2005.11.003,,
omid:br/061403786287,,pmid:15460522,
omid:br/0680845331,doi:10.2337/db12-1396,pmid:23613565,
omid:br/06170531313,doi:10.1016/j.crad.2004.04.020,pmid:15451354,
omid:br/06902899751,doi:10.3739/rikusui.64.1,,
omid:br/061904274222,doi:10.2139/ssrn.4906505,,
omid:br/06260652918,doi:10.1126/sciadv.aaw4197,pmid:31355333,
omid:br/062201479738,doi:10.1016/j.neuro.2008.03.001,pmid:18455239,
omid:br/06804822288,doi:10.1101/2023.11.20.23297677,,
omid:br/06290102088,doi:10.1016/j.yfrne.2023.101078,,
omid:br/061102660747,doi:10.1007/978-3-319-13012-5_10,,
omid:br/061101863237,doi:10.1016/j.jhepr.2021.100346,pmid:34667947,
omid:br/061301554623,doi:10.1016/j.endinu.2019.11.010,pmid:32127309,
omid:br/06260161441,doi:10.1016/j.tibtech.2020.03.015,pmid:32386971,
omid:br/06120491810,doi:10.1152/physrev.00035.2006,pmid:17429043,
omid:br/0612079576,doi:10.1016/s0021-9258(17)31997-x,,
omid:br/06150236908,doi:10.1643/ot-17-596,,
omid:br/06803747853,doi:10.1093/annonc/mdg258,pmid:12796038,
omid:br/061103951083,doi:10.3390/jcdd9120429,,
omid:br/06801219906,doi:10.1002/gepi.20167,pmid:16868963,
omid:br/06230832178,doi:10.1016/j.applthermaleng.2017.09.088,,
omid:br/062403500220,doi:10.1107/s0365110x56001571,,
omid:br/06504216644,,pmid:10344028,
omid:br/061403595648,doi:10.1016/s0002-9378(85)80124-1,pmid:3931480,
omid:br/06240208937,doi:10.1016/j.athoracsur.2004.04.055,pmid:15464480,
omid:br/0623074205,doi:10.1111/etho.12197,,
omid:br/06301402292,doi:10.1145/3517332,,
omid:br/0640640205,doi:10.1002/aocs.12403,,
omid:br/062303599724,,pmid:16156341,
omid:br/06170664337,doi:10.1016/j.tibs.2015.12.004,pmid:26782138,
omid:br/06201929532,doi:10.1145/2909132.2909280,,
omid:br/06503881127,doi:10.1007/s00392-022-02105-z,pmid:36116092,
omid:br/06120446718,doi:10.1097/der.0000000000000161,pmid:26983091,
omid:br/06802189350,doi:10.1093/mnras/stw1674,,
omid:br/063206231,doi:10.1007/bf00003544,,
omid:br/0635065110,doi:10.1038/nm.3562,pmid:24813251,
omid:br/062204389076,doi:10.1038/s41580-024-00727-x,,
omid:br/06201099813,doi:10.1007/s11694-020-00452-x,,
omid:br/062201145275,doi:10.1130/0091-7613(2002)030<0259:ptcote>2.0.co;2,,
omid:br/062303320627,doi:10.2307/352164,,
omid:br/06202581828,doi:10.4000/books.res.5146,,isbn:9788878856226
omid:br/06801077555,doi:10.1111/iju.12047,pmid:23278850,
omid:br/06801794348,doi:10.1182/blood-2011-06-357939,pmid:22371883,
omid:br/062301147288,doi:10.1093/molbev/msw111,pmid:27297473,
omid:br/06701769998,doi:10.1126/scitranslmed.aag2513,pmid:28424327,
omid:br/062601225063,doi:10.1080/00365520310002481,pmid:12795459,
omid:br/061701545938,doi:10.1111/j.1532-5415.1991.tb02904.x,pmid:2010588,
omid:br/061701769025,doi:10.5194/acp-17-1453-2017,,
omid:br/06120833158,doi:10.1007/dcr.0b013e3182182689,pmid:21654242,
omid:br/0640792669,doi:10.1016/j.jbiotec.2017.12.010,pmid:29247672,
omid:br/06403142792,doi:10.1201/b14423-24,,
omid:br/06250180676,doi:10.3389/fnut.2021.717740,pmid:34660660,
omid:br/061901702451,doi:10.1111/liv.12919,pmid:26189820,
omid:br/06504276955,doi:10.1016/j.cmet.2018.12.007,pmid:30595477,
omid:br/06402445070,doi:10.1002/smll.201703136,pmid:29320610,
omid:br/0680869068,doi:10.1155/2013/452423,,
omid:br/06802117296,doi:10.1021/acs.molpharmaceut.7b00056,pmid:28388076,
omid:br/06190495950,doi:10.1016/j.jointm.2021.01.002,,
omid:br/06401795049,doi:10.1016/j.ijscr.2022.107264,,
omid:br/061101527105,doi:10.1371/journal.pone.0110236,pmid:25333618,
omid:br/06701637116,doi:10.2217/nnm.13.208,pmid:24559038,
omid:br/06110855616,doi:10.1159/000135653,pmid:18511872,
omid:br/0639073816,doi:10.1016/j.procs.2022.12.352,,
omid:br/061303713266,doi:10.1016/s0165-2427(01)00312-9,pmid:11553389,
omid:br/06201672489,doi:10.1016/j.oxy.2022.04.003,,
omid:br/0628079668,doi:10.1007/s13399-023-04405-4,,
omid:br/061601535199,doi:10.1002/sca.20280,pmid:22532080,
omid:br/06180622711,doi:10.1093/mnrasl/slw065,,
omid:br/0680536455,doi:10.1021/bi00212a007,pmid:8257678,
omid:br/06403562951,doi:10.1134/s1068162019060219,,
omid:br/061401309510,doi:10.1038/bjc.2016.37,pmid:26908326,
omid:br/06220500773,doi:10.1007/s13165-014-0094-y,,
omid:br/06603169703,doi:10.1167/tvst.11.5.22,pmid:35594041,
omid:br/06350143135,doi:10.1016/j.adcanc.2023.100089,,
omid:br/06250696073,doi:10.3389/fnhum.2018.00247,pmid:29997487,
omid:br/062303672022,doi:10.1016/0022-510x(92)90029-k,pmid:1506860,
omid:br/06140836249,doi:10.2337/diabetes.50.11.2472,pmid:11679424,
omid:br/061803044733,doi:10.1016/j.foodchem.2019.04.024,pmid:31006453,
omid:br/062402203808,doi:10.3389/fphy.2022.886473,,
omid:br/061403044768,doi:10.1007/s10072-003-0089-z,pmid:14598054,
omid:br/061703530896,doi:10.1175/1520-0442(1998)011<0831:adccit>2.0.co;2,,
omid:br/062603073256,doi:10.1046/j.1365-2559.2002.01512.x,pmid:12460203,
omid:br/06104686615,doi:10.1520/jte20230485,,
omid:br/06501748845,doi:10.1088/0004-637x/720/1/480,,
omid:br/0614099564,doi:10.1002/anie.201903446,pmid:30983101,
omid:br/06901706235,doi:10.1007/s11332-019-00551-3,,
omid:br/061204122644,doi:10.1016/b978-0-443-15369-3.00005-5,,
omid:br/06602481063,doi:10.1016/j.surneu.2005.11.059,pmid:16793435,
omid:br/061601198553,doi:10.1243/03093247jsa488,,
omid:br/06201533846,doi:10.1021/acs.jpcc.5b02201,,
omid:br/061103230729,doi:10.1039/9781847558879-00150,,
omid:br/06502344051,doi:10.1177/2472555219867074,pmid:31381456,
omid:br/061102102271,doi:10.1158/0008-5472.can-16-3128,pmid:28416484,
omid:br/062602437316,doi:10.1107/s010876731101395x,pmid:21694473,
omid:br/061603713491,,pmid:2970557,
omid:br/06903954358,doi:10.1007/s00190-023-01716-2,,
omid:br/06180123008,doi:10.1016/s0009-2614(00)00709-0,,
omid:br/061503723909,doi:10.1016/s0165-5728(00)00394-5,pmid:11063835,
omid:br/062202375244,doi:10.18553/jmcp.2019.25.7.836,pmid:31232203,
omid:br/061402384924,doi:10.1016/j.euroneuro.2017.08.427,pmid:28870407,
omid:br/0651011035,doi:10.1002/ijc.10638,pmid:12216069,
omid:br/06504170409,,pmid:11127585,
omid:br/0670318287,doi:10.1109/tifs.2015.2400393,,
omid:br/062302094829,doi:10.1006/clin.1994.1019,pmid:8299227,
omid:br/062601050911,doi:10.1039/p29740001862,,
omid:br/061903064683,doi:10.1073/pnas.0900670106,pmid:19666611,
omid:br/0644018841,doi:10.1016/j.procbio.2005.06.013,,
omid:br/06203325339,doi:10.1002/9781118742631.ch01,,
omid:br/06903192042,doi:10.1109/icccnt.2010.5591586,,
omid:br/06701795309,doi:10.4254/wjh.v13.i7.790,pmid:34367500,
omid:br/06502158438,doi:10.1055/s-0032-1312892,pmid:22723025,
omid:br/06101720064,doi:10.1109/tia.2012.2226222,,
omid:br/06304861764,doi:10.3390/biomedicines12112630,,
omid:br/062303098998,doi:10.11646/zootaxa.2237.1.4,,
omid:br/06701094461,doi:10.5603/ep.2016.0070,pmid:28042653,
omid:br/06602977961,doi:10.1115/omae2014-23445,,
omid:br/061901679537,doi:10.1111/eci.13444,pmid:33152138,
omid:br/0670268994,doi:10.1128/aem.00376-11,pmid:21622799,
omid:br/061501780544,doi:10.1021/acsphotonics.5b00159,,
omid:br/06260224767,doi:10.1136/ard.56.3.194,pmid:9135225,
omid:br/06901418562,doi:10.1016/j.msom.2009.02.004,,
omid:br/061101718822,doi:10.3390/jcm9113447,pmid:33120966,
omid:br/061402674478,doi:10.1016/j.bbrc.2018.06.036,pmid:29894687,
omid:br/061601757680,doi:10.3758/s13428-011-0066-z,pmid:21424189,
omid:br/06202788704,doi:10.1177/095632029600700306,,
omid:br/0638056795,doi:10.1111/1365-2664.13086,,
omid:br/061503552236,doi:10.3390/plants11223013,,
omid:br/06302831488,doi:10.1016/j.physletb.2013.07.061,,
omid:br/061202820388,doi:10.1016/j.forsciint.2013.08.008,pmid:24314494,
omid:br/062402759594,doi:10.1016/j.ejmech.2020.112893,pmid:33049608,
omid:br/062302781121,doi:10.1136/bmj.o995,pmid:35440437,
omid:br/06440163807,doi:10.3847/2515-5172/acfda1,,
omid:br/06201352612,doi:10.1093/nar/15.5.2327,pmid:3562229,
omid:br/06602482693,doi:10.1016/s0090-4295(01)01028-7,,
omid:br/0660512714,doi:10.1523/jneurosci.2432-20.2021,pmid:34385359,
omid:br/06404189465,doi:10.1892/0891-6640(2005)19[644:cmqidm]2.0.co;2,pmid:16231708,
omid:br/06320370894,doi:10.1016/j.cretres.2023.105785,,
omid:br/06601676895,doi:10.1016/j.jfms.2009.04.012,pmid:19540785,
omid:br/06170341169,doi:10.1016/j.metabol.2008.08.003,pmid:19059528,
omid:br/06502232024,doi:10.1016/j.exger.2008.12.003,pmid:19136053,
omid:br/06190683455,doi:10.1080/10610278.2015.1118101,pmid:34113068,
omid:br/062301517967,doi:10.1371/journal.pone.0195674,pmid:29718937,
omid:br/0680970960,doi:10.3934/dcdsb.2015.20.2819,,
omid:br/062402282874,doi:10.1101/681114,,
omid:br/062101108077,doi:10.1002/pmic.201300342,pmid:24449343,
omid:br/061501306364,doi:10.2993/0278-0771-41.3.368,,
omid:br/062601556284,doi:10.1021/ja994269y,,
omid:br/061603070855,doi:10.1073/pnas.0407498102,pmid:15928092,
omid:br/061501692500,doi:10.1080/1091367x.2022.2041420,,
omid:br/06104087902,,pmid:9101437,
omid:br/06260366379,doi:10.1038/nature19362,pmid:27626379,
omid:br/06902822890,doi:10.1007/978-3-7091-6475-4_45,pmid:9779171,
omid:br/06130808467,doi:10.1016/j.comcom.2012.04.027,,
omid:br/06804115245,,pmid:2286030,
omid:br/06601477585,doi:10.1177/112070000301302s05,pmid:24030579,
omid:br/0630350905,doi:10.1038/nature07264,pmid:18833273,
omid:br/062101634517,doi:10.21037/jtd.2017.11.90,pmid:29268551,
omid:br/061802698955,doi:10.1007/s10111-017-0431-5,,
omid:br/06401167962,doi:10.1002/ejhf.1746,pmid:31975476,
omid:br/06101644428,doi:10.3390/ejihpe10010028,pmid:34542491,
omid:br/06150344684,doi:10.1016/j.metabol.2013.12.011,pmid:24486147,
omid:br/06202832886,doi:10.1016/s0370-2693(97)00340-7,,
omid:br/062201460235,doi:10.1186/s12859-019-3043-7,pmid:31477009,
omid:br/0630521384,doi:10.1038/sj.ijo.0803402,pmid:16770333,
omid:br/06902366616,doi:10.1101/327759,,
omid:br/061501673676,doi:10.3390/e17042198,,
omid:br/06270102820,doi:10.1016/j.jtha.2023.01.015,,
omid:br/06104783434,doi:10.1103/physreva.110.022216,,
omid:br/062403861999,doi:10.1201/9781351133036-2,,
omid:br/061301774992,doi:10.1103/physrevb.105.075112,,
omid:br/0650361740,doi:10.1007/bf02246029,pmid:1681557,
omid:br/06202138389,doi:10.1038/nchembio.2159,pmid:27547920,
omid:br/06104251071,doi:10.1016/s0006-2952(01)00766-3,pmid:11705458,
omid:br/06703838653,doi:10.1007/s11033-022-07899-9,pmid:36098885,
omid:br/061203913054,doi:10.1093/mnras/stad1567,,
omid:br/0605574293,doi:10.1007/s10955-024-03382-w,,
omid:br/062601277599,doi:10.1007/s12652-019-01506-9,,
omid:br/06110900678,doi:10.2177/jsci.34.401,pmid:22041428,
omid:br/0670654976,doi:10.1021/nn300545z,pmid:22624576,
omid:br/06603947358,doi:10.3897/mycokeys.87.73082,pmid:35210921,
omid:br/0612087277,doi:10.1002/jbm.820220805,pmid:3265135,
omid:br/061802772277,doi:10.1044/2015_jslhr-h-15-0118,pmid:27082630,
omid:br/06601536289,doi:10.1111/j.1399-3011.1980.tb02585.x,pmid:7193191,
omid:br/062503048361,doi:10.1016/j.jce.2021.04.004,,
omid:br/062601200186,doi:10.2174/1389557518666180924121528,pmid:30246639,
omid:br/061501863355,doi:10.1002/ps.3835,pmid:24863675,
omid:br/061602898795,doi:10.1105/tpc.108.064006,pmid:19880802,
omid:br/061803890025,doi:10.1016/j.heliyon.2023.e17059,,
omid:br/062501774715,doi:10.1103/physreva.96.023611,,
omid:br/061101130182,doi:10.1111/j.1365-2494.2009.00693.x,,
omid:br/062503809092,doi:10.1016/s1521-6896(02)00091-5,pmid:14529013,
omid:br/06160223511,doi:10.1016/j.cam.2016.12.023,,
omid:br/06140187718,doi:10.1088/1755-1315/292/1/012067,,
omid:br/061103304995,doi:10.1016/j.transproceed.2013.10.004,pmid:24314998,
omid:br/06602688865,doi:10.1109/icacsis.2018.8618168,,
omid:br/06801470330,doi:10.1186/s41118-020-00108-0,,
omid:br/062201308893,doi:10.1016/j.cogsc.2020.100443,,
omid:br/0623066805,doi:10.1007/978-1-4615-4431-9,,isbn:9781461544319
omid:br/061501483841,doi:10.1038/cddis.2017.150,pmid:28358365,
omid:br/06204785290,doi:10.1007/978-3-031-54281-7_23,,
omid:br/06220489515,doi:10.1039/c5ta10737g,,
omid:br/061101527147,doi:10.1371/journal.pone.0110338,pmid:25337817,
omid:br/062101704057,doi:10.3390/agriculture11030270,,
omid:br/06801271630,doi:10.1136/sextrans-2014-051632,pmid:25365962,
omid:br/06130361581,doi:10.1007/s10822-011-9440-2,pmid:21660515,
omid:br/0630205113,doi:10.1097/00000658-197911000-00021,pmid:507978,
omid:br/0620565890,doi:10.1103/physrevc.94.054612,,
omid:br/061201978473,doi:10.1002/2015je004966,,
omid:br/061901682698,doi:10.1109/tac.2002.800646,,
omid:br/062601694644,doi:10.1007/s002880050133,,
omid:br/062603398147,doi:10.1109/iembs.2003.1279791,,
omid:br/0643031855,doi:10.1016/j.cherd.2021.08.020,,
omid:br/06701334445,doi:10.1007/s00108-013-3423-4,pmid:24733637,
omid:br/06503771814,doi:10.1016/j.urolonc.2014.05.004,pmid:24946957,
omid:br/061601840956,doi:10.3201/eid2401.171605,pmid:29076806,
omid:br/0640420768,doi:10.1016/j.ijbiomac.2020.09.048,pmid:32931832,
omid:br/062603749103,doi:10.1016/s0165-3806(01)00237-1,pmid:11718848,
omid:br/061301870362,doi:10.1007/s12291-017-0657-2,pmid:29651205,
omid:br/06320499257,doi:10.1007/s12601-024-00153-2,,
omid:br/06130631825,doi:10.3727/096504005775082093,pmid:15839301,
omid:br/06201857799,doi:10.1016/j.bone.2015.07.013,pmid:26187195,
omid:br/06180293484,doi:10.3389/fneur.2019.00599,pmid:31275222,
omid:br/06101850659,doi:10.1007/jhep11(2013)073,,
omid:br/061404272141,doi:10.1186/s12872-024-04297-w,,
omid:br/062602821760,doi:10.1016/j.humov.2018.09.002,pmid:30218848,
omid:br/06220432700,doi:10.1080/14740338.2017.1328053,pmid:28490215,
omid:br/0651036940,doi:10.1063/1.4932622,,
omid:br/061102726586,doi:10.1164/rccm.200205-410oc,pmid:12615629,
omid:br/06502183407,doi:10.1515/nanoph-2020-0048,pmid:33365225,
omid:br/06201772049,doi:10.1007/s12288-019-01106-9,pmid:31741623,
omid:br/061803489698,doi:10.1016/j.mayocp.2022.05.014,,
omid:br/06120200228,doi:10.1093/humrep/14.8.1962,pmid:10438409,
omid:br/06480155556,doi:10.1016/j.imbio.2023.152357,,
omid:br/06330412869,doi:10.1016/j.ibmb.2023.104059,,
omid:br/061402420447,doi:10.1016/j.nuclphysb.2016.09.023,,
omid:br/06103866219,doi:10.1080/00313831.2022.2115132,,
omid:br/061801836204,doi:10.1016/0029-5493(74)90089-2,,
omid:br/061401456070,doi:10.1016/j.sbspro.2013.01.001,,
omid:br/06104778129,doi:10.21203/rs.3.rs-4263859/v1,,
omid:br/061504311050,doi:10.5772/intechopen.114845,,
omid:br/06704364077,doi:10.3390/app122412618,,
omid:br/06290494070,doi:10.1016/j.spa.2024.104431,,
omid:br/06701640782,doi:10.7150/jca.13818,pmid:26819635,
omid:br/062502405400,doi:10.1109/tdei.2018.006900,,
omid:br/062501972377,doi:10.1002/jqs.1155,,
omid:br/06250748217,doi:10.1017/s0950268817000693,pmid:28462733,
omid:br/061201215107,doi:10.1038/s42256-018-0002-3,,
omid:br/061202609574,doi:10.1038/s41598-021-93753-0,pmid:34244579,
omid:br/061101676363,doi:10.1140/epjc/s10052-008-0629-z,,
omid:br/06203992834,doi:10.3978/j.issn.2072-1439.2014.08.49,pmid:25337402,
omid:br/061503921228,doi:10.7759/cureus.45836,,
omid:br/06701841200,doi:10.3390/bioengineering6030058,pmid:31277241,
omid:br/061701898079,doi:10.1016/j.paid.2022.111678,,
omid:br/06220112551,doi:10.1016/j.bmcl.2017.05.006,pmid:28506750,
omid:br/061802116299,doi:10.1007/s11229-015-0722-4,,
omid:br/0670823681,doi:10.1007/s00108-022-01371-3,pmid:35925073,
omid:br/0605075815,doi:10.1080/15376494.2024.2423278,,
omid:br/06504206786,,pmid:9052842,
omid:br/062203041992,doi:10.1111/j.1365-2559.1990.tb01555.x,pmid:2193866,
omid:br/061203146960,doi:10.1109/prdc.2010.30,,
omid:br/06130987854,doi:10.1016/j.aca.2010.12.014,pmid:21742114,
omid:br/061401643102,doi:10.1524/zaes.1995.122.1.62,,
omid:br/062301945312,doi:10.1149/2.0541602jes,,
omid:br/062502445040,doi:10.1038/s41391-021-00379-4,pmid:34108644,
omid:br/06202350794,doi:10.1287/mnsc.2018.3084,,
omid:br/061702787850,doi:10.1136/bmj.e7279,pmid:23169869,
omid:br/06250782373,doi:10.1016/j.ijfoodmicro.2008.10.029,pmid:19070382,
omid:br/062203314279,doi:10.1194/jlr.d083410,pmid:29654114,
omid:br/062302770520,doi:10.1016/j.amjcard.2017.07.103,pmid:28917495,
omid:br/06250167494,doi:10.1161/01.str.27.3.381,pmid:8610299,
omid:br/06401450701,doi:10.31812/0564/482,,
omid:br/061101025938,doi:10.3109/1354750x.2014.915343,pmid:24786982,
omid:br/062301700303,doi:10.3390/medicina47110092,,
omid:br/061403484851,doi:10.1126/science.282.5388.430,pmid:9841401,
omid:br/06310183227,doi:10.1002/9780470691861.ch24a,,
omid:br/06302400870,doi:10.26442/00403660.2020.01.000463,pmid:32598667,
omid:br/061903720561,doi:10.1016/s0165-1781(99)00002-5,pmid:10220013,
omid:br/062403726863,doi:10.1016/s0140-6736(19)31186-9,pmid:31162070,
omid:br/062301986623,doi:10.3389/fchem.2019.00609,pmid:31552226,
omid:br/06220610669,doi:10.1016/j.chroma.2003.11.086,pmid:14989483,
omid:br/061802825187,doi:10.3345/kjp.2018.61.5.160,pmid:29853941,
omid:br/06140189406,doi:10.1016/j.tifs.2007.07.011,,
omid:br/06803470595,doi:10.1007/s10072-015-2399-3,pmid:26482054,
omid:br/062402029014,doi:10.3390/pr8091089,,
omid:br/06801479064,doi:10.1007/s12649-021-01546-3,,
omid:br/06301118067,doi:10.1016/j.acuro.2017.01.009,pmid:28325529,
omid:br/06501358334,doi:10.9738/intsurg-d-15-00062.1,,
omid:br/062301201189,doi:10.2174/1568026043387467,pmid:15544538,
omid:br/06260487873,doi:10.1016/j.jpeds.2013.11.030,pmid:24373576,
omid:br/061401877505,doi:10.3390/plants10010124,pmid:33435616,
omid:br/062301031125,doi:10.1007/s10741-010-9208-0,pmid:21104312,
omid:br/06403076204,doi:10.1098/rspa.1983.0139,,
omid:br/061201739933,doi:10.1021/la010123c,,
omid:br/0640186482,doi:10.1517/14728214.2012.746312,pmid:23186314,
omid:br/061904424408,doi:10.1142/s0218339024500025,,
omid:br/061601194780,doi:10.1177/0007650312439029,,
omid:br/06220492783,doi:10.1016/j.physbeh.2003.10.007,pmid:14741234,
omid:br/061401999429,doi:10.1007/s11367-017-1315-x,,
omid:br/06220382518,doi:10.1177/0958928716685688,,
omid:br/0670289519,doi:10.1080/758518500,,
omid:br/06180499227,doi:10.1016/j.physbeh.2014.04.029,pmid:24768648,
omid:br/0630435435,doi:10.1016/j.fct.2018.05.047,pmid:29787848,
omid:br/061403517160,doi:10.2147/ccid.s389551,,
omid:br/061303739245,doi:10.1016/s0306-4522(96)00568-4,pmid:9153666,
omid:br/062403141179,doi:10.3386/w17143,,
omid:br/0610671673,doi:10.1002/mds.20213,pmid:15372591,
omid:br/0605777184,doi:10.1109/tencon61640.2024.10902756,,
omid:br/061701708114,doi:10.1016/j.nutres.2015.02.001,pmid:25708459,
omid:br/06330165346,doi:10.1002/9781119874157.ch8,,
omid:br/061601609669,doi:10.1093/ornithapp/duac019,,
omid:br/06701262007,doi:10.1007/s10346-021-01670-0,,
omid:br/061203351688,doi:10.1063/1.2036736,,
omid:br/062602459882,doi:10.1016/j.apcata.2007.08.021,,
omid:br/06303470361,doi:10.1016/j.foodchem.2013.11.051,pmid:24423545,
omid:br/061202144681,doi:10.1016/j.yasu.2008.03.003,pmid:18953825,
omid:br/062501162249,doi:10.1111/j.1540-6261.2012.01785.x,,
omid:br/0640790038,doi:10.1186/s12969-019-0387-5,pmid:31842923,
omid:br/061202102736,doi:10.1016/j.crohns.2010.04.004,pmid:21122530,
omid:br/0610674214,doi:10.1016/j.ijrobp.2016.01.038,pmid:27131079,
omid:br/061201333881,doi:10.1080/14747731.2019.1651518,,
omid:br/06102452299,doi:10.1088/1402-4896/ac7360,,
omid:br/06701097301,doi:10.1200/jop.19.00412,pmid:31880975,
omid:br/06801764633,doi:10.1007/s00120-015-3774-7,pmid:25802103,
omid:br/06703590344,doi:10.1093/acprof:oso/9780199244843.003.0012,,
omid:br/06304205023,,pmid:31427876,
omid:br/0680910907,doi:10.1152/ajplung.2001.281.6.l1313,pmid:11704524,
omid:br/062503523373,doi:10.3389/fneur.2022.987593,,
omid:br/062602665503,doi:10.1007/978-1-4939-1326-8_16,,
omid:br/062202165021,doi:10.1007/978-3-319-98294-6_12,,
omid:br/061901011113,doi:10.1016/s1567-5769(01)00134-5,pmid:11789667,
omid:br/062303603528,doi:10.1016/0002-9343(78)90709-x,pmid:685993,
omid:br/06102873658,doi:10.1016/0550-3213(90)90665-z,,
omid:br/06701666742,doi:10.1053/jfms.2002.0166,pmid:12027507,
omid:br/061603726579,doi:10.1023/a:1025672617249,pmid:14558601,
omid:br/06290147127,doi:10.4274/jtss.galenos.2023.02996,,
omid:br/061301520816,doi:10.1371/journal.pone.0036646,pmid:22606278,
omid:br/062601113568,doi:10.3109/10826084.2011.521467,pmid:21303239,
omid:br/0640851328,doi:10.1027/1864-9335/a000248,,
omid:br/062302231019,doi:10.3390/nu12123852,pmid:33348550,
omid:br/0610104861,doi:10.1002/anie.201504377,pmid:26270696,
omid:br/06190671032,doi:10.1016/s0360-3016(01)02827-9,pmid:12007939,
omid:br/0651087617,doi:10.1101/2023.03.29.23287924,,
omid:br/06703440250,doi:10.1002/hep.24361,pmid:21503940,
omid:br/061302134592,doi:10.1002/ajmg.a.20408,pmid:14981715,
omid:br/0670186177,doi:10.1186/1472-6963-10-19,pmid:20082727,
omid:br/062403974278,doi:10.21203/rs.3.rs-2367007/v1,,
omid:br/062601659812,doi:10.3897/mycokeys.45.31799,pmid:30728746,
omid:br/06801623992,doi:10.1016/j.jnci.2012.07.001,pmid:22929920,
omid:br/062102178932,doi:10.29252/jra.6.1.33,,
omid:br/061202921687,doi:10.1109/icma.2013.6618159,,
omid:br/061204279959,doi:10.34248/bsengineering.1555222,,
omid:br/06302625330,doi:10.5414/alx1561e,pmid:31826031,
omid:br/061302025947,doi:10.3390/min12020251,,
omid:br/062301102214,doi:10.1016/j.jtcvs.2017.03.104,pmid:28416336,
omid:br/061302101857,doi:10.1590/2317-6172201907,,
omid:br/062201768222,doi:10.1103/physreva.98.012133,,
omid:br/06103243069,doi:10.1055/s-2007-1002744,pmid:2554505,
omid:br/06501802743,doi:10.1080/00063657.2018.1561647,,
omid:br/06180883315,doi:10.1007/s11356-018-1600-7,pmid:29520548,
omid:br/06903324936,doi:10.1002/hbm.25812,pmid:35199903,
omid:br/06101428858,doi:10.1007/s00281-017-0654-9,pmid:29124321,
omid:br/06170622657,doi:10.1016/j.dib.2022.108480,pmid:35935709,
omid:br/06901557971,doi:10.1021/ja00025a022,,
omid:br/062401752583,doi:10.1016/j.ijgo.2013.04.023,pmid:23886452,
omid:br/06704384948,doi:10.3389/fmed.2023.1127657,,
omid:br/062404001896,doi:10.1213/ane.0000000000006412,,
omid:br/06404793450,doi:10.1038/s41598-024-77590-5,,
omid:br/0653076759,doi:10.1080/10095020.2023.2244006,,
omid:br/06302970505,doi:10.1145/3458380.3458385,,
omid:br/06150110736,doi:10.1016/j.palaeo.2022.110934,,
omid:br/06401436384,doi:10.3390/molecules24183288,pmid:31509949,
omid:br/062104430102,doi:10.1039/d4ra06815g,,
omid:br/0690630033,doi:10.1016/j.jcpa.2009.10.016,pmid:19954793,
omid:br/06102249181,doi:10.1158/2159-8290.cd-18-0811,pmid:30181169,
omid:br/062603547398,doi:10.1016/s1245-1789(22)46761-8,,
omid:br/06220812454,doi:10.1017/s0140525x00069958,pmid:24924047,
omid:br/06120628052,doi:10.1007/bf02635900,,
omid:br/062502168327,doi:10.1002/clc.22038,pmid:22825844,
omid:br/06201904301,doi:10.1145/3236112.3236119,,
omid:br/06103275593,doi:10.1002/adfm.201100895,,
omid:br/061603348730,doi:10.1007/s10533-009-9288-x,,
omid:br/06160250763,doi:10.3929/ethz-b-000122325,,
omid:br/0610906533,doi:10.1007/s00289-014-1277-0,,
omid:br/06420133205,doi:10.34068/joe.51.05.02,,
omid:br/06303421388,doi:10.1002/9781444345292.ch20,,
omid:br/06230343014,doi:10.1016/j.diamond.2017.05.013,,
omid:br/061801452060,doi:10.1021/acs.iecr.1c01069,pmid:35273425,
omid:br/0660122021,doi:10.1246/bcsj.20190209,,
omid:br/0690343725,doi:10.2307/2258570,,
omid:br/061201175119,doi:10.2174/1570178616666190315155330,,
omid:br/061201822491,doi:10.1016/j.ibusrev.2021.101946,,
omid:br/062202789919,doi:10.1016/j.ijcard.2017.07.108,pmid:28807511,
omid:br/0640927482,doi:10.4081/ejtm.2020.8982,,
omid:br/06503890289,doi:10.3389/fcvm.2022.975478,pmid:36061567,
omid:br/06502462160,doi:10.1016/j.jmbbm.2018.12.010,pmid:30579109,
omid:br/06702463099,doi:10.1016/j.urology.2022.02.007,pmid:35218865,
omid:br/06203751569,doi:10.1016/s0019-0578(07)60028-7,,
omid:br/0650659347,doi:10.1021/nn4053233,pmid:24261631,
omid:br/06150975738,doi:10.1039/c6ra28082j,,
omid:br/061902084517,doi:10.1007/978-1-4939-9566-0_8,pmid:31230276,
omid:br/06403191230,doi:10.1016/j.ejmech.2014.07.105,pmid:25089811,
omid:br/06250160766,doi:10.3324/haematol.2009.020586,pmid:20418244,
omid:br/06210996199,doi:10.1016/s1350-6307(00)00032-7,,
omid:br/061603082660,doi:10.3892/or.2021.8018,pmid:33760169,
omid:br/062403325130,doi:10.1016/j.wasman.2007.03.009,pmid:17499985,
omid:br/06603138264,doi:10.1007/978-3-642-35467-0_39,,
omid:br/06110919681,doi:10.5194/nhess-8-671-2008,,
omid:br/06604883357,doi:10.1142/s0219691324500012,,
omid:br/06301588234,doi:10.1007/s11831-016-9203-2,,
omid:br/061403580184,doi:10.2307/1993222,,
omid:br/06190839685,doi:10.1016/j.snb.2008.02.011,,
omid:br/06702520943,doi:10.1021/acscatal.0c02606,,
omid:br/061701587986,doi:10.1007/s11144-012-0488-3,,
omid:br/061701047776,doi:10.1021/ma000406w,,
omid:br/062301876007,doi:10.1016/j.jom.2010.04.004,,
omid:br/061201169485,doi:10.1520/jfs13393j,,
omid:br/06170858293,doi:10.1093/rheumatology/kel296,pmid:16936327,
omid:br/061501746179,doi:10.1016/j.jacc.2006.04.067,pmid:16781386,
omid:br/061202754972,doi:10.1016/j.cyto.2022.155868,pmid:35358903,
omid:br/06901730326,doi:10.1159/000143396,pmid:18612214,
omid:br/062103114659,doi:10.1016/j.vetmic.2011.11.004,pmid:22112856,
omid:br/062604376315,doi:10.1093/eurjcn/zvae068,,
omid:br/06120709792,doi:10.1016/s0040-4039(01)97818-9,pmid:5437608,
omid:br/062201111062,doi:10.1080/15532739.2016.1153992,,
omid:br/06901939942,doi:10.3233/jnd-180358,pmid:30714969,
omid:br/062403938075,doi:10.1016/j.neuroscience.2023.06.005,,
omid:br/06102418064,doi:10.1016/j.neuron.2010.07.012,pmid:20670827,
omid:br/062102476313,doi:10.1109/iciea.2016.7603662,,
omid:br/061702841635,doi:10.1016/j.ijpharm.2019.118883,pmid:31811925,
omid:br/061103118649,doi:10.1007/88-470-0430-6_5,,
omid:br/062102085405,doi:10.1055/s-0032-1313738,pmid:22928435,
omid:br/06110209861,doi:10.1016/s0967-0661(01)00074-0,,
omid:br/06303741488,doi:10.1111/j.1467-6486.2012.01078.x,,
omid:br/0660579915,doi:10.1088/1742-6596/1918/3/032015,,
omid:br/061403766254,doi:10.1002/(sici)1098-2744(199810)23:2<106::aid-mc7>3.0.co;2-w,pmid:9808164,
omid:br/061602296341,doi:10.1101/736215,,
omid:br/06210171160,doi:10.1111/jbi.13700,,
omid:br/0650619949,doi:10.1172/jci68295,pmid:23728174,
omid:br/062101868351,doi:10.1016/s0213-005x(08)76228-1,,
omid:br/06102508251,doi:10.1021/ic700961b,pmid:18001111,
omid:br/062502629126,doi:10.1088/2053-1591/aa8f64,,
omid:br/06350115405,doi:10.1007/s00431-023-04827-2,,
omid:br/06480156450,doi:10.1101/2023.01.30.526234,,
omid:br/0606457016,doi:10.3390/app142311312,,
omid:br/06440139530,doi:10.1016/j.atech.2023.100220,,
omid:br/06250945194,doi:10.1016/j.ijheatmasstransfer.2014.11.017,,
omid:br/061101572325,doi:10.1016/s0012-821x(02)00553-8,,
omid:br/061202351339,doi:10.1109/roman.2017.8172496,,
omid:br/06904057255,doi:10.1007/s00453-023-01112-4,,
omid:br/06230210951,doi:10.1093/qjmed/hcw134,pmid:27521583,
omid:br/0610210644,doi:10.1093/glycob/cww023,pmid:26911286,
omid:br/0610708941,doi:10.3390/cancers10030061,pmid:29495500,
omid:br/061203511897,doi:10.1103/physrevc.36.765,pmid:9954136,
omid:br/061202025512,doi:10.3390/antibiotics11060770,pmid:35740176,
omid:br/06250421637,doi:10.3233/jad-170319,pmid:29036817,
omid:br/06220493514,doi:10.1016/0031-9422(82)83014-8,,
omid:br/061103394764,doi:10.1145/195058.195125,,
omid:br/062102757487,doi:10.1007/978-3-7091-0687-7_8,,
omid:br/061903141172,doi:10.1089/rej.1.2000.3.269,,
omid:br/06201610033,doi:10.1053/comp.2001.19753,pmid:11154717,
omid:br/062501432022,doi:10.1007/s00399-016-0437-3,pmid:27250725,
omid:br/0620101540,doi:10.1002/anie.201502155,pmid:25951192,
omid:br/061703450145,doi:10.1007/s00284-022-03029-7,pmid:36155858,
omid:br/0628084614,doi:10.1080/13876988.2023.2198983,,
omid:br/06290421995,doi:10.3389/fonc.2024.1346290,,
omid:br/06230795785,doi:10.1016/0304-3940(86)90300-9,pmid:2940478,
omid:br/06240157978,doi:10.1016/j.geomphys.2017.11.015,,
omid:br/062601534947,doi:10.7326/m18-1148,pmid:30178054,
omid:br/0680285189,doi:10.1007/s10562-007-9068-y,,
omid:br/06604429285,doi:10.1016/b978-0-323-96020-5.00051-0,,
omid:br/06601226848,doi:10.1016/j.jmr.2009.07.015,pmid:19647458,
omid:br/062502065240,doi:10.1111/ijlh.13633,pmid:34146452,
omid:br/062404432894,doi:10.1080/14622416.2024.2355862,,
omid:br/06603478780,doi:10.1007/s10072-020-04444-z,pmid:32372197,
omid:br/06804640699,doi:10.1101/2023.12.31.573805,,
omid:br/0610270942,doi:10.1001/jama.255.14.1887,,
omid:br/061102729585,doi:10.1007/s00586-021-06733-3,pmid:33475842,
omid:br/0610351631,doi:10.1016/j.pbi.2019.05.003,pmid:31176099,
omid:br/062403038316,doi:10.1042/bj3260491,pmid:9291123,
omid:br/06302856137,doi:10.1007/s00464-008-0202-8,pmid:19037694,
omid:br/061502934395,doi:10.1145/3461702.3462614,,
omid:br/06160226256,doi:10.1016/j.cjprs.2022.04.003,,
omid:br/061202755742,doi:10.1016/j.cyto.2019.154800,pmid:31442679,
omid:br/06270101546,doi:10.1007/s11225-023-10038-5,,
omid:br/0660542520,doi:10.1080/00015385.2020.1815985,pmid:32901579,
omid:br/061102602409,doi:10.3168/jds.s0022-0302(77)83933-7,,
omid:br/061202689220,doi:10.1007/s00268-020-05773-y,pmid:32901325,
omid:br/061102879245,doi:10.1200/jco.2013.48.9138,pmid:23715569,
omid:br/062501759249,doi:10.1016/j.jtct.2020.12.020,pmid:33781525,
omid:br/06160244048,doi:10.1021/jm9911682,pmid:10821708,
omid:br/06904370222,doi:10.3233/jad-230098,,
omid:br/061302014390,doi:10.1007/s00161-014-0367-4,,
omid:br/06510132014,doi:10.1016/j.jia.2023.02.024,,
omid:br/06340419593,doi:10.3390/app14031041,,
omid:br/06140288452,doi:10.3389/fimmu.2021.703534,pmid:34295339,
omid:br/06702281007,doi:10.1016/j.idcr.2016.01.003,pmid:27051575,
omid:br/06602415421,doi:10.1016/j.matpr.2021.01.691,,
omid:br/062504449821,doi:10.1007/s11899-024-00731-0,,
omid:br/06201291984,doi:10.1108/imds-02-2016-0072,,
omid:br/061902237440,doi:10.1016/j.gene.2004.06.038,pmid:15475162,
omid:br/062402003690,doi:10.1007/s13402-020-00559-9,pmid:32940862,
omid:br/06903546069,doi:10.1021/acs.energyfuels.2c01880,,
omid:br/06130237298,doi:10.1063/1.5012089,,
omid:br/0630859702,doi:10.1155/2018/6728020,,
omid:br/061903136691,doi:10.1093/chemse/bjs082,pmid:23010799,
omid:br/0670976284,doi:10.2337/dc21-0149,pmid:34588209,
omid:br/062301611852,doi:10.1016/j.otc.2021.05.008,pmid:34538358,
omid:br/06502224328,doi:10.1088/0029-5515/45/12/022,,
omid:br/0690886891,doi:10.1063/1.331993,,
omid:br/0620290102,doi:10.3389/fendo.2020.00457,pmid:32765426,
omid:br/0640406950,doi:10.2519/jospt.2005.35.6.356,pmid:16001907,
omid:br/061302205093,doi:10.7717/peerj.12019,pmid:34513334,
omid:br/061601511689,doi:10.31887/dcns.2003.5.1/cgilles,,
omid:br/0646041160,doi:10.1007/s42979-021-00682-w,,
omid:br/061401217086,doi:10.1111/j.1432-1033.1984.tb08240.x,pmid:6378634,
omid:br/061703304250,doi:10.1016/j.transproceed.2007.06.061,pmid:17889144,
omid:br/06160470200,doi:10.1002/path.2934,pmid:21710690,
omid:br/061903253963,doi:10.1016/s0065-2776(08)60584-2,pmid:8607375,
omid:br/06304751791,doi:10.7759/cureus.57763,,
omid:br/061603096925,doi:10.1016/j.devcel.2007.11.007,pmid:18061556,
omid:br/06201959017,doi:10.1016/b978-0-323-39055-2.00015-2,,
omid:br/06230721794,doi:10.1016/j.tetlet.2021.153353,,
omid:br/0690256979,doi:10.1006/jmbi.1993.1115,pmid:8445645,
omid:br/06501248580,doi:10.1080/095003400420058,,
omid:br/0647058028,doi:10.1111/j.1365-2273.1989.tb00362.x,pmid:2743609,
omid:br/06140944948,doi:10.1016/j.rser.2019.01.006,,
omid:br/062401503712,doi:10.1371/journal.pone.0025665,pmid:22110581,
omid:br/061902110111,doi:10.1021/ic00338a001,,
omid:br/061901021070,doi:10.1093/icc/11.4.725,,
omid:br/06101844500,doi:10.3238/arztebl.2011.0081,pmid:21373274,
omid:br/06170242012,doi:10.1016/j.yjmcc.2013.12.010,pmid:34887078,
omid:br/06602261014,doi:10.1016/j.ceramint.2019.11.257,,
omid:br/061101070474,doi:10.1039/c5nj02631h,,
omid:br/06230654801,doi:10.1007/s00402-021-04052-2,pmid:34259926,
omid:br/06390170869,doi:10.1016/j.foodchem.2023.135576,,
omid:br/06360183836,doi:10.1007/s00520-023-07910-4,,
omid:br/06110777687,doi:10.1002/nt.2620020411,pmid:7952947,
omid:br/061602764599,doi:10.1016/s0141-3910(02)00267-7,,
omid:br/06340117489,doi:10.1016/j.intman.2023.101016,,
omid:br/06604761973,doi:10.1093/jnen/nlae060,,
omid:br/062302643318,doi:10.1007/s00063-017-0289-6,pmid:28484826,
omid:br/06210668757,doi:10.1002/jnr.24817,pmid:33605466,
omid:br/06120222808,doi:10.1007/s13312-011-0043-8,pmid:21378420,
omid:br/06103731919,doi:10.1158/1541-7786.mcr-14-0229,pmid:25033839,
omid:br/06230945065,doi:10.1136/gut.2004.060905,pmid:15955785,
omid:br/06270192347,doi:10.5344/ajev.1996.47.2.145,,
omid:br/061301030928,doi:10.1016/s1470-2045(12)70213-9,pmid:22846840,
omid:br/061502172777,doi:10.1007/978-981-13-0989-2_6,,
omid:br/06470167417,doi:10.3389/fmedt.2022.1034801,,
omid:br/06302020875,doi:10.1016/s0167-2991(06)81037-2,,
omid:br/06504368888,doi:10.2147/dmso.s408677,,
omid:br/061903091155,doi:10.1270/jsbbs1951.41.73,,
omid:br/06103279338,doi:10.1007/s00381-009-0892-9,pmid:19373477,
omid:br/06130492867,doi:10.1016/0031-9422(92)80381-n,,
omid:br/061803472593,doi:10.1093/0198774478.003.0007,,
omid:br/06601241455,doi:10.1097/prs.0000000000000529,pmid:25068326,
omid:br/06402812029,doi:10.2147/cmar.s15705,,
omid:br/061602672949,doi:10.1177/2050157912459496,,
omid:br/061902076419,doi:10.1155/2019/2782417,pmid:31582966,
omid:br/06220402991,doi:10.1016/j.ijpara.2010.05.010,pmid:20600069,
omid:br/06503179999,doi:10.1111/j.1365-2885.2005.00676.x,pmid:16207303,
omid:br/06601532474,doi:10.1371/journal.pone.0018961,pmid:21559480,
omid:br/06201526677,doi:10.1371/journal.pone.0166233,pmid:27898692,
omid:br/06210644060,doi:10.1007/s13201-022-01652-0,,
omid:br/061202585851,doi:10.1017/s0022029902005782,pmid:12463694,
omid:br/06350124722,doi:10.1039/9781849731140-00158,,
omid:br/061601583521,doi:10.1016/0016-5085(87)90924-3,pmid:3497071,
omid:br/06604181344,,pmid:11532625,
omid:br/0680367408,doi:10.1007/bf00426633,pmid:216045,
omid:br/06190549426,doi:10.1038/sc.2014.84,pmid:24891007,
omid:br/0620293264,doi:10.3389/fpls.2013.00326,pmid:23986768,
omid:br/06290557028,doi:10.1007/978-3-031-69820-0_1,,
omid:br/06102194678,doi:10.1590/1984-0462/;2018;36;2;00017,pmid:29617476,
omid:br/06310148332,doi:10.1016/j.jclepro.2023.136692,,
omid:br/06204103891,doi:10.4414/smw.2009.12465,pmid:19452291,
omid:br/062603092598,doi:10.1109/tuffc.2021.3087603,pmid:34101590,
omid:br/06490191680,doi:10.1101/2023.04.12.536506,,
omid:br/06102745065,doi:10.4018/978-1-5225-3731-1.ch013,,
omid:br/0620889423,doi:10.1007/s11356-021-17052-x,pmid:34693493,
omid:br/061401386024,doi:10.1016/0167-4838(90)90184-h,pmid:2194572,
omid:br/062401276021,doi:10.1017/s0033291720004997,pmid:33441206,
omid:br/061801398048,doi:10.3892/ol.2017.6915,pmid:29113248,
omid:br/06210267373,doi:10.3928/00989134-20200811-02,pmid:32845342,
omid:br/062601091784,doi:10.1016/j.conbuildmat.2014.12.093,,
omid:br/061102746703,doi:10.1016/j.celrep.2021.110283,pmid:35045294,
omid:br/06603912876,doi:10.1103/physrevlett.20.1428,,
omid:br/061304216843,doi:10.1016/j.foreco.2024.121924,,
omid:br/06203919920,doi:10.1134/s0040579522050359,,
omid:br/061902239812,doi:10.3390/nu13072461,pmid:34371974,
omid:br/061202737106,doi:10.1007/978-1-4612-0761-0_3,,
omid:br/06801849782,doi:10.1088/1475-7516/2013/07/040,,
omid:br/06903951484,doi:10.1186/s13014-023-02285-6,,
omid:br/061101132014,doi:10.1161/01.cir.84.1.160,pmid:1829398,
omid:br/061501621721,doi:10.1016/j.scr.2016.11.005,pmid:27934603,
omid:br/061301384673,doi:10.1016/s0008-8846(00)00325-2,,
omid:br/061402599997,doi:10.1016/j.apgeog.2013.06.010,,
omid:br/06701334709,doi:10.1007/s00108-011-2916-2,pmid:22290317,
omid:br/06203033806,doi:10.1038/s41598-018-29335-4,pmid:30038328,
omid:br/061403781296,doi:10.1016/1011-1344(96)07295-8,pmid:8810533,
omid:br/061101661059,doi:10.1063/1.3008061,pmid:19045850,
omid:br/062101516758,doi:10.1371/journal.pone.0075216,pmid:24130690,
omid:br/06803227781,doi:10.1007/s11095-007-9254-z,pmid:17473959,
omid:br/061203444613,doi:10.1007/s11864-022-01005-8,pmid:35980521,
omid:br/062203961370,doi:10.3390/nano13172489,,
omid:br/062202498505,doi:10.1145/2839462.2856517,,
omid:br/06330521592,doi:10.1103/physrevd.110.073005,,
omid:br/061403842425,doi:10.3390/axioms12060584,,
omid:br/061802850902,doi:10.1097/qad.0b013e3282fd6ddc,pmid:18525257,
omid:br/06320544812,doi:10.1101/2024.06.24.600373,,
omid:br/061803792971,doi:10.3390/ani12101309,pmid:35625155,
omid:br/061903505759,doi:10.1103/physrevlett.85.2410,pmid:10978024,
omid:br/061102103727,doi:10.1136/esmoopen-2020-001021,pmid:33214227,
omid:br/062102789931,doi:10.1007/978-2-8178-0354-8_10,,
omid:br/06601432460,doi:10.1007/bf01924165,pmid:4277074,
omid:br/0690754393,doi:10.1016/j.healun.2006.01.002,pmid:16678037,
omid:br/0610592688,doi:10.1016/j.actbio.2012.02.001,pmid:22326973,
omid:br/061901813508,doi:10.1093/mnras/staa2242,,
omid:br/06290620794,doi:10.1016/j.eti.2024.103917,,
omid:br/06290379941,doi:10.1093/bjr/tqad010,,
omid:br/061801839413,doi:10.1007/s00526-017-1230-9,,
omid:br/0660816993,doi:10.1002/jctb.3896,,
omid:br/06350560686,doi:10.1016/j.bcp.2024.116277,,
omid:br/06170141036,doi:10.1186/1471-2202-7-80,pmid:17147801,
omid:br/06601071161,doi:10.1039/c8nj01483c,,
omid:br/0653012988,doi:10.1038/ki.2010.314,pmid:20811333,
omid:br/061401711605,doi:10.3847/1538-4357/abe1bd,,
omid:br/061801194175,doi:10.1243/14680874jer01207,,
omid:br/061704167242,doi:10.1002/ana.26860,,
omid:br/0660636730,doi:10.3109/02699052.2015.1087593,pmid:26580090,
omid:br/06501952964,doi:10.1109/icpr.2014.256,,
omid:br/06140196594,doi:10.1016/j.asr.2013.07.039,,
omid:br/06110948351,doi:10.1007/s00112-014-3188-4,,
omid:br/062301060474,doi:10.1080/23248823.2016.1156313,,
omid:br/06120101545,doi:10.1002/anie.198903051,,
omid:br/061501477360,doi:10.1021/nl104536x,pmid:21517080,
omid:br/06803536003,doi:10.1038/nn.2894,pmid:21822270,
omid:br/06802200901,doi:10.3390/biom12070914,pmid:35883470,
omid:br/06304752342,doi:10.7769/gesec.v15i8.4060,,
omid:br/062602507264,doi:10.1109/icma.2016.7558649,,
omid:br/06110731863,doi:10.1016/s0277-5387(00)86140-9,,
omid:br/06302310354,doi:10.15452/cejnm.2021.12.0023,,
omid:br/06320582679,doi:10.1016/j.istruc.2024.107197,,
omid:br/062202752098,doi:10.1016/j.rbmo.2017.09.015,pmid:29174167,
omid:br/061801562222,doi:10.1136/dtb.2018.1.0575,pmid:29326277,
omid:br/061601701511,doi:10.31686/ijier.vol9.iss2.2930,,
omid:br/061501296338,doi:10.1086/190357,,
omid:br/061503728081,doi:10.1016/s0169-409x(97)00061-6,pmid:10837580,
omid:br/062301866096,doi:10.1093/brain/118.6.1573,pmid:8595486,
omid:br/0660371020,doi:10.1016/j.resconrec.2017.12.012,,
omid:br/06440155178,doi:10.1002/bem.22446,,
omid:br/061601153167,doi:10.1016/j.jaci.2014.02.023,pmid:24698323,
omid:br/06101624757,doi:10.1016/j.compbiomed.2021.104468,pmid:34015671,
omid:br/06202845362,doi:10.1016/0048-3575(80)90032-2,,
omid:br/061602832538,doi:10.1007/1-4020-2105-4_7,,
omid:br/0660552577,doi:10.3816/clm.2005.n.026,pmid:15989706,
omid:br/06502620667,doi:10.1016/j.foreco.2022.120129,,
omid:br/06404305504,,pmid:7663100,
omid:br/06220851387,doi:10.1080/14622200600672757,pmid:16801300,
omid:br/0690274500,doi:10.1016/j.envexpbot.2021.104741,,
omid:br/06704283972,,,
omid:br/062501438749,doi:10.1007/978-981-16-5461-9_1,,
omid:br/061201178605,doi:10.1166/jnn.2016.10990,pmid:27483760,
omid:br/061201654262,doi:10.1093/hropen/hoy025,pmid:30895265,
omid:br/062503777278,,pmid:10477392,
omid:br/06501766581,doi:10.1021/la00053a008,,
omid:br/06404839089,doi:10.1016/j.cose.2024.104003,,
omid:br/06604132074,doi:10.1016/0092-8674(89)90054-8,pmid:2661017,
omid:br/061901444957,doi:10.1051/apido:2003062,,
omid:br/062503762010,doi:10.1016/s0898-6568(97)00037-5,pmid:9376227,
omid:br/06804726941,doi:10.4253/wjge.v16.i10.545,,
omid:br/061401795524,doi:10.24084/repqj18.ps1,,
omid:br/061301808303,doi:10.1093/mnras/stv610,,
omid:br/06130856651,doi:10.1016/s0959-4388(96)80017-1,pmid:8794047,
omid:br/06190180901,doi:10.1016/j.yexmp.2014.07.008,pmid:25034934,
omid:br/06130517469,doi:10.1063/1.3629772,,
omid:br/062502607133,doi:10.1038/s41598-017-08115-6,pmid:28784999,
omid:br/06503403328,doi:10.1002/9781118524015.ch16,,
omid:br/062301322929,doi:10.1037/hum0000098,,
omid:br/062601328662,doi:10.1038/s41467-020-15116-z,pmid:32170054,
omid:br/061604215762,doi:10.1021/acsaom.3c00226,,
omid:br/06602409517,doi:10.1177/112067210501500130,pmid:15751261,
omid:br/0605121560,doi:10.1016/j.trpro.2024.11.010,,
omid:br/062302745354,doi:10.4049/jimmunol.179.4.2616,pmid:17675525,
omid:br/06230365880,doi:10.1134/s0032945221010173,,
omid:br/061503160930,doi:10.1533/9781845699260.1.70,,
omid:br/0629070273,doi:10.1016/j.ceb.2016.10.003,pmid:27876470,
omid:br/06204781515,doi:10.1093/oso/9780198895206.002.0009,,
omid:br/061103756446,,pmid:28653946,
omid:br/06204123709,,pmid:2790290,
omid:br/061302189566,doi:10.1093/jrr/rrab017,pmid:33855438,
omid:br/061804331533,doi:10.1002/1873-3468.15024,,
omid:br/06290478428,doi:10.1016/j.envres.2024.119512,,
omid:br/06110907964,doi:10.1177/193229681000400316,pmid:20513328,
omid:br/06701500593,doi:10.3758/bf03207201,,
omid:br/062404312694,doi:10.3390/app14188458,,
omid:br/06160330683,doi:10.1002/hed.24824,pmid:28560813,
omid:br/06601264226,doi:10.1111/j.1530-9134.2009.00206.x,,
omid:br/0660762487,doi:10.2147/ndt.s361405,pmid:35547265,
omid:br/061301157080,doi:10.1158/1055-9965.epi-06-0272,pmid:16985038,
omid:br/0650243189,doi:10.1021/jm050610f,pmid:16420046,
omid:br/06601766177,doi:10.1038/sj.dmfr.4600678,pmid:12076060,
omid:br/061502425091,doi:10.1080/09168451.2020.1741337,pmid:32180503,
omid:br/0613094907,doi:10.1091/mbc.e17-06-0374,pmid:29386297,
omid:br/061303744696,doi:10.1016/s0360-3016(01)01767-9,pmid:11728676,
omid:br/06160649141,doi:10.1227/neu.0b013e3182724354,pmid:22986599,
omid:br/06303801652,doi:10.1145/511793.511816,,
omid:br/0650538129,doi:10.1080/13574809.2015.1071653,,
omid:br/06240290282,doi:10.48124/husagbilder.848253,,
omid:br/062303722846,,pmid:11754042,
omid:br/0670662964,doi:10.1088/1674-1056/27/1/010303,,
omid:br/06604374001,doi:10.1021/acs.inorgchem.2c04370,,
omid:br/0690408286,doi:10.1016/s0168-9452(01)00521-0,,
omid:br/061802634110,doi:10.1186/s13071-016-1660-9,pmid:27363842,
omid:br/06120922389,doi:10.1093/narcan/zcac012,pmid:35425901,
omid:br/061403108827,doi:10.1038/nn1102-1103,pmid:12403997,
omid:br/062402737288,doi:10.4049/jimmunol.182.1.477,pmid:19109179,
omid:br/06230443397,doi:10.1517/14740338.2013.793671,pmid:23621381,
omid:br/062102136105,doi:10.1519/jsc.0000000000001720,pmid:28885388,
omid:br/0640718924,doi:10.1016/0040-4020(80)80218-3,,
omid:br/0619088117,doi:10.1016/s0021-9258(18)99620-1,,
omid:br/06210784846,doi:10.1016/j.ijfoodmicro.2022.109712,pmid:35567892,
omid:br/061602633655,doi:10.1111/j.1083-6101.2005.tb00268.x,,
omid:br/06603026826,doi:10.1038/s41598-021-00112-0,pmid:34654819,
omid:br/06601550961,doi:10.1016/j.ahj.2007.09.008,pmid:18082512,
omid:br/06170671149,doi:10.1016/j.ijhydene.2017.11.110,,
omid:br/06903026202,doi:10.1109/iccp.2011.6047889,,
omid:br/062104233507,doi:10.1016/j.coelec.2023.101436,,
omid:br/0625087463,doi:10.1002/clt2.12097,pmid:35070270,
omid:br/06202289533,doi:10.1109/tcbb.2010.13,pmid:21233525,
omid:br/061603271616,doi:10.1016/s1380-7323(01)80014-5,,
omid:br/062503042619,doi:10.1073/pnas.1921649117,pmid:32041867,
omid:br/06520153768,doi:10.1016/j.ejmech.2023.115211,,
omid:br/06250748569,doi:10.1017/s0950268816000583,pmid:27018720,
omid:br/061403053260,doi:10.1016/0926-6917(94)90011-6,pmid:7805784,
omid:br/061304256363,doi:10.1038/s41418-024-01294-6,,
omid:br/06220443577,doi:10.3390/s19122758,pmid:31248200,
omid:br/06130561746,doi:10.1111/aec.12593,,
omid:br/06804200738,,pmid:23145446,
omid:br/06180597953,doi:10.1007/s12020-017-1450-y,pmid:29067607,
omid:br/06901934936,doi:10.1080/15456870.2018.1432222,,
omid:br/06130345683,doi:10.1038/nature11915,pmid:23486060,
omid:br/0690866579,doi:10.1186/s12986-021-00569-w,pmid:33849593,
omid:br/06101087820,doi:10.1023/a:1007879127182,,
omid:br/06130170635,doi:10.1002/eji.200737271,pmid:18200504,
omid:br/061501711303,doi:10.3390/jcm8112011,pmid:31752174,
omid:br/06102783114,doi:10.1007/s40141-019-00255-2,,
omid:br/061502090797,doi:10.1161/jaha.115.001968,pmid:26416875,
omid:br/0640400241,doi:10.1016/j.jhep.2022.02.032,pmid:35367533,
omid:br/061702089408,doi:10.18632/oncotarget.24229,pmid:29568353,
omid:br/0640866629,doi:10.1007/s10653-015-9773-1,pmid:26486131,
omid:br/06604186760,doi:10.1016/s0741-5214(03)00926-1,pmid:14681645,
omid:br/061602137614,doi:10.1016/j.neuropsychologia.2006.01.032,pmid:16527315,
omid:br/06350504190,doi:10.1186/s12916-024-03511-y,,
omid:br/061801466230,doi:10.3109/13651501.2011.590209,pmid:22121997,
omid:br/061903833765,,pmid:10084788,
omid:br/06170334756,doi:10.1016/j.rdc.2005.04.007,pmid:16084315,
omid:br/06504758987,doi:10.5106/jjshns.33.185,,
omid:br/061101191101,doi:10.2340/16501977-1999,pmid:26181910,
omid:br/06240441259,doi:10.3390/s22093439,pmid:35591128,
omid:br/06160983588,doi:10.3174/ajnr.a3347,pmid:23153869,
omid:br/06240114882,doi:10.1016/0960-8966(93)90058-r,pmid:8400859,
omid:br/06110486092,doi:10.1017/s0022377815000458,,
omid:br/0650803885,doi:10.1002/cncr.23995,pmid:19025972,
omid:br/061101933460,doi:10.1142/s0217732397001758,,
omid:br/06250881818,doi:10.1016/s0169-5150(96)01190-5,,
omid:br/06260214627,doi:10.3354/meps07269,,
omid:br/06310552209,doi:10.4081/bollettinosei.2024.83,,
omid:br/06230325688,doi:10.1016/j.biocon.2016.10.007,,
omid:br/061101289343,doi:10.1097/hjh.0000000000001348,pmid:28403041,
omid:br/062202692541,doi:10.1006/bbrc.1997.7791,pmid:9405259,
omid:br/061502445917,doi:10.1016/j.nuclphysb.2012.05.014,,
omid:br/0620735979,doi:10.1007/s13157-017-0913-5,,
omid:br/061701709804,doi:10.1038/jcbfm.2011.146,pmid:21989481,
omid:br/06404729356,doi:10.1002/cplu.202400509,,
omid:br/06202456209,doi:10.1016/j.biopha.2019.108976,pmid:31103827,
omid:br/06804406242,doi:10.3389/fmed.2023.1107128,,
omid:br/06903012718,doi:10.1016/b978-1-4160-3256-4.50064-8,,
omid:br/06230718334,doi:10.1016/j.tet.2007.10.112,,
omid:br/062503437036,doi:10.3390/ijerph191811373,pmid:36141645,
omid:br/0628047151,doi:10.1111/myc.12145,pmid:24125484,
omid:br/06104673182,doi:10.3847/1538-3881/ad1661,,
omid:br/061201503062,doi:10.1021/jz201592v,pmid:26286055,
omid:br/061303814952,doi:10.1007/978-3-540-75863-1_22,,
omid:br/06801839189,doi:10.1017/s1743921308015810,,
omid:br/06203748501,doi:10.1109/tmtt.2014.2309932,,
omid:br/061901264830,doi:10.1007/s12161-022-02329-9,,
omid:br/061502148000,doi:10.1097/jgp.0b013e31823038c6,pmid:21934475,
omid:br/06160643054,doi:10.1097/phm.0000000000001264,pmid:31335341,
omid:br/061303443451,doi:10.1002/cam4.5063,pmid:36016484,
omid:br/061601718234,doi:10.3390/jcm8030312,pmid:30841591,
omid:br/06601541588,doi:10.1021/ja5124013,pmid:25574592,
omid:br/06230764537,doi:10.1016/j.ymssp.2017.05.003,,
omid:br/061202392464,doi:10.1007/s12541-012-0035-1,,
omid:br/06160573706,doi:10.1097/icu.0b013e32833867ad,pmid:20393292,
omid:br/0690339130,doi:10.3109/02652049209021229,,
omid:br/062102379917,doi:10.1093/jjco/hyy165,pmid:30452719,
omid:br/06203995952,doi:10.3978/j.issn.2224-5820.2013.08.02,pmid:25841390,
omid:br/06202370484,doi:10.4000/glottopol.1653,,
omid:br/062401228797,doi:10.1086/505121,pmid:16779737,
omid:br/062601556017,doi:10.1021/ja993663t,,
omid:br/06101803945,doi:10.1103/physreva.94.022337,,
omid:br/061101653184,doi:10.1016/j.jcat.2005.12.014,,
omid:br/06240719849,doi:10.1109/tie.2013.2270216,,
omid:br/06903336632,doi:10.1007/s10867-012-9284-6,pmid:23860833,
omid:br/06901389260,doi:10.1111/j.1471-4159.2006.04440.x,pmid:17459145,
omid:br/061501783816,doi:10.1103/physrevb.94.235405,,
omid:br/06240158875,doi:10.1111/bjc.12188,pmid:29984550,
omid:br/061403290733,doi:10.1097/md.0000000000020715,pmid:32629645,
omid:br/062503528291,doi:10.1007/s12072-022-10441-5,,
omid:br/0604852285,doi:10.2196/preprints.68671,,
omid:br/062102710654,doi:10.1201/b14669,,isbn:9781351236300
omid:br/062601412433,doi:10.4330/wjc.v14.i3.139,pmid:35432775,
omid:br/0680264973,doi:10.1068/a4089,,
omid:br/06901487257,doi:10.1186/s12862-016-0712-2,pmid:27338278,
omid:br/06202253742,doi:10.1590/s0100-879x2005001200001,pmid:16302087,
omid:br/061302784517,doi:10.1016/j.still.2010.10.009,,
omid:br/061301940655,doi:10.1016/j.stemcr.2018.08.019,pmid:30269954,
omid:br/06201424172,doi:10.5966/sctm.2015-0369,pmid:27388241,
omid:br/061103652319,doi:10.1002/1097-0142(19801215)46:12+<2789::aid-cncr2820461409>3.0.co;2-k,pmid:7448722,
omid:br/06603446447,doi:10.1007/978-3-642-03606-4_4,,
omid:br/061101937039,doi:10.1016/0306-2619(88)90002-5,,
omid:br/062201443691,doi:10.1016/j.medj.2022.04.004,pmid:35584645,
omid:br/062102244067,doi:10.1002/cbdv.201500208,pmid:27133399,
omid:br/062103688698,doi:10.1016/0091-6749(72)90027-9,pmid:5076354,
omid:br/06503879192,doi:10.3389/fphar.2022.949312,pmid:36110530,
omid:br/06180660052,doi:10.1016/j.tibs.2008.11.004,pmid:19208481,
omid:br/062301278498,doi:10.1111/j.1525-1314.2011.00944.x,,
omid:br/06240159280,doi:10.1111/j.2044-8260.1984.tb00650.x,pmid:6487860,
omid:br/06440186121,doi:10.1002/9781444306309.ch36,,
omid:br/06150866865,doi:10.1016/j.conb.2006.06.004,pmid:16828279,
omid:br/062402009455,doi:10.3746/pnf.2015.20.1.8,pmid:25866744,
omid:br/061502090512,doi:10.1161/jaha.115.002742,pmid:27126478,
omid:br/061301256464,doi:10.1016/j.toxac.2019.01.005,,
omid:br/0610152223,doi:10.1016/j.dss.2012.01.015,,
omid:br/062401991093,doi:10.1002/ijch.199700030,,
omid:br/0670144273,doi:10.1002/stem.1294,pmid:23193076,
omid:br/06270463045,doi:10.17660/actahortic.2024.1403.42,,
omid:br/06703072212,doi:10.1007/978-3-7091-1766-8_5,,
omid:br/061401478996,doi:10.1111/j.1420-9101.2009.01813.x,pmid:19702888,
omid:br/062301021834,doi:10.1108/13527590410527568,,
omid:br/0605895315,doi:10.21203/rs.3.rs-5111692/v1,,
omid:br/062301071958,doi:10.1111/j.1365-2184.2008.00524.x,pmid:18336472,
omid:br/06802795024,doi:10.1016/j.semcdb.2022.05.004,pmid:35606274,
omid:br/0632025918,doi:10.1111/dmcn.15025,pmid:34415581,
omid:br/0690298320,doi:10.3389/fpsyg.2021.761276,pmid:35002854,
omid:br/0670422472,doi:10.1007/s10530-007-9174-1,,
omid:br/062301709510,doi:10.14214/sf.899,,
omid:br/06450179501,doi:10.1016/j.cjca.2023.01.010,,
omid:br/06160387919,doi:10.1111/tme.12314,pmid:27197689,
omid:br/062501518298,doi:10.1371/journal.pone.0061201,pmid:23637797,
omid:br/06701694052,doi:10.1007/s12599-017-0509-x,,
omid:br/061601043293,doi:10.14723/tmrsj.35.659,,
omid:br/061701136314,doi:10.1111/j.1399-0004.2008.01125.x,pmid:19215248,
omid:br/061203723033,doi:10.1016/s0141-8130(05)80032-7,pmid:1504044,
omid:br/061603828998,doi:10.3390/separations9120428,,
omid:br/0680177246,doi:10.1002/eji.201847580,pmid:30216414,
omid:br/0680615768,doi:10.2478/v10171-012-0005-3,,
omid:br/062302032383,doi:10.1039/d1fo03034e,pmid:34889908,
omid:br/06801445598,doi:10.1002/ange.19770890429,,
omid:br/062102610348,doi:10.1038/s41598-018-35986-0,pmid:30514933,
omid:br/061502431005,doi:10.1111/psyp.12585,pmid:26877131,
omid:br/06501786181,doi:10.1177/00207314211044991,pmid:34617799,
omid:br/061801972058,doi:10.1007/s10940-005-7359-2,,
omid:br/062502616762,doi:10.1002/joa3.12578,pmid:34386113,
omid:br/061303726018,,pmid:8254380,
omid:br/06302114384,doi:10.5772/intechopen.92298,,
omid:br/06230634516,doi:10.1021/jp076386i,pmid:18020443,
omid:br/06901539665,doi:10.1371/journal.pone.0135314,pmid:26285204,
omid:br/06401507023,doi:10.1016/0162-0134(93)80043-9,,
omid:br/06202798205,doi:10.1016/j.jnca.2017.05.012,,
omid:br/06340588371,doi:10.1016/j.schres.2024.03.001,,
omid:br/061501807519,doi:10.1007/s11920-007-0010-1,pmid:17257515,
omid:br/061502256578,doi:10.1097/mib.0b013e3182807618,pmid:23470503,
omid:br/061802161063,doi:10.1016/j.gloplacha.2013.05.013,,
omid:br/061301068583,doi:10.17714/gumusfenbil.729104,,
omid:br/061704256132,doi:10.2139/ssrn.4772117,,
omid:br/0632050130,doi:10.1093/bja/aew105,pmid:27174101,
omid:br/06180918219,doi:10.1093/aje/kwm096,pmid:17526864,
omid:br/0670892938,doi:10.1086/314973,pmid:10479122,
omid:br/06401580462,doi:10.1097/00002826-198503000-00010,pmid:3978654,
omid:br/0610873234,doi:10.1016/j.jneuroim.2017.01.006,pmid:28100408,
omid:br/06301522880,doi:10.1371/journal.pone.0262622,pmid:35390002,
omid:br/06502575233,doi:10.1093/oso/9780198807766.001.0001,,isbn:0198807767
omid:br/06804836989,doi:10.2196/56795,,
omid:br/0650822273,doi:10.4104/pcrj.2011.00031,pmid:21523316,
omid:br/06203130853,doi:10.1007/3-540-44929-9_27,,
omid:br/06402646960,doi:10.4018/978-1-7998-2570-8.ch007,,
omid:br/06801622180,doi:10.4081/ijas.2007.s2.731,,
omid:br/061201483687,doi:10.2202/1932-0183.1057,,
omid:br/0650529778,doi:10.1021/bi00267a037,pmid:7150558,
omid:br/06140909711,doi:10.1016/j.jpsychires.2013.03.022,pmid:23615189,
omid:br/062602200548,doi:10.1002/clc.4960240202,pmid:11214738,
omid:br/06703186046,doi:10.1136/bmj.39511.493391.be,pmid:18369226,
omid:br/061201001128,doi:10.1016/j.intimp.2021.107790,pmid:34162153,
omid:br/0645032309,doi:10.1038/s41398-021-01355-1,pmid:33888683,
omid:br/062301271646,doi:10.1016/j.solener.2021.02.056,,
omid:br/06702473535,doi:10.1021/acs.inorgchem.9b02389,pmid:31674775,
omid:br/06801186867,doi:10.1002/jemt.20716,pmid:19353647,
omid:br/06902734488,doi:10.1007/bf02645495,,
omid:br/06402823894,doi:10.1007/978-3-319-33270-3_3,,
omid:br/061601033512,doi:10.1175/jcli-d-11-00687.1,,
omid:br/06703234099,doi:10.1016/j.physa.2013.11.004,,
omid:br/0645098401,doi:10.1101/2023.09.11.557122,,
omid:br/06803070543,doi:10.1155/2015/840680,pmid:26697248,
omid:br/0630822814,doi:10.1016/j.adolescence.2011.07.005,pmid:22118512,
omid:br/06503459226,doi:10.1017/cbo9780511705953,,isbn:9781108017503
omid:br/06403286287,doi:10.1200/jco.2016.34.15_suppl.tps9591,,
omid:br/062504228898,doi:10.1016/j.prenap.2024.100022,,
omid:br/06603971806,doi:10.1016/j.sciaf.2022.e01414,,
omid:br/06310356193,doi:10.21037/hbsn-23-46,,
omid:br/062203648584,doi:10.1016/0021-9150(78)90171-5,pmid:666888,
omid:br/06503180664,doi:10.1093/carcin/bgt316,pmid:24067903,
omid:br/061703453764,doi:10.1177/09691413221128666,pmid:36164282,
omid:br/06201895131,doi:10.1109/edtm47692.2020.9117826,,
omid:br/062403775064,,pmid:7906302,
omid:br/061202079272,doi:10.5194/npg-18-431-2011,,
omid:br/061902200631,doi:10.1016/j.amjsurg.2017.06.039,pmid:28778314,
omid:br/06130975992,doi:10.1007/s12551-018-0420-9,pmid:29687272,
omid:br/06503817947,doi:10.1201/b13518-27,,
omid:br/061803017182,doi:10.1007/978-3-642-16444-6_64,,
omid:br/062602826416,doi:10.1007/978-3-642-76764-7_21,,
omid:br/061501764074,doi:10.3390/electronics11050769,,
omid:br/061703038498,doi:10.1080/1045988x.2011.539429,,
omid:br/062401147915,doi:10.1017/jfm.2020.339,,
omid:br/06301965866,doi:10.1364/cleo_qels.2013.qf2c.1,,
omid:br/06203425576,doi:10.1029/gm011p0028,,
omid:br/061102454077,doi:10.1016/s0550-3213(99)00673-2,,
omid:br/062202435100,doi:10.1016/0550-3213(94)00448-n,,
omid:br/062402680611,doi:10.1007/978-3-319-02168-3_9,,
omid:br/061802363347,doi:10.1016/b978-0-12-802219-1.00006-7,,
omid:br/06260776856,doi:10.1162/jocn_a_01277,pmid:29762102,
omid:br/062202441881,doi:10.1128/cmr.00072-12,pmid:23824373,
omid:br/06604881606,doi:10.1007/s10943-024-02073-w,,
omid:br/06170793042,doi:10.1016/j.applanim.2005.04.006,,
omid:br/06160600256,doi:10.1016/j.jort.2019.01.002,,
omid:br/061802853321,doi:10.1080/03036758.1985.10421719,,
omid:br/062601875416,doi:10.1186/s13017-022-00431-1,pmid:35619101,
omid:br/06220768675,doi:10.1016/j.inoche.2012.08.020,,
omid:br/062103070084,doi:10.1039/c7cc00781g,pmid:28378859,
omid:br/061904294106,doi:10.1038/s41597-024-03386-x,,
omid:br/06320126226,doi:10.1016/s1452-3981(23)14821-8,,
omid:br/06404839585,doi:10.1080/09500693.2024.2420353,,
omid:br/0660956976,doi:10.1111/j.1467-7687.2009.00817.x,pmid:19702766,
omid:br/06603114867,doi:10.1006/bbrc.2001.5464,pmid:11527377,
omid:br/0670478804,doi:10.1111/j.1469-7793.2000.t01-1-00587.x,pmid:10767137,
omid:br/062104010058,doi:10.7759/cureus.35166,,
omid:br/062603965826,doi:10.14232/ejqtde.2022.1.68,,
omid:br/062502985622,doi:10.1109/icepe-st.2011.6123002,,
omid:br/0645043300,doi:10.1016/j.mathsocsci.2018.11.001,,
omid:br/06180757848,doi:10.1152/ajpregu.1999.276.1.r136,pmid:9887187,
omid:br/0650197736,doi:10.3354/meps162301,,
omid:br/061301813414,doi:10.1080/15228835.2022.2036301,,
omid:br/06130398142,doi:10.1007/s11109-018-9489-x,,
omid:br/06402445312,doi:10.1002/smll.201701989,pmid:28976109,
omid:br/0627011667,doi:10.1002/ijc.31848,pmid:30183083,
omid:br/061802442829,doi:10.1111/sdi.12131,pmid:24112631,
omid:br/062401928911,doi:10.3390/su13094609,,
omid:br/061402216071,doi:10.4324/9781315713526,,isbn:9781317498261
omid:br/061402821601,doi:10.1002/adfm.202102868,,
omid:br/061502065985,doi:10.1103/physrevlett.112.066802,pmid:24580701,
omid:br/061901499594,doi:10.1007/s40139-015-0080-4,pmid:28690924,
omid:br/062403520187,doi:10.1016/j.media.2022.102681,,
omid:br/06404108414,,pmid:7761584,
omid:br/062602245182,doi:10.2147/jaa.s329347,pmid:34785908,
omid:br/06201804770,doi:10.1371/journal.pgen.1005804,pmid:26836320,
omid:br/06260213176,doi:10.1007/s00432-014-1787-z,pmid:25081930,
omid:br/061402386079,doi:10.1007/174_2017_25,,
omid:br/06204712628,doi:10.1038/s41416-024-02764-x,,
omid:br/06104381989,doi:10.3390/ijms232315052,,
omid:br/062402985004,doi:10.1101/2021.05.22.21257585,,
omid:br/062502167656,doi:10.1002/clc.22556,pmid:27249221,
omid:br/061901420797,doi:10.3390/molecules26092605,pmid:33946965,
omid:br/062601411763,doi:10.21300/20.1-2.2018.75,pmid:31788157,
omid:br/06170416715,doi:10.1007/s10544-009-9349-x,pmid:19731039,
omid:br/061801799338,doi:10.1038/mt.2016.119,pmid:27434591,
omid:br/06530128956,doi:10.1007/s10120-023-01413-1,,
omid:br/062101758561,doi:10.5194/acp-13-11423-2013,,
omid:br/0690928533,doi:10.1016/s0022-4049(01)00032-9,,
omid:br/061601433216,doi:10.1103/physrevd.79.074026,,
omid:br/06150554617,doi:10.1093/bmb/62.1.163,pmid:12176858,
omid:br/06603937400,doi:10.1016/j.jpainsymman.2022.10.014,,
omid:br/0660652285,doi:10.1007/s13399-020-00654-9,,
omid:br/062602801164,doi:10.1039/c6an01398h,pmid:27529158,
omid:br/062101126926,doi:10.1097/grf.0000000000000258,pmid:28059843,
omid:br/06902190717,doi:10.1007/s12671-021-01709-2,,
omid:br/06240383927,doi:10.1016/j.cemconcomp.2018.06.013,,
omid:br/062402397761,doi:10.1016/j.ijantimicag.2005.08.011,pmid:16221540,
omid:br/0631076066,doi:10.3389/fphar.2023.1208621,,
omid:br/061402061165,doi:10.18632/oncotarget.27631,pmid:32577168,
omid:br/062302652305,doi:10.1093/omcr/omaa146,pmid:33732475,
omid:br/062201564027,doi:10.1016/j.cvsm.2007.03.008,pmid:17619010,
omid:br/06702490449,doi:10.1056/nejm198312013092209,pmid:6633601,
omid:br/06303216734,doi:10.1002/elps.201500491,pmid:26853435,
omid:br/062601615229,doi:10.1007/s00604-019-3462-1,pmid:31104104,
omid:br/06140252699,doi:10.2166/wst.2012.504,pmid:23109586,
omid:br/062101704359,doi:10.3390/agriculture10120615,,
omid:br/06302786294,doi:10.1016/j.eurpsy.2017.02.485,pmid:28535406,
omid:br/0644044970,doi:10.1016/j.bios.2017.02.014,pmid:28213328,
omid:br/06603475474,doi:10.1073/pnas.88.14.6239,pmid:1712485,
omid:br/06102277695,doi:10.1080/1389224x.2021.1953550,,
omid:br/06102478584,doi:10.18632/oncotarget.15157,pmid:28187430,
omid:br/06703351565,doi:10.1002/9781118704509.ch11,,
omid:br/06210957523,doi:10.3181/00379727-142-36961,pmid:4734212,
omid:br/061301842769,doi:10.1021/jp0725477,pmid:17715902,
omid:br/06601070421,doi:10.1614/ws-09-010.1,,
omid:br/06120162948,doi:10.1021/ef200770f,,
omid:br/06190552827,doi:10.14503/thij-13-3961,pmid:25873834,
omid:br/0640787321,doi:10.1002/ddr.430190303,,
omid:br/061803455281,doi:10.1186/s40494-022-00781-8,,
omid:br/062102611959,doi:10.1038/srep34203,pmid:27680950,
omid:br/06203783211,doi:10.1117/12.230107,,
omid:br/06503122124,doi:10.1016/j.bbrc.2003.09.003,pmid:14511676,
omid:br/06250961056,doi:10.1039/c9ra10689h,pmid:35494435,
omid:br/062203096844,doi:10.1097/id.0000000000000793,pmid:29958186,
omid:br/061604291454,doi:10.14710/jplp.6.2.82-91,,
omid:br/06901377194,doi:10.1016/0014-5793(84)81090-x,,
omid:br/06601527056,doi:10.1371/journal.pone.0139657,pmid:26436418,
omid:br/06250866626,doi:10.1016/j.cllc.2021.02.006,pmid:33745863,
omid:br/06140449430,doi:10.1080/17544750.2022.2058573,,
omid:br/061103697732,,pmid:9717521,
omid:br/06902651836,doi:10.1016/s0375-9474(98)00594-6,,
omid:br/06240856569,doi:10.1063/1.2355553,,
omid:br/06110577426,doi:10.1097/bor.0b013e328333b9f5,pmid:19910794,
omid:br/06140996074,doi:10.1002/andp.202100038,,
omid:br/062501250546,doi:10.36011/cpp.2021.3.e12,,
omid:br/06280564323,doi:10.3389/fhort.2024.1383013,,
omid:br/06903056877,doi:10.1007/978-1-60761-765-5_24,pmid:20734273,
omid:br/061203423171,doi:10.1109/sciot50840.2020.9250207,,
omid:br/061402195043,doi:10.1080/02770903.2021.1879130,pmid:33492196,
omid:br/062403753146,,pmid:4072614,
omid:br/061501735375,doi:10.1186/1477-3155-10-2,pmid:22221539,
omid:br/06301589392,doi:10.1093/jncics/pky077,pmid:30734025,
omid:br/0610301562,doi:10.3389/fpls.2014.00100,pmid:24711810,
omid:br/06203756666,doi:10.1007/s00394-012-0337-1,pmid:22406906,
omid:br/06110483903,doi:10.1088/0022-3727/38/13/002,,
omid:br/062102007732,doi:10.1002/chem.201204314,pmid:23460474,
omid:br/06390136370,doi:10.3390/coatings12121871,,
omid:br/0630515050,doi:10.1523/jneurosci.3796-13.2014,pmid:24790197,
omid:br/0660550173,doi:10.1046/j.1365-2672.2003.01969.x,pmid:12859753,
omid:br/062401771249,doi:10.1182/blood-2003-06-1881,pmid:14630820,
omid:br/065054937,doi:10.1007/978-3-642-61623-5,,isbn:9783642616235
omid:br/06250516773,doi:10.1111/j.1365-2125.2008.03304.x,pmid:19133060,
omid:br/061501483169,doi:10.1016/j.msard.2020.101958,pmid:32014809,
omid:br/06602995490,doi:10.1007/bf03055118,,
omid:br/06503767707,doi:10.1016/j.sajb.2021.10.015,,
omid:br/06304270526,,pmid:23945885,
omid:br/061702205993,doi:10.1176/appi.psychotherapy.2002.56.2.244,pmid:12125301,
omid:br/06110938023,doi:10.1134/s0021364013110076,,
omid:br/061303420051,doi:10.1053/jada.2003.50081,pmid:12669012,
omid:br/06204365609,doi:10.3390/ijms24032877,,
omid:br/0650330056,doi:10.1108/imr-12-2021-0381,,
omid:br/061701161905,doi:10.1597/1545-1569_2001_038_0147_saftto_2.0.co_2,pmid:11294542,
omid:br/06470162340,doi:10.2139/ssrn.4524595,,
omid:br/06101321260,doi:10.1075/babel.00030.lee,,
omid:br/061902083612,doi:10.18510/hssr.2021.9325,,
omid:br/06130677623,doi:10.1016/j.yhbeh.2019.06.005,pmid:31220462,
omid:br/062601757743,doi:10.1111/j.1440-1673.1992.tb03208.x,pmid:1299191,
omid:br/0650518398,doi:10.1016/0306-4573(85)90108-6,,
omid:br/06160114743,doi:10.1016/j.biortech.2013.03.019,pmid:23567708,
omid:br/0610646565,doi:10.1126/sciadv.aao1167,pmid:30009255,
omid:br/062101022379,doi:10.1530/eje-13-0566,pmid:24225029,
omid:br/0660930143,doi:10.1111/j.1572-0241.1998.236_a.x,pmid:9625139,
omid:br/06803557700,doi:10.1109/aspdac.2011.5722258,,
omid:br/06902146294,doi:10.1212/wnl.0b013e3182a95829,pmid:24068782,
omid:br/06301890522,doi:10.1017/9781316658680.005,,
omid:br/0660931325,doi:10.1016/s0002-9343(00)00712-9,pmid:11182101,
omid:br/06202341147,doi:10.1136/bmjopen-2018-023318,pmid:31604781,
omid:br/06802126627,doi:10.53097/jmv.10025,,
omid:br/061502101508,doi:10.1016/j.toxrep.2021.04.012,pmid:34094882,
omid:br/06904308242,doi:10.1089/soro.2023.0068,,
omid:br/061402620176,doi:10.1177/1756284820942616,pmid:33149761,
omid:br/061502793790,doi:10.4135/9781452205540,,isbn:9781452205540
omid:br/06303033037,doi:10.1038/s41598-017-03344-1,pmid:28642464,
omid:br/06803236620,doi:10.1159/000083561,pmid:15812216,
omid:br/06260420753,doi:10.1094/pdis-11-15-1349-re,pmid:30686209,
omid:br/0610254337,doi:10.1016/j.molstruc.2013.01.040,,
omid:br/062304373114,doi:10.1007/s13353-024-00889-6,,
omid:br/061101798887,doi:10.1016/0006-8993(86)91472-1,pmid:3708354,
omid:br/061204112322,doi:10.3390/ani14050681,,
omid:br/061102615586,doi:10.1002/adma.201200626,pmid:22438135,
omid:br/06502203267,doi:10.1007/978-3-030-71165-8_10,,
omid:br/0642068160,doi:10.1016/j.rmed.2010.06.008,pmid:20594817,
omid:br/06202619860,doi:10.3390/nu11081792,pmid:31382524,
omid:br/06902200035,doi:10.23888/pavlovj2018264474-483,,
omid:br/061701905075,doi:10.1016/j.jece.2015.07.007,,
omid:br/061903367534,doi:10.1109/iceca49313.2020.9297390,,
omid:br/06802406196,doi:10.1007/s11783-021-1420-8,pmid:33842019,
omid:br/0628062285,doi:10.1515/cclm-2021-1331,pmid:35166088,
omid:br/06301378543,doi:10.1046/j.1471-4159.1998.70031035.x,pmid:9489723,
omid:br/062301657403,doi:10.1002/acr.22819,pmid:26663624,
omid:br/06220567640,doi:10.1093/bioinformatics/bti014,pmid:15353451,
omid:br/06303063603,doi:10.1007/bf00041151,,
omid:br/061503191431,doi:10.1201/9781420005325.ch10,,
omid:br/0640169979,doi:10.1161/01.str.0000202678.86234.84,pmid:16456124,
omid:br/0650625027,doi:10.1002/cne.10690,pmid:12746861,
omid:br/0647025126,doi:10.1378/chest.94.1.138,pmid:3383624,
omid:br/062502674528,doi:10.1021/am100005x,pmid:20356265,
omid:br/0606173454,doi:10.1021/acs.molpharmaceut.4c01211,,
omid:br/0610684994,doi:10.1001/archopht.1940.00870060179011,,
omid:br/06703014983,doi:10.1002/cam4.2806,pmid:32022459,
omid:br/061502601561,doi:10.1007/978-3-319-23865-4_15,,
omid:br/061802860349,doi:10.1200/jco.2007.12.0170,pmid:17925552,
omid:br/062303143681,doi:10.1109/isqed.2011.5770788,,
omid:br/06401623445,doi:10.3402/nano.v2i0.5983,pmid:22110873,
omid:br/061602040964,doi:10.1007/s40291-020-00486-3,pmid:32710269,
omid:br/06160606721,doi:10.1111/j.1574-6968.1987.tb02524.x,,
omid:br/062601130381,doi:10.1128/jvi.77.7.3939-3949.2003,pmid:12634354,
omid:br/06140407571,doi:10.1155/2017/1852517,pmid:29089667,
omid:br/06360153134,doi:10.3389/feduc.2022.1022888,,
omid:br/062202395729,doi:10.1016/j.jhazmat.2009.02.128,pmid:19345488,
omid:br/06803552723,doi:10.1002/btpr.727,pmid:22012940,
omid:br/0680361836,doi:10.1038/nature02746,pmid:15241415,
omid:br/0645011848,doi:10.1002/1097-0215(20000901)87:5<724::aid-ijc15>3.0.co;2-n,,
omid:br/061303841704,doi:10.1007/978-3-031-16879-6_22,,
omid:br/061701294568,doi:10.3847/1538-4365/ab1f72,,
omid:br/062203440060,doi:10.15240/tul/001/2022-3-005,,
omid:br/06220864580,doi:10.1017/s0007114511006027,pmid:22068016,
omid:br/06403649070,doi:10.1101/2021.02.26.433067,,
omid:br/06290150786,doi:10.4049/jimmunol.2200389,,
omid:br/06160338250,doi:10.1016/j.hoc.2015.01.007,pmid:26043390,
omid:br/0651062147,doi:10.1055/a-0640-2392,pmid:29969801,
omid:br/062202679115,doi:10.1021/am3031745,pmid:23510512,
omid:br/06190620250,doi:10.1172/jci110691,pmid:7130393,
omid:br/06504100975,doi:10.1038/355404a0,pmid:1734279,
omid:br/06603037047,doi:10.1109/tmech.2014.2356138,,
omid:br/06240654191,doi:10.1016/j.ijrobp.2019.02.029,pmid:30967222,
omid:br/061201773978,doi:10.1103/physrevb.105.l121404,,
omid:br/06402289623,doi:10.1016/s2213-2600(19)30090-6,pmid:31080129,
omid:br/062403802585,,pmid:8645152,
omid:br/06702321381,doi:10.1038/labinvest.3780023,pmid:10701689,
omid:br/062303055744,doi:10.1073/pnas.1432104100,pmid:12821781,
omid:br/06230572464,doi:10.1103/physrevd.96.034013,,
omid:br/061301147333,doi:10.1289/ehp.00108s5785,pmid:11035983,
omid:br/062601581303,doi:10.3389/fphys.2021.709844,pmid:34512384,
omid:br/062203688056,,pmid:8047981,
omid:br/062603788078,,pmid:15973948,
omid:br/062602359917,doi:10.1109/iccw.2018.8403685,,
omid:br/061901526536,doi:10.1371/journal.pone.0077464,pmid:24204836,
omid:br/062102685462,doi:10.1007/pl00012318,,
omid:br/06901710088,doi:10.1007/s00595-017-1476-z,pmid:28247107,
omid:br/062301000705,doi:10.1093/ije/31.1.107,pmid:11914304,
omid:br/0680914620,doi:10.3390/pathogens10050602,pmid:34069100,
omid:br/06240288846,doi:10.3389/fpls.2016.01630,pmid:27891133,
omid:br/062202617879,doi:10.1214/18-ejp225,,
omid:br/06601141251,doi:10.1373/clinchem.2005.062463,pmid:16423904,
omid:br/06204187260,,pmid:15455586,
omid:br/061903687108,doi:10.1016/0031-9384(91)90590-k,pmid:1798782,
omid:br/061502613133,doi:10.1007/978-3-319-22330-8_7,,
omid:br/062202850597,doi:10.1007/s00247-020-04660-x,pmid:32248272,
omid:br/061801809032,doi:10.1093/mnras/staa2764,,
omid:br/06104370301,doi:10.1021/acs.jpcc.3c02484,,
omid:br/0640504930,doi:10.1007/bf02370388,,
omid:br/06240170848,doi:10.1021/pr3010106,pmid:23240862,
omid:br/06220288052,doi:10.3389/fimmu.2019.03086,pmid:32038630,
omid:br/06601119559,doi:10.1111/j.1463-1326.2010.01254.x,pmid:20920044,
omid:br/06210400358,doi:10.1080/01904167.2013.837177,,
omid:br/06120551524,doi:10.1016/j.renene.2017.09.033,,
omid:br/06801426990,doi:10.1007/s00018-008-8103-5,pmid:18516495,
omid:br/062502693089,doi:10.2174/1874210620150609e005,pmid:26473023,
omid:br/062102623876,doi:10.1016/j.nuclphysa.2006.06.033,,
omid:br/061602035629,doi:10.1007/s12035-013-8405-y,pmid:23329344,
omid:br/06180567842,doi:10.1103/physreve.93.022135,pmid:26986316,
omid:br/062303316903,doi:10.1194/jlr.p040360,pmid:23964121,
omid:br/0670757311,doi:10.2147/ndt.s120843,pmid:28096678,
omid:br/062301618593,doi:10.1080/03007995.2021.1992371,pmid:34726112,
omid:br/062502509426,doi:10.11606/d.41.2010.tde-02102010-234638,,
omid:br/062601672894,doi:10.23736/s0021-9509.17.08303-3,pmid:25331010,
omid:br/06170456771,doi:10.1186/1471-2466-14-12,pmid:24491137,
omid:br/061902980201,doi:10.1007/978-94-007-1333-8_84,,
omid:br/061402577434,doi:10.1007/978-1-349-11185-5,,isbn:9781349111879
omid:br/06202144679,doi:10.1016/j.engappai.2015.08.012,,
omid:br/061701328388,doi:10.4161/rna.28985,pmid:24823351,
omid:br/06402571893,doi:10.1007/s12144-020-01132-1,pmid:33106742,
omid:br/061401712935,doi:10.1086/527044,,
omid:br/06602508008,doi:10.1056/nejmc2001899,pmid:32069388,
omid:br/061104463969,doi:10.1016/j.procs.2024.09.603,,
omid:br/06203078097,doi:10.1088/0957-0233/18/8/016,,
omid:br/062303963499,doi:10.7566/jpsj.92.121008,,
omid:br/0660695511,doi:10.1109/jproc.2015.2512235,,
omid:br/06270133330,doi:10.1002/9783527613700.ch08,,
omid:br/06110223441,doi:10.1002/cyto.a.20231,pmid:16496377,
omid:br/06120608680,doi:10.1136/jcp.51.3.255,pmid:9659275,
omid:br/06801442967,doi:10.1016/j.entcs.2006.01.022,,
omid:br/061804225072,doi:10.2460/javma.1996.209.04.772,,
omid:br/06120134867,doi:10.1016/j.colsurfb.2022.112331,pmid:35038656,
omid:br/062303089803,doi:10.1038/s41430-018-0373-x,pmid:30683894,
omid:br/06202424208,doi:10.1001/archneurol.2011.845,pmid:22232206,
omid:br/06503950653,doi:10.1111/jzo.13023,,
omid:br/0690845417,doi:10.1016/j.oret.2020.06.012,pmid:32562884,
omid:br/061902459038,doi:10.1016/j.chemosphere.2022.133579,pmid:35026196,
omid:br/061803704426,doi:10.1016/0094-5765(91)90134-q,pmid:11537142,
omid:br/06301667705,doi:10.3389/fpubh.2022.744685,pmid:35299697,
omid:br/06280549774,doi:10.1007/7854_2024_548,,
omid:br/062102608206,doi:10.1038/s41598-021-85491-0,pmid:33737571,
omid:br/06120618665,doi:10.1103/physrevb.74.014202,,
omid:br/06230746513,doi:10.1055/s-0034-1385133,pmid:25198088,
omid:br/061702020512,doi:10.1002/chem.201404766,pmid:25346030,
omid:br/06210600229,doi:10.1016/j.nicl.2018.101650,pmid:30611742,
omid:br/06801548244,doi:10.1111/jgs.16329,pmid:31958154,
omid:br/0670881334,doi:10.4239/wjd.v6.i13.1246,pmid:26468341,
omid:br/062601148401,doi:10.1161/circresaha.107.162800,pmid:18096818,
omid:br/0647021472,doi:10.3987/com-21-14602,,
omid:br/0630945837,doi:10.1021/jf8014552,pmid:18729462,
omid:br/06170517532,doi:10.1016/j.mehy.2007.06.020,pmid:17689879,
omid:br/06204671554,doi:10.1016/j.trac.2023.117433,,
omid:br/061901742805,doi:10.1016/s0735-1097(16)31819-8,,
omid:br/06701823221,doi:10.1088/1126-6708/2003/04/036,,
omid:br/062404349268,doi:10.1111/bph.17391,,
omid:br/061702620094,doi:10.1038/s41598-019-39089-2,pmid:30804370,
omid:br/06190500194,doi:10.1016/j.physbeh.2009.01.005,pmid:19385023,
omid:br/061101433237,doi:10.1103/physrevd.83.034035,,
omid:br/06190397846,doi:10.1111/j.1468-1331.2007.01655.x,pmid:17718681,
omid:br/061904408093,doi:10.3389/fneur.2024.1441116,,
omid:br/06160674606,doi:10.1093/schbul/16.2.185,pmid:2197713,
omid:br/06170704269,doi:10.3390/cancers13112621,pmid:34073538,
omid:br/061602624340,doi:10.1038/s41598-019-40548-z,pmid:30858456,
omid:br/061802153478,doi:10.1016/j.egypro.2011.03.377,,
omid:br/061803499992,doi:10.1126/science.291.5506.1153,,
omid:br/06401638060,doi:10.21873/cgp.20269,pmid:33994365,
omid:br/062502142707,doi:10.1007/s11357-020-00251-8,pmid:32812100,
omid:br/062301999177,doi:10.1007/978-3-030-42998-0_9,,
omid:br/06110327379,doi:10.1016/j.biopsych.2012.09.007,pmid:23062357,
omid:br/06204712591,doi:10.1038/s41416-024-02893-3,,
omid:br/06702615257,doi:10.1158/1078-0432.ccr-06-1922,pmid:17255309,
omid:br/061901327389,doi:10.1007/s10870-011-0164-x,,
omid:br/062303775296,,pmid:29084700,
omid:br/061604254547,doi:10.1016/j.jafr.2024.101418,,
omid:br/062101844813,doi:10.3390/horticulturae7060133,,
omid:br/06903382182,doi:10.1117/12.621888,,
omid:br/06501420138,doi:10.1016/j.archger.2016.04.014,pmid:27174126,
omid:br/061702696630,doi:10.1023/a:1021611430052,pmid:12512934,
omid:br/06704612075,doi:10.14288/1.0085080,,
omid:br/06602915420,doi:10.1109/glocom.2014.7417339,,
omid:br/06140966653,doi:10.1039/c5ra02712h,,
omid:br/061101049957,doi:10.1021/ma100535h,,
omid:br/061503703901,doi:10.1016/s0092-8674(03)00075-8,pmid:12581528,
omid:br/061602678299,doi:10.1002/cphc.200800587,pmid:19006163,
omid:br/06170719944,doi:10.1016/j.tet.2011.10.091,,
omid:br/0680288723,doi:10.1029/2012je004074,,
omid:br/062201094916,doi:10.1142/s0219498817500499,,
omid:br/06402575489,doi:10.1177/2325967120988158,pmid:33763497,
omid:br/061702882815,doi:10.3390/f9040215,,
omid:br/06101471464,doi:10.1016/s0042-6989(01)00174-2,pmid:11704241,
omid:br/061601100236,doi:10.1517/17425255.2015.1085022,pmid:26329812,
omid:br/06302729045,doi:10.1016/b978-0-12-803724-9.00007-7,,
omid:br/06203189687,doi:10.1007/s00296-018-4202-2,pmid:30413925,
omid:br/062503467567,doi:10.1007/978-3-031-14009-9_8,,
omid:br/061802125881,doi:10.1111/j.1469-8137.2004.01041.x,,
omid:br/0625048181,doi:10.1007/978-1-349-23426-4,,isbn:9781349234264
omid:br/061601030745,doi:10.1016/j.apm.2019.06.022,,
omid:br/062604359320,doi:10.1016/j.mcpdig.2024.03.009,,
omid:br/061704121127,doi:10.1016/b978-0-443-21911-5.00011-8,,
omid:br/0633056945,doi:10.1063/1.4978071,,
omid:br/06402314682,doi:10.1142/s0217732313400208,,
omid:br/06204371460,doi:10.1007/978-981-19-6383-4_6,,
omid:br/06150315105,doi:10.1016/j.pcd.2021.11.006,pmid:34953749,
omid:br/061403668568,,pmid:470883,
omid:br/06420895,doi:10.1097/00075200-199903000-00015,,
omid:br/06230249515,doi:10.1021/jm501690r,pmid:25915162,
omid:br/06802111092,doi:10.1101/2020.05.14.096230,,
omid:br/06110795180,doi:10.1016/j.neulet.2013.03.017,pmid:23523649,
omid:br/062402369783,doi:10.1016/j.burns.2004.12.009,pmid:15993301,
omid:br/0605386916,doi:10.1176/appi.books.9781615378869.lg12,,
omid:br/06802463766,doi:10.18632/oncotarget.8051,pmid:26993768,
omid:br/0604897034,doi:10.3390/catal15010013,,
omid:br/06601840110,doi:10.1080/17440572.2011.616048,,
omid:br/061602042169,doi:10.1016/s1134-2072(08)70754-0,,
omid:br/0640485879,doi:10.1126/science.abl8912,pmid:34672695,
omid:br/061301807782,doi:10.1093/mnras/stab3610,,
omid:br/06160607847,doi:10.1097/moh.0000000000000250,pmid:27213498,
omid:br/062302384057,doi:10.1139/g96-046,pmid:18469899,
omid:br/0650657478,doi:10.1007/bf00419937,pmid:1702981,
omid:br/061703762889,,pmid:7586797,
omid:br/06502622871,doi:10.1530/ec-19-0555,pmid:31967969,
omid:br/061404265804,doi:10.1021/acssuschemeng.4c02041,,
omid:br/062401980454,doi:10.1016/j.ejmg.2017.07.015,pmid:28778789,
omid:br/06801044289,doi:10.1093/bib/bbt016,pmid:23515468,
omid:br/062303089743,doi:10.1038/s41430-019-0455-4,pmid:31235954,
omid:br/061901493555,doi:10.1016/j.neuro.2008.12.008,pmid:19150460,
omid:br/062602046087,doi:10.1002/acs.2291,,
omid:br/061501914822,doi:10.1371/journal.pbio.1000047,pmid:19260762,
omid:br/061604109526,doi:10.21203/rs.3.rs-3901509/v1,,
omid:br/062103969325,doi:10.1186/s12887-023-04294-6,,
omid:br/062402605037,doi:10.1038/s41598-018-32624-7,pmid:30254312,
omid:br/061103270168,doi:10.1109/ciss.2007.4298441,,
omid:br/062503779349,,pmid:19649234,
omid:br/062501633264,doi:10.21203/rs.2.9769/v2,pmid:31234773,
omid:br/0620157491,doi:10.1016/j.irle.2014.04.001,,
omid:br/061103681965,doi:10.1016/s0022-1759(01)00302-7,pmid:11251218,
omid:br/061503657983,,pmid:2434509,
omid:br/061803457496,doi:10.1007/s40831-022-00587-9,,
omid:br/06702530972,doi:10.1007/978-3-030-01692-0_1,,
omid:br/06330600526,doi:10.3390/ijms25147984,,
omid:br/06901990260,doi:10.1080/07315724.2003.10719287,pmid:12672710,
omid:br/062402400978,doi:10.1007/978-1-4939-6788-9_20,pmid:28155161,
omid:br/062402190114,doi:10.1097/maj.0b013e31828aab45,pmid:23644407,
omid:br/062402089279,doi:10.1097/ccm.0b013e318194de98,pmid:19325376,
omid:br/06120102690,doi:10.1111/j.1365-3083.1993.tb02594.x,pmid:8235452,
omid:br/06170312747,doi:10.2217/bmm-2019-0470,pmid:32125176,
omid:br/0632052160,doi:10.1136/bjophthalmol-2019-315189,pmid:31662311,
omid:br/0670881029,doi:10.4239/wjd.v11.i12.622,pmid:33384769,
omid:br/061602864752,doi:10.1097/01.aids.0000432458.98851.c1,pmid:23842127,
omid:br/06230336973,doi:10.1089/hum.2010.047,pmid:20604683,
omid:br/06150169325,doi:10.1158/1535-7163.mct-07-2072,pmid:18413807,
omid:br/0640360204,doi:10.1038/293302a0,pmid:7196996,
omid:br/06130140951,doi:10.1111/wrr.12185,pmid:25041618,
omid:br/06170225748,doi:10.1128/iai.00656-06,pmid:17353289,
omid:br/06603339045,doi:10.1109/ipdpsw.2013.22,,
omid:br/061504224229,doi:10.1051/0004-6361/202245680,,
omid:br/061701865121,doi:10.1108/srj-07-2017-0127,,
omid:br/061802818509,doi:10.1358/mf.2007.29.9.1161005,pmid:18193110,
omid:br/06701756213,doi:10.1016/j.landusepol.2006.01.004,,
omid:br/06301472025,doi:10.1002/pmrj.12165,pmid:30957399,
omid:br/0670329360,doi:10.1016/j.econmod.2022.105781,,
omid:br/0603955418,,pmid:19666248,
omid:br/0640117038,doi:10.1007/s11695-018-3225-9,pmid:29754386,
omid:br/06230760088,doi:10.1152/ajpheart.00576.2007,pmid:17704292,
omid:br/06240384383,doi:10.1515/hsz-2021-0212,pmid:34085493,
omid:br/061501438607,doi:10.1007/s10518-014-9632-y,,
omid:br/0614063759,doi:10.1017/s1355617706061042,pmid:17064449,
omid:br/0630365455,doi:10.1016/j.cattod.2022.03.006,,
omid:br/062202582317,doi:10.3168/jds.2007-0331,pmid:18024766,
omid:br/061501981097,doi:10.1177/02676591211037025,pmid:34405746,
omid:br/0647057061,doi:10.1063/1.1766093,,
omid:br/06601961262,doi:10.1002/9780470504451.ch29,,
omid:br/06203485370,doi:10.1137/0513051,,
omid:br/0640872206,doi:10.1111/bjd.13698,pmid:25641160,
omid:br/061804401538,doi:10.3390/jcm13092645,,
omid:br/061202808472,doi:10.1029/92gl01620,,
omid:br/06110311627,doi:10.2139/ssrn.2810761,,
omid:br/0650544277,doi:10.1080/21568316.2019.1667861,,
omid:br/0670759548,doi:10.1152/ajpheart.1986.250.1.h82,pmid:3942241,
omid:br/061502645958,doi:10.1186/s13071-021-04626-4,pmid:33722267,
omid:br/06401028888,doi:10.1023/a:1018443912945,,
omid:br/0670897323,doi:10.1152/ajpgi.2001.281.6.g1378,pmid:11705742,
omid:br/06110961867,doi:10.1111/acps.12724,pmid:28369737,
omid:br/061201897309,doi:10.1007/s12564-010-9096-y,,
omid:br/06902570930,doi:10.1021/bk-2014-1186.ch005,,
omid:br/06180682587,doi:10.1086/344664,,
omid:br/061601687457,doi:10.1016/s0016-7037(00)00546-9,,
omid:br/06804125479,,pmid:11687546,
omid:br/061203082275,doi:10.1007/978-90-481-2552-4_4,,
omid:br/061803957663,doi:10.1038/s42003-023-04625-4,,
omid:br/06220756152,doi:10.1152/ajpheart.00495.2009,pmid:19897714,
omid:br/06801668727,doi:10.1177/0898264313498417,pmid:23965309,
omid:br/0646071563,doi:10.1051/e3sconf/202341501022,,
omid:br/062401075568,doi:10.4161/cc.6.1.3668,pmid:17245122,
omid:br/0630513630,doi:10.1080/02705060.2015.1016462,,
omid:br/06260630013,doi:10.1016/s0021-9673(02)01501-7,pmid:12498271,
omid:br/061801183100,doi:10.1177/1099800415589785,pmid:26015072,
omid:br/061101628701,doi:10.1007/s15010-002-3052-7,pmid:12236566,
omid:br/062203015425,doi:10.1007/978-90-481-9806-1_2,,
omid:br/06220538020,doi:10.1007/s11101-014-9341-9,,
omid:br/06103540041,doi:10.1046/j.1365-2036.2002.01183.x,pmid:11876702,
omid:br/062201596974,doi:10.1016/j.advms.2020.12.004,pmid:33387942,
omid:br/06902394576,doi:10.1109/intmag.2017.8007831,,
omid:br/06801259985,doi:10.1016/j.cbpb.2004.01.008,,
omid:br/062502278066,doi:10.1109/compel.2019.8769680,,
omid:br/06120794074,doi:10.1071/bi9810577,pmid:7340770,
omid:br/06302590594,doi:10.1016/j.jenvrad.2022.106870,pmid:35358916,
omid:br/061601231657,doi:10.1007/s00418-012-1008-2,pmid:22878526,
omid:br/06150212181,doi:10.1016/j.jastp.2020.105348,,
omid:br/06901071524,doi:10.20854/bujse.874593,,
omid:br/06102607255,doi:10.1007/s00300-010-0853-5,,
omid:br/06390150274,doi:10.1007/jhep12(2022)065,,
omid:br/061903455419,doi:10.1016/j.oraloncology.2022.106097,pmid:36126603,
omid:br/06301351247,doi:10.1007/s00767-021-00489-9,,
omid:br/06102137422,doi:10.4103/2045-8932.87301,pmid:22140625,
omid:br/06320371590,doi:10.1177/09596836231211848,,
omid:br/06504695107,doi:10.3389/fnagi.2024.1503806,,
omid:br/06301070427,doi:10.1039/c9nj03450a,,
omid:br/06302117460,doi:10.15698/mic2021.05.748,pmid:33981761,
omid:br/06402596796,doi:10.1179/joc.2011.23.4.232,pmid:21803702,
omid:br/0642078960,doi:10.1038/s44160-023-00399-z,,
omid:br/0644063045,doi:10.1007/s00217-017-3021-0,,
omid:br/061101645920,doi:10.1038/nrmicro930,pmid:15197395,
omid:br/062503819017,,pmid:17518766,
omid:br/06702996606,doi:10.3390/ani12060687,pmid:35327084,
omid:br/0630701665,doi:10.1177/03000605211032788,pmid:34407685,
omid:br/06701636124,doi:10.1038/nrmicro.2017.161,pmid:29355852,
omid:br/06901513385,doi:10.16970/entoted.700189,,
omid:br/06904410680,doi:10.3389/fimmu.2024.1420336,,
omid:br/06601305837,doi:10.1111/j.1460-9568.2006.05062.x,pmid:17040480,
omid:br/06301463834,doi:10.1021/acs.iecr.5b03334,,
omid:br/061302905023,doi:10.1109/pimrc.2013.6666604,,
omid:br/06104735099,doi:10.1007/s40272-024-00659-1,,
omid:br/0670472381,doi:10.1124/jpet.102.040394,pmid:12438527,
omid:br/062502602852,doi:10.1038/s41598-022-06825-0,pmid:35210480,
omid:br/061701265420,doi:10.1016/s1368-8375(97)00059-6,pmid:9692055,
omid:br/06904384739,doi:10.3390/su16188200,,
omid:br/062304348526,doi:10.1002/tox.24190,,
omid:br/061503737022,doi:10.1016/0266-4356(91)90176-6,pmid:1900721,
omid:br/06140977995,doi:10.1016/0048-9697(95)04375-b,,
omid:br/062101109050,doi:10.1245/s10434-021-09728-y,pmid:33604828,
omid:br/0670699993,doi:10.3390/mi9080367,pmid:30424300,
omid:br/0670880941,doi:10.4239/wjd.v12.i8.1200,pmid:34512887,
omid:br/061202718114,doi:10.1007/s10797-011-9163-2,,
omid:br/06801659507,doi:10.1063/1.1743101,,
omid:br/062201399624,doi:10.1016/j.jff.2015.09.053,,
omid:br/06903333618,doi:10.1097/md.0000000000024844,pmid:33663106,
omid:br/06101799930,doi:10.1007/s40821-020-00161-x,,
omid:br/06101127083,doi:10.1108/jsbed-05-2013-0073,,
omid:br/06190774763,doi:10.1002/ppul.23528,pmid:27442207,
omid:br/06101179162,doi:10.1007/s11547-019-01051-7,pmid:31209790,
omid:br/06803911496,doi:10.1107/s0108768183003080,,
omid:br/0640247004,doi:10.1099/jmm.0.001017,pmid:31184571,
omid:br/0620179420,doi:10.3389/fsurg.2021.607551,pmid:34336912,
omid:br/0690876566,doi:10.1016/j.plaphy.2010.09.008,pmid:20980156,
omid:br/06404158111,,pmid:6284467,
omid:br/06210860950,doi:10.1111/j.1365-2133.1974.tb12449.x,pmid:4281316,
omid:br/06404856916,doi:10.1016/j.isci.2024.111393,,
omid:br/06601592611,doi:10.1016/j.jogc.2019.01.011,pmid:30890314,
omid:br/06501370549,doi:10.1016/j.nut.2007.01.013,pmid:17367998,
omid:br/06504677476,doi:10.1002/anie.202313870,,
omid:br/0636021030,doi:10.18632/aging.100230,pmid:21084729,
omid:br/06240806354,doi:10.1016/j.canep.2018.09.006,pmid:30300838,
omid:br/062301620962,doi:10.1016/j.recesp.2020.03.016,,
omid:br/06140290850,doi:10.3389/fgene.2012.00060,pmid:22536205,
omid:br/061103297630,doi:10.1007/bf02087887,pmid:9011469,
omid:br/062401833219,doi:10.1016/j.ics.2005.06.056,,
omid:br/061903753231,doi:10.1016/s0736-0266(02)00106-7,pmid:12507582,
omid:br/06501387702,doi:10.1109/tcomm.2020.2988506,,
omid:br/061102521754,doi:10.1109/icvr.2015.7358583,,
omid:br/06290144165,doi:10.1016/j.isci.2023.106055,,
omid:br/0670238485,doi:10.3390/vaccines9080890,pmid:34452015,
omid:br/06220891800,doi:10.1017/s0022215120000006,pmid:31964446,
omid:br/06250297409,doi:10.1186/s12957-022-02685-0,pmid:35820925,
omid:br/0690909341,doi:10.1002/(sici)1096-987x(199602)17:3<326::aid-jcc7>3.0.co;2-x,,
omid:br/0620779182,doi:10.1310/tsr1705-380,pmid:21131263,
omid:br/061703458868,doi:10.1097/md.0000000000030483,pmid:36123940,
omid:br/06160540234,doi:10.1121/1.395910,pmid:3372869,
omid:br/062501348469,doi:10.1016/j.jue.2006.07.007,,
omid:br/062302198748,doi:10.1155/2018/7697210,pmid:29850564,
omid:br/062201791615,doi:10.1016/s1567-1348(02)00040-0,pmid:12797996,
omid:br/06603478208,doi:10.1007/s10072-020-05001-4,pmid:33439387,
omid:br/061301986546,doi:10.1109/51.731321,pmid:9824762,
omid:br/0635075381,doi:10.1016/j.lungcan.2023.107194,,
omid:br/062503047983,doi:10.1073/pnas.172226299,pmid:12154230,
omid:br/061101038401,doi:10.1530/rep-17-0230,pmid:28993454,
omid:br/0690847104,doi:10.7554/elife.40202,pmid:30398148,
omid:br/06202327109,doi:10.1016/j.softx.2018.08.001,,
omid:br/06230177306,doi:10.1021/acs.jproteome.5b00089,pmid:25734908,
omid:br/06502568119,doi:10.1177/2325967120951453,pmid:32944588,
omid:br/06180118983,doi:10.1097/00008390-200510000-00020,,
omid:br/062203123021,doi:10.1108/jic-12-2016-0141,,
omid:br/06310116905,doi:10.1016/j.autrev.2023.103334,,
omid:br/06702401447,doi:10.3389/fvets.2017.00047,pmid:28443289,
omid:br/0680165564,doi:10.1111/j.1365-2052.1990.tb01979.x,pmid:1982486,
omid:br/062502370341,doi:10.1088/0305-4470/25/2/013,,
omid:br/061301420434,doi:10.3390/molecules22040552,pmid:28353675,
omid:br/06603868359,doi:10.1093/bfgp/elac029,pmid:36064602,
omid:br/06150201440,doi:10.1093/oxfordjournals.humrep.a138444,pmid:7714151,
omid:br/062103599654,doi:10.1016/s0003-9861(03)00225-x,pmid:12801520,
omid:br/061503252126,doi:10.1002/9780470773963.ch16,,
omid:br/062502405208,doi:10.1109/tdei.2018.007176,,
omid:br/06202006589,doi:10.1145/1460412.1460450,,
omid:br/06702440547,doi:10.1590/s0103-64402009000300004,pmid:19784463,
omid:br/06202324979,doi:10.1017/jmo.2017.36,,
omid:br/06201121112,doi:10.1245/s10434-013-3269-y,pmid:24046124,
omid:br/06260459603,doi:10.1007/bf00621620,,
omid:br/062601794698,doi:10.1080/00207454.2017.1385613,pmid:28967275,
omid:br/06401574447,doi:10.3389/fnagi.2018.00153,pmid:29875655,
omid:br/06802457347,doi:10.1016/j.biopha.2014.10.003,pmid:25455159,
omid:br/061801371695,doi:10.3171/jns.1977.47.1.0012,pmid:864501,
omid:br/06402613561,doi:10.1046/j.1365-2958.2001.02532.x,pmid:11489131,
omid:br/06303876517,doi:10.3390/clinpract12050070,pmid:36136864,
omid:br/0650295954,doi:10.3390/tomography7040065,pmid:34842833,
omid:br/06230180217,doi:10.1002/eji.200425861,pmid:15761849,
omid:br/062102575042,doi:10.1007/978-1-4939-3139-2_11,pmid:26530801,
omid:br/061901315516,doi:10.1016/s1096-7192(02)00009-4,pmid:12051960,
omid:br/06102068031,doi:10.1016/bs.fp.2020.10.003,,
omid:br/061603526870,doi:10.1198/073500101316970368,,
omid:br/06802982206,doi:10.1007/s11055-021-01104-3,,
omid:br/061402469894,doi:10.1109/speedam.2016.7525845,,
omid:br/06350399876,doi:10.1093/ehjcr/ytad603,,
omid:br/06110602674,doi:10.3390/biology10101065,pmid:34681166,
omid:br/062403943164,doi:10.3390/curroncol30040280,,
omid:br/061603681840,,pmid:9565490,
omid:br/061102626640,doi:10.1038/s41598-020-70718-3,pmid:32792574,
omid:br/06803099008,doi:10.1007/978-1-4614-9278-8_11,,
omid:br/06302677683,doi:10.1109/globecom46510.2021.9685975,,
omid:br/06180632012,doi:10.1007/s40588-019-0111-8,pmid:31592409,
omid:br/061401699715,doi:10.1016/s0379-6779(00)01445-4,,
omid:br/06160673769,doi:10.1093/schbul/sbt093,pmid:23861539,
omid:br/061301880908,doi:10.19206/ce-2019-432,,
omid:br/06190292578,doi:10.1007/s42452-020-03805-9,,
omid:br/062202027536,doi:10.1007/s00205-007-0108-y,,
omid:br/0670714938,doi:10.4213/tvp5234,,
omid:br/0690668539,doi:10.1007/s10552-012-0016-9,pmid:22710747,
omid:br/061204128660,doi:10.1016/j.envpol.2023.122901,,
omid:br/061204160919,doi:10.3390/cancers16183173,,
omid:br/062501119577,doi:10.1161/res.0b013e3182147d74,pmid:21372289,
omid:br/0628021041,doi:10.1016/j.neucom.2005.12.076,,
omid:br/06901917053,doi:10.1001/jamanetworkopen.2021.38793,pmid:34905002,
omid:br/062601691157,doi:10.5812/aapm.17350,pmid:25237637,
omid:br/06140359039,doi:10.1111/den.14227,pmid:35048427,
omid:br/061902669743,doi:10.4324/9780203939673,,isbn:9781135903374
omid:br/0616086205,doi:10.1016/s0021-9258(19)50613-5,,
omid:br/062501031438,doi:10.1002/jms.4728,pmid:33887808,
omid:br/065079864,doi:10.1016/j.jbc.2022.101998,pmid:35500647,
omid:br/0660362652,doi:10.1007/s004250000460,pmid:11346965,
omid:br/061602036746,doi:10.1002/mc.21930,pmid:22674879,
omid:br/06230108341,doi:10.1002/anie.201610402,pmid:27933690,
omid:br/061202815620,doi:10.3748/wjg.v27.i47.8081,pmid:35068856,
omid:br/062503995603,doi:10.1016/j.saa.2022.122290,,
omid:br/061701448360,doi:10.1055/s-0038-1673686,pmid:30312976,
omid:br/06304649879,doi:10.1016/j.worlddev.2024.106542,,
omid:br/06130682810,doi:10.1109/tap.2017.2710206,,
omid:br/0637012591,doi:10.1002/ijc.2910600120,pmid:7814146,
omid:br/062301816366,doi:10.1016/s0344-0338(96)80062-8,,
omid:br/0610123191,doi:10.1021/acs.chemrev.7b00093,pmid:28221035,
omid:br/06601488386,doi:10.1037/0021-9010.84.5.754,,
omid:br/06104094820,doi:10.1016/0022-510x(93)90084-c,pmid:8509801,
omid:br/0611086032,doi:10.1093/oxfordjournals.jbchem.a133028,pmid:6774977,
omid:br/0610277271,doi:10.1023/b:ququ.0000019394.78970.df,,
omid:br/062203770292,,pmid:9815613,
omid:br/0690615097,doi:10.1016/j.dld.2011.05.002,pmid:21684821,
omid:br/06210205863,doi:10.1093/oxfordjournals.humrep.a019211,pmid:9021392,
omid:br/061103066727,doi:10.1073/pnas.111158698,pmid:11353862,
omid:br/061602961528,doi:10.1145/3404835.3463034,,
omid:br/062301090840,doi:10.1007/s10157-013-0907-4,pmid:24233469,
omid:br/06501844551,doi:10.1007/jhep01(2012)162,,
omid:br/061602643912,doi:10.1038/ncponc0664,pmid:17139317,
omid:br/06210969962,doi:10.1016/j.neubiorev.2020.07.015,pmid:32687884,
omid:br/06130218005,doi:10.1016/j.cam.2021.114053,,
omid:br/06240810701,doi:10.1093/toxsci/kfz119,pmid:31143956,
omid:br/061604208781,doi:10.1007/978-3-031-44080-9_14,,
omid:br/06120847807,doi:10.1016/j.jaap.2004.12.001,,
omid:br/061502220563,doi:10.1021/om100504z,,
omid:br/062303448675,doi:10.3390/ma15155461,pmid:35955397,
omid:br/0610212711,doi:10.1097/00000658-199305010-00005,pmid:8489308,
omid:br/0637015788,doi:10.2174/092986711797189547,pmid:21838687,
omid:br/061902346383,doi:10.1016/b978-0-12-809633-8.20124-6,,
omid:br/061403063820,doi:10.1039/c1cc16326d,pmid:22134378,
omid:br/061603333668,doi:10.1509/jmkr.47.1.63,,
omid:br/062402595872,doi:10.1785/0120210064,,
omid:br/062101529675,doi:10.1021/ja00356a059,,
omid:br/06402985797,doi:10.1145/2661334.2661380,,
omid:br/06803591718,doi:10.1145/1741906.1742053,,
omid:br/06503930923,doi:10.1093/mnras/stac3232,,
omid:br/06220555769,doi:10.1155/2022/6768139,pmid:35909899,
omid:br/061402634113,doi:10.1016/j.polymer.2005.12.047,,
omid:br/062304339485,doi:10.1007/s43032-024-01690-w,,
omid:br/06302774656,doi:10.1209/0295-5075/31/5-6/015,,
omid:br/0670472338,doi:10.1124/jpet.102.037812,pmid:12235253,
omid:br/06180451229,doi:10.1097/nt.0b013e3181fe4376,,
omid:br/06704642323,doi:10.1016/j.nhres.2024.01.008,,
omid:br/06330546850,doi:10.1007/s00122-024-04550-y,,
omid:br/06401851277,doi:10.1088/1126-6708/2006/07/010,,
omid:br/062401749076,doi:10.3390/electronics6020038,,
omid:br/06130173474,doi:10.1007/bf02358410,,
omid:br/061803918370,doi:10.3390/jcm12062179,,
omid:br/0660977078,doi:10.1155/2020/7352150,,
omid:br/0630897228,doi:10.1007/bf01809441,pmid:1665557,
omid:br/0628059127,doi:10.1038/s41422-021-00472-2,pmid:33674783,
omid:br/062403803050,doi:10.1016/s1473-3099(21)00205-x,pmid:33864803,
omid:br/06702445659,doi:10.18632/oncotarget.9063,pmid:27147577,
omid:br/0680274089,doi:10.1159/000288622,pmid:1488498,
omid:br/062301371548,doi:10.1097/nen.0000000000000013,pmid:24226268,
omid:br/0630805323,doi:10.1016/j.tcs.2014.09.017,,
omid:br/061301665378,doi:10.1140/epjc/s2005-02248-3,,
omid:br/06601020086,doi:10.1046/j.1464-410x.2000.00906.x,pmid:11069428,
omid:br/062102252516,doi:10.1016/b978-0-08-102832-2.00031-1,,
omid:br/0649025193,doi:10.1159/000051861,pmid:10940693,
omid:br/061903498471,doi:10.1016/j.microc.2022.108173,,
omid:br/06304056970,,pmid:2302876,
omid:br/06504050697,doi:10.1016/0304-4165(85)90251-x,pmid:3967048,
omid:br/061401902092,doi:10.1371/journal.pntd.0008651,pmid:33017391,
omid:br/061601949008,doi:10.4103/0019-5278.174001,pmid:26957808,
omid:br/061701493990,doi:10.2108/zsj.26.157,pmid:19341334,
omid:br/061602263143,doi:10.37236/1181,,
omid:br/06170804961,doi:10.1016/0304-3991(93)90234-o,,
omid:br/062502035687,doi:10.1136/adc.58.2.120,pmid:6830288,
omid:br/062603829947,doi:10.21037/tp-21-11,pmid:35242661,
omid:br/061901606424,doi:10.1016/s0010-4655(02)00793-2,,
omid:br/06230788441,doi:10.1016/j.virusres.2012.03.006,pmid:22445688,
omid:br/0620513606,doi:10.1002/pros.10089,pmid:11967955,
omid:br/06601643544,doi:10.1080/146532402320219736,pmid:12194718,
omid:br/061503740744,doi:10.1002/(sici)1098-2345(1996)40:4<327::aid-ajp3>3.0.co;2-#,pmid:31918523,
omid:br/062401076693,doi:10.1142/s0219519416500846,,
omid:br/0680463576,doi:10.1016/j.funeco.2020.101021,,
omid:br/061801427082,doi:10.1007/s12105-020-01271-8,pmid:33428064,
omid:br/061401467077,doi:10.1038/s41419-017-0242-x,pmid:29434213,
omid:br/0640883574,doi:10.1055/s-2008-1038434,pmid:18401807,
omid:br/062102223935,doi:10.1089/ten.tea.2013.0304,pmid:24471799,
omid:br/06102184320,doi:10.4315/0362-028x-59.1.31,,
omid:br/0650841316,doi:10.1038/s41560-021-00934-2,,
omid:br/06802770294,doi:10.1021/acssuschemeng.9b00630,,
omid:br/06903159233,doi:10.1007/978-3-540-46091-6_9,pmid:17607919,
omid:br/062102075652,doi:10.18632/oncotarget.20675,pmid:29212180,
omid:br/0640686370,doi:10.1099/0022-1317-78-9-2217,pmid:9292009,
omid:br/062401774174,doi:10.1016/s0006-8993(96)00677-4,pmid:8930322,
omid:br/06501656128,doi:10.1080/14653240701358445,pmid:17786605,
omid:br/06502287778,doi:10.3390/proteomes9030037,pmid:34449730,
omid:br/06180606216,doi:10.1111/j.1574-6968.1989.tb03572.x,,
omid:br/06901688953,doi:10.1140/epjb/e2009-00382-1,,
omid:br/062603546361,doi:10.1021/acs.jpca.2c05792,,
omid:br/061604118268,doi:10.1007/s11842-006-0013-5,,
omid:br/06101665721,doi:10.1038/nbt0102-37,pmid:11753360,
omid:br/06502483746,doi:10.1016/j.surneu.2008.08.072,pmid:19061770,
omid:br/06401850204,doi:10.1007/jhep05(2012)114,,
omid:br/061402635589,doi:10.1080/713779097,,
omid:br/061301578673,doi:10.1051/epjconf/201816600008,,
omid:br/061903327767,doi:10.1017/s1481803500010356,pmid:18652727,
omid:br/06601399905,doi:10.1111/j.1442-200x.2011.03516.x,pmid:22115535,
omid:br/0610294895,doi:10.1504/ijetm.2009.027185,,
omid:br/061103555524,doi:10.3390/nu14224909,,
omid:br/061402083790,doi:10.1590/s0102-67202015000100002,pmid:25861059,
omid:br/0630802707,doi:10.1002/1097-0142(19870701)60:1<74::aid-cncr2820600113>3.0.co;2-b,,
omid:br/06204659048,doi:10.3917/scpo.colle.2023.01.0561,,
omid:br/06601499364,doi:10.1177/01622439211027639,,
omid:br/0670841949,doi:10.2337/diab.36.9.1014,pmid:3301471,
omid:br/06110401141,doi:10.1007/s00134-008-1245-y,pmid:18670754,
omid:br/061504113158,doi:10.1016/j.bios.2024.116041,,
omid:br/062303071472,doi:10.1007/s10550-006-0065-2,,
omid:br/062602759173,doi:10.1007/978-3-7091-1065-2_46,,
omid:br/06602117010,doi:10.3923/ijps.2013.245.250,,
omid:br/06190834138,doi:10.1186/s13045-015-0115-7,pmid:25886310,
omid:br/06901693801,doi:10.4173/mic.2014.3.2,,
omid:br/06204370021,doi:10.1136/bmjopen-2023-071903,,
omid:br/062604017382,doi:10.1007/978-3-031-15703-5_25,,
omid:br/062302143055,doi:10.4103/0972-5229.78218,pmid:21633541,
omid:br/06130344772,doi:10.1038/d41586-020-00361-5,,
omid:br/06160388254,doi:10.1111/j.1365-3148.2012.01139.x,pmid:22394111,
omid:br/0670762345,doi:10.1002/chir.22777,pmid:29154400,
omid:br/06140572622,doi:10.1088/1742-6596/409/1/012108,,
omid:br/0648070417,doi:10.1016/j.aquaculture.2023.739576,,
omid:br/06502190749,doi:10.1093/icb/42.3.641,pmid:21708760,
omid:br/0640514278,doi:10.1039/c5cp06807j,pmid:26762553,
omid:br/06230892007,doi:10.1177/0192623311428473,pmid:22109712,
omid:br/06110619507,doi:10.1136/jcp.2010.076794,pmid:20591913,
omid:br/061201442878,doi:10.1007/s00415-013-7154-1,pmid:24162038,
omid:br/061704357117,doi:10.1007/978-3-031-57422-1_10,,
omid:br/061703859782,doi:10.3390/info14060316,,
omid:br/0670856254,doi:10.1101/gad.1276205,pmid:15833911,
omid:br/06103141805,doi:10.1017/cbo9781139137119,,isbn:9781107022829
omid:br/06704327511,doi:10.3390/buildings13051327,,
omid:br/062101074509,doi:10.1007/s11802-021-4779-z,,
omid:br/06140485913,doi:10.1088/2041-8205/784/2/l43,,
omid:br/06160936935,doi:10.1016/j.bbih.2020.100058,pmid:34589844,
omid:br/061402613844,doi:10.1186/1743-422x-3-100,pmid:17129382,
omid:br/06201504510,doi:10.1093/database/bax034,pmid:28605771,
omid:br/061702080513,doi:10.1021/acsptsci.0c00089,pmid:33330838,
omid:br/062101261775,doi:10.1006/cpac.2000.0450,,
omid:br/062201360314,doi:10.1006/gyno.2000.5859,pmid:10926800,
omid:br/061701402291,doi:10.3892/ol.2017.7469,pmid:33732367,
omid:br/062603052458,doi:10.2500/ajra.2011.25.3681,pmid:22186240,
omid:br/061801800493,doi:10.1097/01.pcc.0000269384.28300.31,pmid:17622927,
omid:br/062402052653,doi:10.1103/physrevlett.95.040603,pmid:16090793,
omid:br/061301979160,doi:10.1029/2020jc016143,,
omid:br/061602581958,doi:10.1177/000313480607200709,,
omid:br/06220332369,doi:10.1016/j.ajodo.2016.08.025,pmid:28257737,
omid:br/06190957239,doi:10.1002/hlca.194502801145,,
omid:br/061703119206,doi:10.1111/apt.16876,pmid:35362128,
omid:br/06210145668,doi:10.1186/1471-2261-15-6,pmid:25971444,
omid:br/062104250839,doi:10.1590/pboci.2024.093,,
omid:br/062503771089,,pmid:10149803,
omid:br/06101775023,doi:10.1111/j.1524-4741.2008.00597.x,pmid:18687070,
omid:br/06320513032,doi:10.1016/j.jacbts.2023.12.003,,
omid:br/0640251582,doi:10.1006/jmbi.1996.0763,pmid:9048951,
omid:br/061901102240,doi:10.1080/15384101.2016.1186317,pmid:27163456,
omid:br/06340488132,doi:10.1007/s00784-024-06004-7,,
omid:br/062101775342,doi:10.1103/physrevb.93.014409,,
omid:br/06901663933,doi:10.3390/inorganics5040091,,
omid:br/062304295814,doi:10.2174/2666862901666230818093034,,
omid:br/06170934966,doi:10.1016/j.xcrm.2021.100254,pmid:33948582,
omid:br/061902036470,doi:10.3390/pr10020416,,
omid:br/06260192976,doi:10.1007/s00221-011-2635-x,pmid:21533701,
omid:br/061501059803,doi:10.1080/13698570802383432,,
omid:br/06901722526,doi:10.1666/13036,,
omid:br/06160338726,doi:10.1016/j.hoc.2008.10.002,pmid:19010264,
omid:br/061501159951,doi:10.1016/j.ifacol.2019.11.176,,
omid:br/061702705027,doi:10.1016/j.bcp.2011.03.012,pmid:21439945,
omid:br/06501382717,doi:10.1016/s0015-0282(16)55142-5,,
omid:br/06504692253,doi:10.1016/j.physletb.2023.138380,,
omid:br/06601314523,doi:10.1002/hon.2190,pmid:25650864,
omid:br/062302165664,doi:10.1111/ijd.14930,pmid:32403156,
omid:br/06170656799,doi:10.1002/cncy.21394,pmid:24436143,
omid:br/061301617867,doi:10.1007/s11010-016-2867-y,pmid:27844252,
omid:br/06180623061,doi:10.1093/mnrasl/slu093,,
omid:br/061503763620,,pmid:19621136,
omid:br/062501281445,doi:10.1002/nau.20732,pmid:19412959,
omid:br/061302403941,doi:10.1007/978-3-662-48719-8_11,,
omid:br/061902232485,doi:10.1534/genetics.111.132027,pmid:21926305,
omid:br/0650963515,doi:10.1136/gutjnl-2021-325317,pmid:34686575,
omid:br/06603033243,doi:10.1002/cam4.3465,pmid:32954675,
omid:br/062104190034,doi:10.21203/rs.3.rs-3829891/v1,,
omid:br/062103647640,,pmid:2313163,
omid:br/06402835192,doi:10.1016/s0370-2693(01)01010-3,,
omid:br/0670834902,doi:10.2495/tdi-v1-n3-421-431,,
omid:br/06401073033,doi:10.1016/j.wear.2016.07.017,,
omid:br/0608000583,doi:10.1124/jpet.123.002046,,
omid:br/061203785866,doi:10.1016/s0960-9822(00)00809-5,pmid:11102814,
omid:br/0644054113,doi:10.1016/j.jalgebra.2019.05.025,,
omid:br/06250183345,doi:10.1039/b111541c,,
omid:br/061901212085,doi:10.1177/0272989x03258431,pmid:14672111,
omid:br/06701697846,doi:10.1109/28.568004,,
omid:br/06803545862,doi:10.2174/1871527317666180202110717,,
omid:br/061203264758,doi:10.1145/1242572.1242620,,
omid:br/062504444669,doi:10.1212/wnl.0000000000209830,,
omid:br/06170597240,doi:10.1007/s12032-013-0806-2,pmid:24326985,
omid:br/061102419303,doi:10.1016/j.euroneuro.2021.12.003,pmid:34923210,
omid:br/0630946765,doi:10.1021/jf0483826,pmid:15796602,
omid:br/062301501713,doi:10.1542/peds.96.5.977,,
omid:br/061102331967,doi:10.20944/preprints201810.0500.v2,pmid:30373256,
omid:br/061902148335,doi:10.1007/s11604-013-0218-4,pmid:23719763,
omid:br/062601517440,doi:10.1016/j.jcms.2017.11.023,pmid:29275075,
omid:br/062201754049,doi:10.3390/electronics8111352,,
omid:br/0640145936,doi:10.1186/s12867-016-0078-4,pmid:28081716,
omid:br/06270170034,doi:10.21203/rs.3.rs-2923805/v1,,
omid:br/06110993891,doi:10.1016/j.aca.2013.09.036,pmid:24216206,
omid:br/06250246606,doi:10.1016/j.forpol.2014.12.008,,
omid:br/0670491128,doi:10.1177/20417314211031378,pmid:34345399,
omid:br/061601733168,doi:10.1086/306648,,
omid:br/06250146333,doi:10.1016/0167-8760(87)90006-7,pmid:3679945,
omid:br/06170196359,doi:10.1021/tx970100r,pmid:9403180,
omid:br/06102869124,doi:10.1016/j.colsurfa.2008.10.033,,
omid:br/061301888305,doi:10.3390/plants10040789,pmid:33923804,
omid:br/06403040691,doi:10.1038/srep00953,pmid:23233872,
omid:br/068072377,doi:10.1002/bem.20275,pmid:17004239,
omid:br/06202858387,doi:10.1007/bf00320909,pmid:2541838,
omid:br/061602041579,doi:10.1007/bf03256356,pmid:20359250,
omid:br/06604411393,doi:10.1108/jkm-07-2022-0552,,
omid:br/06501796153,doi:10.1139/y55-093,,
omid:br/06804258095,,pmid:19542723,
omid:br/0622068000,doi:10.1080/00914037.2013.830254,,
omid:br/062203198974,doi:10.1063/1.3232139,,
omid:br/062602183547,doi:10.9753/icce.v32.management.33,,
omid:br/06203132156,doi:10.1007/978-1-62703-462-3_11,pmid:23918335,
omid:br/061202602352,doi:10.1016/s0037-0738(98)00032-3,,
omid:br/062201980033,doi:10.1007/978-3-030-41552-5_20,,
omid:br/06703606490,doi:10.1109/smi.2009.5170167,,
omid:br/061103772282,,pmid:20497666,
omid:br/062502161945,doi:10.1001/jamacardio.2019.2499,pmid:31365039,
omid:br/06204344453,doi:10.2196/40843,,
omid:br/06601437746,doi:10.1103/physrevd.85.095015,,
omid:br/06330567005,doi:10.1016/j.psj.2024.104256,,
omid:br/062101744699,doi:10.1007/s12263-015-0455-5,pmid:25701199,
omid:br/06330550334,doi:10.1111/exsy.13569,,
omid:br/06110655443,doi:10.1021/nn700450g,pmid:19206301,
omid:br/0607119623,doi:10.1093/evolinnean/kzae033,,
omid:br/062202375523,doi:10.18553/jmcp.2017.23.8.844,pmid:28737986,
omid:br/0660860180,doi:10.1101/gad.10.13.1633,pmid:8682294,
omid:br/061903123454,doi:10.1134/s1023193520120083,,
omid:br/062103114561,doi:10.1016/j.vetmic.2012.01.019,pmid:22386671,
omid:br/06210293053,doi:10.3389/fmicb.2018.03130,pmid:30619200,
omid:br/061301218793,doi:10.1007/s12094-022-02859-y,pmid:35768685,
omid:br/062602053185,doi:10.1097/01.gim.0000177418.24176.9b,pmid:16170242,
omid:br/061103515777,doi:10.1007/s40279-022-01714-y,pmid:35802348,
omid:br/061903194302,doi:10.1002/9780470571224.pse044,,
omid:br/06190824778,doi:10.1515/msds-2020-0129,,
omid:br/06260561677,doi:10.1016/0266-8920(88)90002-1,,
omid:br/06303755604,doi:10.1093/logcom/exn071,,
omid:br/06702755113,doi:10.1016/j.anihpc.2017.03.003,,
omid:br/06140784192,doi:10.1111/j.1758-5740.2012.00196.x,,
omid:br/06503170399,doi:10.4049/jimmunol.1700810,pmid:29222165,
omid:br/0680767881,doi:10.1002/chir.22231,pmid:24123382,
omid:br/0630282037,doi:10.1016/j.hrtlng.2016.09.003,pmid:27780607,
omid:br/06303160917,doi:10.2307/1565306,,
omid:br/06203633686,doi:10.1016/s0076-6879(09)05214-8,pmid:19446731,
omid:br/061201417440,doi:10.3390/molecules27041430,pmid:35209219,
omid:br/06803257779,doi:10.1088/0256-307x/13/9/003,,
omid:br/06803298118,doi:10.1177/1040638711425940,pmid:22362931,
omid:br/061602013943,doi:10.5539/jfr.v2n2p1,,
omid:br/061601191824,doi:10.1166/jnn.2014.9925,pmid:25958517,
omid:br/062301507565,doi:10.1002/iub.1455,pmid:26614639,
omid:br/06503706093,doi:10.1002/9781119792581.ch6,,
omid:br/061203772667,,pmid:1282344,
omid:br/062403592197,,pmid:20309435,
omid:br/06250717883,doi:10.1002/ehf2.13946,pmid:35543340,
omid:br/061401830294,doi:10.1021/jp001899+,,
omid:br/062201393655,doi:10.3892/ol.2015.3792,pmid:26788171,
omid:br/062401967490,doi:10.1002/jqs.3282,,
omid:br/061903078256,doi:10.1007/s13524-017-0618-7,pmid:29019084,
omid:br/061401902630,doi:10.1142/s0217751x18501890,,
omid:br/06250202269,doi:10.1093/humrep/del142,pmid:16684838,
omid:br/06604856833,doi:10.2174/0929867331666230908090326,,
omid:br/062102448268,doi:10.1016/j.bioorg.2014.10.008,pmid:25437530,
omid:br/061901536107,doi:10.1111/jace.16158,,
omid:br/06601346290,doi:10.1017/s1474745616000501,,
omid:br/061501281578,doi:10.3390/biomedicines10030643,pmid:35327447,
omid:br/061201958539,doi:10.1136/bmjopen-2015-009532,pmid:26747035,
omid:br/06601916942,doi:10.23919/chicc.2017.8028337,,
omid:br/062103085133,doi:10.1086/209327,,
omid:br/06250611330,doi:10.1210/jc.2001-011813,pmid:12629081,
omid:br/06490158487,doi:10.3389/fpsyg.2022.937374,,
omid:br/061704263204,doi:10.1080/02786826.2023.2286341,,
omid:br/06102287959,doi:10.1103/physrevresearch.3.023168,,
omid:br/0616082026,doi:10.1074/jbc.274.44.31740,pmid:10531386,
omid:br/061402682082,doi:10.1103/physreve.71.026125,pmid:15783396,
omid:br/06204057510,doi:10.1016/0014-2999(78)90126-7,pmid:204500,
omid:br/06170924575,doi:10.1093/ajcn/86.3.781,pmid:17823446,
omid:br/062201316763,doi:10.1104/pp.114.4.1161,pmid:12223763,
omid:br/061603728849,,pmid:6136181,
omid:br/06902415038,doi:10.1021/acssuschemeng.8b06045,,
omid:br/06120853385,doi:10.1016/j.gde.2005.06.012,pmid:15979303,
omid:br/06901160583,doi:10.1051/agro:19820606,,
omid:br/06260500644,doi:10.1126/science.aad0501,pmid:27124452,
omid:br/06302536820,doi:10.4310/jsg.2011.v9.n3.a3,,
omid:br/06201532624,doi:10.1371/journal.pone.0022570,pmid:21799901,
omid:br/06901366797,doi:10.1186/s40001-015-0113-9,pmid:25889486,
omid:br/0629013833,doi:10.1039/c9ob01645g,pmid:31455964,
omid:br/06701398187,doi:10.1016/j.jddst.2017.09.019,,
omid:br/06301031369,doi:10.1111/j.1440-1843.2009.01691.x,pmid:20199647,
omid:br/062101320809,doi:10.1103/physreva.92.022350,,
omid:br/062401396909,doi:10.1016/j.jaerosci.2015.06.007,,
omid:br/061801479638,doi:10.1177/2042098612454283,pmid:25083239,
omid:br/06120576050,doi:10.1111/j.1742-7843.2009.00492.x,pmid:20002067,
omid:br/0660120598,doi:10.1016/j.cplett.2010.12.045,,
omid:br/06130489672,doi:10.1063/1.1710971,,
omid:br/06101665994,doi:10.1086/295655,,
omid:br/06501327037,doi:10.1002/hon.2993,pmid:35304777,
omid:br/06601271638,doi:10.1093/geronb/gby044,pmid:29669095,
omid:br/06130673120,doi:10.1099/0022-1317-69-6-1205,pmid:2838571,
omid:br/06340104449,doi:10.1007/s10980-023-01760-5,,
omid:br/06101146326,doi:10.1161/01.res.0000152969.42117.ca,pmid:15591228,
omid:br/0680691385,doi:10.1097/01.scs.0000157028.44315.b8,pmid:15915097,
omid:br/061502013050,doi:10.5483/bmbrep.2018.51.9.036,pmid:29764561,
omid:br/06902475564,doi:10.1111/j.1365-2966.2012.22089.x,,
omid:br/06502354132,doi:10.1016/j.cageo.2017.11.018,,
omid:br/06401142919,doi:10.1016/j.ciresp.2013.12.013,pmid:24581876,
omid:br/062502761724,doi:10.1016/0002-9149(59)90175-4,pmid:13806909,
omid:br/061201692324,doi:10.1128/aac.00541-10,pmid:21502614,
omid:br/06104826926,doi:10.1016/j.cllc.2024.11.003,,
omid:br/061301329494,doi:10.1016/j.fsi.2008.01.007,pmid:18990589,
omid:br/062603072766,doi:10.1016/j.foodchem.2015.04.073,pmid:25977052,
omid:br/062203305850,doi:10.1097/md.0000000000013569,pmid:30572458,
omid:br/0650689197,doi:10.1099/0022-1317-79-12-3079,pmid:9880025,
omid:br/06102795725,doi:10.1016/j.jhazmat.2005.11.007,pmid:16343746,
omid:br/06170363185,doi:10.1007/s11069-021-05140-7,,
omid:br/062303529270,doi:10.3389/fpsyg.2022.1082998,,
omid:br/06190652253,doi:10.1021/jacsau.1c00297,pmid:34723259,
omid:br/06703523964,doi:10.1016/s1352-2310(03)00468-0,,
omid:br/06301572863,doi:10.1097/00002826-199506000-00006,pmid:8635184,
omid:br/06130767284,doi:10.1007/s00330-021-08463-y,pmid:35018480,
omid:br/06101512427,doi:10.1016/j.jcms.2016.01.027,pmid:26971400,
omid:br/061303040913,doi:10.1191/0309132503ph429oa,,
omid:br/061701669796,doi:10.1111/j.1365-2982.2007.01040.x,pmid:18069951,
omid:br/061104340684,doi:10.1016/j.jmapro.2024.09.077,,
omid:br/061202789535,doi:10.1016/j.jplph.2012.04.006,pmid:22608180,
omid:br/062202181423,doi:10.1007/978-3-319-89512-3_9,pmid:30030827,
omid:br/06402822508,doi:10.12693/aphyspola.107.294,,
omid:br/062101779710,doi:10.1182/blood-2005-08-3264,pmid:16239426,
omid:br/062401725224,doi:10.1262/jrd.10-073k,pmid:21123963,
omid:br/0650864509,doi:10.1101/gad.6.4.533,pmid:1373117,
omid:br/0630245921,doi:10.1016/j.molstruc.2010.12.055,,
omid:br/062401350474,doi:10.1111/j.1471-4159.2006.03997.x,pmid:16945102,
omid:br/061502385516,doi:10.1016/j.nme.2019.01.006,,
omid:br/062202745235,doi:10.2193/2007-518,,
omid:br/0630151989,doi:10.1006/jssc.1997.7516,,
omid:br/062201558069,doi:10.1016/j.epsl.2006.09.008,,
omid:br/06701736713,doi:10.3390/foods11060867,pmid:35327288,
omid:br/06701865988,doi:10.1201/9780429286759-2,,
omid:br/061401931627,doi:10.1016/j.electacta.2012.12.123,,
omid:br/06402356384,doi:10.1136/bmjopen-2018-023910,pmid:30782889,
omid:br/062401391002,doi:10.1080/14767058.2020.1752657,pmid:32283958,
omid:br/06170320383,doi:10.1038/msb.2011.36,pmid:21694719,
omid:br/062103335312,doi:10.1145/1095810.1095812,,
omid:br/06260235021,doi:10.1021/acs.orglett.1c04082,pmid:34985296,
omid:br/06901154859,doi:10.1007/978-981-16-8770-9_7,,
omid:br/062502638649,doi:10.1007/978-1-4939-2047-1_12,,
omid:br/06160962063,doi:10.1038/s41437-019-0207-1,pmid:30886391,
omid:br/061402709304,doi:10.1007/978-3-662-09897-4_13,,
omid:br/0639085732,doi:10.1007/s12094-023-03106-8,,
omid:br/061101527031,doi:10.1371/journal.pone.0129709,pmid:26237219,
omid:br/06130706263,doi:10.1016/0040-4020(95)00556-n,,
omid:br/061903783395,,pmid:12387808,
omid:br/06110465983,doi:10.1186/s12891-021-04138-3,pmid:33691659,
omid:br/06120649152,doi:10.1088/0957-4484/23/49/495401,pmid:23150071,
omid:br/0610108706,doi:10.1016/s0300-9572(02)00441-0,pmid:12668294,
omid:br/06240275210,doi:10.1002/env.1086,pmid:21691413,
omid:br/062401867013,doi:10.1016/j.bjid.2015.03.006,pmid:26001980,
omid:br/06170934179,doi:10.1016/j.jtocrr.2022.100349,pmid:35789791,
omid:br/06303164891,doi:10.4049/jimmunol.1200506,pmid:23509346,
omid:br/06360183357,doi:10.1007/978-981-99-3951-0_86,,
omid:br/06303286580,doi:10.1200/jco.2014.32.15_suppl.11008,,
omid:br/0640515116,doi:10.1039/c9gc02949d,,
omid:br/0670482309,doi:10.1126/science.1227224,pmid:23258892,
omid:br/061401923700,doi:10.5301/jsrd.5000219,,
omid:br/06110610051,doi:10.1007/s00216-012-6549-7,pmid:23180085,
omid:br/06102518043,doi:10.1212/wnl.0000000000011885,pmid:33766997,
omid:br/06901361836,doi:10.1093/nar/gkw387,pmid:27141966,
omid:br/06703442481,doi:10.1016/j.vaccine.2019.06.016,pmid:31279567,
omid:br/06180311218,doi:10.2139/ssrn.2146506,,
omid:br/061403044588,doi:10.1007/s40619-014-0033-x,,
omid:br/061401160161,doi:10.1037/h0047682,pmid:13319604,
omid:br/061402257901,doi:10.1109/oceanse.2019.8867514,,
omid:br/06240157468,doi:10.1016/j.jss.2007.08.011,pmid:18314137,
omid:br/061701014866,doi:10.1088/0964-1726/21/7/075001,,
omid:br/06180652375,doi:10.1177/15330338211041212,pmid:34806469,
omid:br/06440182043,doi:10.1098/rsos.221382,,
omid:br/061903301131,doi:10.1007/s12011-015-0414-4,pmid:26113310,
omid:br/0606338481,doi:10.1016/j.jpha.2024.101170,,
omid:br/06190657981,doi:10.1021/acsnano.1c03151,pmid:34585565,
omid:br/0630862777,doi:10.1101/gad.183509.111,pmid:22391446,
omid:br/062503080046,doi:10.1089/vim.2021.0038,pmid:34297627,
omid:br/06502170650,doi:10.1097/anc.0000000000000244,pmid:26808515,
omid:br/061301132332,doi:10.1111/j.1399-0004.1979.tb02032.x,pmid:759058,
omid:br/06601492347,doi:10.1007/s10549-021-06174-y,pmid:33830393,
omid:br/061502506527,doi:10.1101/2021.10.22.21263919,,
omid:br/0640588253,doi:10.1099/mic.0.2008/020891-0,pmid:18832326,
omid:br/06120650587,doi:10.1007/bf00051797,pmid:7612805,
omid:br/06201531524,doi:10.1371/journal.pone.0046424,pmid:23071567,
omid:br/061602114358,doi:10.4174/jkss.2013.85.1.7,pmid:23833754,
omid:br/061402066925,doi:10.1007/s13246-020-00852-9,pmid:32524436,
omid:br/062302560984,doi:10.1117/12.2056385,,
omid:br/062301015591,doi:10.1080/10888705.2010.483892,pmid:20563906,
omid:br/061602874523,doi:10.1200/jco.2008.17.1058,pmid:19255328,
omid:br/06201052078,doi:10.1097/sap.0b013e3182275d0f,pmid:21734535,
omid:br/062302012641,doi:10.1007/s00231-017-2185-2,,
omid:br/061502762360,doi:10.1007/978-1-4684-5703-2_37,,
omid:br/0652053677,doi:10.1016/j.worlddev.2020.105201,,
omid:br/06170607913,doi:10.1007/s00216-006-0298-4,pmid:16514517,
omid:br/06110852967,doi:10.1186/1743-7075-4-7,pmid:17374168,
omid:br/06704068919,doi:10.1016/s0022-2836(77)80102-2,pmid:845942,
omid:br/06350502601,doi:10.1016/j.dsm.2024.08.002,,
omid:br/061401706849,doi:10.1051/0004-6361/202038282,,
omid:br/061102361812,doi:10.1109/iccpeic.2017.8290378,,
omid:br/06801079138,doi:10.1038/jhh.2014.18,pmid:24621621,
omid:br/0660729731,doi:10.1080/13543784.2020.1703948,pmid:31868526,
omid:br/06350527209,doi:10.1109/appeec57400.2023.10561953,,
omid:br/061103050364,doi:10.1021/es010963d,pmid:12038820,
omid:br/061302099798,doi:10.1016/j.ejogrb.2010.12.016,pmid:21269754,
omid:br/06404023169,doi:10.1309/gt45-3dbm-lrnp-nkl2,pmid:16891208,
omid:br/061104456202,doi:10.1016/j.actpsy.2024.104516,,
omid:br/06701061257,doi:10.1614/ws-04-095r,,
omid:br/0660663774,doi:10.1097/mbc.0b013e3283177b19,pmid:19002045,
omid:br/06204093574,doi:10.1016/s0031-6865(99)00013-8,pmid:10748622,
omid:br/06120286102,doi:10.3389/fpsyg.2021.685115,pmid:34484039,
omid:br/062403052338,doi:10.1073/pnas.78.4.2643,pmid:6941317,
omid:br/061401165866,doi:10.1111/jopr.13126,pmid:31701581,
omid:br/06230541946,doi:10.3109/09540261.2014.996858,pmid:25738865,
omid:br/06170953716,doi:10.1016/j.rser.2015.12.300,,
omid:br/06280160316,doi:10.1177/21650799221134422,,
omid:br/06402841265,doi:10.2139/ssrn.3010674,,
omid:br/062401311152,doi:10.2217/14750708.2.2.311,,
omid:br/06160660828,doi:10.1016/j.psep.2015.06.008,,
omid:br/062102982849,doi:10.5194/hessd-9-2797-2012,,
omid:br/0670434148,doi:10.1039/c0dt00468e,pmid:20733996,
omid:br/061801098237,doi:10.1016/j.jtbi.2008.06.024,pmid:18640129,
omid:br/06502200966,doi:10.1308/147870810x12699662981032,pmid:20573308,
omid:br/06801657696,doi:10.1063/1.3245402,pmid:19831429,
omid:br/061403772504,doi:10.1002/(sici)1097-0231(19990930)13:18<1818::aid-rcm723>3.0.co;2-k,pmid:10482895,
omid:br/0617093461,doi:10.1097/01.brs.0000105527.13866.0f,pmid:14699281,
omid:br/06150301213,doi:10.2139/ssrn.3705083,,
omid:br/062303769187,doi:10.1016/0925-4773(96)00535-7,pmid:8798159,
omid:br/0660170745,doi:10.1016/j.ccell.2016.10.009,pmid:27960084,
omid:br/06901531854,doi:10.1214/aoms/1177704162,,
omid:br/0618088034,doi:10.1074/jbc.m602105200,pmid:16737962,
omid:br/06703924568,doi:10.1093/cid/ciac724,pmid:36063397,
omid:br/061901119763,doi:10.1245/s10434-022-12041-x,pmid:35752725,
omid:br/06160438459,doi:10.1016/s1474-4422(09)70324-2,pmid:19962348,
omid:br/061104035294,doi:10.2174/0929867305666220314215936,,
omid:br/06401486829,doi:10.1186/1471-2105-8-244,pmid:17623104,
omid:br/0601597701,doi:10.1093/nar/gkac1089,,
omid:br/0640803841,doi:10.1016/j.bbagen.2006.01.017,pmid:16517082,
omid:br/062301380574,doi:10.1021/jo052631n,pmid:16626118,
omid:br/0634067227,doi:10.3390/w13152048,,
omid:br/0640571367,doi:10.1103/physreve.104.064608,pmid:35030840,
omid:br/06704392600,doi:10.1177/10760296221144047,,
omid:br/06290368425,doi:10.1016/j.ijrobp.2023.12.042,,
omid:br/0660859481,doi:10.17615/zrr0-er23,pmid:8957003,
omid:br/0620995292,doi:10.5962/bhl.part.117815,,
omid:br/0640782346,doi:10.3233/hab-170320,pmid:28582853,
omid:br/061701936355,doi:10.1007/s12349-011-0079-2,,
omid:br/061203435030,doi:10.1142/s021827182250081x,,
omid:br/06804858060,doi:10.9758/cpn.23.1143,,
omid:br/062301352395,doi:10.1142/s021821301100005x,,
omid:br/06260411077,doi:10.1136/oem.42.1.4,pmid:3965014,
omid:br/061302151980,doi:10.1016/j.clml.2012.08.001,pmid:22981965,
omid:br/06203046450,doi:10.1590/s0001-37652003000200004,pmid:12894301,
omid:br/06602203805,doi:10.1080/09692290.2020.1816199,,
omid:br/0680474312,doi:10.1080/09654313.2019.1612326,,
omid:br/06703044567,doi:10.1103/physrevapplied.15.064023,,
omid:br/062303454039,doi:10.1016/j.nicl.2022.103192,pmid:36162236,
omid:br/061501459108,doi:10.1016/j.bbi.2011.05.015,pmid:21664963,
omid:br/0610520629,doi:10.1080/1463922x.2016.1166404,,
omid:br/061103069138,doi:10.1073/pnas.1017298108,pmid:21576499,
omid:br/061301036537,doi:10.1097/jom.0000000000002561,pmid:35673247,
omid:br/062503446535,doi:10.3389/fpubh.2022.958445,pmid:36187665,
omid:br/061401716521,doi:10.1186/s12951-020-00652-z,pmid:32664978,
omid:br/06330610385,doi:10.1017/rma.2024.1,,
omid:br/0610501911,doi:10.1039/c6sc02297a,pmid:28348729,
omid:br/06104412828,doi:10.23736/s2784-8671.22.07430-8,,
omid:br/06160448999,doi:10.3390/s90503745,pmid:22412336,
omid:br/062202063790,doi:10.1096/fba.2020-00135,pmid:33977232,
omid:br/06901312519,doi:10.1016/j.ejim.2020.06.022,pmid:32620499,
omid:br/06203296132,doi:10.1254/jjp.89.327,pmid:12233810,
omid:br/061703064550,doi:10.1073/pnas.0904082106,pmid:20007376,
omid:br/06180965766,doi:10.1586/17474086.1.1.87,pmid:19714257,
omid:br/06101735114,doi:10.1039/c8na00315g,pmid:36133196,
omid:br/06220929127,doi:10.21468/scipostphysproc.6.012,,
omid:br/06602807055,doi:10.1057/978-1-137-58266-9_12,,
omid:br/062602769052,doi:10.1016/j.jhydrol.2015.07.044,,
omid:br/062604413207,doi:10.3390/f15050873,,
omid:br/06240170688,doi:10.1021/pr3011414,pmid:23586733,
omid:br/06240465938,doi:10.1111/jopy.12301,pmid:28035671,
omid:br/06230515766,doi:10.1016/j.nbd.2003.09.017,pmid:15006701,
omid:br/062102660194,doi:10.1007/978-3-319-05230-4_3,,
omid:br/065074294,doi:10.1016/j.atherosclerosis.2007.03.011,pmid:17420020,
omid:br/06802829669,doi:10.1016/j.physletb.2007.10.020,,
omid:br/06503479188,doi:10.1080/01445340.2010.505805,,
omid:br/062401104411,doi:10.1161/circulationaha.110.946806,pmid:21098450,
omid:br/062101461591,doi:10.1155/2013/859145,pmid:23365725,
omid:br/062201324686,doi:10.1097/paf.0b013e318187dfcd,pmid:19465821,
omid:br/06130686066,doi:10.1046/j.1365-2265.1999.00626.x,pmid:10396358,
omid:br/06140920579,doi:10.1016/j.amjmed.2008.09.041,pmid:19272486,
omid:br/061301332665,doi:10.3923/ijp.2008.352.360,,
omid:br/061803541394,doi:10.1111/andr.13315,,
omid:br/06804234287,,pmid:28125877,
omid:br/0670325564,doi:10.1529/biophysj.104.055251,pmid:15722436,
omid:br/06120399353,doi:10.1016/j.jaad.2004.01.037,pmid:15338000,
omid:br/06603916362,doi:10.35366/107501,,
omid:br/061503704056,doi:10.1016/s0092-8674(03)00551-8,pmid:12887919,
omid:br/06160718833,doi:10.1016/j.tet.2012.08.078,,
omid:br/06350387704,doi:10.1016/b978-0-443-15717-2.00013-5,,
omid:br/0640400766,doi:10.1016/j.jhep.2021.01.022,pmid:33497764,
omid:br/062504350821,doi:10.1007/s11803-024-2246-8,,
omid:br/06170777164,doi:10.1152/japplphysiol.00448.2004,pmid:15774696,
omid:br/061103329069,doi:10.1016/s0304-5013(03)75918-4,,
omid:br/061203825704,doi:10.1177/02676591231158273,,
omid:br/06303712270,doi:10.1016/j.taap.2009.11.005,pmid:19913046,
omid:br/062603046932,doi:10.1007/s11947-013-1193-6,,
omid:br/06703890677,doi:10.1056/nejm199408183310707,pmid:8035842,
omid:br/06190704620,doi:10.3390/cancers13030563,pmid:33540545,
omid:br/0610841468,doi:10.1080/00207140903523194,pmid:20390689,
omid:br/06302422156,doi:10.1001/archneur.1970.00480220049007,pmid:5437331,
omid:br/06120708553,doi:10.1016/s0040-4039(98)00814-4,,
omid:br/06301220876,doi:10.1016/j.jvs.2008.07.070,pmid:19028050,
omid:br/06802917753,doi:10.1101/2021.10.22.465455,,
omid:br/06240782510,doi:10.1016/j.vetpar.2011.11.016,pmid:22130335,
omid:br/06801661295,doi:10.1063/1.1490596,,
omid:br/0680663000,doi:10.1016/j.eswa.2021.115436,,
omid:br/061901233387,doi:10.1007/bf00511081,pmid:914657,
omid:br/061501664871,doi:10.1111/nmo.12325,pmid:24602134,
omid:br/06603078715,doi:10.4324/9780203512302,,isbn:9780203512302
omid:br/06180981000,doi:10.1111/j.1365-294x.2012.05692.x,pmid:22765763,
omid:br/061501520023,doi:10.1371/journal.pone.0203813,pmid:30216360,
omid:br/061101761140,doi:10.3390/met11111683,,
omid:br/061203534645,doi:10.1155/2022/8739289,,
omid:br/06230393821,doi:10.1007/s00436-019-06432-5,pmid:31435765,
omid:br/061701087576,doi:10.1359/jbmr.2000.15.9.1707,pmid:10976991,
omid:br/06404377203,doi:10.1103/physrevd.107.086009,,
omid:br/06250392217,doi:10.1007/s00269-008-0228-4,,
omid:br/0650869474,doi:10.1111/jcpt.13301,pmid:33135261,
omid:br/062303480859,doi:10.1016/j.yexcr.2022.113406,,
omid:br/061403729417,,pmid:14981994,
omid:br/06603627258,doi:10.1016/b978-032304841-5.50074-1,,
omid:br/0650218878,doi:10.1021/acs.orglett.9b01529,pmid:31141377,
omid:br/06270466809,doi:10.1007/s10354-024-01040-0,,
omid:br/06220245192,doi:10.1007/s11154-020-09569-2,pmid:32643004,
omid:br/061402803632,doi:10.1016/j.forsciint.2009.05.023,pmid:19577387,
omid:br/06803296960,doi:10.1002/mrd.20890,pmid:18288673,
omid:br/06402146291,doi:10.1007/978-3-030-49406-3_6,,
omid:br/062303543785,doi:10.3390/jcdd9110373,,
omid:br/06901714581,doi:10.5935/1676-2444.20170053,,
omid:br/0610984760,doi:10.1097/rlu.0b013e3182443b98,pmid:22691530,
omid:br/061802815116,doi:10.3748/wjg.v21.i43.12322,pmid:26604640,
omid:br/0670615453,doi:10.1210/clinem/dgab256,pmid:33877318,
omid:br/06130200928,doi:10.1093/humrep/deab050,pmid:33860313,
omid:br/06320185166,doi:10.3390/su15032325,,
omid:br/06503499436,doi:10.1159/000452443,pmid:27915332,
omid:br/061203122601,doi:10.2147/cia.s255305,pmid:32606624,
omid:br/06203459979,doi:10.1128/mcb.19.12.8451,pmid:10567570,
omid:br/061501697695,doi:10.1002/acr2.11428,pmid:35352497,
omid:br/062101057244,doi:10.1002/hep4.1933,pmid:35338607,
omid:br/06201717957,doi:10.3390/jcm11071890,pmid:35407497,
omid:br/06401748565,doi:10.1088/0004-637x/728/2/74,,
omid:br/06340174852,doi:10.1016/b978-0-323-99334-0.00010-4,,
omid:br/061502410067,doi:10.1016/j.jmarsys.2013.11.012,,
omid:br/061601358856,doi:10.1016/j.jrurstud.2019.11.004,,
omid:br/06340488786,doi:10.3390/nu16121955,,
omid:br/061103193708,doi:10.1145/1741866.1741878,,
omid:br/062304422291,doi:10.3390/jcm13102741,,
omid:br/061303863547,doi:10.1016/j.ando.2022.11.005,,
omid:br/06320530545,doi:10.1016/j.mpdhp.2024.03.004,,
omid:br/062401608277,doi:10.1039/a700833c,,
omid:br/06180664433,doi:10.1016/0885-5765(88)90006-9,,
omid:br/06804387283,doi:10.1126/sciadv.ade6561,,
omid:br/06240788891,doi:10.1051/parasite/2021001,pmid:33439119,
omid:br/0670941261,doi:10.1111/j.1469-7610.1983.tb00137.x,pmid:6630333,
omid:br/061801860983,doi:10.1016/j.ebiom.2020.102821,pmid:32505922,
omid:br/061903797657,doi:10.1016/s2215-0366(16)30188-2,pmid:27567467,
omid:br/062301133557,doi:10.1364/ol.12.000269,pmid:19738861,
omid:br/061301708490,doi:10.1177/1941738119834972,pmid:31136726,
omid:br/061503562005,doi:10.33736/jcsi.4932.2022,,
omid:br/0650229002,doi:10.1128/iai.50.3.881-886.1985,pmid:2415457,
omid:br/062401299988,doi:10.1104/pp.113.214320,pmid:23637339,
omid:br/061502520190,doi:10.1016/b978-0-444-53717-1.00401-7,,
omid:br/061201722271,doi:10.1088/0004-637x/788/1/3,,
omid:br/06902859298,doi:10.1007/s00441-012-1523-4,pmid:23180320,
omid:br/062602517116,doi:10.1109/iccsnt.2015.7490931,,
omid:br/0647068599,doi:10.1080/1612197x.2022.2152855,,
omid:br/06704355726,doi:10.3390/ijms241814207,,
omid:br/06501118522,doi:10.1016/j.jtcvs.2021.04.026,pmid:33972110,
omid:br/062501038150,doi:10.1097/sap.0000000000002834,pmid:33883434,
omid:br/06330552280,doi:10.1021/acs.jpca.4c01113,,
omid:br/062304238000,doi:10.3390/healthcare12030333,,
omid:br/0670757783,doi:10.1177/0363546517716631,pmid:28745972,
omid:br/061202077090,doi:10.1061/(asce)ps.1949-1204.0000511,,
omid:br/0630587755,doi:10.1016/j.actbio.2009.03.016,pmid:19375997,
omid:br/0606905220,doi:10.1245/s10434-024-16476-2,,
omid:br/062401793005,doi:10.1093/jigpal/jzq008,,
omid:br/06202170260,doi:10.4315/0362-028x-42.9.719,,
omid:br/062301808881,doi:10.1093/mnras/stz2181,,
omid:br/061502652945,doi:10.1093/acprof:oso/9780199543540.001.0001,,isbn:9780191747151
omid:br/0650422205,doi:10.1007/s10530-014-0810-2,,
omid:br/062101001438,doi:10.1093/erae/jbz023,,
omid:br/0680765929,doi:10.1152/ajpcell.00287.2002,pmid:12519746,
omid:br/062402399675,doi:10.1016/j.respe.2017.10.003,pmid:29223515,
omid:br/062302853027,doi:10.3109/10428194.2011.574760,pmid:21657954,
omid:br/061502046645,doi:10.1001/archderm.1963.01590200064012,pmid:14043605,
omid:br/06240245668,doi:10.1016/j.forpol.2020.102191,,
omid:br/06704210892,,pmid:28078249,
omid:br/062204202669,doi:10.2995/jacsurg.38.55,,
omid:br/061703444368,doi:10.1177/00187267221116035,,
omid:br/061301491328,doi:10.1111/jeb.12402,pmid:24773174,
omid:br/061203740715,doi:10.2210/pdb1lfb/pdb,pmid:8491173,
omid:br/06404181544,doi:10.1016/s0378-8741(02)00052-1,pmid:12065148,
omid:br/0610775922,doi:10.1007/s10565-021-09683-0,pmid:34822033,
omid:br/062401407506,doi:10.1214/21-ejs1805,,
omid:br/061101656215,doi:10.1002/jcp.10314,pmid:12811829,
omid:br/0610152392,doi:10.1016/j.dss.2010.12.001,,
omid:br/06501808940,doi:10.1016/0006-8993(88)90493-3,pmid:2850078,
omid:br/06502679091,doi:10.1101/659755,,
omid:br/061402166608,doi:10.1093/oxfordhb/9780199559053.013.0006,,
omid:br/0626088051,doi:10.1111/jop.13047,pmid:32463958,
omid:br/0640396495,doi:10.1515/bot.2001.042,,
omid:br/06601811035,doi:10.1159/000096019,pmid:17119347,
omid:br/062501664311,doi:10.1038/jhg.2008.10,pmid:19158808,
omid:br/06180986683,doi:10.1021/acs.analchem.6b03820,pmid:28193019,
omid:br/061903078165,doi:10.1007/s13524-018-0715-2,pmid:30276667,
omid:br/06201219619,doi:10.1097/iop.0000000000001401,pmid:31693632,
omid:br/06220428819,doi:10.1039/c6dt02135b,pmid:27465277,
omid:br/062302612214,doi:10.1038/s41598-020-58859-x,pmid:32029833,
omid:br/0650225589,doi:10.1016/s0734-3310(02)00074-5,,
omid:br/06120553885,doi:10.1016/j.polymertesting.2020.106511,,
omid:br/061702609231,doi:10.1007/bf02254978,pmid:12372989,
omid:br/06330123959,doi:10.26442/00403660.2022.11.201934,,
omid:br/062602797474,doi:10.1159/000088913,pmid:16224188,
omid:br/06201272806,doi:10.1081/rrs-100107431,pmid:11757686,
omid:br/062304419968,doi:10.3310/klml4701,,
omid:br/061701771020,doi:10.1080/00207284.2015.1106171,,
omid:br/06180355810,doi:10.1038/367138a0,pmid:8114910,
omid:br/06502469694,doi:10.18632/oncotarget.10749,pmid:29312547,
omid:br/06302773347,doi:10.1021/acssuschemeng.1c06151,,
omid:br/06240997231,doi:10.1017/s1461145712000132,pmid:22436355,
omid:br/061202983915,doi:10.1109/iccabs.2012.6182649,,
omid:br/061902044145,doi:10.1016/j.apmr.2018.10.011,pmid:30414398,
omid:br/062201448748,doi:10.1210/me.2008-0127,pmid:18511494,
omid:br/06450103142,doi:10.1007/s11135-022-01573-9,,
omid:br/06202892172,doi:10.1109/iecon.2016.7793786,,
omid:br/062101678181,doi:10.1039/c6tc03344j,,
omid:br/06602663819,doi:10.1002/9781119301714.ch3,,
omid:br/06140356527,doi:10.1007/s002130000501,pmid:11026748,
omid:br/062602166808,doi:10.1007/s12036-011-9013-8,,
omid:br/06601596735,doi:10.1016/0001-6160(87)90034-4,,
omid:br/06502172981,doi:10.1109/tmc.2009.68,,
omid:br/061802855054,doi:10.1016/s0304-8853(01)01194-5,,
omid:br/06190854644,doi:10.1037/0096-1523.28.2.307,,
omid:br/062102201433,doi:10.7717/peerj.5223,pmid:30065860,
omid:br/06110756919,doi:10.2147/vhrm.s191208,pmid:30833810,
omid:br/062203935628,doi:10.1002/9780470567623.ch13,,
omid:br/06803205703,doi:10.1016/j.diabres.2008.08.014,pmid:18823673,
omid:br/061502245306,doi:10.5696/2156-9614-10.28.201212,pmid:33324509,
omid:br/061601231618,doi:10.1007/s00418-012-1043-z,pmid:23104140,
omid:br/06220805483,doi:10.1016/j.foodhyd.2021.106686,,
omid:br/06230869796,doi:10.1063/5.0038972,,
omid:br/06804812748,doi:10.3389/fimmu.2024.1369972,,
omid:br/06701741857,doi:10.1189/jlb.1008608,pmid:19237640,
omid:br/061601069215,doi:10.1007/s00508-017-1275-y,pmid:28980130,
omid:br/061101546614,doi:10.1021/ja00165a054,,
omid:br/061101906120,doi:10.3390/plants11040568,pmid:35214901,
omid:br/062502616993,doi:10.1002/joa3.12307,pmid:32256879,
omid:br/06801024844,doi:10.1002/uog.24753,pmid:34468055,
omid:br/0690892599,doi:10.1002/cssc.200900047,pmid:19479893,
omid:br/06402774862,doi:10.1177/0825859719887240,pmid:31722615,
omid:br/06130862160,doi:10.1144/sp514-2020-256,,
omid:br/062603523774,doi:10.1111/jfpe.14217,,
omid:br/06101902165,doi:10.1002/9781119409861.ch5,,
omid:br/061302478498,doi:10.4271/2016-01-8130,,
omid:br/062503608182,,pmid:9648895,
omid:br/062401633002,doi:10.1002/jcp.26525,pmid:29633272,
omid:br/06160884892,doi:10.1007/s12665-017-6876-2,,
omid:br/06104641915,doi:10.1080/00015458.2024.2309718,,
omid:br/06150638882,doi:10.3390/vetsci7030114,pmid:32824504,
omid:br/062201412324,doi:10.3390/molecules16021761,pmid:21339711,
omid:br/06260894742,doi:10.1002/1099-0690(200212)2002:24<4181::aid-ejoc4181>3.0.co;2-m,,
omid:br/0628040713,doi:10.1097/inf.0b013e3181ecbf7e,pmid:21173675,
omid:br/06350483926,doi:10.1002/phar.2884,,
omid:br/06201078404,doi:10.1016/j.foodcont.2018.02.051,,
omid:br/061702100805,doi:10.1186/s13052-016-0273-4,pmid:27400873,
omid:br/06601450316,doi:10.1002/ange.200801231,,
omid:br/061604313494,doi:10.3390/agronomy14102396,,
omid:br/06180731711,doi:10.1002/sim.1040,pmid:11836738,
omid:br/06701758188,doi:10.1007/s00120-019-01093-9,pmid:31858164,
omid:br/06220295687,doi:10.3171/ped-07/11/411,pmid:18459906,
omid:br/061801697642,doi:10.1128/aac.48.2.423-429.2004,pmid:14742190,
omid:br/06301256960,doi:10.1007/s10672-008-9082-2,,
omid:br/06370156370,doi:10.1007/978-3-030-80962-1_268-1,,
omid:br/06190205430,doi:10.1016/j.pnpbp.2007.08.016,pmid:17850946,
omid:br/06320413399,doi:10.1109/ias54024.2023.10406494,,
omid:br/0660304964,doi:10.1515/ijfe-2019-0378,,
omid:br/061903935642,doi:10.1186/s12888-023-05126-8,,
omid:br/0640118184,doi:10.1016/j.bmcl.2010.06.058,pmid:20594837,
omid:br/061402734389,doi:10.1016/j.polymdegradstab.2005.05.010,,
omid:br/06120772468,doi:10.1093/infdis/jix350,pmid:29244111,
omid:br/06302501885,doi:10.1212/wnl.0000000000006876,pmid:30709964,
omid:br/062102008980,doi:10.1055/s-2007-960492,pmid:17479443,
omid:br/0630215414,doi:10.1002/ajmg.a.30952,pmid:16152638,
omid:br/06250932969,doi:10.1006/jcph.2001.6917,,
omid:br/06201785963,doi:10.5152/npa.2016.12371,pmid:28373810,
omid:br/06103500142,doi:10.1016/s0926-6690(97)00036-8,,
omid:br/061201179822,doi:10.1177/0272989x15601998,pmid:26304062,
omid:br/062502860896,doi:10.4161/19336950.2014.965113,pmid:25483284,
omid:br/061803654530,doi:10.1016/0021-9290(90)90017-w,pmid:2324122,
omid:br/06303053577,doi:10.1001/jamaoncol.2016.2064,pmid:27441411,
omid:br/06260626504,doi:10.1001/archsurg.141.10.985,pmid:17043276,
omid:br/061502964234,doi:10.1109/iecon.2012.6388893,,
omid:br/062102372641,doi:10.29252/nbr.4.4.361,,
omid:br/062404423839,doi:10.2139/ssrn.4781706,,
omid:br/06104738925,doi:10.1016/j.jacc.2024.01.001,,
omid:br/062203759906,doi:10.1093/occmed/kqi025,pmid:15757996,
omid:br/064906347,doi:10.1165/ajrcmb/9.3.300,pmid:7691108,
omid:br/061701523073,doi:10.1371/journal.pone.0130037,pmid:26053069,
omid:br/061801805323,doi:10.4168/aair.2011.3.2.132,pmid:21461254,
omid:br/062501283524,doi:10.1016/j.jallcom.2015.11.222,,
omid:br/06202414178,doi:10.1039/c4fo00351a,pmid:25088305,
omid:br/06230732793,doi:10.1016/j.poly.2011.02.013,,
omid:br/061203072099,doi:10.2143/ana.32.0.2012557,,
omid:br/06403680854,doi:10.1145/1266840.1266875,,
omid:br/0670654036,doi:10.1111/1751-2980.12585,pmid:29417737,
omid:br/061404142625,doi:10.1109/tro.2023.3330609,,
omid:br/06310487582,doi:10.7759/cureus.66551,,
omid:br/06180972005,doi:10.3174/ajnr.a0716,pmid:17998418,
omid:br/06103446975,doi:10.1007/978-94-010-0824-2_11,,
omid:br/062203499051,doi:10.1103/physrevb.63.153407,,
omid:br/0643090548,doi:10.3389/fmats.2023.1153421,,
omid:br/062601248069,doi:10.1046/j.1432-1327.2002.02822.x,pmid:11895447,
omid:br/062401506537,doi:10.1021/acs.jpcc.6b01404,,
omid:br/0626081507,doi:10.1057/s41271-018-00158-x,pmid:30626895,
omid:br/06301436134,doi:10.1103/physrevd.87.085018,,
omid:br/061504098616,doi:10.1523/jneurosci.0106-20.2023,,
omid:br/067096238,doi:10.1097/brs.0b013e3181e7f4a9,pmid:21192292,
omid:br/06703562347,doi:10.1016/s0580-9517(10)37004-8,,
omid:br/06902076380,doi:10.1002/smll.201002287,pmid:21302356,
omid:br/06230839160,doi:10.1378/chest.13-1573,pmid:25288004,
omid:br/0620942798,doi:10.1021/jf0504768,pmid:16131144,
omid:br/062402288860,doi:10.1017/9781108686136.004,,
omid:br/06220384788,doi:10.1016/j.bbmt.2018.02.020,pmid:29501779,
omid:br/06260674574,doi:10.3109/09638289809166077,pmid:9622261,
omid:br/061701424871,doi:10.3390/ijms140612090,pmid:23743823,
omid:br/06503173903,doi:10.1016/s0022-328x(00)98077-x,,
omid:br/061803585816,doi:10.3969/j.issn.1673-5374.2012.05.010,pmid:25774179,
omid:br/06403535000,doi:10.1023/a:1010979129659,,
omid:br/061802595807,doi:10.1002/adma.200400920,,
omid:br/06340489347,doi:10.7759/cureus.63668,,
omid:br/061602148302,doi:10.1002/ajmg.1323,pmid:11353450,
omid:br/061801521309,doi:10.1371/journal.pone.0007856,pmid:19924294,
omid:br/06160727059,doi:10.1034/j.1601-0825.2002.00020.x,pmid:12164670,
omid:br/06270168508,doi:10.17155/omuspd.1294432,,
omid:br/062601350346,doi:10.1523/eneuro.0085-20.2020,pmid:32332078,
omid:br/062303006895,doi:10.1016/b978-0-12-375009-9.10003-7,,
omid:br/06430181775,doi:10.18332/tid/169682,,
omid:br/06190498370,doi:10.1111/j.1399-3054.2010.01369.x,pmid:20230481,
omid:br/062503501533,doi:10.1103/physrevd.49.3412,pmid:10017336,
omid:br/061503519755,doi:10.1103/physrevc.52.2468,pmid:9970775,
omid:br/062302384551,doi:10.1139/g06-104,pmid:17426758,
omid:br/06901073223,doi:10.1016/j.watres.2021.117744,pmid:34653795,
omid:br/06901408087,doi:10.1002/biot.201900171,pmid:31502754,
omid:br/0610772595,doi:10.1162/jocn_a_00286,pmid:22905818,
omid:br/061304302712,doi:10.1039/d4ob01319k,,
omid:br/0605190707,doi:10.4103/nrr.nrr-d-24-00672,,
omid:br/061804343680,doi:10.1007/s10895-024-03925-0,,
omid:br/0680173974,doi:10.1111/j.1365-2214.2009.01034.x,pmid:19961498,
omid:br/06103098151,doi:10.7124/bc.0008df,,
omid:br/06101322388,doi:10.1017/s0033291714000737,pmid:25065732,
omid:br/061101908663,doi:10.1016/j.jprot.2014.07.010,pmid:25065648,
omid:br/0680569155,doi:10.1097/00005344-199707000-00003,pmid:9268216,
omid:br/062603162388,doi:10.1016/j.engstruct.2009.02.027,,
omid:br/061101939385,doi:10.1016/j.neuroscience.2014.02.017,pmid:24583036,
omid:br/061801140790,doi:10.1207/s15327043hup1601_4,,
omid:br/06501854631,doi:10.1097/sih.0000000000000260,pmid:29076967,
omid:br/06102260930,doi:10.1007/bf00370844,,
omid:br/062501366112,doi:10.1097/00005072-199005000-00046,,
omid:br/062604362398,doi:10.2174/0122103279287156240218044819,,
omid:br/06160735486,doi:10.1002/sim.1647,,
omid:br/06140141092,doi:10.1186/s12879-018-3073-1,pmid:29642869,
omid:br/061301721986,doi:10.1086/187068,,
omid:br/062302221708,doi:10.1089/ten.teb.2016.0500,pmid:28376649,
omid:br/06202468329,doi:10.1212/con.0000000000001075,pmid:34881731,
omid:br/06502634750,doi:10.1007/s10342-016-1017-0,,
omid:br/06401127814,doi:10.1245/s10434-010-1317-4,pmid:20844968,
omid:br/061502036787,doi:10.3390/antibiotics9020040,pmid:31973108,
omid:br/06902173985,doi:10.30525/2256-0742/2020-6-2-81-92,,
omid:br/062401077291,doi:10.1039/c39920000256,,
omid:br/06502463696,doi:10.1016/j.biopha.2017.11.124,pmid:29198921,
omid:br/06701939110,doi:10.1109/icsd.2013.6619652,,
omid:br/061401958507,doi:10.1504/ijtm.2004.003953,,
omid:br/06110702371,doi:10.3389/fncel.2017.00306,pmid:29075179,
omid:br/06902676625,doi:10.1007/978-3-319-05050-8_69,,
omid:br/06401543279,doi:10.1021/jp506434a,,
omid:br/06801521672,doi:10.1371/journal.pone.0236450,pmid:32706792,
omid:br/061402592832,doi:10.1038/s41598-019-42623-x,pmid:30992527,
omid:br/06170742477,doi:10.1002/jor.22388,pmid:23740548,
omid:br/06240882001,doi:10.1007/s11906-022-01211-7,pmid:35727523,
omid:br/06510127572,doi:10.1016/j.cj.2022.04.009,,
omid:br/061501007152,doi:10.1002/andp.201700282,,
omid:br/06180402410,doi:10.1080/01904167.2021.1884706,,
omid:br/06150697266,doi:10.1111/j.1365-2265.2011.04056.x,pmid:21521324,
omid:br/061501447770,doi:10.1007/s00431-020-03750-0,pmid:32813123,
omid:br/0670394704,doi:10.1007/s00134-015-3948-1,pmid:26149303,
omid:br/06260915121,doi:10.1079/sum2005321,,
omid:br/0640962230,doi:10.31797/vetbio.953136,,
omid:br/06150568664,doi:10.1103/physreve.95.043106,pmid:28505811,
omid:br/06190276680,doi:10.1016/j.cortex.2021.12.008,pmid:35168154,
omid:br/06402959935,doi:10.1109/icsemr.2014.7043676,,
omid:br/06130566741,doi:10.1097/gco.0000000000000288,pmid:27306924,
omid:br/06101973274,doi:10.5772/intechopen.70581,,
omid:br/06130454530,doi:10.1186/s12889-021-12056-1,pmid:34836521,
omid:br/06190704509,doi:10.3390/cancers13040662,pmid:33562253,
omid:br/06260710685,doi:10.1016/j.arbres.2019.12.030,pmid:32111418,
omid:br/06250833201,doi:10.1007/s00125-009-1307-x,pmid:19288077,
omid:br/06160615884,doi:10.1210/jc.2005-0715,pmid:16189258,
omid:br/06503948257,doi:10.1016/j.jcrc.2022.154195,,
omid:br/062501740366,doi:10.1016/j.jacc.2012.10.057,pmid:23500282,
omid:br/06504161077,,pmid:26988169,
omid:br/06201834002,doi:10.1007/jhep02(2017)139,,
omid:br/06404265156,,pmid:30226526,
omid:br/062303564307,doi:10.1200/jco.20.6.1600,,
omid:br/062401563594,doi:10.1016/j.jccase.2022.04.011,pmid:35572350,
omid:br/06250989768,doi:10.1097/00000539-200001000-00018,pmid:10624982,
omid:br/061501053906,doi:10.1097/mpa.0000000000000126,pmid:24921205,
omid:br/06250626945,doi:10.1080/13621025.2015.1053792,,
omid:br/06250954424,doi:10.3103/s1062873809050025,,
omid:br/0626089094,doi:10.1111/j.1600-6143.2010.03245.x,pmid:20825384,
omid:br/06204081831,,pmid:10616197,
omid:br/061303431568,doi:10.1007/s12144-022-03741-4,,
omid:br/06504692475,doi:10.1134/s1070363224040066,,
omid:br/06210876065,doi:10.1016/j.ejvs.2019.03.032,pmid:31005511,
omid:br/0670315784,doi:10.2139/ssrn.643521,,
omid:br/062103829660,,pmid:12118198,
omid:br/061502130214,doi:10.1016/j.neuropsychologia.2008.10.006,pmid:18973766,
omid:br/06903853041,,pmid:34055155,
omid:br/062202845833,doi:10.1007/978-1-61779-364-6_13,pmid:22065226,
omid:br/062501522988,doi:10.1021/acs.jpcc.5b10287,,
omid:br/061902728578,doi:10.1038/s41417-019-0092-z,pmid:30905966,
omid:br/061601317234,doi:10.1016/j.ymgme.2013.05.002,pmid:23742746,
omid:br/06903172226,doi:10.1016/b978-1-4160-4579-3.10004-x,,
omid:br/062101251650,doi:10.3389/frai.2020.00022,pmid:33733141,
omid:br/061202028203,doi:10.1145/2629672,,
omid:br/0633060772,doi:10.1081/ncn-100002505,pmid:11562972,
omid:br/062202187195,doi:10.1016/j.amjsurg.2009.10.016,pmid:20800716,
omid:br/062201149880,doi:10.1016/j.ifacol.2017.08.1855,,
omid:br/06501224555,doi:10.1243/0954411971534377,pmid:9256003,
omid:br/06303171975,doi:10.1007/978-3-662-05981-4_4,,
omid:br/062101138372,doi:10.1093/ajh/hpaa023,pmid:32124913,
omid:br/06101787337,doi:10.5194/adgeo-2-145-2005,,
omid:br/061301822017,doi:10.1016/j.ibusrev.2012.08.005,,
omid:br/062104205417,doi:10.1002/hsr2.1379,,
omid:br/061801016484,doi:10.1111/ced.14680,pmid:33852750,
omid:br/061601748611,doi:10.1016/j.jacc.2018.02.039,pmid:29535061,
omid:br/06510109561,doi:10.21203/rs.3.rs-2696333/v1,,
omid:br/062501582502,doi:10.5604/20831862.890162,,
omid:br/061302177725,doi:10.1038/s41746-021-00431-6,pmid:33782526,
omid:br/061402138209,doi:10.1021/cs501406j,,
omid:br/061702529501,doi:10.1101/2022.06.14.496198,,
omid:br/06220557082,doi:10.1016/j.biomaterials.2016.06.061,pmid:27429252,
omid:br/06210827998,doi:10.4155/fmc-2020-0048,pmid:32892642,
omid:br/06601477245,doi:10.1177/1120700018813280,pmid:30450975,
omid:br/0640921039,doi:10.1016/j.prosdent.2003.10.003,pmid:14739892,
omid:br/061901540074,doi:10.1021/ja00399a060,,
omid:br/061402831112,doi:10.1016/j.coms.2006.06.005,pmid:18088850,
omid:br/06803717818,doi:10.1016/j.jcv.2016.02.012,pmid:26921742,
omid:br/061801540241,doi:10.1111/j.1532-5415.1991.tb03619.x,pmid:2061531,
omid:br/062102787197,doi:10.1016/j.ijcard.2018.06.014,pmid:29908830,
omid:br/06903478419,doi:10.1038/s41598-022-20405-2,pmid:36163369,
omid:br/0690877810,doi:10.1111/j.1365-2133.1997.tb02177.x,pmid:9155990,
omid:br/061103312116,doi:10.1002/hbm.24727,pmid:31322305,
omid:br/06601796360,doi:10.1182/blood-2013-11-538900,pmid:24398329,
omid:br/06604277011,,pmid:29272025,
omid:br/06401811077,doi:10.1016/s0006-8993(00)01984-3,pmid:10700614,
omid:br/06110375169,doi:10.1016/j.schres.2003.09.004,pmid:14741329,
omid:br/0610878123,doi:10.3109/09593989809057165,,
omid:br/06201850091,doi:10.1088/1475-7516/2021/04/078,,
omid:br/062502673291,doi:10.1002/ep.12917,,
omid:br/06190667509,doi:10.1088/1674-1137/42/8/084105,,
omid:br/061202679829,doi:10.1111/j.1749-6632.1989.tb21040.x,,
omid:br/06170962418,doi:10.1016/j.math.2016.04.006,pmid:27133031,
omid:br/062403632024,,pmid:30867186,
omid:br/0650290692,doi:10.3389/fpsyg.2015.01812,pmid:26648885,
omid:br/0620648490,doi:10.1002/jcsm.12177,pmid:28025860,
omid:br/06240487278,doi:10.1088/2050-6120/1/3/035002,pmid:29148445,
omid:br/06104727432,doi:10.1182/blood.2023022859,,
omid:br/062103738256,doi:10.1016/s0387-7604(99)00059-5,pmid:10598052,
omid:br/06120832861,doi:10.1097/dcr.0b013e31825bd80c,pmid:22874607,
omid:br/0636040265,doi:10.1111/j.1748-0361.2001.tb00281.x,,
omid:br/06702763830,doi:10.1016/j.ecolmodel.2007.06.010,,
omid:br/06502424455,doi:10.3389/fvets.2020.607925,pmid:33585598,
omid:br/06150462050,doi:10.1016/j.jad.2016.12.048,pmid:28064110,
omid:br/061103091548,doi:10.1016/j.scriptamat.2011.07.038,,
omid:br/062201425529,doi:10.21037/acs-2021-pte-17,pmid:35433361,
omid:br/0680868965,doi:10.1155/2014/710685,,
omid:br/062301396228,doi:10.1016/0167-2738(86)90100-1,,
omid:br/06230624167,doi:10.1006/jcis.2001.7952,pmid:16290378,
omid:br/061402116258,doi:10.1002/ajmg.10130,pmid:11807899,
omid:br/06801713114,doi:10.3390/jcm10081552,pmid:33917151,
omid:br/0652035890,doi:10.1038/sj.ebd.6401036,pmid:25343386,
omid:br/061302041508,doi:10.1001/archneur.55.9.1217,pmid:9740116,
omid:br/061202612869,doi:10.1038/srep42706,pmid:28198428,
omid:br/062501695120,doi:10.1146/annurev.en.25.010180.001113,,
omid:br/061302684044,doi:10.1007/s00268-020-05415-3,pmid:32047985,
omid:br/061301295729,doi:10.1046/j.1460-9568.1999.00844.x,pmid:10594645,
omid:br/06703470090,doi:10.1016/j.apcatb.2017.07.021,,
omid:br/0630349963,doi:10.1038/nature16862,pmid:26700809,
omid:br/06140844662,doi:10.5009/gnl210048,pmid:34593671,
omid:br/062501078962,doi:10.1016/j.oooo.2019.04.005,pmid:31103527,
omid:br/062401248457,doi:10.1016/j.solener.2020.12.065,,
omid:br/062201086770,doi:10.1007/s00455-017-9842-y,pmid:28840313,
omid:br/062602150306,doi:10.1016/j.neuropharm.2015.11.005,pmid:26581501,
omid:br/062301010023,doi:10.1111/tpj.13749,pmid:29044717,
omid:br/06270466562,doi:10.1007/s00246-024-03567-w,,
omid:br/062103039579,doi:10.1111/j.1365-2559.2011.04155.x,pmid:22348346,
omid:br/062201134062,doi:10.6004/jnccn.2008.0033,pmid:18433609,
omid:br/06290603002,doi:10.3390/ijms25116051,,
omid:br/06140456586,doi:10.1016/j.jad.2017.06.005,pmid:28628769,
omid:br/06901066088,doi:10.1007/s12013-014-0381-y,pmid:25391891,
omid:br/061801863597,doi:10.1093/hmg/9.9.1321,pmid:10814714,
omid:br/06901014736,doi:10.1016/j.ancard.2016.10.003,pmid:27823678,
omid:br/061603851764,doi:10.3390/app13116382,,
omid:br/061102103279,doi:10.1016/j.esmoop.2022.100547,pmid:35849878,
omid:br/062401980937,doi:10.1007/978-3-030-46459-2_12,,
omid:br/0613066650,doi:10.1002/esp.4856,,
omid:br/06601331341,doi:10.1070/rcr4449,,
omid:br/061203024496,doi:10.1524/9783486700015.1,,
omid:br/062202673772,doi:10.1111/j.1749-6632.2011.05984.x,pmid:21732953,
omid:br/062102177261,doi:10.1016/j.jdiacomp.2013.01.001,pmid:23545465,
omid:br/061601823811,doi:10.1111/j.1365-2966.2007.12316.x,,
omid:br/0640902782,doi:10.1002/jcc.25211,pmid:29607518,
omid:br/062203120460,doi:10.1007/s10009-012-0269-3,,
omid:br/061101217968,doi:10.1088/0741-3335/42/5a/312,,
omid:br/06110595158,doi:10.1088/2057-1976/ac5fc5,pmid:35316798,
omid:br/06403311136,doi:10.1105/tpc.013326,pmid:12953107,
omid:br/06110669398,doi:10.1081/pde-100002379,,
omid:br/06240214052,doi:10.1016/j.envsoft.2016.02.016,,
omid:br/062402154583,doi:10.1016/0921-5107(94)08032-1,,
omid:br/062503900851,doi:10.1038/s41598-022-26052-x,,
omid:br/06190529321,doi:10.1016/j.brat.2005.05.005,pmid:16046211,
omid:br/061102372081,doi:10.1142/9789813231221_0004,,
omid:br/062201574684,doi:10.1051/epjconf/20135304008,,
omid:br/06803621180,doi:10.1016/b978-1-4160-3274-8.50053-2,,
omid:br/061201728339,doi:10.1103/physreva.39.4254,pmid:9901756,
omid:br/06250578895,doi:10.1088/1742-6596/259/1/012060,,
omid:br/06503050116,doi:10.11604/pamj.2020.36.280.21378,pmid:33088409,
omid:br/0637019808,doi:10.3109/00498259209046624,pmid:1378672,
omid:br/06250936142,doi:10.1080/00268976.2013.802818,,
omid:br/0680435721,doi:10.1029/2010pa001948,,
omid:br/061202293113,doi:10.1145/3314367.3314374,,
omid:br/061203586064,doi:10.36131/clinicalnpsych20200203,pmid:34908967,
omid:br/06701233274,doi:10.4172/2155-952x.1000276,,
omid:br/0670676832,doi:10.1086/448574,,
omid:br/0660142914,doi:10.1002/stem.2617,pmid:28371128,
omid:br/06103690839,doi:10.1101/2021.01.28.21250669,,
omid:br/06901519692,doi:10.1177/0031512520915027,pmid:32233734,
omid:br/06703720914,doi:10.1007/bf00118715,,
omid:br/06301834308,doi:10.1088/1126-6708/2007/12/011,,
omid:br/06190304802,doi:10.2139/ssrn.2170645,,
omid:br/061701060926,doi:10.1111/cas.14864,pmid:33788346,
omid:br/06260364774,doi:10.1038/38755,pmid:9311783,
omid:br/061501323931,doi:10.1038/bjc.2014.642,pmid:25688742,
omid:br/06302595855,doi:10.1021/om00034a050,,
omid:br/062402202616,doi:10.1002/bies.201500071,pmid:26347282,
omid:br/062504300755,doi:10.1016/j.clbc.2024.08.010,,
omid:br/061501914289,doi:10.1002/pbc.27064,pmid:29630779,
omid:br/06130189769,doi:10.1016/j.ejpb.2021.08.015,pmid:34481906,
omid:br/06260435802,doi:10.1111/j.1440-1797.2011.01482.x,pmid:21649793,
omid:br/0644021168,doi:10.1016/j.optmat.2007.09.009,,
omid:br/061902184894,doi:10.1137/0802010,,
omid:br/06301669567,doi:10.1007/s41742-018-0067-1,,
omid:br/06801352804,doi:10.1179/2047773213y.0000000094,pmid:23816507,
omid:br/06301423666,doi:10.5966/sctm.2011-0024,pmid:23197639,
omid:br/062304420047,doi:10.1016/j.jsg.2024.105263,,
omid:br/06802399768,doi:10.1038/npp.2011.88,pmid:21654735,
omid:br/06280133012,doi:10.1016/j.jasc.2022.12.003,,
omid:br/06140903071,doi:10.1109/tnsm.2021.3075552,,
omid:br/061603780225,,pmid:9764130,
omid:br/061701296369,doi:10.1080/17476930500454514,pmid:16702042,
omid:br/06801747296,doi:10.1016/j.pec.2015.01.013,pmid:25670052,
omid:br/062101011812,doi:10.1111/ele.12453,pmid:26011743,
omid:br/0620117197,doi:10.1177/0961203310392431,pmid:21558138,
omid:br/0680834295,doi:10.1287/ijoc.2015.0681,,
omid:br/062404316082,doi:10.2196/preprints.57353,,
omid:br/06602857067,doi:10.1007/978-1-4939-3588-8_3,,
omid:br/0660247154,doi:10.1016/j.jmb.2010.03.012,pmid:20227419,
omid:br/061503634369,,pmid:19436636,
omid:br/0670321821,doi:10.1016/j.biopsych.2021.05.021,pmid:34266671,
omid:br/061303711704,doi:10.1385/bter:109:1:001,pmid:16388098,
omid:br/06530126382,doi:10.1016/j.ssci.2022.106048,,
omid:br/061702619155,doi:10.1038/s41598-020-63910-y,pmid:32321977,
omid:br/06160330782,doi:10.1002/hed.24734,pmid:28245074,
omid:br/062302738402,doi:10.1007/978-94-007-4405-9_7,,
omid:br/06503040483,doi:10.1002/cam4.4114,pmid:34240815,
omid:br/06703013755,doi:10.1038/srep45355,pmid:28345643,
omid:br/062204347108,doi:10.17816/b.bot2023,,isbn:9785907201873
omid:br/06230306914,doi:10.1186/1476-4598-2-9,,
omid:br/06160448148,doi:10.3390/s20072078,pmid:32272757,
omid:br/06130587457,doi:10.1093/eurheartj/12.12.1311,pmid:1778198,
omid:br/06101596371,doi:10.1016/j.lingua.2017.10.002,,
omid:br/06201792906,doi:10.2307/2388438,,
omid:br/061303658511,,pmid:3057289,
omid:br/06501538464,doi:10.1371/journal.pone.0165393,pmid:27768761,
omid:br/061101463552,doi:10.1006/jfca.1995.1025,,
omid:br/06702364449,doi:10.1093/oso/9780198845577.001.0001,,isbn:9780198845577
omid:br/061204265141,doi:10.1007/s11104-024-06740-5,,
omid:br/06901006291,doi:10.1021/acs.analchem.0c04512,pmid:33569949,
omid:br/06250512449,doi:10.1523/jneurosci.2926-16.2017,pmid:28450537,
omid:br/0660741995,doi:10.1515/ger-2020-0059,,
omid:br/0680671277,doi:10.1016/j.jpainsymman.2018.03.013,pmid:29551433,
omid:br/0680787064,doi:10.1086/605444,pmid:19673649,
omid:br/061703836758,doi:10.21203/rs.3.rs-2885625/v1,,
omid:br/06704188625,,pmid:26193239,
omid:br/0620724283,doi:10.1016/j.tetlet.2016.03.058,,
omid:br/061702605379,doi:10.3390/geosciences10100392,,
omid:br/061902669842,doi:10.4324/9780203944752,,isbn:9781134142989
omid:br/06201480912,doi:10.1016/j.procs.2020.09.297,,
omid:br/06801047417,doi:10.1002/bms.1200060302,pmid:369632,
omid:br/06110308152,doi:10.2139/ssrn.3411017,,
omid:br/06702196881,doi:10.1007/s40095-020-00340-6,,
omid:br/0660403084,doi:10.2147/ijgm.s20071,pmid:21760748,
omid:br/061201597554,doi:10.15171/ijep.2018.02,,
omid:br/061703743067,,pmid:10516302,
omid:br/062402784189,doi:10.1078/0176-1617-01021,pmid:14658393,
omid:br/062102533107,doi:10.1109/iisa52424.2021.9555569,,
omid:br/0690491833,doi:10.1126/science.1218000,pmid:22301308,
omid:br/06201012008,doi:10.1002/jcb.25178,pmid:25833220,
omid:br/062604373263,doi:10.1016/j.jri.2024.104399,,
omid:br/061601839865,doi:10.1002/bkcs.11939,,
omid:br/06402337512,doi:10.1093/ehjqcco/qcab026,pmid:33831187,
omid:br/062403953124,doi:10.1016/j.trac.2023.117327,,
omid:br/06503554257,doi:10.1038/82931,pmid:11135648,
omid:br/062504377298,doi:10.1016/j.gecco.2024.e02878,,
omid:br/06301447089,doi:10.1007/s13280-011-0156-2,pmid:22338717,
omid:br/06102071845,doi:10.1016/b978-0-12-821199-1.00004-3,,
omid:br/061501550437,doi:10.1109/tpwrd.2003.817499,,
omid:br/0649057376,doi:10.1016/j.jmoldx.2011.08.005,pmid:22074760,
omid:br/061703141578,doi:10.1007/s11213-018-9469-4,,
omid:br/062103045903,doi:10.1073/pnas.1417128111,pmid:25288767,
omid:br/06170456679,doi:10.1186/1471-2466-14-107,pmid:24980161,
omid:br/061101777304,doi:10.1515/hukin-2017-0019,pmid:28469740,
omid:br/06903691297,,pmid:26940011,
omid:br/061202108346,doi:10.1021/ic020365f,pmid:12444789,
omid:br/061302703547,doi:10.1097/01.shk.0000176594.64626.7f,pmid:16247337,
omid:br/06603867735,doi:10.1161/circinterventions.122.011990,pmid:35899618,
omid:br/06801627854,doi:10.3389/fonc.2021.716876,pmid:34631544,
omid:br/06903058752,doi:10.1021/es0018769,pmid:11718341,
omid:br/0613068283,doi:10.1016/j.pbb.2006.06.010,pmid:16887176,
omid:br/062601668586,doi:10.1108/sef-10-2013-0158,,
omid:br/062402676391,doi:10.1021/am200792a,pmid:21812487,
omid:br/062303668779,doi:10.1016/s0022-3476(83)80414-4,pmid:6411884,
omid:br/062301902237,doi:10.21833/ijaas.2021.03.013,,
omid:br/061201186939,doi:10.2174/138161210790883741,pmid:20388080,
omid:br/06602444900,doi:10.1103/physrevlett.91.070402,pmid:12934997,
omid:br/061602880801,doi:10.1007/s10493-014-9772-4,pmid:24509787,
omid:br/06304678645,doi:10.1002/pmic.202400028,,
omid:br/06201109297,doi:10.1016/j.jns.2020.116815,pmid:32335342,
omid:br/062502370494,doi:10.1007/978-3-319-54190-7_31,,
omid:br/062101174460,doi:10.1177/1084822318815446,,
omid:br/061601628402,doi:10.1177/030089160509100617,pmid:16457156,
omid:br/061102678851,doi:10.1177/20543581211009999,pmid:33996109,
omid:br/061803041366,doi:10.1177/02645505211065694,,
omid:br/062502375059,doi:10.1515/psr-2016-0100,,
omid:br/06901538149,doi:10.1371/journal.pone.0160500,pmid:27501314,
omid:br/061501026373,doi:10.1111/jdv.15282,pmid:30317678,
omid:br/0629070267,doi:10.7892/boris.117297,pmid:28040646,
omid:br/0640405208,doi:10.2147/jpr.s351576,pmid:35264882,
omid:br/06210484432,doi:10.1126/science.aan8821,pmid:30190379,
omid:br/0630246509,doi:10.1016/j.molstruc.2010.03.070,,
omid:br/062203309285,doi:10.1016/j.jrp.2007.05.002,,
omid:br/062504369790,doi:10.1016/j.flora.2023.152402,,
omid:br/06703937012,doi:10.2174/1871529x22666220418105506,,
omid:br/062403805581,,pmid:16531639,
omid:br/061102033083,doi:10.1016/j.cellsig.2017.01.013,pmid:28069443,
omid:br/062402654837,doi:10.1007/978-94-017-8628-7_5,,
omid:br/06903068436,doi:10.1016/s0956-7135(99)00116-4,,
omid:br/06140296735,doi:10.4018/ijamc.2020040106,,
omid:br/06110864999,doi:10.1111/j.1365-2133.1996.tb01175.x,pmid:8881688,
omid:br/062503634712,,pmid:3596172,
omid:br/061204170203,doi:10.3920/9789086866663_005,,
omid:br/061402756113,doi:10.5858/2006-130-1654-psohpi,pmid:17076527,
omid:br/06490110647,doi:10.3389/fcvm.2022.1091768,,
omid:br/062401853476,doi:10.1016/j.jasrep.2016.07.024,,
omid:br/0622084868,doi:10.1016/j.jbiomech.2021.110774,pmid:34627073,
omid:br/0690368046,doi:10.1088/0031-9155/56/21/010,pmid:21983644,
omid:br/06602407005,doi:10.3390/jof5010005,pmid:30626083,
omid:br/0610373515,doi:10.1016/s0920-9964(99)00019-5,pmid:10507515,
omid:br/061903532358,doi:10.1136/bmj.323.7321.1091,pmid:11701571,
omid:br/06150209034,doi:10.1080/00036846.2017.1346362,,
omid:br/061903321648,doi:10.1097/md.0000000000014800,pmid:30896623,
omid:br/06170620951,doi:10.1093/mnrasl/slx186,,
omid:br/062601537779,doi:10.1371/journal.pone.0271761,pmid:35867666,
omid:br/061404095499,doi:10.1103/physrevd.109.035025,,
omid:br/061101566401,doi:10.3389/fphys.2012.00245,pmid:22934003,
omid:br/061403449183,doi:10.1016/j.euros.2022.08.004,pmid:36185583,
omid:br/062102175509,doi:10.1093/jncimonographs/lgs012,pmid:22623600,
omid:br/06120983667,doi:10.1016/j.aca.2011.06.023,pmid:21819860,
omid:br/06220289571,doi:10.3389/fpls.2017.01043,pmid:28702033,
omid:br/06250680400,doi:10.21273/hortsci.51.3.262,,
omid:br/061503450349,doi:10.1016/j.procbio.2022.08.020,,
omid:br/06902042580,doi:10.1038/npp.2008.71,pmid:18536707,
omid:br/061803990017,doi:10.1093/ibd/izad111,,
omid:br/061401653666,doi:10.1007/s002880050183,,
omid:br/062601932510,doi:10.1093/ehjdh/ztab050,,
omid:br/0653056846,doi:10.1063/1.3671435,,
omid:br/061402422923,doi:10.1149/2.0051909jss,,
omid:br/061403691251,,pmid:25314781,
omid:br/06180323050,doi:10.2307/2531870,,
omid:br/0620442117,doi:10.1128/jcm.06587-11,pmid:22553244,
omid:br/06303760535,doi:10.1016/j.jmatprotec.2007.04.126,,
omid:br/0670277733,doi:10.3758/bf03210747,pmid:24214809,
omid:br/06302886545,doi:10.1016/b978-0-12-803058-5.00091-6,,
omid:br/061903998371,doi:10.1016/j.tgchem.2023.100008,,
omid:br/06804057723,doi:10.1016/s0014-5793(98)00738-8,pmid:9684879,
omid:br/06170842153,doi:10.1007/s12185-012-1200-0,pmid:23065471,
omid:br/061701331107,doi:10.1016/j.jelekin.2022.102675,pmid:35728511,
omid:br/0650447190,doi:10.3390/s21155247,pmid:34372484,
omid:br/06803155782,doi:10.4049/jimmunol.0900291,pmid:20181893,
omid:br/06290137494,doi:10.1016/j.prp.2023.154716,,
omid:br/06201520239,doi:10.7326/0003-4819-134-6-200103200-00008,pmid:11255519,
omid:br/061502551163,doi:10.1109/vtcfall.2014.6966118,,
omid:br/06120574413,doi:10.1088/1742-6596/100/5/052079,,
omid:br/0630849929,doi:10.1378/chest.126.1.59,pmid:15249443,
omid:br/06602484453,doi:10.1016/s0090-4295(00)00956-0,pmid:11295610,
omid:br/062202158620,doi:10.1111/ijd.15620,pmid:33899931,
omid:br/0651021218,doi:10.1016/j.snb.2021.131357,,
omid:br/06250491921,doi:10.1039/c5ta00158g,,
omid:br/06102793746,doi:10.1016/0304-3835(94)90188-0,pmid:7954348,
omid:br/061502194803,doi:10.1111/jnp.12170,pmid:30156753,
omid:br/061703905194,doi:10.1093/acprof:oso/9780199693498.002.0010,,
omid:br/06110651627,doi:10.3354/cr01186,,
omid:br/06140390749,doi:10.1016/j.jhep.2009.09.002,pmid:19853955,
omid:br/06101758924,doi:10.1103/physrevd.32.1145,,
omid:br/06140384717,doi:10.1007/s00592-017-1052-4,pmid:28929366,
omid:br/062402715962,doi:10.1007/s004050000292,pmid:11271434,
omid:br/062501056855,doi:10.3390/ijerph17197313,pmid:33036376,
omid:br/06203884572,doi:10.47787/pasj.v2i2.16,,
omid:br/06210116960,doi:10.1016/j.bmcl.2018.04.004,pmid:29685657,
omid:br/06903164900,doi:10.1039/c4ce01505c,,
omid:br/06202593389,doi:10.1177/2380084420942171,pmid:32718265,
omid:br/062202103757,doi:10.1016/s0020-1693(00)87745-2,,
omid:br/062403738328,,pmid:2026389,
omid:br/0690203058,doi:10.1093/cercor/bhac007,pmid:35106540,
omid:br/062301241166,doi:10.1016/j.enconman.2015.11.050,,
omid:br/06704315143,doi:10.4103/sja.sja_579_23,,
omid:br/061101438358,doi:10.1061/(asce)0733-9429(2000)126:11(803),,
omid:br/061202998196,doi:10.1109/iros.2011.6094961,,
omid:br/06601143794,doi:10.1002/jmv.25551,pmid:31317547,
omid:br/0670414991,doi:10.1177/0963662515603272,pmid:26386021,
omid:br/061603715647,doi:10.1016/s0140-6736(88)91851-x,pmid:2896877,
omid:br/06470124158,doi:10.1016/j.neurom.2023.08.003,,
omid:br/061903473129,doi:10.3389/fpain.2022.964297,pmid:36147036,
omid:br/061103634383,doi:10.1002/1529-0131(200002)43:2<386::aid-anr19>3.0.co;2-z,pmid:10693879,
omid:br/06110211684,doi:10.1093/jxb/err247,pmid:21841173,
omid:br/06330135382,doi:10.1007/978-3-031-33871-7_8,,
omid:br/062603737678,,pmid:1350004,
omid:br/061603544131,doi:10.3390/ijerph19095400,pmid:35564795,
omid:br/0670969981,doi:10.12688/f1000research.17228.1,pmid:30740215,
omid:br/061103322274,doi:10.1097/00005792-199005000-00004,pmid:2189056,
omid:br/062303322989,doi:10.5479/si.00963801.121-3569.1,,
omid:br/061101676622,doi:10.1007/s100529800970,,
omid:br/06702678393,doi:10.23919/eusipco.2018.8553574,,
omid:br/06302254942,doi:10.1590/s0100-879x2003001000023,pmid:14502379,
omid:br/061703776760,,pmid:24073534,
omid:br/061402836192,doi:10.1016/j.precamres.2013.09.004,,
omid:br/061503907919,doi:10.1016/j.ajog.2023.05.002,,
omid:br/062302179606,doi:10.1002/pon.5296,pmid:31742784,
omid:br/06180400299,doi:10.1016/j.tig.2016.08.006,pmid:27575299,
omid:br/06160689079,doi:10.1080/10496475.2010.481915,,
omid:br/062401611606,doi:10.3390/en14237900,,
omid:br/06430112966,doi:10.22159/ajpcr.2023.v16i3.46609,,
omid:br/06190948220,doi:10.1124/mol.63.2.276,pmid:12527798,
omid:br/062203907794,doi:10.1093/ndt/gfad008,,
omid:br/061702798155,doi:10.1016/j.jplph.2006.07.016,pmid:17074415,
omid:br/062202881505,doi:10.1016/j.quaint.2020.01.013,,
omid:br/061501204753,doi:10.1177/0267323198013004006,,
omid:br/061903763795,doi:10.1023/b:jnmr.0000019252.65073.24,pmid:15014233,
omid:br/06210981604,doi:10.1111/j.1365-294x.1997.tb00143.x,,
omid:br/062104209238,doi:10.3389/fpubh.2024.1347825,,
omid:br/06601362194,doi:10.2307/2577930,,
omid:br/0650572497,doi:10.1080/13675567.2022.2026904,,
omid:br/06303306047,doi:10.1016/j.molcata.2009.05.008,,
omid:br/061102545755,doi:10.1016/b978-0-444-53802-4.00206-2,,
omid:br/06304421406,doi:10.1001/jamanetworkopen.2023.26885,,
omid:br/06403907252,doi:10.1136/jnnp.73.1.40,pmid:12082043,
omid:br/06401672872,doi:10.1063/1.3592786,pmid:21639428,
omid:br/062204380334,doi:10.1016/j.snb.2024.136011,,
omid:br/06303768965,doi:10.1109/iros.2005.1545405,,
omid:br/0645067726,doi:10.1021/acsami.2c12939,,
omid:br/06803923269,doi:10.1103/physrevd.64.112004,,
omid:br/06203857607,doi:10.1097/mpg.0000000000003528,pmid:35706089,
omid:br/062401102854,doi:10.1161/circulationaha.113.001696,pmid:24334176,
omid:br/06101764650,doi:10.1061/(asce)0733-9445(1987)113:8(1688),,
omid:br/06102852257,doi:10.1093/humupd/7.1.65,pmid:11212077,
omid:br/06501263685,doi:10.1136/thoraxjnl-2019-213142,pmid:32094154,
omid:br/06304165766,doi:10.1016/s0300-9084(00)88878-1,pmid:9893942,
omid:br/062102693657,doi:10.1016/j.bcp.2004.11.006,pmid:15670580,
omid:br/061901631352,doi:10.4014/jmb.1501.01006,pmid:25639720,
omid:br/06402408576,doi:10.1002/chem.200700512,pmid:17676573,
omid:br/061703401421,doi:10.1093/jhered/esg077,pmid:14557390,
omid:br/062601445762,doi:10.3390/ijms20102548,pmid:31137618,
omid:br/061302878300,doi:10.1007/s10337-018-3495-3,,
omid:br/06601811190,doi:10.1159/000028022,pmid:9732232,
omid:br/06402154573,doi:10.1038/nmeth.2062,pmid:22660741,
omid:br/062601401970,doi:10.1021/jo00361a012,,
omid:br/06401898304,doi:10.1109/cvpr.2019.00985,,
omid:br/06160789798,doi:10.1016/j.soilbio.2015.07.009,,
omid:br/062101796990,doi:10.1038/mt.2008.54,pmid:18388915,
omid:br/062301420706,doi:10.3390/molecules14093411,pmid:19783934,
omid:br/0606811915,doi:10.17721/fujcv12i1p180-182,,
omid:br/0650735025,doi:10.1007/s11033-021-06847-3,pmid:34677714,
omid:br/06220822870,doi:10.1016/j.cbpb.2017.05.004,pmid:28529085,
omid:br/06504399960,doi:10.1177/15347354221149992,,
omid:br/061604186990,doi:10.1007/s41207-024-00654-5,,
omid:br/062101316716,doi:10.1104/pp.106.084871,pmid:16905669,
omid:br/062303077628,doi:10.1039/b516457e,pmid:17191451,
omid:br/061501591405,doi:10.1111/j.1748-1716.1987.tb08117.x,pmid:3591383,
omid:br/06201731243,doi:10.3847/1538-3881/abefd0,,
omid:br/0670454650,doi:10.1017/s1754470x20000495,,
omid:br/06170949598,doi:10.1124/mol.107.042846,pmid:18212250,
omid:br/06480169797,doi:10.1016/j.csl.2023.101483,,
omid:br/061103955094,doi:10.3390/brainsci13040569,,
omid:br/061602875632,doi:10.1016/j.diagmicrobio.2010.02.006,pmid:20462726,
omid:br/06204292568,doi:10.5772/23197,,
omid:br/06150344743,doi:10.1016/j.metabol.2013.09.007,pmid:24140093,
omid:br/06803729813,doi:10.1023/b:jolt.0000041275.16029.66,,
omid:br/06302284468,doi:10.1016/0003-4916(64)90303-3,,
omid:br/06904438358,doi:10.1007/s10479-024-05905-w,,
omid:br/06603084540,doi:10.1002/cbic.200900192,pmid:19514039,
omid:br/061501051116,doi:10.1021/ma070772g,,
omid:br/06502873498,doi:10.1016/j.expthermflusci.2014.01.003,,
omid:br/06301743065,doi:10.1103/physrevc.85.054307,,
omid:br/061401279931,doi:10.1016/j.ejim.2005.10.009,pmid:16490689,
omid:br/06404653186,doi:10.1016/j.aquaculture.2023.740479,,
omid:br/06201744060,doi:10.1103/physrevc.88.024614,,
omid:br/061802217381,doi:10.1016/j.humpath.2009.10.027,pmid:20398809,
omid:br/061301070669,doi:10.1016/j.conbuildmat.2020.118148,,
omid:br/06801833425,doi:10.1007/jhep07(2014)068,,
omid:br/06703698551,doi:10.1111/j.1567-1364.2006.00085.x,pmid:16696656,
omid:br/061303722287,,pmid:9706473,
omid:br/06160332470,doi:10.4310/jdg/1090426771,,
omid:br/061102910733,doi:10.1075/tsl.65.06hoo,,
omid:br/06401772183,doi:10.1016/j.soard.2021.04.015,pmid:34031009,
omid:br/06803795509,doi:10.1109/smc42975.2020.9282876,,
omid:br/0625077601,doi:10.1074/jbc.274.17.12129,pmid:10207040,
omid:br/061501752496,doi:10.1097/pec.0000000000001894,pmid:31348207,
omid:br/06904359852,doi:10.1097/pap.0000000000000452,,
omid:br/062503817339,,pmid:12611624,
omid:br/061403105936,doi:10.1177/1352458509358090,pmid:20203148,
omid:br/0670419065,doi:10.1111/j.1440-1827.1986.tb01468.x,pmid:3962671,
omid:br/06803034851,doi:10.1007/s11148-019-00315-z,,
omid:br/061102073316,doi:10.7566/jpsj.88.061003,,
omid:br/062401690134,doi:10.2340/00015555-3929,pmid:34515801,
omid:br/061702420730,doi:10.1063/1.872465,,
omid:br/06703297951,doi:10.1075/slcs.7.39vin,,
omid:br/06501375295,doi:10.1142/s0218301311020459,,
omid:br/06220756798,doi:10.1152/ajpheart.00571.2008,pmid:18708445,
omid:br/065081566,doi:10.1016/s0021-9258(19)45587-7,,
omid:br/0650300300,doi:10.1186/s12966-021-01228-2,pmid:35120544,
omid:br/06190263838,doi:10.1016/j.telpol.2018.09.005,,
omid:br/06803456047,doi:10.1016/s0308-8146(00)00166-7,,
omid:br/061204154746,doi:10.3390/life14121550,,
omid:br/062301864466,doi:10.1093/jac/dkl268,pmid:16816398,
omid:br/06240920542,doi:10.1006/jcph.1996.0136,,
omid:br/061902709899,doi:10.1103/physreve.86.046210,pmid:23214666,
omid:br/062601026133,doi:10.1002/etc.2315,pmid:23787921,
omid:br/061903898034,doi:10.1016/j.heliyon.2023.e19697,,
omid:br/061501875603,doi:10.1007/s11119-009-9152-y,,
omid:br/061401931794,doi:10.1049/el:19990567,,
omid:br/06704324115,doi:10.1111/soru.12431,,
omid:br/062304364638,doi:10.1001/jama.2024.1416,,
omid:br/062301774249,doi:10.1103/physreva.97.013635,,
omid:br/062501094390,doi:10.1002/jsfa.3418,,
omid:br/061302176346,doi:10.1155/2020/8822321,pmid:33381270,
omid:br/061603050162,doi:10.1128/mcb.01004-12,pmid:23530060,
omid:br/062601918582,doi:10.1016/j.paid.2006.07.006,,
omid:br/062203963049,doi:10.21203/rs.3.rs-2731960/v1,,
omid:br/06104190876,doi:10.1016/s0889-5406(94)70075-3,pmid:7977193,
omid:br/061083529,doi:10.1074/jbc.274.16.11408,pmid:10196234,
omid:br/061802679739,doi:10.1007/s10950-009-9179-6,,
omid:br/0650553891,doi:10.1097/00006254-199303000-00013,pmid:1515891,
omid:br/06204062884,,pmid:4141983,
omid:br/06703556156,doi:10.1109/milcom.2010.5680104,,
omid:br/061701557368,doi:10.4028/www.scientific.net/msf.437-438.249,,
omid:br/0680246250,doi:10.1512/iumj.1981.30.30039,,
omid:br/0612065861,doi:10.1016/j.cofs.2014.07.001,,
omid:br/062303514247,doi:10.1021/acs.chemmater.2c01567,pmid:35965891,
omid:br/06702575530,doi:10.1016/j.jpba.2022.114659,pmid:35182831,
omid:br/062101174430,doi:10.2340/16501977-1928,pmid:25650017,
omid:br/061901375248,doi:10.1136/jnnp.2003.029165,pmid:15607991,
omid:br/06180694071,doi:10.7759/cureus.8224,pmid:32582485,
omid:br/062201831962,doi:10.1016/s0944-5013(97)80039-0,,
omid:br/062401607265,doi:10.1039/a801494i,,
omid:br/06602758457,doi:10.2139/ssrn.560622,,
omid:br/062104341627,doi:10.1002/vjch.202300396,,
omid:br/0660484601,doi:10.1126/science.1224664,pmid:23599486,
omid:br/061402706380,doi:10.1016/j.elecom.2019.106553,,
omid:br/06402993955,doi:10.2307/1519769,,
omid:br/062101316726,doi:10.1104/pp.106.085506,pmid:16891549,
omid:br/06140277079,doi:10.1111/pace.13709,pmid:31037747,
omid:br/06901155263,doi:10.3345/cep.2021.00605,pmid:34607406,
omid:br/0630672975,doi:10.1016/j.ijrobp.2014.07.016,pmid:25245585,
omid:br/06160624885,doi:10.1016/j.gendis.2016.03.005,pmid:30258881,
omid:br/061501432245,doi:10.1016/j.ccl.2013.03.008,pmid:23743079,
omid:br/061102454142,doi:10.1016/s0550-3213(99)00778-6,,
omid:br/06160595566,doi:10.1093/eurheartj/ehl556,,
omid:br/06601677470,doi:10.1140/epjc/s10052-016-4297-0,,
omid:br/06902584330,doi:10.1016/b978-0-12-176850-8.50007-x,,
omid:br/06503020275,doi:10.1038/ng.3598,pmid:27322543,
omid:br/06340470265,doi:10.1016/j.ccl.2024.03.001,,
omid:br/061601547921,doi:10.1021/ja028951v,pmid:12603125,
omid:br/06201460178,doi:10.2222/jsv.58.19,pmid:19122385,
omid:br/06140578526,doi:10.1177/0146645317746010,,
omid:br/061201531478,doi:10.1021/ja058772o,pmid:16620081,
omid:br/061603506674,doi:10.1103/physrevlett.23.372,,
omid:br/061801199194,doi:10.1002/qj.49711046407,,
omid:br/06903603080,doi:10.1210/en.135.1.135,,
omid:br/0660857927,doi:10.1093/rheumatology/keaa586,pmid:33159800,
omid:br/061601754018,doi:10.1016/j.ejso.2007.05.004,pmid:17590564,
omid:br/06501028643,doi:10.3109/10253890.2012.751369,pmid:23167763,
omid:br/061101565302,doi:10.3389/fphar.2021.703279,pmid:34803668,
omid:br/0660654608,doi:10.1016/j.rse.2014.10.019,,
omid:br/061401796721,doi:10.1093/mnras/stab3197,,
omid:br/06403556190,doi:10.1007/bfb0093708,,
omid:br/06504728193,doi:10.1097/jsm.0000000000001193,,
omid:br/06801632222,doi:10.1016/j.orcp.2011.09.004,pmid:24331776,
omid:br/062304409378,doi:10.1371/journal.pone.0312408,,
omid:br/06603044191,doi:10.1016/0375-9474(69)90582-x,,
omid:br/061202808610,doi:10.1029/gl013i002p00121,,
omid:br/061901063175,doi:10.1016/j.watres.2010.07.079,pmid:20732707,
omid:br/062301779238,doi:10.1182/blood-2018-99-115393,,
omid:br/0670953743,doi:10.1046/j.1526-4610.2003.03034.x,pmid:12558771,
omid:br/06203360875,doi:10.1016/b978-0-12-407766-9.00012-2,pmid:23374721,
omid:br/062101314050,doi:10.1007/s10870-007-9285-7,,
omid:br/061702010080,doi:10.1090/pspum/076.1,,isbn:9780821893821
omid:br/062201421362,doi:10.1109/tii.2012.2205391,,
omid:br/06103574799,doi:10.1111/ffe.13026,,
omid:br/062203983118,doi:10.1111/jocn.16632,,
omid:br/061202208419,doi:10.1016/j.jpba.2016.05.018,pmid:27281580,
omid:br/06160848662,doi:10.1179/016164103101201977,pmid:14503022,
omid:br/06704171216,,pmid:19149073,
omid:br/061702598158,doi:10.1007/s40278-015-1332-0,,
omid:br/061201516596,doi:10.1371/journal.pone.0133511,pmid:26208101,
omid:br/06403520230,doi:10.17116/kurort20219802165,pmid:33899454,
omid:br/061301084298,doi:10.1007/s00270-015-1167-3,pmid:26148648,
omid:br/0630260081,doi:10.1186/s13550-017-0336-6,pmid:29067565,
omid:br/062402087448,doi:10.2105/ajph.2019.305240,pmid:31415193,
omid:br/0670214960,doi:10.1016/j.apacoust.2005.04.008,,
omid:br/0660754757,doi:10.1007/s00442-014-3101-9,pmid:25288056,
omid:br/06220604114,doi:10.1111/j.1574-6968.1995.tb07926.x,pmid:8586258,
omid:br/061203119544,doi:10.1177/1352458517711774,pmid:28537100,
omid:br/06260180008,doi:10.1021/acs.energyfuels.1c01726,,
omid:br/061802621009,doi:10.1016/j.nuclphysa.2010.01.197,,
omid:br/061403646075,doi:10.1002/(sici)1097-0215(19970917)72:6<1021::aid-ijc17>3.0.co;2-7,pmid:9378536,
omid:br/068083486,doi:10.1128/jb.00022-14,pmid:24633873,
omid:br/0610356076,doi:10.1038/nature18271,pmid:27225126,
omid:br/06601173192,doi:10.1037/sgd0000293,,
omid:br/062104032406,doi:10.11405/nisshoshi.106.346,,
omid:br/06304091600,,pmid:1695316,
omid:br/0650568124,doi:10.1103/physrevd.104.103501,,
omid:br/0660833454,doi:10.1038/ki.1995.323,pmid:7564122,
omid:br/061802428235,doi:10.2169/internalmedicine.49.3061,pmid:20371953,
omid:br/061904235845,doi:10.1017/9781009105002.020,,
omid:br/06301419031,doi:10.5435/00124635-199611000-00002,pmid:10797197,
omid:br/06901890617,doi:10.1002/j.1460-2075.1996.tb00380.x,,
omid:br/0640946557,doi:10.1021/jf9701704,,
omid:br/0670596086,doi:10.1093/eurheartj/ehu506,pmid:25549725,
omid:br/06702565630,doi:10.1155/2014/531979,pmid:24895586,
omid:br/061803498533,doi:10.1103/physrevlett.129.173201,,
omid:br/062501141888,doi:10.1093/oxfordjournals.molbev.a004153,pmid:12032252,
omid:br/06130170121,doi:10.1158/1535-7163.mct-11-0278,pmid:21825006,
omid:br/062501511723,doi:10.1371/journal.pone.0245854,pmid:33481904,
omid:br/0650426599,doi:10.1016/j.arth.2021.10.028,pmid:34742874,
omid:br/061101353627,doi:10.5301/jbm.2008.12,pmid:11936587,
omid:br/06801765903,doi:10.1016/j.canrad.2021.08.001,pmid:34862133,
omid:br/06240664747,doi:10.1016/s0092-8674(00)81307-0,pmid:8674113,
omid:br/062101482413,doi:10.1080/01621459.1986.10478302,,
omid:br/06110618049,doi:10.1172/jci116821,pmid:8227334,
omid:br/061702193104,doi:10.1053/j.jrn.2011.10.035,pmid:22200426,
omid:br/061402715460,doi:10.1007/978-3-642-19644-7_5,,
omid:br/06170597066,doi:10.1007/s12032-014-0981-9,pmid:24798876,
omid:br/061302015490,doi:10.1038/s41375-018-0041-0,pmid:29674643,
omid:br/062303259071,doi:10.1016/s1874-6020(96)80006-1,,
omid:br/06110554822,doi:10.1089/152702901750265305,pmid:11443001,
omid:br/061901059046,doi:10.1007/s13341-011-0095-3,,
omid:br/06602021291,doi:10.1183/13993003.congress-2020.3780,,
omid:br/062401567512,doi:10.1111/j.0954-6820.1982.tb03164.x,pmid:7124458,
omid:br/06403303125,doi:10.1038/s41574-019-0194-6,pmid:30899100,
omid:br/062403700401,,pmid:9663263,
omid:br/06140742663,doi:10.1007/s00442-004-1743-8,pmid:15538635,
omid:br/062103051064,doi:10.1007/978-3-642-05301-6_4,,
omid:br/062402113852,doi:10.5402/2011/523617,,
omid:br/061201584743,doi:10.1007/s00707-017-2092-0,,
omid:br/06801258497,doi:10.1097/wad.0000000000000040,pmid:24731982,
omid:br/06601739964,doi:10.1088/0004-637x/813/2/108,,
omid:br/06202136144,doi:10.1536/ihj.19-654,pmid:32684595,
omid:br/06801360533,doi:10.1016/j.cjco.2021.02.006,pmid:34401702,
omid:br/06503467287,doi:10.1002/hep.27822,pmid:25833323,
omid:br/062101417279,doi:10.3390/ijms21041233,pmid:32059471,
omid:br/06190431173,doi:10.1016/j.jcrc.2014.05.014,pmid:24973100,
omid:br/062602253154,doi:10.1016/j.apr.2020.08.009,,
omid:br/06240995013,doi:10.1007/s10531-016-1271-y,,
omid:br/06401605909,doi:10.1007/bf00293458,pmid:2028742,
omid:br/061403067406,doi:10.1007/s11270-012-1261-y,,
omid:br/06603088562,doi:10.1007/s00167-021-06740-3,pmid:34564737,
omid:br/061502696645,doi:10.1007/s00268-015-2943-6,pmid:25585524,
omid:br/06160604373,doi:10.1143/jjap.49.04da09,,
omid:br/06230878456,doi:10.1016/j.ejvs.2012.07.014,pmid:22863897,
omid:br/061501892424,doi:10.1016/0191-8141(80)90023-1,,
omid:br/06340549447,doi:10.18016/ksutarimdoga.vi.1317966,,
omid:br/06402285645,doi:10.1007/978-981-15-8249-3_7,,
omid:br/0640897584,doi:10.1016/j.lungcan.2008.12.023,pmid:19185950,
omid:br/062303517978,doi:10.3748/wjg.v28.i39.5666,,
omid:br/061301665363,doi:10.1140/epjc/s2005-02234-9,,
omid:br/06150287811,doi:10.3389/fpsyg.2021.620307,pmid:33688857,
omid:br/06230989883,doi:10.1097/00000542-199207000-00002,pmid:1610007,
omid:br/06501655598,doi:10.3109/14653249.2011.623827,pmid:21999372,
omid:br/06190549001,doi:10.1038/sc.2016.25,pmid:27001130,
omid:br/061101048506,doi:10.1016/j.lithos.2021.105971,,
omid:br/062501706276,doi:10.3389/fnins.2022.884475,pmid:35585922,
omid:br/06803433979,doi:10.1111/j.1432-2277.2006.00265.x,pmid:16441767,
omid:br/062601045340,doi:10.1007/s10334-020-00869-x,pmid:32734525,
omid:br/06603132894,doi:10.14202/vetworld.2021.1564-1571,pmid:34316204,
omid:br/061401508102,doi:10.1371/journal.pone.0083570,pmid:24349531,
omid:br/061901725719,doi:10.1051/0004-6361/201629926,,
omid:br/06401305176,doi:10.1016/0925-8388(94)90189-9,,
omid:br/062101804288,doi:10.3390/cells11111837,pmid:35681532,
omid:br/061701879281,doi:10.1016/j.cej.2018.11.065,,
omid:br/06104209895,,pmid:15709173,
omid:br/06103129299,doi:10.1016/j.bbrc.2011.12.111,pmid:22226908,
omid:br/062401683144,doi:10.1109/tia.2019.2915186,,
omid:br/06502765756,doi:10.1016/j.trpro.2019.05.047,,
omid:br/06401640424,doi:10.1007/s00430-020-00676-0,pmid:32424440,
omid:br/06804710124,doi:10.1007/s12311-024-01734-6,,
omid:br/06901308437,doi:10.1007/bf00207509,pmid:8862513,
omid:br/061902072543,doi:10.1007/978-3-030-28364-3_44,,
omid:br/0620415264,doi:10.1007/s10529-020-03054-1,pmid:33534014,
omid:br/062503036231,doi:10.1016/j.foodchem.2016.04.096,pmid:27211639,
omid:br/06180410829,doi:10.1016/j.ijsolstr.2013.11.021,,
omid:br/061803434129,doi:10.1109/tvt.2022.3198090,,
omid:br/06250675030,doi:10.1080/00221309.2014.994590,pmid:25832738,
omid:br/061303178167,doi:10.1016/b978-84-8086-310-0.50041-5,,
omid:br/061401507904,doi:10.1182/blood.v122.21.3509.3509,pmid:24358370,
omid:br/062602794179,doi:10.1016/j.ejmech.2018.08.051,pmid:30282317,
omid:br/0670998484,doi:10.1097/aln.0b013e3182a9521b,pmid:24047858,
omid:br/061802193848,doi:10.1016/j.amjsurg.2018.11.019,pmid:30503514,
omid:br/061303650236,doi:10.3168/jds.s0022-0302(95)76823-0,pmid:8550907,
omid:br/062102018385,doi:10.1016/j.ssmph.2019.100440,pmid:31334324,
omid:br/0670214014,doi:10.1016/j.apacoust.2012.09.002,,
omid:br/06803081575,doi:10.1002/fuce.200900129,,
omid:br/063097382,doi:10.1002/humu.21351,pmid:20809526,
omid:br/061502603862,doi:10.3390/ani9070392,pmid:31252603,
omid:br/0618091932,doi:10.2136/sssaj2009.0022,,
omid:br/061402776614,doi:10.1002/elps.200305440,pmid:12900887,
omid:br/061501624395,doi:10.3143/geriatrics.58.175,pmid:34039791,
omid:br/061802087362,doi:10.1111/j.1538-7836.2004.00983.x,pmid:15550051,
omid:br/06501712586,doi:10.3389/fsufs.2022.934552,,
omid:br/06102597476,doi:10.1155/2016/1680464,pmid:27239470,
omid:br/0613094040,doi:10.2903/sp.efsa.2018.en-1491,,
omid:br/061501286017,doi:10.1097/hjh.0b013e3283449512,pmid:21330934,
omid:br/06220664274,doi:10.1016/j.ijrobp.2007.01.052,pmid:17446002,
omid:br/062602698599,doi:10.1007/s00701-006-1074-0,pmid:17195048,
omid:br/061804187010,doi:10.1093/mnras/stad3628,,
omid:br/06180470494,doi:10.1002/path.1711720404,pmid:8207610,
omid:br/06704716910,doi:10.1016/j.jenvman.2024.122093,,
omid:br/0660500594,doi:10.1094/phyto.1998.88.2.114,pmid:18944979,
omid:br/06120362527,doi:10.1007/s10822-011-9464-7,pmid:21822722,
omid:br/0650846177,doi:10.1016/j.snb.2017.11.023,,
omid:br/0632034020,doi:10.1002/14651858.cd005376.pub3,pmid:25803231,
omid:br/06402257937,doi:10.1002/j.1460-2075.1984.tb02047.x,pmid:6090127,
omid:br/06601166172,doi:10.1007/s12149-008-0162-z,pmid:18982472,
omid:br/0629077417,doi:10.1177/03946320231197592,,
omid:br/06804860196,doi:10.1007/978-3-658-39759-3_28-1,,
omid:br/06801043804,doi:10.1016/j.reactfunctpolym.2010.04.006,,
omid:br/062503448015,doi:10.1080/2331186x.2022.2109798,,
omid:br/06102692745,doi:10.1101/606947,,
omid:br/062401076767,doi:10.1142/s0219519415400126,,
omid:br/061101444598,doi:10.1061/jyceaj.0005087,,
omid:br/061802367229,doi:10.1109/ifeec.2017.7992101,,
omid:br/06110224408,doi:10.1167/iovs.08-2494,pmid:18936143,
omid:br/06903711069,,pmid:12555993,
omid:br/061703078665,doi:10.1016/j.autcon.2019.102892,,
omid:br/06380181764,doi:10.2307/jj.3102562.13,,
omid:br/061501541664,doi:10.1021/ja00750a017,,
omid:br/06110930681,doi:10.1016/j.ajpath.2012.08.012,pmid:23026200,
omid:br/062302024059,doi:10.1046/j.1460-9592.2003.01138.x,pmid:14996259,
omid:br/062402183761,doi:10.1007/978-981-13-0347-0_8,,
omid:br/062201211798,doi:10.1016/j.beth.2009.07.002,pmid:20569788,
omid:br/0646095128,doi:10.1007/s10989-023-10507-4,,
omid:br/0670624271,doi:10.4274/nkmj.galenos.2021.46362,,
omid:br/062603225160,doi:10.1016/s0070-4571(09)06103-2,,
omid:br/061102174414,doi:10.1016/s0921-8009(97)00100-6,,
omid:br/06403965019,doi:10.1016/j.ijdrr.2022.103370,,
omid:br/06230967614,doi:10.2337/diacare.24.8.1348,pmid:11473068,
omid:br/06130686627,doi:10.1111/cen.14181,pmid:32160329,
omid:br/061102353760,doi:10.1016/b978-0-12-812774-2.00002-x,,
omid:br/062402154321,doi:10.1016/j.msea.2016.12.065,,
omid:br/06701200120,doi:10.1111/j.1552-6909.1996.tb02580.x,pmid:8708835,
omid:br/06140219888,doi:10.1007/s00343-020-0241-0,,
omid:br/062301173349,doi:10.1080/14737159.2020.1680287,pmid:31608732,
omid:br/062202834976,doi:10.1007/978-94-011-7241-7_15,,
omid:br/062303535978,doi:10.1039/d2tb01987f,,
omid:br/062501352161,doi:10.1016/j.febslet.2007.05.030,pmid:17531227,
omid:br/0639030789,doi:10.1016/j.jml.2020.104092,,
omid:br/061301802846,doi:10.1108/jkm-03-2020-0231,,
omid:br/06101826956,doi:10.1021/acs.cgd.0c01636,,
omid:br/0690224830,doi:10.1186/cc10305,pmid:21745374,
omid:br/06130787348,doi:10.1002/cncr.11049,pmid:12491500,
omid:br/06140175588,doi:10.1016/j.exer.2016.06.021,pmid:27373974,
omid:br/06360158784,doi:10.3390/cancers15102848,,
omid:br/061504311263,doi:10.1016/j.euo.2023.09.020,,
omid:br/06101830600,doi:10.1088/1367-2630/ab7bd3,,
omid:br/061703544110,doi:10.1016/j.clgc.2022.11.001,,
omid:br/06403283321,doi:10.1039/c3cs60139k,pmid:23788027,
omid:br/061402748078,doi:10.1007/978-1-61779-968-6_34,pmid:22886275,
omid:br/061101173053,doi:10.1016/0079-6786(75)90002-3,,
omid:br/062603471805,doi:10.3390/ijerph191610406,pmid:36012045,
omid:br/06801449443,doi:10.1007/s00415-021-10738-9,pmid:34351472,
omid:br/0612079542,doi:10.1016/s0021-9258(17)30443-x,,
omid:br/0629065376,doi:10.1038/s41396-021-01084-9,pmid:34482372,
omid:br/06140225425,doi:10.1128/iai.05408-11,pmid:21730088,
omid:br/0660660653,doi:10.1016/j.eswa.2022.117827,,
omid:br/06340516527,doi:10.1057/s41599-024-03767-y,,
omid:br/06203711412,doi:10.1097/ftd.0b013e3181b7a9d0,pmid:19704402,
omid:br/06201571349,doi:10.1097/wnf.0b013e318288076a,pmid:23673909,
omid:br/06210970041,doi:10.1016/j.neubiorev.2020.04.024,pmid:32376243,
omid:br/0650890466,doi:10.1007/978-3-031-10684-2_9,,
omid:br/06804330249,doi:10.36660/abchf.20220055,,
omid:br/061502183873,doi:10.1007/978-3-030-01370-7_68,,
omid:br/06603482676,doi:10.4324/9780203453568,,isbn:9781135718718
omid:br/06340393596,doi:10.1101/2024.02.02.578521,,
omid:br/06602016618,doi:10.1016/s0167-2991(06)80939-0,,
omid:br/062501855622,doi:10.1126/stke.2002.120.pe8,pmid:11854537,
omid:br/062203778748,doi:10.1016/s1472-9792(02)00089-6,pmid:12758196,
omid:br/06250612333,doi:10.1172/jci6094,pmid:10393693,
omid:br/061603017962,doi:10.1002/9780471264194.fos02832.pub4,,
omid:br/06702565827,doi:10.1155/2014/947513,pmid:24987705,
omid:br/061102398846,doi:10.2217/rme.12.13,pmid:22594326,
omid:br/0611061661,doi:10.1007/978-3-662-21642-2,,isbn:9783540550402
omid:br/06104097616,doi:10.1016/s0024-3205(00)00865-1,pmid:11106002,
omid:br/06203455441,doi:10.1016/j.envres.2020.109275,pmid:32105887,
omid:br/06804229989,,pmid:50887,
omid:br/06402320570,doi:10.1016/j.psyneuen.2016.08.002,pmid:27501128,
omid:br/0650737396,doi:10.3280/tr2013-067005,,
omid:br/06150750182,doi:10.1016/s0029-7844(02)03119-8,pmid:12636964,
omid:br/06110202530,doi:10.1055/s-0030-1250577,pmid:21432758,
omid:br/061101740078,doi:10.1088/0004-637x/690/2/1866,,
omid:br/061303511338,doi:10.1007/s13562-022-00811-3,,
omid:br/061502291284,doi:10.24963/ijcai.2019/657,,
omid:br/061603335200,doi:10.1509/jmkr.38.1.119.18825,,
omid:br/061902150577,doi:10.1139/apnm-2021-0273,pmid:34516928,
omid:br/06170735796,doi:10.1016/j.poly.2019.02.041,,
omid:br/061901008619,doi:10.1016/j.mri.2018.07.010,pmid:30053430,
omid:br/062203444559,doi:10.1002/adfm.202208404,,
omid:br/062103917453,doi:10.1109/access.2022.3233474,,
omid:br/06250784384,doi:10.1177/1758835920915302,pmid:32426045,
omid:br/061601995072,doi:10.1097/gox.0000000000000452,pmid:26495205,
omid:br/06201145189,doi:10.1364/ol.32.002966,pmid:17938668,
omid:br/062601902891,doi:10.1016/j.cej.2013.11.007,,
omid:br/06703012541,doi:10.17169/refubium-2209,pmid:29615815,
omid:br/061201066160,doi:10.1016/j.plefa.2007.03.001,pmid:17466497,
omid:br/06504382778,doi:10.1103/physreva.107.032220,,
omid:br/06260187214,doi:10.1137/16m1070773,,
omid:br/06102357278,doi:10.1007/s40123-019-00227-8,pmid:31907843,
omid:br/061501637789,doi:10.15252/embr.202152649,pmid:34224210,
omid:br/0610936945,doi:10.1309/ajcp74xgrfwtflju,pmid:19926579,
omid:br/061702028468,doi:10.1007/bf02740677,pmid:7576309,
omid:br/061103610754,,pmid:1007794,
omid:br/061901041674,doi:10.1177/1076029609332111,pmid:19223281,
omid:br/061503036527,doi:10.1002/bsl.2086,pmid:24123245,
omid:br/06801512831,doi:10.1016/j.beha.2008.06.005,pmid:19041606,
omid:br/061072141,doi:10.1002/jcu.23044,pmid:34245032,
omid:br/06703123421,doi:10.1007/s00198-014-2773-7,pmid:25001982,
omid:br/061702883377,doi:10.5794/jjoms.62.466,,
omid:br/06401026222,doi:10.1186/gb-2012-13-9-r48,pmid:22950945,
omid:br/0630777861,doi:10.1152/jappl.1993.75.6.2471,pmid:7510278,
omid:br/06702427310,doi:10.2522/ptj.20110398,pmid:22577068,
omid:br/061804334201,doi:10.1002/cey2.545,,
omid:br/06101861745,doi:10.1177/1708538112473967,pmid:23518838,
omid:br/06220184767,doi:10.3791/53776-v,pmid:27285612,
omid:br/062402280486,doi:10.4018/978-1-5225-9254-9.ch003,,
omid:br/06203338662,doi:10.1109/ecce.2013.6647216,,
omid:br/06904002486,doi:10.1111/ffe.13989,,
omid:br/06801613227,doi:10.1134/s0030400x07030186,,
omid:br/0670125072,doi:10.1002/cite.202100170,,
omid:br/06230179198,doi:10.1128/ec.00186-09,pmid:19915077,
omid:br/06102539343,doi:10.1519/r-14793.1,pmid:15705021,
omid:br/0610524396,doi:10.1016/s1001-0742(11)60760-2,pmid:22655379,
omid:br/06120592748,doi:10.3390/biology9110406,pmid:33218092,
omid:br/061401910987,doi:10.1007/s12254-019-0513-6,,
omid:br/062201944236,doi:10.1155/2015/692408,pmid:25585348,
omid:br/062101478460,doi:10.1016/j.molliq.2019.04.102,,
omid:br/06803254898,doi:10.1002/mabi.201600297,pmid:27679986,
omid:br/061203925131,doi:10.1016/j.oneear.2023.02.012,,
omid:br/06803237825,doi:10.1155/2014/563787,,
omid:br/06260963070,doi:10.1080/00268976.2010.524169,,
omid:br/06704730704,doi:10.2147/dddt.s473007,,
omid:br/06120482625,doi:10.1126/science.1098650,pmid:15286372,
omid:br/06503156998,doi:10.1016/j.jisa.2020.102725,,
omid:br/061103001459,doi:10.1109/ita.2012.6181826,,
omid:br/061703512577,doi:10.1126/science.296.5566.305,pmid:11951033,
omid:br/06103690875,doi:10.1101/2021.01.25.21250099,,
omid:br/061304278123,doi:10.1055/s-0044-1789223,,
omid:br/061701789575,doi:10.1182/blood.v94.1.192.413k22_192_198,,
omid:br/062603164697,doi:10.1099/ijs.0.02722-0,pmid:14742467,
omid:br/06240395732,doi:10.2147/dmso.s251780,pmid:32765029,
omid:br/06501518337,doi:10.6002/ect.25liver.l9,pmid:24635783,
omid:br/06504196044,,pmid:9686327,
omid:br/06601515043,doi:10.1016/j.bpg.2014.07.005,pmid:25194177,
omid:br/06502579253,doi:10.1176/appi.ajp.2007.06101645,pmid:17728424,
omid:br/061401487855,doi:10.2466/pms.1995.81.3f.1315,pmid:8684933,
omid:br/061401729771,doi:10.1021/la1049716,pmid:21275405,
omid:br/06210968949,doi:10.2337/diacare.25.11.2109,pmid:12401771,
omid:br/06702474395,doi:10.1021/ic50150a046,,
omid:br/06210597459,doi:10.1007/s12020-012-9688-x,pmid:22581254,
omid:br/06220778458,doi:10.1111/j.1539-6924.2012.01810.x,pmid:22548249,
omid:br/062603510971,doi:10.1073/pnas.132252399,pmid:12084934,
omid:br/061403502032,doi:10.1103/physrevd.49.6115,pmid:10016937,
omid:br/062202000903,doi:10.3389/fnmol.2020.00133,pmid:32848598,
omid:br/06190570248,doi:10.1103/physrevd.98.044037,,
omid:br/06401662877,doi:10.7150/jca.49176,pmid:33391442,
omid:br/06170158016,doi:10.1042/bsr20190547,pmid:31023964,
omid:br/061602875602,doi:10.1016/j.diagmicrobio.2010.03.008,pmid:20638602,
omid:br/0620950128,doi:10.1080/00268970600805304,,
omid:br/062402957154,doi:10.2514/6.2011-6883,,
omid:br/06403525606,doi:10.1111/pirs.12094,,
omid:br/0610100742,doi:10.1002/humu.24056,pmid:32449975,
omid:br/06602403077,doi:10.1038/npp.2016.237,pmid:27748740,
omid:br/06110459681,doi:10.1007/s11060-019-03253-5,pmid:31368054,
omid:br/06402184477,doi:10.4315/0362-028x-70.11.2485,pmid:18044425,
omid:br/0620540826,doi:10.1121/1.1916504,,
omid:br/0639013934,doi:10.1039/c2ob07081b,pmid:22447158,
omid:br/06701820178,doi:10.1007/jhep09(2018)048,,
omid:br/062301304700,doi:10.1038/s41467-020-18992-7,pmid:33056977,
omid:br/06260607962,doi:10.3109/08916939009041040,pmid:2129778,
omid:br/06101673515,doi:10.1063/1.474875,,
omid:br/06130631539,doi:10.3727/096504005775082020,,
omid:br/06102882098,doi:10.1002/glia.20026,pmid:15252813,
omid:br/06130564147,doi:10.1093/bioinformatics/btu273,pmid:24931982,
omid:br/06701664452,doi:10.1140/epja/i2009-10781-x,,
omid:br/06601013760,doi:10.1038/s41418-020-00677-9,pmid:33230261,
omid:br/06602641243,doi:10.5772/intechopen.90859,,
omid:br/06350369238,doi:10.1109/jiot.2023.3298521,,
omid:br/06110812424,doi:10.1186/1475-2859-8-55,pmid:19860881,
omid:br/0650960253,doi:10.1177/2192568219879114,pmid:32528798,
omid:br/06102344890,doi:10.1016/j.electacta.2018.08.056,,
omid:br/06120461474,doi:10.1016/j.enbuild.2010.09.007,,
omid:br/06210515602,doi:10.1523/jneurosci.1271-04.2004,pmid:15229242,
omid:br/06701556184,doi:10.3389/fphys.2018.00194,pmid:29593557,
omid:br/06802748681,doi:10.1101/2021.11.30.468796,,
omid:br/06260997872,doi:10.1016/j.neurobiolaging.2021.06.008,pmid:34275688,
omid:br/06603856748,doi:10.1016/j.eswa.2022.118485,,
omid:br/06230976986,doi:10.1111/j.1398-9995.2007.01486.x,pmid:17919144,
omid:br/06110839571,doi:10.2337/db07-1403,pmid:18305141,
omid:br/061302176817,doi:10.1155/2018/9314613,,
omid:br/062302216132,doi:10.1053/hupa.2000.7625,pmid:10872675,
omid:br/06304194169,doi:10.1016/s1010-7940(02)00065-9,pmid:12062269,
omid:br/061202052506,doi:10.1103/physrevlett.81.2080,,
omid:br/061201326130,doi:10.3171/spi.2005.3.6.0501,pmid:16381216,
omid:br/064071390,doi:10.6028/jres.047.026,,
omid:br/062103758582,,pmid:10492005,
omid:br/06901627530,doi:10.1007/978-3-030-94293-9_5,,
omid:br/062401075311,doi:10.4161/cc.7.9.5795,pmid:18418053,
omid:br/062601388951,doi:10.1124/dmd.113.056374,pmid:24430612,
omid:br/062102851165,doi:10.1016/j.bse.2019.05.002,,
omid:br/06170354489,doi:10.1007/s00425-020-03363-9,pmid:32065312,
omid:br/0630279258,doi:10.1038/icb.2016.63,pmid:27430527,
omid:br/06801816866,doi:10.1088/1367-2630/12/12/125004,,
omid:br/06260545595,doi:10.1021/bi00503a014,pmid:2176897,
omid:br/06130778873,doi:10.1016/s0168-1591(00)00088-5,pmid:10771314,
omid:br/062201910973,doi:10.1142/s0217751x00001828,,
omid:br/06303214340,doi:10.1016/j.ijcard.2014.07.253,pmid:25129302,
omid:br/06601068822,doi:10.1002/2017wr021543,,
omid:br/06390173564,doi:10.1109/csitss57437.2022.10026397,,
omid:br/06704739030,doi:10.1080/00918369.2024.2387085,,
omid:br/06210515714,doi:10.1523/jneurosci.0170-04.2004,pmid:15163681,
omid:br/06260512868,doi:10.1039/c4ta01065e,,
omid:br/06302444543,doi:10.5005/jp-journals-10029-1096,,
omid:br/062401405521,doi:10.1103/physrevd.90.076004,,
omid:br/06103726222,doi:10.1016/s0041-1345(96)00179-0,pmid:9123071,
omid:br/061403675388,,pmid:8995140,
omid:br/061101589404,doi:10.1051/epjconf/201819108005,,
omid:br/06102479360,doi:10.18632/oncotarget.14416,pmid:28060747,
omid:br/06110108167,doi:10.1002/anie.202002639,pmid:32176815,
omid:br/06220586340,doi:10.1007/s10182-013-0212-2,,
omid:br/062101286573,doi:10.1086/499298,,
omid:br/062601439679,doi:10.1111/j.1399-5618.2004.00140.x,pmid:15383132,
omid:br/061102097893,doi:10.1007/978-3-030-25553-4_9,,
omid:br/06403489179,doi:10.1007/978-3-642-11842-5_30,,
omid:br/06903522026,doi:10.17877/de290r-12600,pmid:11289884,
omid:br/06401055015,doi:10.1007/bf02535811,pmid:1579056,
omid:br/06170295641,doi:10.1038/nmat3691,pmid:23812129,
omid:br/062203057269,doi:10.1007/s003590050407,,
omid:br/06502587931,doi:10.1155/2014/345678,pmid:25136578,
omid:br/061103673882,,pmid:1714425,
omid:br/061603909805,doi:10.1038/s41386-023-01547-x,,
omid:br/06202399582,doi:10.1016/j.neuron.2009.06.008,pmid:19607796,
omid:br/06802186632,doi:10.3390/genes12020169,pmid:33530632,
omid:br/06170454440,doi:10.1186/s13068-014-0182-y,pmid:25709712,
omid:br/06160614888,doi:10.1210/jcem.80.3.7883857,pmid:7883857,
omid:br/06150391903,doi:10.1111/ene.14043,pmid:31330091,
omid:br/06803797068,doi:10.1145/117954.117970,,
omid:br/0650166352,doi:10.1002/star.200390027,,
omid:br/061101402889,doi:10.1016/j.ssi.2021.115592,,
omid:br/06703245953,doi:10.1002/mabi.201800248,pmid:30259658,
omid:br/06101849813,doi:10.1007/jhep08(2017)115,,
omid:br/06220168475,doi:10.1093/nar/27.1.318,pmid:9847216,
omid:br/06602758287,doi:10.1007/s00148-012-0441-9,pmid:23576847,
omid:br/062203447640,doi:10.1371/journal.pone.0275090,pmid:36137118,
omid:br/061801308973,doi:10.1038/ncomms14189,pmid:28117837,
omid:br/061101762159,doi:10.1016/j.pmn.2016.04.003,pmid:27283267,
omid:br/06901271550,doi:10.1093/cid/cis1016,pmid:23223602,
omid:br/062602125854,doi:10.1097/00003246-199009000-00028,,
omid:br/06140458612,doi:10.1016/j.jpowsour.2012.08.009,,
omid:br/06160438564,doi:10.1016/s1474-4422(09)70127-9,pmid:19539236,
omid:br/062603378662,doi:10.1109/ipdps.2002.1016612,,
omid:br/06110221646,doi:10.1016/j.tics.2020.02.003,pmid:32299657,
omid:br/06603471667,doi:10.1073/pnas.1716113115,pmid:29531077,
omid:br/06101327383,doi:10.1002/jum.15081,pmid:31237389,
omid:br/06304239699,doi:10.22038/ijbms.2017.9500,pmid:29299193,
omid:br/0610863052,doi:10.1093/icvts/ivu114,pmid:24771205,
omid:br/06503489124,doi:10.1016/j.ecoenv.2021.112480,pmid:34217116,
omid:br/06903666490,,pmid:8481899,
omid:br/061702651473,doi:10.1017/cbo9781139225328,,isbn:9781139225328
omid:br/06201023664,doi:10.1046/j.1365-313x.2000.00937.x,pmid:11135119,
omid:br/062103930536,doi:10.1158/2767-9764.crc-23-0304,,
omid:br/061801783592,doi:10.1007/s10546-009-9429-8,,
omid:br/06190728805,doi:10.1016/j.jenvman.2017.05.007,pmid:28501334,
omid:br/061202888171,doi:10.1007/978-3-642-34746-7_186,,
omid:br/06603051850,doi:10.1038/s41392-021-00853-4,pmid:34934049,
omid:br/062201146625,doi:10.1177/0883073820967159,pmid:33231110,
omid:br/06140335241,doi:10.1016/s0889-857x(21)01041-3,,
omid:br/06250223880,doi:10.1177/0734242x0101900616,pmid:12201690,
omid:br/06803228188,doi:10.1007/s40618-021-01681-7,pmid:34585363,
omid:br/061202422367,doi:10.1057/9781137467119_7,,
omid:br/0640391399,doi:10.1007/s00404-019-05365-9,pmid:31734756,
omid:br/06902775382,doi:10.1097/00005537-200210000-00018,pmid:12368619,
omid:br/06270575056,doi:10.1016/j.ascom.2024.100829,,
omid:br/061502999409,doi:10.1002/14651858.cd007884.pub2,pmid:22258975,
omid:br/061802076595,doi:10.34215/1609-1175-2022-1-17-25,,
omid:br/062301100029,doi:10.1002/jsfa.6491,pmid:24282124,
omid:br/06101068198,doi:10.1016/s1369-8001(00)00039-1,,
omid:br/062501212872,doi:10.1016/j.mayocp.2012.10.020,pmid:23374617,
omid:br/06120408083,doi:10.1080/07388551.2019.1710458,pmid:31906727,
omid:br/06350601250,doi:10.1016/j.foar.2024.04.006,,
omid:br/0605809827,doi:10.1002/ptr.8398,,
omid:br/06501425455,doi:10.1086/676477,,
omid:br/06260360662,doi:10.1890/02-5105,,
omid:br/06260522256,doi:10.1007/s13762-021-03292-4,,
omid:br/06260706530,doi:10.1109/taes.2020.3034016,,
omid:br/061701250950,doi:10.1016/j.mineng.2012.04.009,,
omid:br/062301985358,doi:10.12681/mms.1292,,
omid:br/061701131059,doi:10.1161/circulationaha.118.038188,pmid:30865476,
omid:br/06250298413,doi:10.1080/19331681.2022.2097358,,
omid:br/06250503465,doi:10.1007/s13762-021-03439-3,,
omid:br/062101579940,doi:10.1111/j.0954-6820.1988.tb15890.x,pmid:3287836,
omid:br/06180671226,doi:10.1093/schbul/sbr037,pmid:21576280,
omid:br/062204367174,doi:10.15407/ubj96.04.069,,
omid:br/06701735996,doi:10.1587/transcom.e98.b.755,,
omid:br/062201410074,doi:10.1111/tra.12172,pmid:24698155,
omid:br/06803310950,doi:10.1109/wsc.2013.6721635,,
omid:br/06501434084,doi:10.1016/j.ic.2021.104693,,
omid:br/06504832850,doi:10.1088/1402-4896/ad74b5,,
omid:br/061501331908,doi:10.1214/08-aap569,,
omid:br/062102640107,doi:10.1002/ajoc.201500412,,
omid:br/06130253191,doi:10.1016/j.gr.2018.06.005,,
omid:br/06501349043,doi:10.1016/j.hrthm.2011.07.025,pmid:21798230,
omid:br/0606138422,doi:10.1080/13685538.2023.2296460,,
omid:br/062201583948,doi:10.1093/milmed/usx040,pmid:29401341,
omid:br/061501626332,doi:10.3389/fonc.2020.00558,pmid:32363164,
omid:br/06404127993,,pmid:5270582,
omid:br/06350373248,doi:10.1134/s002209302306025x,,
omid:br/06110459003,doi:10.1007/s11060-021-03935-z,pmid:35119590,
omid:br/06140223755,doi:10.1111/irj.12311,,
omid:br/061101091863,doi:10.1128/mbio.01926-15,pmid:26787829,
omid:br/06701511317,doi:10.1093/annhyg/mel021,pmid:16670097,
omid:br/06270597964,doi:10.3389/fnmol.2024.1345811,,
omid:br/061403757366,,pmid:29350670,
omid:br/062503694238,doi:10.5935/abc.20150112,pmid:26351985,
omid:br/06603529669,doi:10.1017/s0260210512000502,,
omid:br/06110631835,doi:10.1021/jp302587d,pmid:23656252,
omid:br/06603028874,doi:10.1038/s41598-019-50264-3,pmid:31551461,
omid:br/06260209827,doi:10.1006/meth.2001.1181,pmid:11403569,
omid:br/061503748221,,pmid:6785126,
omid:br/061703726402,,pmid:3373311,
omid:br/06303030710,doi:10.1038/s41598-020-77225-5,pmid:33230125,
omid:br/062101639132,doi:10.1016/s0021-9517(03)00090-3,,
omid:br/062401322314,doi:10.1007/s10120-018-00922-8,pmid:30627987,
omid:br/06803246841,doi:10.1007/s00441-016-2529-0,pmid:27837271,
omid:br/062203520861,doi:10.1353/mln.2005.0032,,
omid:br/06280122003,doi:10.1063/5.0143724,,
omid:br/0690650105,doi:10.1046/j.1360-0443.2001.9612184714.x,pmid:11784477,
omid:br/06303142682,doi:10.1007/s00723-009-0113-4,,
omid:br/06190200006,doi:10.1016/j.imbio.2020.152052,pmid:33418320,
omid:br/06503557528,doi:10.1016/j.stem.2010.07.017,pmid:20887957,
omid:br/061803688636,,pmid:4115518,
omid:br/062501869801,doi:10.1016/j.nrl.2015.10.001,pmid:26699210,
omid:br/061303047183,doi:10.1073/pnas.1011756107,pmid:21115815,
omid:br/06103843321,doi:10.1101/2020.11.18.20233999,,
omid:br/06220651413,doi:10.1021/acsnano.0c03125,pmid:32602696,
omid:br/0621083248,doi:10.1074/jbc.270.11.5698,pmid:7534300,
omid:br/06110702284,doi:10.3389/fncel.2017.00410,pmid:29326555,
omid:br/06602373370,doi:10.3389/fcell.2018.00067,pmid:30073165,
omid:br/062201764084,doi:10.1016/j.mrfmmm.2004.06.049,pmid:15530543,
omid:br/062204384779,doi:10.1007/978-3-031-68165-3_4,,
omid:br/06180757897,doi:10.1152/ajpregu.1998.275.2.r509,pmid:9688687,
omid:br/06302579912,doi:10.4269/ajtmh.1999.61.830,pmid:10586920,
omid:br/0690240432,doi:10.1016/j.marpolbul.2016.03.034,pmid:27016961,
omid:br/06502591809,doi:10.2469/faj.v55.n6.2315,,
omid:br/062502571460,doi:10.1016/j.ajic.2006.04.206,pmid:17015159,
omid:br/062302830023,doi:10.1016/j.anireprosci.2017.08.009,pmid:28823418,
omid:br/06804118678,,pmid:9214532,
omid:br/06140621193,doi:10.1103/physrevb.73.045333,,
omid:br/061502096734,doi:10.1111/j.1538-7836.2010.03900.x,pmid:20456757,
omid:br/06402206385,doi:10.1093/mnras/279.4.1294,,
