id,citing,citing_venue,cited,cited_venue,creation,is_citing_iris,is_cited_iris,flow,citing_issns,cited_issns,citing_scimago_area,citing_scimago_category,citing_doaj_lcc,citing_doaj_subject,cited_scimago_area,cited_scimago_category,cited_doaj_lcc,cited_doaj_subject
oci:06202273568-062402051240,omid:br/06202273568,Physical Review Research [omid:br/068046277 issn:2643-1564 openalex:S4210240247],omid:br/062402051240,Physical Review Letters [omid:br/063044243 issn:0031-9007 issn:1079-7114 openalex:S24807848],2020-10-02,False,True,Incoming,['26431564'],"['00319007', '10797114']",Physics and Astronomy,Physics and Astronomy (miscellaneous) (Q1),QC1-999,Science: Physics,Physics and Astronomy,Physics and Astronomy (miscellaneous) (Q1),,
oci:062402051676-06203916571,omid:br/062402051676,Physical Review Letters [omid:br/063044243 issn:0031-9007 issn:1079-7114 openalex:S24807848],omid:br/06203916571,Physical Review Letters [omid:br/063044243 issn:0031-9007 issn:1079-7114 openalex:S24807848],2011-11-30,True,False,Outgoing,"['00319007', '10797114']","['00319007', '10797114']",Physics and Astronomy,Physics and Astronomy (miscellaneous) (Q1),,,Physics and Astronomy,Physics and Astronomy (miscellaneous) (Q1),,
oci:062501420933-06302831560,omid:br/062501420933,Physical Review D [omid:br/066033919 issn:1550-2368 issn:1550-7998 openalex:S4210210554],omid:br/06302831560,Physics Letters B [omid:br/0626059839 issn:0370-2693 openalex:S173952182],2014-04-30,False,True,Incoming,"['15502368', '15507998']",['03702693'],,,,,Physics and Astronomy,Nuclear and High Energy Physics (Q1),QC1-999,Science: Physics
oci:061502257723-06160492060,omid:br/061502257723,Advances In Mathematics [omid:br/061051114 issn:0001-8708 openalex:S122441808],omid:br/06160492060,Communications In Mathematical Physics [omid:br/0623011170 issn:0010-3616 issn:1432-0916 openalex:S100601982],2010-03,False,True,Incoming,['00018708'],"['00103616', '14320916']",Mathematics,Mathematics (miscellaneous) (Q1),,,Mathematics; Physics and Astronomy,Mathematical Physics (Q1); Statistical and Nonlinear Physics (Q1),,
oci:06402835371-06702815009,omid:br/06402835371,Physics Letters B [omid:br/0626059839 issn:0370-2693 openalex:S173952182],omid:br/06702815009,Physics Letters B [omid:br/0626059839 issn:0370-2693 openalex:S173952182],1995-10,True,False,Outgoing,['03702693'],['03702693'],Physics and Astronomy,Nuclear and High Energy Physics (Q1),QC1-999,Science: Physics,Physics and Astronomy,Nuclear and High Energy Physics (Q1),QC1-999,Science: Physics
oci:0640569798-061202054625,omid:br/0640569798,Physical Review D [omid:br/062509685 issn:2470-0010 issn:2470-0029 openalex:S4210238307],omid:br/061202054625,Physical Review Letters [omid:br/063044243 issn:0031-9007 issn:1079-7114 openalex:S24807848],2022-03-09,True,False,Outgoing,"['24700010', '24700029']","['00319007', '10797114']",Physics and Astronomy,Nuclear and High Energy Physics (Q1); Physics and Astronomy (miscellaneous) (Q1),,,Physics and Astronomy,Physics and Astronomy (miscellaneous) (Q1),,
oci:061701429001-061802058249,omid:br/061701429001,Physical Review D [omid:br/066033919 issn:1550-2368 issn:1550-7998 openalex:S4210210554],omid:br/061802058249,Physical Review Letters [omid:br/063044243 issn:0031-9007 issn:1079-7114 openalex:S24807848],2009-03-05,True,True,Internal,"['15502368', '15507998']","['00319007', '10797114']",,,,,Physics and Astronomy,Physics and Astronomy (miscellaneous) (Q1),,
oci:06110996542-06190297455,omid:br/06110996542,Analytical Chemistry [omid:br/065021405 issn:0003-2700 issn:1520-6882 openalex:S191963794],omid:br/06190297455,Frontiers In Plant Science [omid:br/061205310 issn:1664-462X openalex:S2493613807],2020-04-21,True,False,Outgoing,"['00032700', '15206882']",['1664462X'],Chemistry,Analytical Chemistry (Q1),,,Agricultural and Biological Sciences,Plant Science (Q1),SB1-1110,Agriculture: Plant culture
oci:0623090101-061901638046,omid:br/0623090101,Journal Of Biological Chemistry [omid:br/06903738 doi:10.1074/jbc issn:0021-9258 issn:1083-351X openalex:S140251998],omid:br/061901638046,EMBO Reports [omid:br/062036122 issn:1469-221X issn:1469-3178 openalex:S57252141],2020-08,False,True,Incoming,"['00219258', '1083351X']","['1469221X', '14693178']","Biochemistry, Genetics and Molecular Biology",Biochemistry (Q1); Cell Biology (Q1); Molecular Biology (Q1),QD415-436,Science: Chemistry: Organic chemistry: Biochemistry,"Biochemistry, Genetics and Molecular Biology",Biochemistry (Q1); Genetics (Q1); Molecular Biology (Q1),QH301-705.5,Science: Biology (General)
oci:06802225634-061301901188,omid:br/06802225634,The Journal Of Physical Chemistry A [omid:br/0621041077 issn:1089-5639 issn:1520-5215 openalex:S146709414],omid:br/061301901188,Icarus [omid:br/0611046261 issn:0019-1035 openalex:S172501725],2009-09-17,True,False,Outgoing,"['10895639', '15205215']",['00191035'],Chemistry; Medicine,Medicine (miscellaneous) (Q2); Physical and Theoretical Chemistry (Q2),,,Earth and Planetary Sciences; Physics and Astronomy,Astronomy and Astrophysics (Q1); Space and Planetary Science (Q2),,
oci:062201328796-06170927623,omid:br/062201328796,Aging Cell [omid:br/062030324 issn:1474-9718 issn:1474-9726 openalex:S174672550],omid:br/06170927623,The American Journal Of Human Genetics [omid:br/061021246 issn:0002-9297 issn:1537-6605 openalex:S134425043],2014-07-25,True,False,Outgoing,"['14749718', '14749726']","['00029297', '15376605']","Biochemistry, Genetics and Molecular Biology",Aging (Q1); Cell Biology (Q1),RC952-954.6,Medicine: Internal medicine: Special situations and conditions: Geriatrics,"Biochemistry, Genetics and Molecular Biology; Medicine",Genetics (Q1); Genetics (clinical) (Q1),,
oci:06804763716-062101911721,omid:br/06804763716,Journal Of Solid State Electrochemistry [omid:br/0625060895 issn:1432-8488 issn:1433-0768 openalex:S25422132],omid:br/062101911721,Electroanalysis [omid:br/0613040798 doi:10.1002/(issn)1521-4109 issn:1040-0397 issn:1521-4109 openalex:S79832926],2024-07-22,True,False,Outgoing,"['14328488', '14330768']","['15214109', '10400397', '15214109']",Chemistry; Energy; Engineering; Materials Science; Physics and Astronomy,Condensed Matter Physics (Q2); Electrical and Electronic Engineering (Q2); Energy Engineering and Power Technology (Q2); Materials Chemistry (Q2); Materials Science (miscellaneous) (Q2); Electrochemistry (Q3),,,Chemistry,Analytical Chemistry (Q3); Electrochemistry (Q3),,
oci:062504217177-06101849189,omid:br/062504217177,Physical Review Letters [omid:br/063044243 issn:0031-9007 issn:1079-7114 openalex:S24807848],omid:br/06101849189,Journal Of High Energy Physics [omid:br/062038872 issn:1029-8479 issn:1126-6708 openalex:S187585107],2024-01-08,True,True,Internal,"['00319007', '10797114']","['10298479', '11266708']",Physics and Astronomy,Physics and Astronomy (miscellaneous) (Q1),,,Physics and Astronomy,Nuclear and High Energy Physics (Q2),QC770-798,Science: Physics: Nuclear and particle physics. Atomic energy. Radioactivity
oci:061502065670-062301919133,omid:br/061502065670,Physical Review Letters [omid:br/063044243 issn:0031-9007 issn:1079-7114 openalex:S24807848],omid:br/062301919133,International Journal Of Modern Physics A [omid:br/0614042662 issn:0217-751X issn:1793-656X],2014-03-20,True,False,Outgoing,"['00319007', '10797114']","['0217751X', '1793656X']",Physics and Astronomy,Physics and Astronomy (miscellaneous) (Q1),,,Physics and Astronomy,"Astronomy and Astrophysics (Q3); Atomic and Molecular Physics, and Optics (Q3); Nuclear and High Energy Physics (Q3)",,
oci:06150643878-061401460132,omid:br/06150643878,Bell System Technical Journal [omid:br/0623060563 doi:10.1002/(issn)1538-7305c issn:0005-8580 openalex:S127472826],omid:br/061401460132,Inorganic Chemistry Frontiers [omid:br/0619033625 doi:10.1039/2052-1553/2014 issn:2052-1553 openalex:S2764402489],2014-08-27,False,True,Incoming,"['15387305', '00058580']","['20521553', '20521553']",,,,,Chemistry,Inorganic Chemistry (Q1),,
oci:06302339588-06701667516,omid:br/06302339588,The European Physical Journal Special Topics [omid:br/0625040751 doi:10.1007/11734.1951-6401 issn:1951-6355 issn:1951-6401 openalex:S138062970],omid:br/06701667516,Zeitschrift Für Physik C Particles And Fields [omid:br/0612035595 issn:0170-9739 issn:1431-5858 issn:1434-6044 issn:1434-6052],2020-12,False,True,Incoming,"['19516401', '19516355', '19516401']","['01709739', '14315858', '14346044', '14346052']",Chemistry; Materials Science; Physics and Astronomy,Physics and Astronomy (miscellaneous) (Q2); Materials Science (miscellaneous) (Q3); Physical and Theoretical Chemistry (Q3),,,Engineering; Physics and Astronomy,Engineering (miscellaneous) (Q1); Physics and Astronomy (miscellaneous) (Q1),QB460-466|QC770-798,Science: Astronomy: Astrophysics | Science: Physics: Nuclear and particle physics. Atomic energy. Radioactivity
oci:06301788387-061801843186,omid:br/06301788387,Physical Review A [omid:br/0619043744 issn:2469-9926 issn:2469-9934 openalex:S4210182288],omid:br/061801843186,Nature Photonics [omid:br/0621041052 issn:1749-4885 issn:1749-4893 openalex:S120392215],2016-01-07,False,True,Incoming,"['24699926', '24699934']","['17494885', '17494893']",Physics and Astronomy,"Atomic and Molecular Physics, and Optics (Q1)",,,Materials Science; Physics and Astronomy,"Atomic and Molecular Physics, and Optics (Q1); Electronic, Optical and Magnetic Materials (Q1)",,
oci:06501859133-061701428829,omid:br/06501859133,Journal Of Cosmology And Astroparticle Physics [omid:br/062039004 issn:1475-7508 issn:1475-7516 openalex:S120662888],omid:br/061701428829,Physical Review D [omid:br/066033919 issn:1550-2368 issn:1550-7998 openalex:S4210210554],2018-03-12,False,True,Incoming,"['14757508', '14757516']","['15502368', '15507998']",Physics and Astronomy,Astronomy and Astrophysics (Q2),,,,,,
oci:06601832279-06901690044,omid:br/06601832279,Journal Of High Energy Physics [omid:br/062038872 issn:1029-8479 issn:1126-6708 openalex:S187585107],omid:br/06901690044,Zeitschrift Für Physik C Particles And Fields [omid:br/0612035595 issn:0170-9739 issn:1431-5858 issn:1434-6044 issn:1434-6052],2022-06,True,False,Outgoing,"['10298479', '11266708']","['01709739', '14315858', '14346044', '14346052']",Physics and Astronomy,Nuclear and High Energy Physics (Q2),QC770-798,Science: Physics: Nuclear and particle physics. Atomic energy. Radioactivity,Engineering; Physics and Astronomy,Engineering (miscellaneous) (Q1); Physics and Astronomy (miscellaneous) (Q1),QB460-466|QC770-798,Science: Astronomy: Astrophysics | Science: Physics: Nuclear and particle physics. Atomic energy. Radioactivity
oci:06501841342-06201835922,omid:br/06501841342,Journal Of High Energy Physics [omid:br/062038872 issn:1029-8479 issn:1126-6708 openalex:S187585107],omid:br/06201835922,Journal Of High Energy Physics [omid:br/062038872 issn:1029-8479 issn:1126-6708 openalex:S187585107],2022-07,True,False,Outgoing,"['10298479', '11266708']","['10298479', '11266708']",Physics and Astronomy,Nuclear and High Energy Physics (Q2),QC770-798,Science: Physics: Nuclear and particle physics. Atomic energy. Radioactivity,Physics and Astronomy,Nuclear and High Energy Physics (Q2),QC770-798,Science: Physics: Nuclear and particle physics. Atomic energy. Radioactivity
oci:061201721439-062501809437,omid:br/061201721439,The Astrophysical Journal [omid:br/064040542 issn:0004-637X issn:1538-4357 openalex:S1980519],omid:br/062501809437,Monthly Notices Of The Royal Astronomical Society [omid:br/067041753 doi:10.1111/(issn)1365-2966 issn:0035-8711 issn:1365-2966 openalex:S195663288],2022-02-01,False,True,Incoming,"['0004637X', '15384357']","['13652966', '00358711', '13652966']",Earth and Planetary Sciences; Physics and Astronomy,Astronomy and Astrophysics (Q1); Space and Planetary Science (Q1),QB460-466,Science: Astronomy: Astrophysics,Earth and Planetary Sciences; Physics and Astronomy,Astronomy and Astrophysics (Q1); Space and Planetary Science (Q1),QB1-991,Science: Astronomy
oci:06601849164-061701428829,omid:br/06601849164,Journal Of Cosmology And Astroparticle Physics [omid:br/062039004 issn:1475-7508 issn:1475-7516 openalex:S120662888],omid:br/061701428829,Physical Review D [omid:br/066033919 issn:1550-2368 issn:1550-7998 openalex:S4210210554],2015-10-01,False,True,Incoming,"['14757508', '14757516']","['15502368', '15507998']",Physics and Astronomy,Astronomy and Astrophysics (Q2),,,,,,
oci:06702811751-061503501166,omid:br/06702811751,Physics Letters B [omid:br/0626059839 issn:0370-2693 openalex:S173952182],omid:br/061503501166,Physical Review Letters [omid:br/063044243 issn:0031-9007 issn:1079-7114 openalex:S24807848],2017-12,True,False,Outgoing,['03702693'],"['00319007', '10797114']",Physics and Astronomy,Nuclear and High Energy Physics (Q1),QC1-999,Science: Physics,Physics and Astronomy,Physics and Astronomy (miscellaneous) (Q1),,
oci:061402395853-062601694160,omid:br/061402395853,Physics Letters B [omid:br/0626059839 issn:0370-2693 openalex:S173952182],omid:br/062601694160,Zeitschrift Für Physik C Particles And Fields [omid:br/0612035595 issn:0170-9739 issn:1431-5858 issn:1434-6044 issn:1434-6052],1998-03,True,False,Outgoing,['03702693'],"['01709739', '14315858', '14346044', '14346052']",Physics and Astronomy,Nuclear and High Energy Physics (Q1),QC1-999,Science: Physics,Engineering; Physics and Astronomy,Engineering (miscellaneous) (Q1); Physics and Astronomy (miscellaneous) (Q1),QB460-466|QC770-798,Science: Astronomy: Astrophysics | Science: Physics: Nuclear and particle physics. Atomic energy. Radioactivity
oci:06104797071-06202326791,omid:br/06104797071,Physical Review D [omid:br/062509685 issn:2470-0010 issn:2470-0029 openalex:S4210238307],omid:br/06202326791,SoftwareX [omid:br/06202327300 issn:2352-7110 openalex:S2506067282],2024-03-14,False,True,Incoming,"['24700010', '24700029']",['23527110'],Physics and Astronomy,Nuclear and High Energy Physics (Q1); Physics and Astronomy (miscellaneous) (Q1),,,Computer Science,Computer Science Applications (Q2); Software (Q2),QA76.75-76.765,Science: Mathematics: Instruments and machines: Electronic computers. Computer science: Computer software
oci:06480171742-0690846527,omid:br/06480171742,Journal Of Neurochemistry [omid:br/0614029191 doi:10.1111/(issn)1471-4159 issn:0022-3042 issn:1471-4159 openalex:S135837084],omid:br/0690846527,Molecular Psychiatry [omid:br/0626025711 issn:1359-4184 issn:1476-5578 openalex:S71149355],2023-07-26,False,True,Incoming,"['14714159', '00223042', '14714159']","['13594184', '14765578']","Biochemistry, Genetics and Molecular Biology; Neuroscience",Biochemistry (Q1); Cellular and Molecular Neuroscience (Q2),,,"Biochemistry, Genetics and Molecular Biology; Medicine; Neuroscience",Cellular and Molecular Neuroscience (Q1); Molecular Biology (Q1); Psychiatry and Mental Health (Q1),,
oci:061601755181-06190927849,omid:br/061601755181,Human Evolution [omid:br/061601755805 issn:0393-9375 issn:1824-310X openalex:S76215787],omid:br/06190927849,The American Journal Of Human Genetics [omid:br/061021246 issn:0002-9297 issn:1537-6605 openalex:S134425043],2006-08,True,False,Outgoing,"['03939375', '1824310X']","['00029297', '15376605']",Social Sciences,Anthropology (Q4),,,"Biochemistry, Genetics and Molecular Biology; Medicine",Genetics (Q1); Genetics (clinical) (Q1),,
oci:061604239807-061601731965,omid:br/061604239807,Astronomy & Astrophysics [omid:br/064040455 issn:0004-6361 issn:1432-0746 openalex:S205231332],omid:br/061601731965,Astronomy & Astrophysics [omid:br/064040455 issn:0004-6361 issn:1432-0746 openalex:S205231332],2024-11,True,False,Outgoing,"['00046361', '14320746']","['00046361', '14320746']",Earth and Planetary Sciences; Physics and Astronomy,Astronomy and Astrophysics (Q1); Space and Planetary Science (Q1),QB1-991,Science: Astronomy,Earth and Planetary Sciences; Physics and Astronomy,Astronomy and Astrophysics (Q1); Space and Planetary Science (Q1),QB1-991,Science: Astronomy
oci:06702847780-061301724343,omid:br/06702847780,Monthly Notices Of The Royal Astronomical Society [omid:br/067041753 doi:10.1111/(issn)1365-2966 issn:0035-8711 issn:1365-2966 openalex:S195663288],omid:br/061301724343,The Astrophysical Journal [omid:br/064040542 issn:0004-637X issn:1538-4357 openalex:S1980519],2014-07-25,True,False,Outgoing,"['13652966', '00358711', '13652966']","['0004637X', '15384357']",Earth and Planetary Sciences; Physics and Astronomy,Astronomy and Astrophysics (Q1); Space and Planetary Science (Q1),QB1-991,Science: Astronomy,Earth and Planetary Sciences; Physics and Astronomy,Astronomy and Astrophysics (Q1); Space and Planetary Science (Q1),QB460-466,Science: Astronomy: Astrophysics
oci:061701312065-06230333058,omid:br/061701312065,Nature Communications [omid:br/0623032092 doi:10.1038/41467.2041-1723 issn:2041-1723 openalex:S64187185],omid:br/06230333058,Classical And Quantum Gravity [omid:br/061606259 issn:0264-9381 issn:1361-6382 openalex:S171172751],2017-04,False,True,Incoming,"['20411723', '20411723']","['02649381', '13616382']","Biochemistry, Genetics and Molecular Biology; Chemistry; Multidisciplinary; Physics and Astronomy","Biochemistry, Genetics and Molecular Biology (miscellaneous) (Q1); Chemistry (miscellaneous) (Q1); Multidisciplinary (Q1); Physics and Astronomy (miscellaneous) (Q1)",Q,Science,Physics and Astronomy,Physics and Astronomy (miscellaneous) (Q1),,
oci:061104240707-06101448838,omid:br/061104240707,Physics Of Atomic Nuclei [omid:br/0626015446 issn:1063-7788 issn:1562-692X openalex:S20255291],omid:br/06101448838,Physical Review D [omid:br/066033919 issn:1550-2368 issn:1550-7998 openalex:S4210210554],2023-12,False,True,Incoming,"['10637788', '1562692X']","['15502368', '15507998']",Physics and Astronomy,"Nuclear and High Energy Physics (Q3); Atomic and Molecular Physics, and Optics (Q4)",,,,,,
oci:06904005219-06160717241,omid:br/06904005219,2D Materials [omid:br/0623059305 doi:10.1088/issn.2053-1583 issn:2053-1583 openalex:S4210229423],omid:br/06160717241,Nanoscale [omid:br/0626023148 doi:10.1039/2040-3372/2009 issn:2040-3364 issn:2040-3372 openalex:S23181512],2023-08-30,False,True,Incoming,"['20531583', '20531583']","['20403372', '20403364', '20403372']",Chemistry; Engineering; Materials Science; Physics and Astronomy,Chemistry (miscellaneous) (Q1); Condensed Matter Physics (Q1); Materials Science (miscellaneous) (Q1); Mechanical Engineering (Q1); Mechanics of Materials (Q1),,,Materials Science,Materials Science (miscellaneous) (Q1); Nanoscience and Nanotechnology (Q2),,
oci:06260692342-06150500747,omid:br/06260692342,Frequenz [omid:br/0611013821 doi:10.1515/freq issn:0016-1136 issn:2191-6349 openalex:S171819795],omid:br/06150500747,Planetary And Space Science [omid:br/062010512 issn:0032-0633 openalex:S105500771],2008-06-01,True,False,Outgoing,"['00161136', '21916349']",['00320633'],Engineering,Electrical and Electronic Engineering (Q3),,,Earth and Planetary Sciences; Physics and Astronomy,Astronomy and Astrophysics (Q2); Space and Planetary Science (Q2),,
oci:06804784460-06170719525,omid:br/06804784460,Nature Chemistry [omid:br/061047494 issn:1755-4330 issn:1755-4349 openalex:S202193212],omid:br/06170719525,Tetrahedron [omid:br/0626023199 issn:0040-4020 openalex:S205754296],2023-12-11,False,True,Incoming,"['17554330', '17554349']",['00404020'],Chemical Engineering; Chemistry,Chemical Engineering (miscellaneous) (Q1); Chemistry (miscellaneous) (Q1),,,"Biochemistry, Genetics and Molecular Biology; Chemistry; Pharmacology, Toxicology and Pharmaceutics",Biochemistry (Q3); Drug Discovery (Q3); Organic Chemistry (Q3),,
oci:06340513472-0610575704,omid:br/06340513472,Physical Review D [omid:br/062509685 issn:2470-0010 issn:2470-0029 openalex:S4210238307],omid:br/0610575704,Physical Review D [omid:br/062509685 issn:2470-0010 issn:2470-0029 openalex:S4210238307],2024-10-23,False,True,Incoming,"['24700010', '24700029']","['24700010', '24700029']",Physics and Astronomy,Nuclear and High Energy Physics (Q1); Physics and Astronomy (miscellaneous) (Q1),,,Physics and Astronomy,Nuclear and High Energy Physics (Q1); Physics and Astronomy (miscellaneous) (Q1),,
oci:06902036141-06220100099,omid:br/06902036141,Advanced Functional Materials [omid:br/0621059878 doi:10.1002/(issn)1616-3028 issn:1616-301X issn:1616-3028 openalex:S135204980],omid:br/06220100099,Angewandte Chemie International Edition [omid:br/061601945 doi:10.1002/(issn)1521-3773 issn:0570-0833 issn:1433-7851 issn:1521-3773 openalex:S67393510],2017-07-24,False,True,Incoming,"['16163028', '1616301X', '16163028']","['15213773', '05700833', '14337851', '15213773']",Chemistry; Materials Science; Physics and Astronomy,"Biomaterials (Q1); Chemistry (miscellaneous) (Q1); Condensed Matter Physics (Q1); Electrochemistry (Q1); Electronic, Optical and Magnetic Materials (Q1); Materials Science (miscellaneous) (Q1); Nanoscience and Nanotechnology (Q1)",,,Chemical Engineering; Chemistry,Catalysis (Q1); Chemistry (miscellaneous) (Q1),,
oci:061401294916-061702622356,omid:br/061401294916,Nature Communications [omid:br/0623032092 doi:10.1038/41467.2041-1723 issn:2041-1723 openalex:S64187185],omid:br/061702622356,Scientific Reports [omid:br/0616055349 issn:2045-2322 openalex:S196734849],2021-11-18,False,True,Incoming,"['20411723', '20411723']",['20452322'],"Biochemistry, Genetics and Molecular Biology; Chemistry; Multidisciplinary; Physics and Astronomy","Biochemistry, Genetics and Molecular Biology (miscellaneous) (Q1); Chemistry (miscellaneous) (Q1); Multidisciplinary (Q1); Physics and Astronomy (miscellaneous) (Q1)",Q,Science,Multidisciplinary,Multidisciplinary (Q1),R|Q,Medicine | Science
oci:0605124309-061303539769,omid:br/0605124309,Virology Journal [omid:br/0622051094 issn:1743-422X openalex:S115714813],omid:br/061303539769,Communications Biology [omid:br/068042226 issn:2399-3642 openalex:S4210225776],2024-12-20,False,True,Incoming,['1743422X'],['23993642'],Immunology and Microbiology; Medicine,Infectious Diseases (Q1); Virology (Q2),RC109-216,Medicine: Internal medicine: Infectious and parasitic diseases,"Agricultural and Biological Sciences; Biochemistry, Genetics and Molecular Biology; Medicine","Agricultural and Biological Sciences (miscellaneous) (Q1); Biochemistry, Genetics and Molecular Biology (miscellaneous) (Q1); Medicine (miscellaneous) (Q1)",QH301-705.5,Science: Biology (General)
oci:06470123627-06901746189,omid:br/06470123627,Astronomy & Astrophysics [omid:br/064040455 issn:0004-6361 issn:1432-0746 openalex:S205231332],omid:br/06901746189,Astronomy & Astrophysics [omid:br/064040455 issn:0004-6361 issn:1432-0746 openalex:S205231332],2023-09,True,False,Outgoing,"['00046361', '14320746']","['00046361', '14320746']",Earth and Planetary Sciences; Physics and Astronomy,Astronomy and Astrophysics (Q1); Space and Planetary Science (Q1),QB1-991,Science: Astronomy,Earth and Planetary Sciences; Physics and Astronomy,Astronomy and Astrophysics (Q1); Space and Planetary Science (Q1),QB1-991,Science: Astronomy
oci:061903823624-06210397244,omid:br/061903823624,Journal Of High Energy Physics [omid:br/062038872 issn:1029-8479 issn:1126-6708 openalex:S187585107],omid:br/06210397244,"Nuclear Instruments And Methods In Physics Research Section A: Accelerators, Spectrometers, Detectors And Associated Equipment [omid:br/069011716 issn:0168-9002 openalex:S145630073]",2014-11-04,True,False,Outgoing,"['10298479', '11266708']",['01689002'],Physics and Astronomy,Nuclear and High Energy Physics (Q2),QC770-798,Science: Physics: Nuclear and particle physics. Atomic energy. Radioactivity,Physics and Astronomy,Instrumentation (Q2); Nuclear and High Energy Physics (Q2),,
oci:06801192002-061101189495,omid:br/06801192002,Economic And Industrial Democracy [omid:br/066028487 issn:0143-831X issn:1461-7099 openalex:S5195456],omid:br/061101189495,Revista Colombiana De Reumatología (English Edition) [omid:br/06102183395 issn:2444-4405 openalex:S4210206491],2017-11-13,False,True,Incoming,"['0143831X', '14617099']",['24444405'],"Business, Management and Accounting","Business, Management and Accounting (miscellaneous) (Q1); Management of Technology and Innovation (Q1); Organizational Behavior and Human Resource Management (Q1); Strategy and Management (Q1)",,,,,,
oci:06270620302-061401653937,omid:br/06270620302,Zeitschrift Für Physik C Particles And Fields [omid:br/0612035595 issn:0170-9739 issn:1431-5858 issn:1434-6044 issn:1434-6052],omid:br/061401653937,Zeitschrift Für Physik C Particles And Fields [omid:br/0612035595 issn:0170-9739 issn:1431-5858 issn:1434-6044 issn:1434-6052],2024-09-02,False,True,Incoming,"['01709739', '14315858', '14346044', '14346052']","['01709739', '14315858', '14346044', '14346052']",Engineering; Physics and Astronomy,Engineering (miscellaneous) (Q1); Physics and Astronomy (miscellaneous) (Q1),QB460-466|QC770-798,Science: Astronomy: Astrophysics | Science: Physics: Nuclear and particle physics. Atomic energy. Radioactivity,Engineering; Physics and Astronomy,Engineering (miscellaneous) (Q1); Physics and Astronomy (miscellaneous) (Q1),QB460-466|QC770-798,Science: Astronomy: Astrophysics | Science: Physics: Nuclear and particle physics. Atomic energy. Radioactivity
oci:06310532951-062602471478,omid:br/06310532951,Stochastics [omid:br/0690335170 issn:1744-2508 issn:1744-2516 openalex:S152786945],omid:br/062602471478,Applied Mathematics Letters [omid:br/0614048789 issn:0893-9659 openalex:S7571225],2024-05-06,False,True,Incoming,"['17442508', '17442516']",['08939659'],Mathematics,Modeling and Simulation (Q2); Statistics and Probability (Q3),,,Mathematics,Applied Mathematics (Q1),,
oci:061701736359-062301810861,omid:br/061701736359,The Astrophysical Journal [omid:br/064040542 issn:0004-637X issn:1538-4357 openalex:S1980519],omid:br/062301810861,Monthly Notices Of The Royal Astronomical Society [omid:br/067041753 doi:10.1111/(issn)1365-2966 issn:0035-8711 issn:1365-2966 openalex:S195663288],2006-12-26,False,True,Incoming,"['0004637X', '15384357']","['13652966', '00358711', '13652966']",Earth and Planetary Sciences; Physics and Astronomy,Astronomy and Astrophysics (Q1); Space and Planetary Science (Q1),QB460-466,Science: Astronomy: Astrophysics,Earth and Planetary Sciences; Physics and Astronomy,Astronomy and Astrophysics (Q1); Space and Planetary Science (Q1),QB1-991,Science: Astronomy
oci:0640569877-0690501037,omid:br/0640569877,Physical Review D [omid:br/062509685 issn:2470-0010 issn:2470-0029 openalex:S4210238307],omid:br/0690501037,The Astrophysical Journal [omid:br/062408625 issn:2041-8205 issn:2041-8213 openalex:S4210175824],2022-02-28,False,True,Incoming,"['24700010', '24700029']","['20418205', '20418213']",Physics and Astronomy,Nuclear and High Energy Physics (Q1); Physics and Astronomy (miscellaneous) (Q1),,,Earth and Planetary Sciences; Physics and Astronomy,Astronomy and Astrophysics (Q1); Space and Planetary Science (Q1),QB460-466,Science: Astronomy: Astrophysics
oci:0680439732-06140557721,omid:br/0680439732,Physics Of Atomic Nuclei [omid:br/0626015446 issn:1063-7788 issn:1562-692X openalex:S20255291],omid:br/06140557721,Physical Review D [omid:br/062509685 issn:2470-0010 issn:2470-0029 openalex:S4210238307],2021-07,False,True,Incoming,"['10637788', '1562692X']","['24700010', '24700029']",Physics and Astronomy,"Nuclear and High Energy Physics (Q3); Atomic and Molecular Physics, and Optics (Q4)",,,Physics and Astronomy,Nuclear and High Energy Physics (Q1); Physics and Astronomy (miscellaneous) (Q1),,
oci:06180123957-06801656108,omid:br/06180123957,Chemical Physics Letters [omid:br/062302564 issn:0009-2614 openalex:S44567922],omid:br/06801656108,The Journal Of Chemical Physics [omid:br/067037880 issn:0021-9606 issn:1089-7690 openalex:S77047749],1996-07,False,True,Incoming,['00092614'],"['00219606', '10897690']",Chemistry; Physics and Astronomy,Physical and Theoretical Chemistry (Q2); Physics and Astronomy (miscellaneous) (Q2),,,Chemistry; Medicine; Physics and Astronomy,Physical and Theoretical Chemistry (Q1); Physics and Astronomy (miscellaneous) (Q1); Medicine (miscellaneous) (Q2),,
oci:061201388816-06803158501,omid:br/061201388816,Journal Of Economic Interaction And Coordination [omid:br/061201389205 issn:1860-711X issn:1860-7128 openalex:S146534985],omid:br/06803158501,"Journal Of Money, Credit And Banking [omid:br/066054406 doi:10.1111/(issn)1538-4616 issn:0022-2879 issn:1538-4616 openalex:S2058785]",2021-12-07,True,False,Outgoing,"['1860711X', '18607128']","['15384616', '00222879', '15384616']","Business, Management and Accounting; Economics, Econometrics and Finance",Business and International Management (Q3); Economics and Econometrics (Q3),,,"Business, Management and Accounting; Economics, Econometrics and Finance",Accounting (Q1); Economics and Econometrics (Q1); Finance (Q1),,
oci:062403736746-06160488746,omid:br/062403736746,Trends In Neurosciences [omid:br/062204233 issn:0166-2236 openalex:S114966740],omid:br/06160488746,Science [omid:br/0619015403 doi:10.1126/science issn:0036-8075 issn:1095-9203 openalex:S3880285],2003,False,True,Incoming,['01662236'],"['00368075', '10959203']",Neuroscience,Neuroscience (miscellaneous) (Q1),,,Arts and Humanities; Multidisciplinary,History and Philosophy of Science (Q1); Multidisciplinary (Q1),,
oci:06702797949-061602194853,omid:br/06702797949,Advanced Nonlinear Studies [omid:br/0624050525 issn:1536-1365 issn:2169-0375 openalex:S207995962],omid:br/061602194853,The Journal Of Geometric Analysis [omid:br/0616051672 issn:1050-6926 issn:1559-002X openalex:S6775291],2006-02-01,False,True,Incoming,"['15361365', '21690375']","['10506926', '1559002X']",Mathematics; Physics and Astronomy,Mathematics (miscellaneous) (Q1); Statistical and Nonlinear Physics (Q1),QA1-939,Science: Mathematics,Mathematics,Geometry and Topology (Q1),,
oci:06120932987-061102468997,omid:br/06120932987,Journal Of Computational Physics [omid:br/069027385 issn:0021-9991 openalex:S148709879],omid:br/061102468997,Computer Methods In Applied Mechanics And Engineering [omid:br/0617051309 issn:0045-7825 issn:1879-2138 openalex:S40006715],2017-08,False,True,Incoming,['00219991'],"['00457825', '18792138']",Computer Science; Mathematics; Physics and Astronomy,Applied Mathematics (Q1); Computational Mathematics (Q1); Computer Science Applications (Q1); Modeling and Simulation (Q1); Numerical Analysis (Q1); Physics and Astronomy (miscellaneous) (Q1),,,Computer Science; Engineering; Physics and Astronomy,Computational Mechanics (Q1); Computer Science Applications (Q1); Mechanical Engineering (Q1); Mechanics of Materials (Q1); Physics and Astronomy (miscellaneous) (Q1),,
oci:062104344536-06130998423,omid:br/062104344536,Globalizations [omid:br/062030312 issn:1474-7731 issn:1474-774X openalex:S203532909],omid:br/06130998423,Annales De Géographie [omid:br/069028700 issn:0003-4010 issn:1777-5884 openalex:S4210202357],2024-07-16,True,False,Outgoing,"['14747731', '1474774X']","['00034010', '17775884']","Economics, Econometrics and Finance; Environmental Science; Social Sciences","Economics, Econometrics and Finance (miscellaneous) (Q1); Geography, Planning and Development (Q1); Sociology and Political Science (Q1); Management, Monitoring, Policy and Law (Q2); Public Administration (Q2)",,,Earth and Planetary Sciences; Social Sciences,"Earth-Surface Processes (Q4); Geography, Planning and Development (Q4)",,
oci:06150506489-06220391353,omid:br/06150506489,Journal Of Instrumentation [omid:br/064010524 doi:10.1088/1748-0221 issn:1748-0221 openalex:S116045149],omid:br/06220391353,"Nuclear Instruments And Methods In Physics Research Section A: Accelerators, Spectrometers, Detectors And Associated Equipment [omid:br/069011716 issn:0168-9002 openalex:S145630073]",2019-11-26,True,False,Outgoing,"['17480221', '17480221']",['01689002'],Mathematics; Physics and Astronomy,Instrumentation (Q3); Mathematical Physics (Q3),,,Physics and Astronomy,Instrumentation (Q2); Nuclear and High Energy Physics (Q2),,
oci:0630570842-06404322937,omid:br/0630570842,Physical Review D [omid:br/062509685 issn:2470-0010 issn:2470-0029 openalex:S4210238307],omid:br/06404322937,Progress Of Theoretical And Experimental Physics [omid:br/0614035189 issn:2050-3911 openalex:S4210202364],2022-04-19,False,True,Incoming,"['24700010', '24700029']",['20503911'],Physics and Astronomy,Nuclear and High Energy Physics (Q1); Physics and Astronomy (miscellaneous) (Q1),,,Physics and Astronomy,Physics and Astronomy (miscellaneous) (Q1),QC1-999,Science: Physics
oci:06470123275-06204353370,omid:br/06470123275,Astronomy & Astrophysics [omid:br/064040455 issn:0004-6361 issn:1432-0746 openalex:S205231332],omid:br/06204353370,Publications Of The Astronomical Society Of The Pacific [omid:br/063038054 issn:0004-6280 issn:1538-3873 openalex:S82835231],2023-05,False,True,Incoming,"['00046361', '14320746']","['00046280', '15383873']",Earth and Planetary Sciences; Physics and Astronomy,Astronomy and Astrophysics (Q1); Space and Planetary Science (Q1),QB1-991,Science: Astronomy,Earth and Planetary Sciences; Physics and Astronomy,Astronomy and Astrophysics (Q1); Space and Planetary Science (Q1),,
oci:06102846007-06603913398,omid:br/06102846007,Physics Letters B [omid:br/0626059839 issn:0370-2693 openalex:S173952182],omid:br/06603913398,Physical Review Letters [omid:br/063044243 issn:0031-9007 issn:1079-7114 openalex:S24807848],2015-03,True,False,Outgoing,['03702693'],"['00319007', '10797114']",Physics and Astronomy,Nuclear and High Energy Physics (Q1),QC1-999,Science: Physics,Physics and Astronomy,Physics and Astronomy (miscellaneous) (Q1),,
oci:06150734942-06601524150,omid:br/06150734942,Journal Of Physics: Complexity [omid:br/06150736178 issn:2632-072X openalex:S4210184083],omid:br/06601524150,Plos One [omid:br/068038897 issn:1932-6203 openalex:S202381698],2021-11-16,False,True,Incoming,['2632072X'],['19326203'],Computer Science,Artificial Intelligence (Q2); Computer Networks and Communications (Q2); Computer Science Applications (Q2); Information Systems (Q2),Q|QC1-999,Science: Physics,Multidisciplinary,Multidisciplinary (Q1),R|Q,Medicine | Science
oci:06240704307-06601390563,omid:br/06240704307,Tetrahedron [omid:br/0626023199 issn:0040-4020 openalex:S205754296],omid:br/06601390563,Clinics In Plastic Surgery [omid:br/068035679 issn:0094-1298 openalex:S159672176],2007-01,True,False,Outgoing,['00404020'],['00941298'],"Biochemistry, Genetics and Molecular Biology; Chemistry; Pharmacology, Toxicology and Pharmaceutics",Biochemistry (Q3); Drug Discovery (Q3); Organic Chemistry (Q3),,,Medicine,Surgery (Q1),,
oci:06401850374-06901689867,omid:br/06401850374,Journal Of High Energy Physics [omid:br/062038872 issn:1029-8479 issn:1126-6708 openalex:S187585107],omid:br/06901689867,Zeitschrift Für Physik C Particles And Fields [omid:br/0612035595 issn:0170-9739 issn:1431-5858 issn:1434-6044 issn:1434-6052],2012-04,False,True,Incoming,"['10298479', '11266708']","['01709739', '14315858', '14346044', '14346052']",Physics and Astronomy,Nuclear and High Energy Physics (Q2),QC770-798,Science: Physics: Nuclear and particle physics. Atomic energy. Radioactivity,Engineering; Physics and Astronomy,Engineering (miscellaneous) (Q1); Physics and Astronomy (miscellaneous) (Q1),QB460-466|QC770-798,Science: Astronomy: Astrophysics | Science: Physics: Nuclear and particle physics. Atomic energy. Radioactivity
oci:06101804462-0650630404,omid:br/06101804462,Physical Review B [omid:br/0619043761 issn:2469-9950 issn:2469-9969 openalex:S4210237713],omid:br/0650630404,Physical Review B [omid:br/0616012786 issn:0163-1829 issn:1095-3795 issn:1098-0121 issn:1550-235X],2019-06-20,False,True,Incoming,"['24699950', '24699969']","['01631829', '10953795', '10980121', '1550235X']",Materials Science; Physics and Astronomy,"Condensed Matter Physics (Q1); Electronic, Optical and Magnetic Materials (Q1)",,,,,,
oci:06902059102-061801651589,omid:br/06902059102,Journal Of Chemical Theory And Computation [omid:br/0619047782 issn:1549-9618 issn:1549-9626 openalex:S189701308],omid:br/061801651589,The Journal Of Chemical Physics [omid:br/067037880 issn:0021-9606 issn:1089-7690 openalex:S77047749],2014-02-21,True,False,Outgoing,"['15499618', '15499626']","['00219606', '10897690']",Chemistry; Computer Science,Computer Science Applications (Q1); Physical and Theoretical Chemistry (Q1),,,Chemistry; Medicine; Physics and Astronomy,Physical and Theoretical Chemistry (Q1); Physics and Astronomy (miscellaneous) (Q1); Medicine (miscellaneous) (Q2),,
oci:0620511870-06902058390,omid:br/0620511870,Physical Chemistry Chemical Physics [omid:br/064010713 issn:1463-9076 issn:1463-9084 openalex:S181332294],omid:br/06902058390,Journal Of Chemical Theory And Computation [omid:br/0619047782 issn:1549-9618 issn:1549-9626 openalex:S189701308],2016,False,True,Incoming,"['14639076', '14639084']","['15499618', '15499626']",Chemistry; Physics and Astronomy,Physical and Theoretical Chemistry (Q2); Physics and Astronomy (miscellaneous) (Q2),,,Chemistry; Computer Science,Computer Science Applications (Q1); Physical and Theoretical Chemistry (Q1),,
oci:061704259119-06460123635,omid:br/061704259119,Astronomy & Astrophysics [omid:br/064040455 issn:0004-6361 issn:1432-0746 openalex:S205231332],omid:br/06460123635,Astronomy & Astrophysics [omid:br/064040455 issn:0004-6361 issn:1432-0746 openalex:S205231332],2024-05,False,True,Incoming,"['00046361', '14320746']","['00046361', '14320746']",Earth and Planetary Sciences; Physics and Astronomy,Astronomy and Astrophysics (Q1); Space and Planetary Science (Q1),QB1-991,Science: Astronomy,Earth and Planetary Sciences; Physics and Astronomy,Astronomy and Astrophysics (Q1); Space and Planetary Science (Q1),QB1-991,Science: Astronomy
oci:06601661878-06240895316,omid:br/06601661878,The Journal Of Chemical Physics [omid:br/067037880 issn:0021-9606 issn:1089-7690 openalex:S77047749],omid:br/06240895316,Journal Of Quantitative Spectroscopy And Radiative Transfer [omid:br/0623021730 issn:0022-4073 openalex:S100373537],2010-04-28,True,False,Outgoing,"['00219606', '10897690']",['00224073'],Chemistry; Medicine; Physics and Astronomy,Physical and Theoretical Chemistry (Q1); Physics and Astronomy (miscellaneous) (Q1); Medicine (miscellaneous) (Q2),,,Chemistry; Physics and Astronomy,"Radiation (Q1); Spectroscopy (Q1); Atomic and Molecular Physics, and Optics (Q2)",,
oci:06102204823-06502198918,omid:br/06102204823,The Astrophysical Journal [omid:br/064040542 issn:0004-637X issn:1538-4357 openalex:S1980519],omid:br/06502198918,Monthly Notices Of The Royal Astronomical Society [omid:br/067041753 doi:10.1111/(issn)1365-2966 issn:0035-8711 issn:1365-2966 openalex:S195663288],2018-07-19,True,False,Outgoing,"['0004637X', '15384357']","['13652966', '00358711', '13652966']",Earth and Planetary Sciences; Physics and Astronomy,Astronomy and Astrophysics (Q1); Space and Planetary Science (Q1),QB460-466,Science: Astronomy: Astrophysics,Earth and Planetary Sciences; Physics and Astronomy,Astronomy and Astrophysics (Q1); Space and Planetary Science (Q1),QB1-991,Science: Astronomy
oci:061801778149-062201089578,omid:br/061801778149,Physical Review B [omid:br/0619043761 issn:2469-9950 issn:2469-9969 openalex:S4210237713],omid:br/062201089578,Journal Of Statistical Mechanics: Theory And Experiment [omid:br/0613023093 doi:10.1088/1742-5468 issn:1742-5468 openalex:S167943036],2016-05-13,True,False,Outgoing,"['24699950', '24699969']","['17425468', '17425468']",Materials Science; Physics and Astronomy,"Condensed Matter Physics (Q1); Electronic, Optical and Magnetic Materials (Q1)",,,Decision Sciences; Mathematics; Physics and Astronomy,"Statistical and Nonlinear Physics (Q3); Statistics and Probability (Q3); Statistics, Probability and Uncertainty (Q3)",,
oci:061404096078-062202048731,omid:br/061404096078,Physical Review D [omid:br/062509685 issn:2470-0010 issn:2470-0029 openalex:S4210238307],omid:br/062202048731,Physical Review Letters [omid:br/063044243 issn:0031-9007 issn:1079-7114 openalex:S24807848],2024-01-05,True,True,Internal,"['24700010', '24700029']","['00319007', '10797114']",Physics and Astronomy,Nuclear and High Energy Physics (Q1); Physics and Astronomy (miscellaneous) (Q1),,,Physics and Astronomy,Physics and Astronomy (miscellaneous) (Q1),,
oci:061501730955-061601823033,omid:br/061501730955,The Astrophysical Journal [omid:br/064040542 issn:0004-637X issn:1538-4357 openalex:S1980519],omid:br/061601823033,Monthly Notices Of The Royal Astronomical Society [omid:br/067041753 doi:10.1111/(issn)1365-2966 issn:0035-8711 issn:1365-2966 openalex:S195663288],2013-04-16,False,True,Incoming,"['0004637X', '15384357']","['13652966', '00358711', '13652966']",Earth and Planetary Sciences; Physics and Astronomy,Astronomy and Astrophysics (Q1); Space and Planetary Science (Q1),QB460-466,Science: Astronomy: Astrophysics,Earth and Planetary Sciences; Physics and Astronomy,Astronomy and Astrophysics (Q1); Space and Planetary Science (Q1),QB1-991,Science: Astronomy
oci:0690639834-06703153884,omid:br/0690639834,The Journal Of Physical Chemistry B [omid:br/0617014123 issn:1520-5207 issn:1520-6106 openalex:S185621672],omid:br/06703153884,Polymer Degradation And Stability [omid:br/0611063205 issn:0141-3910 issn:1873-2321 openalex:S10124807],2003-10-01,True,False,Outgoing,"['15205207', '15206106']","['01413910', '18732321']",Chemistry; Materials Science; Medicine,"Physical and Theoretical Chemistry (Q1); Surfaces, Coatings and Films (Q1); Materials Chemistry (Q2); Medicine (miscellaneous) (Q2)",,,Engineering; Materials Science; Physics and Astronomy,Condensed Matter Physics (Q1); Materials Chemistry (Q1); Mechanics of Materials (Q1); Polymers and Plastics (Q1),,
oci:06601848680-06404322937,omid:br/06601848680,Journal Of Cosmology And Astroparticle Physics [omid:br/062039004 issn:1475-7508 issn:1475-7516 openalex:S120662888],omid:br/06404322937,Progress Of Theoretical And Experimental Physics [omid:br/0614035189 issn:2050-3911 openalex:S4210202364],2016-05-17,False,True,Incoming,"['14757508', '14757516']",['20503911'],Physics and Astronomy,Astronomy and Astrophysics (Q2),,,Physics and Astronomy,Physics and Astronomy (miscellaneous) (Q1),QC1-999,Science: Physics
oci:06802795193-06501333867,omid:br/06802795193,Seminars In Cell & Developmental Biology [omid:br/0618050575 issn:1084-9521 issn:1096-3634 openalex:S105347553],omid:br/06501333867,Nature Communications [omid:br/0623032092 doi:10.1038/41467.2041-1723 issn:2041-1723 openalex:S64187185],2022-08,False,True,Incoming,"['10849521', '10963634']","['20411723', '20411723']","Biochemistry, Genetics and Molecular Biology",Cell Biology (Q1); Developmental Biology (Q1),,,"Biochemistry, Genetics and Molecular Biology; Chemistry; Multidisciplinary; Physics and Astronomy","Biochemistry, Genetics and Molecular Biology (miscellaneous) (Q1); Chemistry (miscellaneous) (Q1); Multidisciplinary (Q1); Physics and Astronomy (miscellaneous) (Q1)",Q,Science
oci:06802831444-06502839846,omid:br/06802831444,Physics Letters B [omid:br/0626059839 issn:0370-2693 openalex:S173952182],omid:br/06502839846,Physics Letters B [omid:br/0626059839 issn:0370-2693 openalex:S173952182],1992-06,True,True,Internal,['03702693'],['03702693'],Physics and Astronomy,Nuclear and High Energy Physics (Q1),QC1-999,Science: Physics,Physics and Astronomy,Nuclear and High Energy Physics (Q1),QC1-999,Science: Physics
oci:06180173905-0650772643,omid:br/06180173905,Molecular & Cellular Proteomics [omid:br/061603273 doi:10.1074/mcp issn:1535-9476 issn:1535-9484 openalex:S104550190],omid:br/0650772643,Pediatric Neurology [omid:br/0619020503 issn:0887-8994 openalex:S165686931],2019-06,True,False,Outgoing,"['15359476', '15359484']",['08878994'],"Biochemistry, Genetics and Molecular Biology; Chemistry; Medicine",Analytical Chemistry (Q1); Biochemistry (Q1); Medicine (miscellaneous) (Q1); Molecular Biology (Q1),QD415-436,Science: Chemistry: Organic chemistry: Biochemistry,Medicine; Neuroscience,"Neurology (clinical) (Q2); Pediatrics, Perinatology and Child Health (Q2); Developmental Neuroscience (Q3); Neurology (Q3)",,
oci:06230984187-06140180770,omid:br/06230984187,Analytical Chemistry [omid:br/065021405 issn:0003-2700 issn:1520-6882 openalex:S191963794],omid:br/06140180770,Lab On A Chip [omid:br/062102805 issn:1473-0189 issn:1473-0197 openalex:S116836101],2014-10-13,True,False,Outgoing,"['00032700', '15206882']","['14730189', '14730197']",Chemistry,Analytical Chemistry (Q1),,,"Biochemistry, Genetics and Molecular Biology; Chemical Engineering; Chemistry; Engineering; Materials Science",Biochemistry (Q1); Bioengineering (Q1); Biomedical Engineering (Q1); Chemistry (miscellaneous) (Q1); Nanoscience and Nanotechnology (Q2),,
oci:06240999396-06802189167,omid:br/06240999396,Publications Of The Astronomical Society Of Australia [omid:br/0615022302 issn:1323-3580 issn:1448-6083 openalex:S126256729],omid:br/06802189167,Monthly Notices Of The Royal Astronomical Society [omid:br/067041753 doi:10.1111/(issn)1365-2966 issn:0035-8711 issn:1365-2966 openalex:S195663288],2016,True,False,Outgoing,"['13233580', '14486083']","['13652966', '00358711', '13652966']",Earth and Planetary Sciences; Physics and Astronomy,Astronomy and Astrophysics (Q1); Space and Planetary Science (Q1),,,Earth and Planetary Sciences; Physics and Astronomy,Astronomy and Astrophysics (Q1); Space and Planetary Science (Q1),QB1-991,Science: Astronomy
oci:061902057501-061801328350,omid:br/061902057501,Physical Review A [omid:br/0619043744 issn:2469-9926 issn:2469-9934 openalex:S4210182288],omid:br/061801328350,Physical Review A [omid:br/061032719 issn:1050-2947 issn:1094-1622 openalex:S164566984],2013-01-03,True,False,Outgoing,"['24699926', '24699934']","['10502947', '10941622']",Physics and Astronomy,"Atomic and Molecular Physics, and Optics (Q1)",,,,,,
oci:06104645902-06802412640,omid:br/06104645902,Chirality [omid:br/0619020438 doi:10.1002/(issn)1520-636x issn:0899-0042 issn:1520-636X openalex:S67976470],omid:br/06802412640,Journal Of Chemical Theory And Computation [omid:br/0619047782 issn:1549-9618 issn:1549-9626 openalex:S189701308],2024-02-26,True,False,Outgoing,"['08990042', '1520636X']","['15499618', '15499626']","Chemical Engineering; Chemistry; Pharmacology, Toxicology and Pharmaceutics",Analytical Chemistry (Q2); Catalysis (Q2); Drug Discovery (Q2); Organic Chemistry (Q2); Spectroscopy (Q2); Pharmacology (Q3),,,Chemistry; Computer Science,Computer Science Applications (Q1); Physical and Theoretical Chemistry (Q1),,
oci:06502232358-0636022966,omid:br/06502232358,Experimental Gerontology [omid:br/0619045090 issn:0531-5565 openalex:S122591147],omid:br/0636022966,Mechanisms Of Development [omid:br/061018383 issn:0925-4773 openalex:S137434647],2007-01,True,False,Outgoing,['05315565'],['09254773'],"Biochemistry, Genetics and Molecular Biology",Biochemistry (Q1); Genetics (Q1); Aging (Q2); Cell Biology (Q2); Endocrinology (Q2); Molecular Biology (Q2),,,,,,
oci:061101663338-061401635554,omid:br/061101663338,The Journal Of Chemical Physics [omid:br/067037880 issn:0021-9606 issn:1089-7690 openalex:S77047749],omid:br/061401635554,The Journal Of Chemical Physics [omid:br/067037880 issn:0021-9606 issn:1089-7690 openalex:S77047749],2003-12-22,False,True,Incoming,"['00219606', '10897690']","['00219606', '10897690']",Chemistry; Medicine; Physics and Astronomy,Physical and Theoretical Chemistry (Q1); Physics and Astronomy (miscellaneous) (Q1); Medicine (miscellaneous) (Q2),,,Chemistry; Medicine; Physics and Astronomy,Physical and Theoretical Chemistry (Q1); Physics and Astronomy (miscellaneous) (Q1); Medicine (miscellaneous) (Q2),,
oci:0680338429-061801840190,omid:br/0680338429,Journal Of Differential Equations [omid:br/061805987 issn:0022-0396 openalex:S200871675],omid:br/061801840190,Calculus Of Variations And Partial Differential Equations [omid:br/0618041983 issn:0944-2669 issn:1432-0835 openalex:S138240904],2014-06,False,True,Incoming,['00220396'],"['09442669', '14320835']",Mathematics,Analysis (Q1); Applied Mathematics (Q1),,,Mathematics,Analysis (Q1); Applied Mathematics (Q1),,
oci:061401414183-06101414946,omid:br/061401414183,Physical Review D [omid:br/066033919 issn:1550-2368 issn:1550-7998 openalex:S4210210554],omid:br/06101414946,Reviews Of Modern Physics [omid:br/0624030091 issn:0034-6861 issn:1539-0756 openalex:S73260565],2010-01-25,True,False,Outgoing,"['15502368', '15507998']","['00346861', '15390756']",,,,,Physics and Astronomy,Physics and Astronomy (miscellaneous) (Q1),,
oci:061801728312-061101735803,omid:br/061801728312,The Astrophysical Journal [omid:br/064040542 issn:0004-637X issn:1538-4357 openalex:S1980519],omid:br/061101735803,The Astrophysical Journal [omid:br/064040542 issn:0004-637X issn:1538-4357 openalex:S1980519],2006-09-10,True,False,Outgoing,"['0004637X', '15384357']","['0004637X', '15384357']",Earth and Planetary Sciences; Physics and Astronomy,Astronomy and Astrophysics (Q1); Space and Planetary Science (Q1),QB460-466,Science: Astronomy: Astrophysics,Earth and Planetary Sciences; Physics and Astronomy,Astronomy and Astrophysics (Q1); Space and Planetary Science (Q1),QB460-466,Science: Astronomy: Astrophysics
oci:061302048811-061702622356,omid:br/061302048811,Advanced Energy Materials [omid:br/061047587 issn:1614-6832 issn:1614-6840 openalex:S2502627819],omid:br/061702622356,Scientific Reports [omid:br/0616055349 issn:2045-2322 openalex:S196734849],2020-02-12,False,True,Incoming,"['16146832', '16146840']",['20452322'],Energy; Materials Science,"Materials Science (miscellaneous) (Q1); Renewable Energy, Sustainability and the Environment (Q1)",,,Multidisciplinary,Multidisciplinary (Q1),R|Q,Medicine | Science
oci:061301426914-06503929621,omid:br/061301426914,Physical Review D [omid:br/066033919 issn:1550-2368 issn:1550-7998 openalex:S4210210554],omid:br/06503929621,Physical Review Letters [omid:br/063044243 issn:0031-9007 issn:1079-7114 openalex:S24807848],2010-07-29,True,False,Outgoing,"['15502368', '15507998']","['00319007', '10797114']",,,,,Physics and Astronomy,Physics and Astronomy (miscellaneous) (Q1),,
oci:06480109388-06903151013,omid:br/06480109388,International Journal Of Molecular Sciences [omid:br/066033829 doi:10.3390/ijms issn:1422-0067],omid:br/06903151013,Nature Neuroscience [omid:br/066064112 issn:1097-6256 issn:1546-1726 openalex:S2298632],2023-02-11,True,False,Outgoing,['14220067'],"['10976256', '15461726']","Biochemistry, Genetics and Molecular Biology; Chemical Engineering; Chemistry; Computer Science; Medicine",Catalysis (Q1); Computer Science Applications (Q1); Inorganic Chemistry (Q1); Medicine (miscellaneous) (Q1); Organic Chemistry (Q1); Physical and Theoretical Chemistry (Q1); Spectroscopy (Q1); Molecular Biology (Q2),,,Neuroscience,Neuroscience (miscellaneous) (Q1),,
oci:06402205010-06801733541,omid:br/06402205010,Monthly Notices Of The Royal Astronomical Society [omid:br/067041753 doi:10.1111/(issn)1365-2966 issn:0035-8711 issn:1365-2966 openalex:S195663288],omid:br/06801733541,The Astrophysical Journal [omid:br/064040542 issn:0004-637X issn:1538-4357 openalex:S1980519],2017-09-13,True,False,Outgoing,"['13652966', '00358711', '13652966']","['0004637X', '15384357']",Earth and Planetary Sciences; Physics and Astronomy,Astronomy and Astrophysics (Q1); Space and Planetary Science (Q1),QB1-991,Science: Astronomy,Earth and Planetary Sciences; Physics and Astronomy,Astronomy and Astrophysics (Q1); Space and Planetary Science (Q1),QB460-466,Science: Astronomy: Astrophysics
oci:0650784340-062601248074,omid:br/0650784340,Journal Of Peptide Science [omid:br/0623017227 doi:10.1002/(issn)1099-1387 issn:1075-2617 issn:1099-1387 openalex:S184443419],omid:br/062601248074,JBIC Journal Of Biological Inorganic Chemistry [omid:br/0623030645 doi:10.1111/(issn)1432-1033 issn:0014-2956 issn:0949-8257 issn:1432-1033 issn:1432-1327],2011-02-18,True,False,Outgoing,"['10991387', '10752617', '10991387']","['14321033', '00142956', '09498257', '14321033', '14321327']","Biochemistry, Genetics and Molecular Biology; Chemistry; Medicine; Pharmacology, Toxicology and Pharmaceutics",Organic Chemistry (Q2); Biochemistry (Q3); Drug Discovery (Q3); Medicine (miscellaneous) (Q3); Molecular Medicine (Q3); Pharmacology (Q3); Structural Biology (Q3); Molecular Biology (Q4),,,"Biochemistry, Genetics and Molecular Biology; Chemistry",Inorganic Chemistry (Q2); Biochemistry (Q3),,
oci:06120714604-061101409349,omid:br/06120714604,Nations And Nationalism [omid:br/063014553 doi:10.1111/(issn)1469-8129 issn:1354-5078 issn:1469-8129 openalex:S155963401],omid:br/061101409349,Current Sociology [omid:br/061034225 issn:0011-3921 issn:1461-7064 openalex:S10591207],2019-01-17,True,False,Outgoing,"['14698129', '13545078', '14698129']","['00113921', '14617064']",Arts and Humanities; Social Sciences,"Arts and Humanities (miscellaneous) (Q1); Geography, Planning and Development (Q1); Political Science and International Relations (Q1)",,,Social Sciences,Sociology and Political Science (Q1),,
oci:061801974017-062201005733,omid:br/061801974017,Journal Of The Knowledge Economy [omid:br/061801974732 issn:1868-7865 issn:1868-7873 openalex:S60370010],omid:br/062201005733,Industrial And Corporate Change [omid:br/0612021809 issn:0960-6491 issn:1464-3650 openalex:S145507837],2020-03-10,False,True,Incoming,"['18687865', '18687873']","['09606491', '14643650']","Economics, Econometrics and Finance",Economics and Econometrics (Q2),,,"Business, Management and Accounting; Economics, Econometrics and Finance",Economics and Econometrics (Q1); Management of Technology and Innovation (Q1),,
oci:06301849768-06401745545,omid:br/06301849768,Journal Of Cosmology And Astroparticle Physics [omid:br/062039004 issn:1475-7508 issn:1475-7516 openalex:S120662888],omid:br/06401745545,The Astrophysical Journal [omid:br/064040542 issn:0004-637X issn:1538-4357 openalex:S1980519],2006-02-24,True,False,Outgoing,"['14757508', '14757516']","['0004637X', '15384357']",Physics and Astronomy,Astronomy and Astrophysics (Q2),,,Earth and Planetary Sciences; Physics and Astronomy,Astronomy and Astrophysics (Q1); Space and Planetary Science (Q1),QB460-466,Science: Astronomy: Astrophysics
oci:0680499155-062101722012,omid:br/0680499155,The Astrophysical Journal [omid:br/062408625 issn:2041-8205 issn:2041-8213 openalex:S4210175824],omid:br/062101722012,The Astrophysical Journal [omid:br/064040542 issn:0004-637X issn:1538-4357 openalex:S1980519],2021-05-31,True,False,Outgoing,"['20418205', '20418213']","['0004637X', '15384357']",Earth and Planetary Sciences; Physics and Astronomy,Astronomy and Astrophysics (Q1); Space and Planetary Science (Q1),QB460-466,Science: Astronomy: Astrophysics,Earth and Planetary Sciences; Physics and Astronomy,Astronomy and Astrophysics (Q1); Space and Planetary Science (Q1),QB460-466,Science: Astronomy: Astrophysics
oci:06220220638-0630483918,omid:br/06220220638,Acta Neuropathologica Communications [omid:br/06704254 issn:2051-5960 openalex:S2764650462],omid:br/0630483918,Science [omid:br/0619015403 doi:10.1126/science issn:0036-8075 issn:1095-9203 openalex:S3880285],2017-05-08,True,False,Outgoing,['20515960'],"['00368075', '10959203']",Medicine; Neuroscience,Cellular and Molecular Neuroscience (Q1); Neurology (clinical) (Q1); Pathology and Forensic Medicine (Q1),RC346-429,Medicine: Internal medicine: Neurosciences. Biological psychiatry. Neuropsychiatry: Neurology. Diseases of the nervous system,Arts and Humanities; Multidisciplinary,History and Philosophy of Science (Q1); Multidisciplinary (Q1),,
oci:06340480759-062101096255,omid:br/06340480759,Carbon [omid:br/0619036539 issn:0008-6223 openalex:S188605413],omid:br/062101096255,Journal Of The Mechanics And Physics Of Solids [omid:br/0615024018 issn:0022-5096 openalex:S105775785],2024-10,False,True,Incoming,['00086223'],['00225096'],Chemistry; Materials Science,Chemistry (miscellaneous) (Q1); Materials Science (miscellaneous) (Q1),,,Engineering; Physics and Astronomy,Condensed Matter Physics (Q1); Mechanical Engineering (Q1); Mechanics of Materials (Q1),,
oci:062601363987-06220785025,omid:br/062601363987,Regional Environmental Change [omid:br/065029362 issn:1436-378X issn:1436-3798 openalex:S117431132],omid:br/06220785025,Nature Climate Change [omid:br/064017095 doi:10.1038/41558.1758-6798 issn:1758-678X issn:1758-6798 openalex:S183584863],2019-03-06,False,True,Incoming,"['1436378X', '14363798']","['17586798', '1758678X', '17586798']",Environmental Science,Global and Planetary Change (Q2),,,Environmental Science; Social Sciences,Environmental Science (miscellaneous) (Q1); Social Sciences (miscellaneous) (Q1),,
oci:062304350293-06402407207,omid:br/062304350293,Journal Of Medicinal Chemistry [omid:br/061804490 issn:0022-2623 issn:0095-9065 issn:1520-4804],omid:br/06402407207,Chemistry – A European Journal [omid:br/0615045217 doi:10.1002/(issn)1521-3765 issn:0947-6539 issn:1521-3765 openalex:S68911691],2024-04-18,False,True,Incoming,"['00222623', '00959065', '15204804']","['15213765', '09476539', '15213765']","Biochemistry, Genetics and Molecular Biology; Pharmacology, Toxicology and Pharmaceutics",Drug Discovery (Q1); Molecular Medicine (Q1),,,Chemical Engineering; Chemistry,Organic Chemistry (Q1); Catalysis (Q2); Chemistry (miscellaneous) (Q2),,
oci:06390155811-06101487691,omid:br/06390155811,Neurobiology Of Disease [omid:br/064010628 issn:0969-9961 openalex:S35878148],omid:br/06101487691,Nature Reviews Neuroscience [omid:br/0621032673 issn:1471-003X issn:1471-0048 openalex:S26843219],2023-02,False,True,Incoming,['09699961'],"['1471003X', '14710048']",Neuroscience,Neurology (Q1),RC321-571,Medicine: Internal medicine: Neurosciences. Biological psychiatry. Neuropsychiatry,Neuroscience,Neuroscience (miscellaneous) (Q1),,
oci:06101690418-06603913399,omid:br/06101690418,Zeitschrift Für Physik C Particles And Fields [omid:br/0612035595 issn:0170-9739 issn:1431-5858 issn:1434-6044 issn:1434-6052],omid:br/06603913399,Physical Review Letters [omid:br/063044243 issn:0031-9007 issn:1079-7114 openalex:S24807848],2021-03,True,False,Outgoing,"['01709739', '14315858', '14346044', '14346052']","['00319007', '10797114']",Engineering; Physics and Astronomy,Engineering (miscellaneous) (Q1); Physics and Astronomy (miscellaneous) (Q1),QB460-466|QC770-798,Science: Astronomy: Astrophysics | Science: Physics: Nuclear and particle physics. Atomic energy. Radioactivity,Physics and Astronomy,Physics and Astronomy (miscellaneous) (Q1),,
oci:061701429650-06803499835,omid:br/061701429650,Physical Review D [omid:br/066033919 issn:1550-2368 issn:1550-7998 openalex:S4210210554],omid:br/06803499835,Journal Of Physics G: Nuclear And Particle Physics [omid:br/0612059308 issn:0954-3899 issn:1361-6471 openalex:S78376336],2008-12-02,False,True,Incoming,"['15502368', '15507998']","['09543899', '13616471']",,,,,Physics and Astronomy,Nuclear and High Energy Physics (Q1),,
oci:061701609637-061701664328,omid:br/061701609637,AEU - International Journal Of Electronics And Communications [omid:br/0614014052 issn:1434-8411 issn:1618-0399 openalex:S141761900],omid:br/061701664328,The Journal Of Chemical Physics [omid:br/067037880 issn:0021-9606 issn:1089-7690 openalex:S77047749],2010-07,True,False,Outgoing,"['14348411', '16180399']","['00219606', '10897690']",Engineering,Electrical and Electronic Engineering (Q2),,,Chemistry; Medicine; Physics and Astronomy,Physical and Theoretical Chemistry (Q1); Physics and Astronomy (miscellaneous) (Q1); Medicine (miscellaneous) (Q2),,
oci:06140471280-06220887158,omid:br/06140471280,Journal Of Physics D: Applied Physics [omid:br/0617011040 doi:10.1088/issn.0022-3727 issn:0022-3727 issn:1361-6463 openalex:S111927887],omid:br/06220887158,Applied Surface Science [omid:br/0611019918 issn:0169-4332 openalex:S42323631],1995-04-14,False,True,Incoming,"['00223727', '00223727', '13616463']",['01694332'],Materials Science; Physics and Astronomy,"Acoustics and Ultrasonics (Q1); Condensed Matter Physics (Q2); Electronic, Optical and Magnetic Materials (Q2); Surfaces, Coatings and Films (Q2)",,,Chemistry; Materials Science; Physics and Astronomy,"Chemistry (miscellaneous) (Q1); Condensed Matter Physics (Q1); Physics and Astronomy (miscellaneous) (Q1); Surfaces and Interfaces (Q1); Surfaces, Coatings and Films (Q1)",,
oci:0660253443-062601474862,omid:br/0660253443,Behavioural Brain Research [omid:br/062204296 issn:0166-4328 openalex:S81474683],omid:br/062601474862,Vision Research [omid:br/0616038848 issn:0042-6989 openalex:S68719679],1983-10,True,False,Outgoing,['01664328'],['00426989'],Neuroscience,Behavioral Neuroscience (Q2),,,Medicine; Neuroscience,Ophthalmology (Q2); Sensory Systems (Q3),,
oci:061702736526-061103034913,omid:br/061702736526,NTT Technical Review [omid:br/06401192154 issn:2436-5327 openalex:S4387278534],omid:br/061103034913,Trends In Cell Biology [omid:br/063059166 issn:0962-8924 issn:1879-3088 openalex:S118628157],2017-12,True,False,Outgoing,['24365327'],"['09628924', '18793088']",,,,,"Biochemistry, Genetics and Molecular Biology",Cell Biology (Q1),,
oci:06501688209-062402052128,omid:br/06501688209,Zeitschrift Für Physik C Particles And Fields [omid:br/0612035595 issn:0170-9739 issn:1431-5858 issn:1434-6044 issn:1434-6052],omid:br/062402052128,Physical Review Letters [omid:br/063044243 issn:0031-9007 issn:1079-7114 openalex:S24807848],2017-12,True,True,Internal,"['01709739', '14315858', '14346044', '14346052']","['00319007', '10797114']",Engineering; Physics and Astronomy,Engineering (miscellaneous) (Q1); Physics and Astronomy (miscellaneous) (Q1),QB460-466|QC770-798,Science: Astronomy: Astrophysics | Science: Physics: Nuclear and particle physics. Atomic energy. Radioactivity,Physics and Astronomy,Physics and Astronomy (miscellaneous) (Q1),,
oci:062301648290-06180123618,omid:br/062301648290,The Journal Of Chemical Physics [omid:br/067037880 issn:0021-9606 issn:1089-7690 openalex:S77047749],omid:br/06180123618,Chemical Physics Letters [omid:br/062302564 issn:0009-2614 openalex:S44567922],2001-08-15,False,True,Incoming,"['00219606', '10897690']",['00092614'],Chemistry; Medicine; Physics and Astronomy,Physical and Theoretical Chemistry (Q1); Physics and Astronomy (miscellaneous) (Q1); Medicine (miscellaneous) (Q2),,,Chemistry; Physics and Astronomy,Physical and Theoretical Chemistry (Q2); Physics and Astronomy (miscellaneous) (Q2),,
oci:061501726461-06801729003,omid:br/061501726461,Astronomy & Astrophysics [omid:br/064040455 issn:0004-6361 issn:1432-0746 openalex:S205231332],omid:br/06801729003,Astronomy & Astrophysics [omid:br/064040455 issn:0004-6361 issn:1432-0746 openalex:S205231332],2019-10,True,False,Outgoing,"['00046361', '14320746']","['00046361', '14320746']",Earth and Planetary Sciences; Physics and Astronomy,Astronomy and Astrophysics (Q1); Space and Planetary Science (Q1),QB1-991,Science: Astronomy,Earth and Planetary Sciences; Physics and Astronomy,Astronomy and Astrophysics (Q1); Space and Planetary Science (Q1),QB1-991,Science: Astronomy
oci:06201436115-06220392559,omid:br/06201436115,Physical Review D [omid:br/066033919 issn:1550-2368 issn:1550-7998 openalex:S4210210554],omid:br/06220392559,"Nuclear Instruments And Methods In Physics Research Section A: Accelerators, Spectrometers, Detectors And Associated Equipment [omid:br/069011716 issn:0168-9002 openalex:S145630073]",2005-03-25,True,False,Outgoing,"['15502368', '15507998']",['01689002'],,,,,Physics and Astronomy,Instrumentation (Q2); Nuclear and High Energy Physics (Q2),,
oci:06602200546-0670566061,omid:br/06602200546,Universe [omid:br/0611043227 issn:2218-1997 openalex:S2737774819],omid:br/0670566061,Physical Review D [omid:br/062509685 issn:2470-0010 issn:2470-0029 openalex:S4210238307],2022-03-03,False,True,Incoming,['22181997'],"['24700010', '24700029']",Physics and Astronomy,Physics and Astronomy (miscellaneous) (Q2),QC793-793.5,Science: Physics: Nuclear and particle physics. Atomic energy. Radioactivity: Elementary particle physics,Physics and Astronomy,Nuclear and High Energy Physics (Q1); Physics and Astronomy (miscellaneous) (Q1),,
oci:0620410261-0680252803,omid:br/0620410261,International Journal Of Quantum Chemistry [omid:br/061507360 doi:10.1002/(issn)1097-461x issn:0020-7608 issn:1097-461X openalex:S167203149],omid:br/0680252803,Journal Of Molecular Structure [omid:br/062104023 issn:0022-2860 openalex:S203479135],1986-03,True,False,Outgoing,"['00207608', '1097461X']",['00222860'],Chemistry; Physics and Astronomy,"Atomic and Molecular Physics, and Optics (Q3); Condensed Matter Physics (Q3); Physical and Theoretical Chemistry (Q3)",,,Chemistry,Analytical Chemistry (Q2); Inorganic Chemistry (Q2); Organic Chemistry (Q2); Spectroscopy (Q2),,
oci:061101733654-06502199231,omid:br/061101733654,Astronomy & Astrophysics [omid:br/064040455 issn:0004-6361 issn:1432-0746 openalex:S205231332],omid:br/06502199231,Monthly Notices Of The Royal Astronomical Society [omid:br/067041753 doi:10.1111/(issn)1365-2966 issn:0035-8711 issn:1365-2966 openalex:S195663288],2021-10,True,False,Outgoing,"['00046361', '14320746']","['13652966', '00358711', '13652966']",Earth and Planetary Sciences; Physics and Astronomy,Astronomy and Astrophysics (Q1); Space and Planetary Science (Q1),QB1-991,Science: Astronomy,Earth and Planetary Sciences; Physics and Astronomy,Astronomy and Astrophysics (Q1); Space and Planetary Science (Q1),QB1-991,Science: Astronomy
oci:06701806544-06210349569,omid:br/06701806544,New Journal Of Physics [omid:br/0626048721 issn:1367-2630 openalex:S148121101],omid:br/06210349569,Nature [omid:br/0626016512 issn:0028-0836 issn:1465-7392 issn:1476-4679 issn:1476-4687 issn:1744-7933],2012-02-07,True,False,Outgoing,['13672630'],"['00280836', '14657392', '14764679', '14764687', '17447933']",Physics and Astronomy,Physics and Astronomy (miscellaneous) (Q1),Q|QC1-999,Science: Physics,Multidisciplinary,Multidisciplinary (Q1),,
oci:06802440362-062301664084,omid:br/06802440362,Physical Review Letters [omid:br/063044243 issn:0031-9007 issn:1079-7114 openalex:S24807848],omid:br/062301664084,Poljoprivredna Tehnika [omid:br/061301730182 issn:0554-5587 issn:2406-1123 openalex:S4210212990],2016-07-14,True,False,Outgoing,"['00319007', '10797114']","['05545587', '24061123']",Physics and Astronomy,Physics and Astronomy (miscellaneous) (Q1),,,,,,
oci:0612096305-0625099317,omid:br/0612096305,International Journal Of Computer Integrated Manufacturing [omid:br/061501246 issn:0951-192X issn:1362-3052 openalex:S57062392],omid:br/0625099317,Ai & Society [omid:br/061601823 issn:0951-5666 issn:1435-5655 openalex:S4210190517],2020-03-15,False,True,Incoming,"['0951192X', '13623052']","['09515666', '14355655']",Computer Science; Engineering,Aerospace Engineering (Q1); Electrical and Electronic Engineering (Q1); Industrial and Manufacturing Engineering (Q1); Mechanical Engineering (Q1); Computer Science Applications (Q2),,,Arts and Humanities; Computer Science,Artificial Intelligence (Q1); Human-Computer Interaction (Q1); Philosophy (Q1),,
oci:062401799308-06240999268,omid:br/062401799308,Monthly Notices Of The Royal Astronomical Society [omid:br/067041753 doi:10.1111/(issn)1365-2966 issn:0035-8711 issn:1365-2966 openalex:S195663288],omid:br/06240999268,Publications Of The Astronomical Society Of Australia [omid:br/0615022302 issn:1323-3580 issn:1448-6083 openalex:S126256729],2019-05-14,False,True,Incoming,"['13652966', '00358711', '13652966']","['13233580', '14486083']",Earth and Planetary Sciences; Physics and Astronomy,Astronomy and Astrophysics (Q1); Space and Planetary Science (Q1),QB1-991,Science: Astronomy,Earth and Planetary Sciences; Physics and Astronomy,Astronomy and Astrophysics (Q1); Space and Planetary Science (Q1),,
oci:061701508383-061801842692,omid:br/061701508383,IEEE Photonics Journal [omid:br/065031983 doi:10.1109/jphot.4563994 issn:1943-0647 issn:1943-0655 openalex:S72499069],omid:br/061801842692,Nature Photonics [omid:br/0621041052 issn:1749-4885 issn:1749-4893 openalex:S120392215],2018-02,False,True,Incoming,"['19430647', '19430655']","['17494885', '17494893']",Engineering; Physics and Astronomy,"Atomic and Molecular Physics, and Optics (Q2); Electrical and Electronic Engineering (Q2)",TA1501-1820|QC350-467,Technology: Engineering (General). Civil engineering (General): Applied optics. Photonics | Science: Physics: Optics. Light,Materials Science; Physics and Astronomy,"Atomic and Molecular Physics, and Optics (Q1); Electronic, Optical and Magnetic Materials (Q1)",,
oci:062602149799-06801145721,omid:br/062602149799,Neuropharmacology [omid:br/0623052896 issn:0028-3908 openalex:S160566677],omid:br/06801145721,Annual Review Of Neuroscience [omid:br/06801146301 issn:0147-006X issn:1545-4126 openalex:S131371711],2017-05,True,False,Outgoing,['00283908'],"['0147006X', '15454126']","Neuroscience; Pharmacology, Toxicology and Pharmaceutics",Cellular and Molecular Neuroscience (Q1); Pharmacology (Q1),,,Neuroscience,Neuroscience (miscellaneous) (Q1),,
oci:06401850020-061802434630,omid:br/06401850020,Journal Of High Energy Physics [omid:br/062038872 issn:1029-8479 issn:1126-6708 openalex:S187585107],omid:br/061802434630,Nuclear Physics B [omid:br/069057982 issn:0550-3213 issn:1873-1562 openalex:S4210194812],2012-06,False,True,Incoming,"['10298479', '11266708']","['05503213', '18731562']",Physics and Astronomy,Nuclear and High Energy Physics (Q2),QC770-798,Science: Physics: Nuclear and particle physics. Atomic energy. Radioactivity,Physics and Astronomy,Nuclear and High Energy Physics (Q2),QC770-798,Science: Physics: Nuclear and particle physics. Atomic energy. Radioactivity
oci:062103964744-06150567516,omid:br/062103964744,Journal Of Physics G: Nuclear And Particle Physics [omid:br/0612059308 issn:0954-3899 issn:1361-6471 openalex:S78376336],omid:br/06150567516,Physical Review D [omid:br/062509685 issn:2470-0010 issn:2470-0029 openalex:S4210238307],2022-12-22,True,False,Outgoing,"['09543899', '13616471']","['24700010', '24700029']",Physics and Astronomy,Nuclear and High Energy Physics (Q1),,,Physics and Astronomy,Nuclear and High Energy Physics (Q1); Physics and Astronomy (miscellaneous) (Q1),,
oci:06520172930-06602418122,omid:br/06520172930,The Journal Of Physical Chemistry B [omid:br/0617014123 issn:1520-5207 issn:1520-6106 openalex:S185621672],omid:br/06602418122,Journal Of Chemical Theory And Computation [omid:br/0619047782 issn:1549-9618 issn:1549-9626 openalex:S189701308],2023-03-06,True,True,Internal,"['15205207', '15206106']","['15499618', '15499626']",Chemistry; Materials Science; Medicine,"Physical and Theoretical Chemistry (Q1); Surfaces, Coatings and Films (Q1); Materials Chemistry (Q2); Medicine (miscellaneous) (Q2)",,,Chemistry; Computer Science,Computer Science Applications (Q1); Physical and Theoretical Chemistry (Q1),,
oci:06150467074-061102717544,omid:br/06150467074,Laser And Particle Beams [omid:br/061108055 issn:0263-0346 issn:1469-803X openalex:S138104288],omid:br/061102717544,Physical Review E [omid:br/0626063578 issn:1539-3755 issn:1550-2376 openalex:S35412551],2008-03,True,False,Outgoing,"['02630346', '1469803X']","['15393755', '15502376']",Engineering; Physics and Astronomy,"Atomic and Molecular Physics, and Optics (Q3); Condensed Matter Physics (Q3); Electrical and Electronic Engineering (Q3)",TA1501-1820|QC770-798,Technology: Engineering (General). Civil engineering (General): Applied optics. Photonics | Science: Physics: Nuclear and particle physics. Atomic energy. Radioactivity,,,,
oci:06302433046-06701207284,omid:br/06302433046,The South African Journal Of Economics [omid:br/0611029346 issn:0038-2280 issn:1813-6982 openalex:S90392387],omid:br/06701207284,Journal Of The Optical Society Of America B [omid:br/0614026245 issn:0740-3224 issn:1520-8540 openalex:S64486668],2009-01,True,False,Outgoing,"['00382280', '18136982']","['07403224', '15208540']","Economics, Econometrics and Finance",Economics and Econometrics (Q3),,,Physics and Astronomy,"Atomic and Molecular Physics, and Optics (Q2); Statistical and Nonlinear Physics (Q3)",,
oci:06101757409-06601835424,omid:br/06101757409,Physical Review C [omid:br/067039453 issn:0556-2813 issn:1089-490X openalex:S4210168441],omid:br/06601835424,Journal Of High Energy Physics [omid:br/062038872 issn:1029-8479 issn:1126-6708 openalex:S187585107],2014-08-18,False,True,Incoming,"['05562813', '1089490X']","['10298479', '11266708']",,,,,Physics and Astronomy,Nuclear and High Energy Physics (Q2),QC770-798,Science: Physics: Nuclear and particle physics. Atomic energy. Radioactivity
oci:06401688226-06301436625,omid:br/06401688226,Zeitschrift Für Physik C Particles And Fields [omid:br/0612035595 issn:0170-9739 issn:1431-5858 issn:1434-6044 issn:1434-6052],omid:br/06301436625,Physical Review D [omid:br/066033919 issn:1550-2368 issn:1550-7998 openalex:S4210210554],2018-09,True,False,Outgoing,"['01709739', '14315858', '14346044', '14346052']","['15502368', '15507998']",Engineering; Physics and Astronomy,Engineering (miscellaneous) (Q1); Physics and Astronomy (miscellaneous) (Q1),QB460-466|QC770-798,Science: Astronomy: Astrophysics | Science: Physics: Nuclear and particle physics. Atomic energy. Radioactivity,,,,
oci:06701667338-06703898024,omid:br/06701667338,Zeitschrift Für Physik C Particles And Fields [omid:br/0612035595 issn:0170-9739 issn:1431-5858 issn:1434-6044 issn:1434-6052],omid:br/06703898024,Physical Review Letters [omid:br/063044243 issn:0031-9007 issn:1079-7114 openalex:S24807848],2015-04,True,False,Outgoing,"['01709739', '14315858', '14346044', '14346052']","['00319007', '10797114']",Engineering; Physics and Astronomy,Engineering (miscellaneous) (Q1); Physics and Astronomy (miscellaneous) (Q1),QB460-466|QC770-798,Science: Astronomy: Astrophysics | Science: Physics: Nuclear and particle physics. Atomic energy. Radioactivity,Physics and Astronomy,Physics and Astronomy (miscellaneous) (Q1),,
oci:061101386128-0640719363,omid:br/061101386128,The Journal Of Organic Chemistry [omid:br/0618033367 issn:0022-3263 issn:1520-6904 openalex:S205050996],omid:br/0640719363,Tetrahedron [omid:br/0626023199 issn:0040-4020 openalex:S205754296],2009-04-22,True,True,Internal,"['00223263', '15206904']",['00404020'],Chemistry,Organic Chemistry (Q2),,,"Biochemistry, Genetics and Molecular Biology; Chemistry; Pharmacology, Toxicology and Pharmaceutics",Biochemistry (Q3); Drug Discovery (Q3); Organic Chemistry (Q3),,
oci:061801181472-06140224216,omid:br/061801181472,European Journal Of Industrial Relations [omid:br/0624025915 issn:0959-6801 issn:1461-7129 openalex:S630694],omid:br/06140224216,Industrial Relations Journal [omid:br/06906438 doi:10.1111/(issn)1468-2338 issn:0019-8692 issn:1468-2338 openalex:S140218963],2016-11-28,False,True,Incoming,"['09596801', '14617129']","['14682338', '00198692', '14682338']","Business, Management and Accounting","Business, Management and Accounting (miscellaneous) (Q1); Management of Technology and Innovation (Q1); Organizational Behavior and Human Resource Management (Q1); Strategy and Management (Q1)",,,"Business, Management and Accounting",Industrial Relations (Q2),,
oci:06220622915-06230354049,omid:br/06220622915,Physical Review B [omid:br/0616012786 issn:0163-1829 issn:1095-3795 issn:1098-0121 issn:1550-235X],omid:br/06230354049,Nature [omid:br/0626016512 issn:0028-0836 issn:1465-7392 issn:1476-4679 issn:1476-4687 issn:1744-7933],2009-01-27,True,False,Outgoing,"['01631829', '10953795', '10980121', '1550235X']","['00280836', '14657392', '14764679', '14764687', '17447933']",,,,,Multidisciplinary,Multidisciplinary (Q1),,
oci:06501688354-061801600843,omid:br/06501688354,Zeitschrift Für Physik C Particles And Fields [omid:br/0612035595 issn:0170-9739 issn:1431-5858 issn:1434-6044 issn:1434-6052],omid:br/061801600843,AEU - International Journal Of Electronics And Communications [omid:br/0614014052 issn:1434-8411 issn:1618-0399 openalex:S141761900],2017-11,True,False,Outgoing,"['01709739', '14315858', '14346044', '14346052']","['14348411', '16180399']",Engineering; Physics and Astronomy,Engineering (miscellaneous) (Q1); Physics and Astronomy (miscellaneous) (Q1),QB460-466|QC770-798,Science: Astronomy: Astrophysics | Science: Physics: Nuclear and particle physics. Atomic energy. Radioactivity,Engineering,Electrical and Electronic Engineering (Q2),,
oci:06350518382-06302339903,omid:br/06350518382,Physical Review D [omid:br/062509685 issn:2470-0010 issn:2470-0029 openalex:S4210238307],omid:br/06302339903,The European Physical Journal Special Topics [omid:br/0625040751 doi:10.1007/11734.1951-6401 issn:1951-6355 issn:1951-6401 openalex:S138062970],2024-06-18,False,True,Incoming,"['24700010', '24700029']","['19516401', '19516355', '19516401']",Physics and Astronomy,Nuclear and High Energy Physics (Q1); Physics and Astronomy (miscellaneous) (Q1),,,Chemistry; Materials Science; Physics and Astronomy,Physics and Astronomy (miscellaneous) (Q2); Materials Science (miscellaneous) (Q3); Physical and Theoretical Chemistry (Q3),,
oci:06240814909-06504201890,omid:br/06240814909,Epigenetics & Chromatin [omid:br/06240815529 issn:1756-8935 openalex:S155115555],omid:br/06504201890,Current Opinion In Genetics & Development [omid:br/0619023460 issn:0959-437X openalex:S116174365],2012-12,True,False,Outgoing,['17568935'],['0959437X'],"Biochemistry, Genetics and Molecular Biology",Genetics (Q1); Molecular Biology (Q1),QH426-470,Science: Biology (General): Genetics,"Biochemistry, Genetics and Molecular Biology",Developmental Biology (Q1); Genetics (Q1),,
oci:06190570804-061301600127,omid:br/06190570804,Physical Review D [omid:br/062509685 issn:2470-0010 issn:2470-0029 openalex:S4210238307],omid:br/061301600127,Computer Physics Communications [omid:br/0615037347 issn:0010-4655 openalex:S142305363],2018-06-28,True,False,Outgoing,"['24700010', '24700029']",['00104655'],Physics and Astronomy,Nuclear and High Energy Physics (Q1); Physics and Astronomy (miscellaneous) (Q1),,,Computer Science; Physics and Astronomy,Hardware and Architecture (Q1); Physics and Astronomy (miscellaneous) (Q1),,
oci:06230428014-0620984756,omid:br/06230428014,Journal Of Alzheimer's Disease [omid:br/061908718 issn:1387-2877 issn:1875-8908 openalex:S25155249],omid:br/0620984756,Neurobiology Of Aging [omid:br/0626031039 issn:0197-4580 openalex:S284573],2013-10-10,True,False,Outgoing,"['13872877', '18758908']",['01974580'],Medicine; Neuroscience; Psychology,Clinical Psychology (Q1); Medicine (miscellaneous) (Q1); Geriatrics and Gerontology (Q2); Neuroscience (miscellaneous) (Q2); Psychiatry and Mental Health (Q2),,,"Biochemistry, Genetics and Molecular Biology; Medicine; Neuroscience",Developmental Biology (Q1); Geriatrics and Gerontology (Q1); Neurology (clinical) (Q1); Neuroscience (miscellaneous) (Q1); Aging (Q2),,
oci:061701609051-061701609387,omid:br/061701609051,AEU - International Journal Of Electronics And Communications [omid:br/0614014052 issn:1434-8411 issn:1618-0399 openalex:S141761900],omid:br/061701609387,AEU - International Journal Of Electronics And Communications [omid:br/0614014052 issn:1434-8411 issn:1618-0399 openalex:S141761900],2012-05,False,True,Incoming,"['14348411', '16180399']","['14348411', '16180399']",Engineering,Electrical and Electronic Engineering (Q2),,,Engineering,Electrical and Electronic Engineering (Q2),,
oci:06230572567-06801673630,omid:br/06230572567,Physical Review D [omid:br/062509685 issn:2470-0010 issn:2470-0029 openalex:S4210238307],omid:br/06801673630,Zeitschrift Für Physik C Particles And Fields [omid:br/0612035595 issn:0170-9739 issn:1431-5858 issn:1434-6044 issn:1434-6052],2017-07-28,False,True,Incoming,"['24700010', '24700029']","['01709739', '14315858', '14346044', '14346052']",Physics and Astronomy,Nuclear and High Energy Physics (Q1); Physics and Astronomy (miscellaneous) (Q1),,,Engineering; Physics and Astronomy,Engineering (miscellaneous) (Q1); Physics and Astronomy (miscellaneous) (Q1),QB460-466|QC770-798,Science: Astronomy: Astrophysics | Science: Physics: Nuclear and particle physics. Atomic energy. Radioactivity
oci:062201804712-062301810861,omid:br/062201804712,Monthly Notices Of The Royal Astronomical Society [omid:br/067041753 doi:10.1111/(issn)1365-2966 issn:0035-8711 issn:1365-2966 openalex:S195663288],omid:br/062301810861,Monthly Notices Of The Royal Astronomical Society [omid:br/067041753 doi:10.1111/(issn)1365-2966 issn:0035-8711 issn:1365-2966 openalex:S195663288],2004-04,True,True,Internal,"['13652966', '00358711', '13652966']","['13652966', '00358711', '13652966']",Earth and Planetary Sciences; Physics and Astronomy,Astronomy and Astrophysics (Q1); Space and Planetary Science (Q1),QB1-991,Science: Astronomy,Earth and Planetary Sciences; Physics and Astronomy,Astronomy and Astrophysics (Q1); Space and Planetary Science (Q1),QB1-991,Science: Astronomy
oci:06150735996-06240955760,omid:br/06150735996,Brain Communications [omid:br/06150736239 issn:2632-1297 openalex:S4210235363],omid:br/06240955760,Neuroscience & Biobehavioral Reviews [omid:br/0626030860 issn:0149-7634 openalex:S170052170],2020,True,False,Outgoing,['26321297'],['01497634'],Medicine; Neuroscience,Biological Psychiatry (Q1); Cellular and Molecular Neuroscience (Q1); Neurology (Q1); Psychiatry and Mental Health (Q1),RC321-571,Medicine: Internal medicine: Neurosciences. Biological psychiatry. Neuropsychiatry,Neuroscience; Psychology,Behavioral Neuroscience (Q1); Cognitive Neuroscience (Q1); Neuropsychology and Physiological Psychology (Q1),,
oci:061202815875-06250695000,omid:br/061202815875,World Journal Of Gastroenterology [omid:br/061060715 issn:1007-9327 issn:2219-2840 openalex:S181459644],omid:br/06250695000,Cancers [omid:br/0624012964 doi:10.3390/cancers issn:2072-6694 openalex:S168415115],2021-07-21,False,True,Incoming,"['10079327', '22192840']",['20726694'],Medicine,Gastroenterology (Q1); Medicine (miscellaneous) (Q1),,,"Biochemistry, Genetics and Molecular Biology; Medicine",Oncology (Q1); Cancer Research (Q2),,
oci:06280398049-061101345325,omid:br/06280398049,Journal Of The London Mathematical Society [omid:br/0624021906 issn:0024-6107 issn:1469-7750 openalex:S4210207695],omid:br/061101345325,Inventiones Mathematicae [omid:br/062030405 issn:0020-9910 issn:1432-1297 openalex:S98347115],2023-12-26,False,True,Incoming,"['00246107', '14697750']","['00209910', '14321297']",Mathematics,Mathematics (miscellaneous) (Q1),,,Mathematics,Mathematics (miscellaneous) (Q1),,
oci:06402205059-061501732093,omid:br/06402205059,Monthly Notices Of The Royal Astronomical Society [omid:br/067041753 doi:10.1111/(issn)1365-2966 issn:0035-8711 issn:1365-2966 openalex:S195663288],omid:br/061501732093,The Astrophysical Journal [omid:br/064040542 issn:0004-637X issn:1538-4357 openalex:S1980519],2017-09-07,False,True,Incoming,"['13652966', '00358711', '13652966']","['0004637X', '15384357']",Earth and Planetary Sciences; Physics and Astronomy,Astronomy and Astrophysics (Q1); Space and Planetary Science (Q1),QB1-991,Science: Astronomy,Earth and Planetary Sciences; Physics and Astronomy,Astronomy and Astrophysics (Q1); Space and Planetary Science (Q1),QB460-466,Science: Astronomy: Astrophysics
oci:06301832843-06401849650,omid:br/06301832843,Journal Of High Energy Physics [omid:br/062038872 issn:1029-8479 issn:1126-6708 openalex:S187585107],omid:br/06401849650,Journal Of High Energy Physics [omid:br/062038872 issn:1029-8479 issn:1126-6708 openalex:S187585107],2016-09,False,True,Incoming,"['10298479', '11266708']","['10298479', '11266708']",Physics and Astronomy,Nuclear and High Energy Physics (Q2),QC770-798,Science: Physics: Nuclear and particle physics. Atomic energy. Radioactivity,Physics and Astronomy,Nuclear and High Energy Physics (Q2),QC770-798,Science: Physics: Nuclear and particle physics. Atomic energy. Radioactivity
oci:06601832551-062601448910,omid:br/06601832551,Journal Of High Energy Physics [omid:br/062038872 issn:1029-8479 issn:1126-6708 openalex:S187585107],omid:br/062601448910,Physical Review D [omid:br/066033919 issn:1550-2368 issn:1550-7998 openalex:S4210210554],2022-04,True,False,Outgoing,"['10298479', '11266708']","['15502368', '15507998']",Physics and Astronomy,Nuclear and High Energy Physics (Q2),QC770-798,Science: Physics: Nuclear and particle physics. Atomic energy. Radioactivity,,,,
oci:061504223474-061401707538,omid:br/061504223474,Astronomy & Astrophysics [omid:br/064040455 issn:0004-6361 issn:1432-0746 openalex:S205231332],omid:br/061401707538,Astronomy & Astrophysics [omid:br/064040455 issn:0004-6361 issn:1432-0746 openalex:S205231332],2024-06,True,False,Outgoing,"['00046361', '14320746']","['00046361', '14320746']",Earth and Planetary Sciences; Physics and Astronomy,Astronomy and Astrophysics (Q1); Space and Planetary Science (Q1),QB1-991,Science: Astronomy,Earth and Planetary Sciences; Physics and Astronomy,Astronomy and Astrophysics (Q1); Space and Planetary Science (Q1),QB1-991,Science: Astronomy
oci:06404377574-06502836498,omid:br/06404377574,Physical Review D [omid:br/062509685 issn:2470-0010 issn:2470-0029 openalex:S4210238307],omid:br/06502836498,Physics Letters B [omid:br/0626059839 issn:0370-2693 openalex:S173952182],2023-03-23,True,False,Outgoing,"['24700010', '24700029']",['03702693'],Physics and Astronomy,Nuclear and High Energy Physics (Q1); Physics and Astronomy (miscellaneous) (Q1),,,Physics and Astronomy,Nuclear and High Energy Physics (Q1),QC1-999,Science: Physics
oci:06190624667-062201721801,omid:br/06190624667,Monthly Notices Of The Royal Astronomical Society: Letters [omid:br/0616012575 issn:1745-3925 issn:1745-3933 openalex:S2734515570],omid:br/062201721801,The Astrophysical Journal [omid:br/064040542 issn:0004-637X issn:1538-4357 openalex:S1980519],2011-08-09,True,False,Outgoing,"['17453925', '17453933']","['0004637X', '15384357']",Earth and Planetary Sciences; Physics and Astronomy,Astronomy and Astrophysics (Q1); Space and Planetary Science (Q1),,,Earth and Planetary Sciences; Physics and Astronomy,Astronomy and Astrophysics (Q1); Space and Planetary Science (Q1),QB460-466,Science: Astronomy: Astrophysics
oci:061403854363-06601677311,omid:br/061403854363,Zeitschrift Für Physik C Particles And Fields [omid:br/0612035595 issn:0170-9739 issn:1431-5858 issn:1434-6044 issn:1434-6052],omid:br/06601677311,Zeitschrift Für Physik C Particles And Fields [omid:br/0612035595 issn:0170-9739 issn:1431-5858 issn:1434-6044 issn:1434-6052],2023-08-11,True,False,Outgoing,"['01709739', '14315858', '14346044', '14346052']","['01709739', '14315858', '14346044', '14346052']",Engineering; Physics and Astronomy,Engineering (miscellaneous) (Q1); Physics and Astronomy (miscellaneous) (Q1),QB460-466|QC770-798,Science: Astronomy: Astrophysics | Science: Physics: Nuclear and particle physics. Atomic energy. Radioactivity,Engineering; Physics and Astronomy,Engineering (miscellaneous) (Q1); Physics and Astronomy (miscellaneous) (Q1),QB460-466|QC770-798,Science: Astronomy: Astrophysics | Science: Physics: Nuclear and particle physics. Atomic energy. Radioactivity
oci:062503546313-06401672557,omid:br/062503546313,ACS Physical Chemistry Au [omid:br/06260253165 issn:2694-2445 openalex:S4210221318],omid:br/06401672557,The Journal Of Chemical Physics [omid:br/067037880 issn:0021-9606 issn:1089-7690 openalex:S77047749],2022-11-23,True,False,Outgoing,['26942445'],"['00219606', '10897690']",Chemistry; Computer Science,Chemistry (miscellaneous) (Q1); Computational Theory and Mathematics (Q1); Computer Science Applications (Q1); Physical and Theoretical Chemistry (Q1),QD450-801,Science: Chemistry: Physical and theoretical chemistry,Chemistry; Medicine; Physics and Astronomy,Physical and Theoretical Chemistry (Q1); Physics and Astronomy (miscellaneous) (Q1); Medicine (miscellaneous) (Q2),,
oci:0620640341-06902085363,omid:br/0620640341,Science Advances [omid:br/0623014047 issn:2375-2548 openalex:S2737427234],omid:br/06902085363,Physical Review Letters [omid:br/063044243 issn:0031-9007 issn:1079-7114 openalex:S24807848],2017-08-04,False,True,Incoming,['23752548'],"['00319007', '10797114']",Multidisciplinary,Multidisciplinary (Q1),Q,Science,Physics and Astronomy,Physics and Astronomy (miscellaneous) (Q1),,
oci:06701473997-061501477427,omid:br/06701473997,Nano Letters [omid:br/0621032804 issn:1530-6984 issn:1530-6992 openalex:S143846845],omid:br/061501477427,Nano Letters [omid:br/0621032804 issn:1530-6984 issn:1530-6992 openalex:S143846845],2017-01-06,False,True,Incoming,"['15306984', '15306992']","['15306984', '15306992']",Chemical Engineering; Chemistry; Engineering; Materials Science; Physics and Astronomy,Bioengineering (Q1); Chemistry (miscellaneous) (Q1); Condensed Matter Physics (Q1); Materials Science (miscellaneous) (Q1); Mechanical Engineering (Q1); Nanoscience and Nanotechnology (Q1),,,Chemical Engineering; Chemistry; Engineering; Materials Science; Physics and Astronomy,Bioengineering (Q1); Chemistry (miscellaneous) (Q1); Condensed Matter Physics (Q1); Materials Science (miscellaneous) (Q1); Mechanical Engineering (Q1); Nanoscience and Nanotechnology (Q1),,
oci:0646041097-062501605719,omid:br/0646041097,SN Computer Science [omid:br/0614038128 issn:2661-8907 issn:2662-995X openalex:S4210174798],omid:br/062501605719,ACM Computing Surveys [omid:br/0617038502 issn:0360-0300 issn:1557-7341 openalex:S157921468],2021-06-19,False,True,Incoming,"['26618907', '2662995X']","['03600300', '15577341']",Computer Science,Computational Theory and Mathematics (Q2); Computer Graphics and Computer-Aided Design (Q2); Computer Networks and Communications (Q2); Computer Science (miscellaneous) (Q2); Artificial Intelligence (Q3); Computer Science Applications (Q3),,,Computer Science; Mathematics,Computer Science (miscellaneous) (Q1); Theoretical Computer Science (Q1),,
oci:062404283850-06903459968,omid:br/062404283850,Journal Of Cosmology And Astroparticle Physics [omid:br/062039004 issn:1475-7508 issn:1475-7516 openalex:S120662888],omid:br/06903459968,Monthly Notices Of The Royal Astronomical Society [omid:br/067041753 doi:10.1111/(issn)1365-2966 issn:0035-8711 issn:1365-2966 openalex:S195663288],2024-09-01,False,True,Incoming,"['14757508', '14757516']","['13652966', '00358711', '13652966']",Physics and Astronomy,Astronomy and Astrophysics (Q2),,,Earth and Planetary Sciences; Physics and Astronomy,Astronomy and Astrophysics (Q1); Space and Planetary Science (Q1),QB1-991,Science: Astronomy
oci:06401849221-06701821342,omid:br/06401849221,Journal Of High Energy Physics [omid:br/062038872 issn:1029-8479 issn:1126-6708 openalex:S187585107],omid:br/06701821342,Journal Of High Energy Physics [omid:br/062038872 issn:1029-8479 issn:1126-6708 openalex:S187585107],2016-03,False,True,Incoming,"['10298479', '11266708']","['10298479', '11266708']",Physics and Astronomy,Nuclear and High Energy Physics (Q2),QC770-798,Science: Physics: Nuclear and particle physics. Atomic energy. Radioactivity,Physics and Astronomy,Nuclear and High Energy Physics (Q2),QC770-798,Science: Physics: Nuclear and particle physics. Atomic energy. Radioactivity
oci:06250398010-0670430730,omid:br/06250398010,Data & Knowledge Engineering [omid:br/061106353 issn:0169-023X issn:1872-6933 openalex:S136993123],omid:br/0670430730,IEEE/ACM Transactions On Networking [omid:br/0626015293 doi:10.1109/tnet.90 issn:1063-6692 issn:1558-2566 openalex:S62238642],2001-11,True,False,Outgoing,"['0169023X', '18726933']","['10636692', '15582566']",Decision Sciences,Information Systems and Management (Q1),,,,,,
oci:061504223707-06301660544,omid:br/061504223707,Astronomy & Astrophysics [omid:br/064040455 issn:0004-6361 issn:1432-0746 openalex:S205231332],omid:br/06301660544,The Journal Of Chemical Physics [omid:br/067037880 issn:0021-9606 issn:1089-7690 openalex:S77047749],2024-03,True,False,Outgoing,"['00046361', '14320746']","['00219606', '10897690']",Earth and Planetary Sciences; Physics and Astronomy,Astronomy and Astrophysics (Q1); Space and Planetary Science (Q1),QB1-991,Science: Astronomy,Chemistry; Medicine; Physics and Astronomy,Physical and Theoretical Chemistry (Q1); Physics and Astronomy (miscellaneous) (Q1); Medicine (miscellaneous) (Q2),,
oci:06301531476-061401430796,omid:br/06301531476,Plos One [omid:br/068038897 issn:1932-6203 openalex:S202381698],omid:br/061401430796,Journal Of Neurology [omid:br/0612031458 issn:0340-5354 issn:0367-004X issn:1432-1459],2012-09-25,False,True,Incoming,['19326203'],"['03405354', '0367004X', '14321459']",Multidisciplinary,Multidisciplinary (Q1),R|Q,Medicine | Science,Medicine; Neuroscience,Neurology (Q1); Neurology (clinical) (Q1),,
oci:062301808328-06160493828,omid:br/062301808328,Monthly Notices Of The Royal Astronomical Society [omid:br/067041753 doi:10.1111/(issn)1365-2966 issn:0035-8711 issn:1365-2966 openalex:S195663288],omid:br/06160493828,The Astrophysical Journal [omid:br/062408625 issn:2041-8205 issn:2041-8213 openalex:S4210175824],2019-10-10,True,False,Outgoing,"['13652966', '00358711', '13652966']","['20418205', '20418213']",Earth and Planetary Sciences; Physics and Astronomy,Astronomy and Astrophysics (Q1); Space and Planetary Science (Q1),QB1-991,Science: Astronomy,Earth and Planetary Sciences; Physics and Astronomy,Astronomy and Astrophysics (Q1); Space and Planetary Science (Q1),QB460-466,Science: Astronomy: Astrophysics
oci:06304759079-061403854807,omid:br/06304759079,The European Physical Journal Special Topics [omid:br/0625040751 doi:10.1007/11734.1951-6401 issn:1951-6355 issn:1951-6401 openalex:S138062970],omid:br/061403854807,Zeitschrift Für Physik C Particles And Fields [omid:br/0612035595 issn:0170-9739 issn:1431-5858 issn:1434-6044 issn:1434-6052],2024-07-31,False,True,Incoming,"['19516401', '19516355', '19516401']","['01709739', '14315858', '14346044', '14346052']",Chemistry; Materials Science; Physics and Astronomy,Physics and Astronomy (miscellaneous) (Q2); Materials Science (miscellaneous) (Q3); Physical and Theoretical Chemistry (Q3),,,Engineering; Physics and Astronomy,Engineering (miscellaneous) (Q1); Physics and Astronomy (miscellaneous) (Q1),QB460-466|QC770-798,Science: Astronomy: Astrophysics | Science: Physics: Nuclear and particle physics. Atomic energy. Radioactivity
oci:061103098302-0620492422,omid:br/061103098302,Advances In Calculus Of Variations [omid:br/061103099193 issn:1864-8258 issn:1864-8266 openalex:S71657983],omid:br/0620492422,Communications On Pure And Applied Mathematics [omid:br/062408413 doi:10.1002/(issn)1097-0312 issn:0010-3640 issn:1097-0312 openalex:S134818455],2022-01-20,False,True,Incoming,"['18648258', '18648266']","['10970312', '00103640', '10970312']",Mathematics,Analysis (Q1); Applied Mathematics (Q1),,,Mathematics,Applied Mathematics (Q1); Mathematics (miscellaneous) (Q1),,
oci:062502053163-061602427460,omid:br/062502053163,Physical Review Letters [omid:br/063044243 issn:0031-9007 issn:1079-7114 openalex:S24807848],omid:br/061602427460,Physics Letters B [omid:br/0626059839 issn:0370-2693 openalex:S173952182],2011-09-19,True,False,Outgoing,"['00319007', '10797114']",['03702693'],Physics and Astronomy,Physics and Astronomy (miscellaneous) (Q1),,,Physics and Astronomy,Nuclear and High Energy Physics (Q1),QC1-999,Science: Physics
oci:06190411550-06150511353,omid:br/06190411550,International Journal Of Quantum Chemistry [omid:br/061507360 doi:10.1002/(issn)1097-461x issn:0020-7608 issn:1097-461X openalex:S167203149],omid:br/06150511353,Physical Chemistry Chemical Physics [omid:br/064010713 issn:1463-9076 issn:1463-9084 openalex:S181332294],2016-07-13,True,False,Outgoing,"['00207608', '1097461X']","['14639076', '14639084']",Chemistry; Physics and Astronomy,"Atomic and Molecular Physics, and Optics (Q3); Condensed Matter Physics (Q3); Physical and Theoretical Chemistry (Q3)",,,Chemistry; Physics and Astronomy,Physical and Theoretical Chemistry (Q2); Physics and Astronomy (miscellaneous) (Q2),,
oci:062102052089-06110570730,omid:br/062102052089,Physical Review Letters [omid:br/063044243 issn:0031-9007 issn:1079-7114 openalex:S24807848],omid:br/06110570730,Physical Review D [omid:br/062509685 issn:2470-0010 issn:2470-0029 openalex:S4210238307],2021-05-05,False,True,Incoming,"['00319007', '10797114']","['24700010', '24700029']",Physics and Astronomy,Physics and Astronomy (miscellaneous) (Q1),,,Physics and Astronomy,Nuclear and High Energy Physics (Q1); Physics and Astronomy (miscellaneous) (Q1),,
oci:062201855199-06240986585,omid:br/062201855199,Human Molecular Genetics [omid:br/0626050048 issn:0964-6906 issn:1460-2083 openalex:S166515463],omid:br/06240986585,Current Alzheimer Research [omid:br/0612021690 issn:1567-2050 openalex:S188438558],2016-07-27,True,False,Outgoing,"['09646906', '14602083']",['15672050'],"Biochemistry, Genetics and Molecular Biology; Medicine",Genetics (Q1); Genetics (clinical) (Q1); Medicine (miscellaneous) (Q1); Molecular Biology (Q2),,,Medicine; Neuroscience,Neurology (Q3); Neurology (clinical) (Q3),,
oci:061901942983-06180623439,omid:br/061901942983,Nature Astronomy [omid:br/0619046491 issn:2397-3366 openalex:S2764494557],omid:br/06180623439,Monthly Notices Of The Royal Astronomical Society: Letters [omid:br/0616012575 issn:1745-3925 issn:1745-3933 openalex:S2734515570],2017-07,False,True,Incoming,['23973366'],"['17453925', '17453933']",Physics and Astronomy,Astronomy and Astrophysics (Q1),,,Earth and Planetary Sciences; Physics and Astronomy,Astronomy and Astrophysics (Q1); Space and Planetary Science (Q1),,
oci:0690846527-06301532977,omid:br/0690846527,Molecular Psychiatry [omid:br/0626025711 issn:1359-4184 issn:1476-5578 openalex:S71149355],omid:br/06301532977,Plos One [omid:br/068038897 issn:1932-6203 openalex:S202381698],2021-07-16,True,False,Outgoing,"['13594184', '14765578']",['19326203'],"Biochemistry, Genetics and Molecular Biology; Medicine; Neuroscience",Cellular and Molecular Neuroscience (Q1); Molecular Biology (Q1); Psychiatry and Mental Health (Q1),,,Multidisciplinary,Multidisciplinary (Q1),R|Q,Medicine | Science
oci:061202437160-061902446509,omid:br/061202437160,Nuclear Physics B [omid:br/069057982 issn:0550-3213 issn:1873-1562 openalex:S4210194812],omid:br/061902446509,Nuclear Physics B [omid:br/069057982 issn:0550-3213 issn:1873-1562 openalex:S4210194812],2000-11,True,False,Outgoing,"['05503213', '18731562']","['05503213', '18731562']",Physics and Astronomy,Nuclear and High Energy Physics (Q2),QC770-798,Science: Physics: Nuclear and particle physics. Atomic energy. Radioactivity,Physics and Astronomy,Nuclear and High Energy Physics (Q2),QC770-798,Science: Physics: Nuclear and particle physics. Atomic energy. Radioactivity
oci:06240641559-061901648341,omid:br/06240641559,ACS Nano [omid:br/062013211 issn:1936-0851 issn:1936-086X openalex:S145476921],omid:br/061901648341,Journal Of Cell Biology [omid:br/064038952 issn:0021-9525 issn:1540-8140 openalex:S96410829],2019-01-23,True,False,Outgoing,"['19360851', '1936086X']","['00219525', '15408140']",Engineering; Materials Science; Physics and Astronomy,Engineering (miscellaneous) (Q1); Materials Science (miscellaneous) (Q1); Nanoscience and Nanotechnology (Q1); Physics and Astronomy (miscellaneous) (Q1),,,"Biochemistry, Genetics and Molecular Biology; Medicine",Cell Biology (Q1); Medicine (miscellaneous) (Q1),,
oci:06401864999-06501843416,omid:br/06401864999,Journal Of Cosmology And Astroparticle Physics [omid:br/062039004 issn:1475-7508 issn:1475-7516 openalex:S120662888],omid:br/06501843416,Journal Of High Energy Physics [omid:br/062038872 issn:1029-8479 issn:1126-6708 openalex:S187585107],2019-01-09,False,True,Incoming,"['14757508', '14757516']","['10298479', '11266708']",Physics and Astronomy,Astronomy and Astrophysics (Q2),,,Physics and Astronomy,Nuclear and High Energy Physics (Q2),QC770-798,Science: Physics: Nuclear and particle physics. Atomic energy. Radioactivity
oci:0625082559-0640680783,omid:br/0625082559,Journal Of Biological Chemistry [omid:br/06903738 doi:10.1074/jbc issn:0021-9258 issn:1083-351X openalex:S140251998],omid:br/0640680783,Cell [omid:br/0611013894 issn:0092-8674 openalex:S110447773],2019-07,True,False,Outgoing,"['00219258', '1083351X']",['00928674'],"Biochemistry, Genetics and Molecular Biology",Biochemistry (Q1); Cell Biology (Q1); Molecular Biology (Q1),QD415-436,Science: Chemistry: Organic chemistry: Biochemistry,"Biochemistry, Genetics and Molecular Biology","Biochemistry, Genetics and Molecular Biology (miscellaneous) (Q1)",,
oci:06701819535-062501420735,omid:br/06701819535,Journal Of High Energy Physics [omid:br/062038872 issn:1029-8479 issn:1126-6708 openalex:S187585107],omid:br/062501420735,Physical Review D [omid:br/066033919 issn:1550-2368 issn:1550-7998 openalex:S4210210554],2021-10,True,False,Outgoing,"['10298479', '11266708']","['15502368', '15507998']",Physics and Astronomy,Nuclear and High Energy Physics (Q2),QC770-798,Science: Physics: Nuclear and particle physics. Atomic energy. Radioactivity,,,,
oci:06904457841-0690501037,omid:br/06904457841,The Astrophysical Journal [omid:br/062408625 issn:2041-8205 issn:2041-8213 openalex:S4210175824],omid:br/0690501037,The Astrophysical Journal [omid:br/062408625 issn:2041-8205 issn:2041-8213 openalex:S4210175824],2024-09-01,False,True,Incoming,"['20418205', '20418213']","['20418205', '20418213']",Earth and Planetary Sciences; Physics and Astronomy,Astronomy and Astrophysics (Q1); Space and Planetary Science (Q1),QB460-466,Science: Astronomy: Astrophysics,Earth and Planetary Sciences; Physics and Astronomy,Astronomy and Astrophysics (Q1); Space and Planetary Science (Q1),QB460-466,Science: Astronomy: Astrophysics
oci:062502052728-06901446909,omid:br/062502052728,Physical Review Letters [omid:br/063044243 issn:0031-9007 issn:1079-7114 openalex:S24807848],omid:br/06901446909,Physical Review D [omid:br/066033919 issn:1550-2368 issn:1550-7998 openalex:S4210210554],2011-10-25,True,False,Outgoing,"['00319007', '10797114']","['15502368', '15507998']",Physics and Astronomy,Physics and Astronomy (miscellaneous) (Q1),,,,,,
oci:06302824193-061402395558,omid:br/06302824193,Physics Reports [omid:br/0625047923 issn:0370-1573 openalex:S48633963],omid:br/061402395558,Physics Letters B [omid:br/0626059839 issn:0370-2693 openalex:S173952182],1992-08,True,False,Outgoing,['03701573'],['03702693'],Physics and Astronomy,Physics and Astronomy (miscellaneous) (Q1),,,Physics and Astronomy,Nuclear and High Energy Physics (Q1),QC1-999,Science: Physics
oci:0628074469-06202825632,omid:br/0628074469,Frontiers Of Physics [omid:br/06602410722 issn:2095-0462 issn:2095-0470 openalex:S118523878],omid:br/06202825632,Physics Reports [omid:br/0625047923 issn:0370-1573 openalex:S48633963],2023-01-21,False,True,Incoming,"['20950462', '20950470']",['03701573'],Physics and Astronomy,Physics and Astronomy (miscellaneous) (Q1),,,Physics and Astronomy,Physics and Astronomy (miscellaneous) (Q1),,
oci:061202029037-062101644599,omid:br/061202029037,Journal Of Chemical Theory And Computation [omid:br/0619047782 issn:1549-9618 issn:1549-9626 openalex:S189701308],omid:br/062101644599,The Journal Of Chemical Physics [omid:br/067037880 issn:0021-9606 issn:1089-7690 openalex:S77047749],2011-09-27,False,True,Incoming,"['15499618', '15499626']","['00219606', '10897690']",Chemistry; Computer Science,Computer Science Applications (Q1); Physical and Theoretical Chemistry (Q1),,,Chemistry; Medicine; Physics and Astronomy,Physical and Theoretical Chemistry (Q1); Physics and Astronomy (miscellaneous) (Q1); Medicine (miscellaneous) (Q2),,
oci:061601781461-061503062296,omid:br/061601781461,Computational And Theoretical Chemistry [omid:br/0618040461 issn:2210-271X openalex:S137947318],omid:br/061503062296,Proceedings Of The National Academy Of Sciences [omid:br/0621062545 doi:10.1073/pnas issn:0027-8424 issn:1091-6490 openalex:S125754415],2012-04,True,False,Outgoing,['2210271X'],"['00278424', '10916490']","Biochemistry, Genetics and Molecular Biology; Chemistry; Physics and Astronomy",Condensed Matter Physics (Q2); Biochemistry (Q3); Physical and Theoretical Chemistry (Q3),,,Multidisciplinary,Multidisciplinary (Q1),,
oci:061701278899-062402441588,omid:br/061701278899,Biomedicines [omid:br/0611029353 issn:2227-9059 openalex:S2737005842],omid:br/062402441588,Pediatric Blood & Cancer [omid:br/0613040673 doi:10.1002/(issn)1545-5017 issn:1545-5009 issn:1545-5017 openalex:S119714264],2021-02-14,False,True,Incoming,['22279059'],"['15455017', '15455009', '15455017']","Biochemistry, Genetics and Molecular Biology; Medicine","Biochemistry, Genetics and Molecular Biology (miscellaneous) (Q1); Medicine (miscellaneous) (Q1)",QH301-705.5,Science: Biology (General),Medicine,"Medicine (miscellaneous) (Q1); Pediatrics, Perinatology and Child Health (Q1); Hematology (Q2); Oncology (Q2)",,
oci:06330158559-0620758157,omid:br/06330158559,eLife [omid:br/0626025770 doi:10.7554/elife issn:2050-084X openalex:S1336409049],omid:br/0620758157,Development [omid:br/0614014204 issn:0950-1991 issn:1477-9129 openalex:S86558740],2022-12-20,False,True,Incoming,['2050084X'],"['09501991', '14779129']","Biochemistry, Genetics and Molecular Biology; Immunology and Microbiology; Medicine; Neuroscience","Biochemistry, Genetics and Molecular Biology (miscellaneous) (Q1); Immunology and Microbiology (miscellaneous)  (Q1); Medicine (miscellaneous) (Q1); Neuroscience (miscellaneous) (Q1)",R|Q|QH301-705.5,Medicine | Science: Biology (General),"Biochemistry, Genetics and Molecular Biology",Developmental Biology (Q1); Molecular Biology (Q1),,
oci:061202613949-06190660885,omid:br/061202613949,Scientific Reports [omid:br/0616055349 issn:2045-2322 openalex:S196734849],omid:br/06190660885,Nanotechnology [omid:br/063013238 issn:0957-4484 issn:1361-6528 openalex:S206811868],2015-12,True,False,Outgoing,['20452322'],"['09574484', '13616528']",Multidisciplinary,Multidisciplinary (Q1),R|Q,Medicine | Science,Chemical Engineering; Chemistry; Engineering; Materials Science,Chemistry (miscellaneous) (Q2); Electrical and Electronic Engineering (Q2); Materials Science (miscellaneous) (Q2); Mechanical Engineering (Q2); Mechanics of Materials (Q2); Bioengineering (Q3); Nanoscience and Nanotechnology (Q3),,
oci:062604231442-061802056021,omid:br/062604231442,Progress Of Theoretical And Experimental Physics [omid:br/0614035189 issn:2050-3911 openalex:S4210202364],omid:br/061802056021,Physical Review Letters [omid:br/063044243 issn:0031-9007 issn:1079-7114 openalex:S24807848],2023-11-02,False,True,Incoming,['20503911'],"['00319007', '10797114']",Physics and Astronomy,Physics and Astronomy (miscellaneous) (Q1),QC1-999,Science: Physics,Physics and Astronomy,Physics and Astronomy (miscellaneous) (Q1),,
oci:06120648953-062101738696,omid:br/06120648953,Nanotechnology [omid:br/063013238 issn:0957-4484 issn:1361-6528 openalex:S206811868],omid:br/062101738696,Langmuir [omid:br/0611041726 issn:0743-7463 issn:1520-5827 openalex:S75741262],2013-01-16,False,True,Incoming,"['09574484', '13616528']","['07437463', '15205827']",Chemical Engineering; Chemistry; Engineering; Materials Science,Chemistry (miscellaneous) (Q2); Electrical and Electronic Engineering (Q2); Materials Science (miscellaneous) (Q2); Mechanical Engineering (Q2); Mechanics of Materials (Q2); Bioengineering (Q3); Nanoscience and Nanotechnology (Q3),,,Chemistry; Materials Science; Medicine; Physics and Astronomy,Condensed Matter Physics (Q1); Spectroscopy (Q1); Electrochemistry (Q2); Materials Science (miscellaneous) (Q2); Medicine (miscellaneous) (Q2); Surfaces and Interfaces (Q2),,
oci:062302638984-061401413673,omid:br/062302638984,The European Physical Journal H [omid:br/062302639429 issn:2102-6459 issn:2102-6467 openalex:S939652526],omid:br/061401413673,Physical Review D [omid:br/066033919 issn:1550-2368 issn:1550-7998 openalex:S4210210554],2011-09,False,True,Incoming,"['21026459', '21026467']","['15502368', '15507998']",Physics and Astronomy,Physics and Astronomy (miscellaneous) (Q2),,,,,,
oci:06150120661-06190125142,omid:br/06150120661,Chemical Physics Letters [omid:br/062302564 issn:0009-2614 openalex:S44567922],omid:br/06190125142,Chemical Physics Letters [omid:br/062302564 issn:0009-2614 openalex:S44567922],2004-06,False,True,Incoming,['00092614'],['00092614'],Chemistry; Physics and Astronomy,Physical and Theoretical Chemistry (Q2); Physics and Astronomy (miscellaneous) (Q2),,,Chemistry; Physics and Astronomy,Physical and Theoretical Chemistry (Q2); Physics and Astronomy (miscellaneous) (Q2),,
oci:061701586632-06404322937,omid:br/061701586632,Desalination And Water Treatment [omid:br/068033569 issn:1944-3986 issn:1944-3994 openalex:S124203677],omid:br/06404322937,Progress Of Theoretical And Experimental Physics [omid:br/0614035189 issn:2050-3911 openalex:S4210202364],2016,False,True,Incoming,"['19443986', '19443994']",['20503911'],Engineering; Environmental Science,Ocean Engineering (Q2); Pollution (Q2); Water Science and Technology (Q2),TD1-1066|QH540-549.5,Technology: Environmental technology. Sanitary engineering | Science: Biology (General): Ecology,Physics and Astronomy,Physics and Astronomy (miscellaneous) (Q1),QC1-999,Science: Physics
oci:06330552110-062101644599,omid:br/06330552110,The Journal Of Physical Chemistry A [omid:br/0621041077 issn:1089-5639 issn:1520-5215 openalex:S146709414],omid:br/062101644599,The Journal Of Chemical Physics [omid:br/067037880 issn:0021-9606 issn:1089-7690 openalex:S77047749],2024-11-26,True,True,Internal,"['10895639', '15205215']","['00219606', '10897690']",Chemistry; Medicine,Medicine (miscellaneous) (Q2); Physical and Theoretical Chemistry (Q2),,,Chemistry; Medicine; Physics and Astronomy,Physical and Theoretical Chemistry (Q1); Physics and Astronomy (miscellaneous) (Q1); Medicine (miscellaneous) (Q2),,
oci:06701749843-06301423949,omid:br/06701749843,Sports [omid:br/0612037045 issn:2075-4663 openalex:S4210234981],omid:br/06301423949,ACM Transactions On Intelligent Systems And Technology [omid:br/06301424667 issn:2157-6904 issn:2157-6912 openalex:S2492086750],2021-12-24,False,True,Incoming,['20754663'],"['21576904', '21576912']",Health Professions; Medicine,"Orthopedics and Sports Medicine (Q1); Physical Therapy, Sports Therapy and Rehabilitation (Q1)",GV557-1198.995,Geography. Anthropology. Recreation: Recreation. Leisure: Sports,Computer Science; Mathematics,Artificial Intelligence (Q1); Theoretical Computer Science (Q1),,
oci:06703492958-062601268662,omid:br/06703492958,Journal Of Physics G: Nuclear And Particle Physics [omid:br/0612059308 issn:0954-3899 issn:1361-6471 openalex:S78376336],omid:br/062601268662,Advances In Theoretical And Mathematical Physics [omid:br/062601269606 issn:1095-0753 issn:1095-0761 openalex:S207372152],2007-10-19,True,False,Outgoing,"['09543899', '13616471']","['10950753', '10950761']",Physics and Astronomy,Nuclear and High Energy Physics (Q1),,,Mathematics; Physics and Astronomy,Mathematics (miscellaneous) (Q1); Physics and Astronomy (miscellaneous) (Q2),,
oci:062402662059-06250240331,omid:br/062402662059,Advanced Synthesis & Catalysis [omid:br/069061425 doi:10.1002/(issn)1615-4169 issn:1615-4150 issn:1615-4169 openalex:S36069537],omid:br/06250240331,Journal Of Medicinal Chemistry [omid:br/061804490 issn:0022-2623 issn:0095-9065 issn:1520-4804],2017-10-27,False,True,Incoming,"['16154169', '16154150', '16154169']","['00222623', '00959065', '15204804']",Chemical Engineering; Chemistry,Organic Chemistry (Q1); Catalysis (Q2),,,"Biochemistry, Genetics and Molecular Biology; Pharmacology, Toxicology and Pharmaceutics",Drug Discovery (Q1); Molecular Medicine (Q1),,
oci:062601399896-06503195162,omid:br/062601399896,The Journal Of Organic Chemistry [omid:br/0618033367 issn:0022-3263 issn:1520-6904 openalex:S205050996],omid:br/06503195162,European Journal Of Medicinal Chemistry [omid:br/0617055996 issn:0223-5234 openalex:S4210169613],2016-09-27,False,True,Incoming,"['00223263', '15206904']",['02235234'],Chemistry,Organic Chemistry (Q2),,,"Chemistry; Medicine; Pharmacology, Toxicology and Pharmaceutics",Drug Discovery (Q1); Medicine (miscellaneous) (Q1); Organic Chemistry (Q1); Pharmacology (Q1),,
oci:06150506384-06202438485,omid:br/06150506384,Journal Of Instrumentation [omid:br/064010524 doi:10.1088/1748-0221 issn:1748-0221 openalex:S116045149],omid:br/06202438485,Physical Review Letters [omid:br/063044243 issn:0031-9007 issn:1079-7114 openalex:S24807848],2020-01-20,False,True,Incoming,"['17480221', '17480221']","['00319007', '10797114']",Mathematics; Physics and Astronomy,Instrumentation (Q3); Mathematical Physics (Q3),,,Physics and Astronomy,Physics and Astronomy (miscellaneous) (Q1),,
oci:062402609419-062101434122,omid:br/062402609419,Journal Of Materials Chemistry B [omid:br/0616055376 issn:2050-750X issn:2050-7518 openalex:S2479884170],omid:br/062101434122,Angewandte Chemie [omid:br/0611033431 doi:10.1002/(issn)1521-3757 issn:0044-8249 issn:1521-3757 openalex:S4210200754],2013,True,False,Outgoing,"['2050750X', '20507518']","['15213757', '00448249', '15213757']",Chemistry; Engineering; Materials Science; Medicine,Biomedical Engineering (Q1); Chemistry (miscellaneous) (Q1); Materials Science (miscellaneous) (Q1); Medicine (miscellaneous) (Q1),,,,,,
oci:0640571373-06240341805,omid:br/0640571373,Physical Review E [omid:br/062509699 issn:2470-0045 issn:2470-0053 openalex:S4210235286],omid:br/06240341805,Nature [omid:br/0626016512 issn:0028-0836 issn:1465-7392 issn:1476-4679 issn:1476-4687 issn:1744-7933],2021-12-16,False,True,Incoming,"['24700045', '24700053']","['00280836', '14657392', '14764679', '14764687', '17447933']",Mathematics; Physics and Astronomy,Condensed Matter Physics (Q2); Statistical and Nonlinear Physics (Q2); Statistics and Probability (Q2),,,Multidisciplinary,Multidisciplinary (Q1),,
oci:06404711977-06230333058,omid:br/06404711977,The Astrophysical Journal [omid:br/062408625 issn:2041-8205 issn:2041-8213 openalex:S4210175824],omid:br/06230333058,Classical And Quantum Gravity [omid:br/061606259 issn:0264-9381 issn:1361-6382 openalex:S171172751],2023-11-01,False,True,Incoming,"['20418205', '20418213']","['02649381', '13616382']",Earth and Planetary Sciences; Physics and Astronomy,Astronomy and Astrophysics (Q1); Space and Planetary Science (Q1),QB460-466,Science: Astronomy: Astrophysics,Physics and Astronomy,Physics and Astronomy (miscellaneous) (Q1),,
oci:061701429738-061702069971,omid:br/061701429738,Physical Review D [omid:br/066033919 issn:1550-2368 issn:1550-7998 openalex:S4210210554],omid:br/061702069971,Physical Review Letters [omid:br/063044243 issn:0031-9007 issn:1079-7114 openalex:S24807848],2008-11-18,True,False,Outgoing,"['15502368', '15507998']","['00319007', '10797114']",,,,,Physics and Astronomy,Physics and Astronomy (miscellaneous) (Q1),,
oci:06802225449-061801648787,omid:br/06802225449,The Journal Of Physical Chemistry A [omid:br/0621041077 issn:1089-5639 issn:1520-5215 openalex:S146709414],omid:br/061801648787,The Journal Of Chemical Physics [omid:br/067037880 issn:0021-9606 issn:1089-7690 openalex:S77047749],2009-07-30,True,False,Outgoing,"['10895639', '15205215']","['00219606', '10897690']",Chemistry; Medicine,Medicine (miscellaneous) (Q2); Physical and Theoretical Chemistry (Q2),,,Chemistry; Medicine; Physics and Astronomy,Physical and Theoretical Chemistry (Q1); Physics and Astronomy (miscellaneous) (Q1); Medicine (miscellaneous) (Q2),,
oci:06301676642-06210508151,omid:br/06301676642,Zeitschrift Für Physik C Particles And Fields [omid:br/0612035595 issn:0170-9739 issn:1431-5858 issn:1434-6044 issn:1434-6052],omid:br/06210508151,Journal Of Instrumentation [omid:br/064010524 doi:10.1088/1748-0221 issn:1748-0221 openalex:S116045149],2019-07,True,True,Internal,"['01709739', '14315858', '14346044', '14346052']","['17480221', '17480221']",Engineering; Physics and Astronomy,Engineering (miscellaneous) (Q1); Physics and Astronomy (miscellaneous) (Q1),QB460-466|QC770-798,Science: Astronomy: Astrophysics | Science: Physics: Nuclear and particle physics. Atomic energy. Radioactivity,Mathematics; Physics and Astronomy,Instrumentation (Q3); Mathematical Physics (Q3),,
oci:062203479759-061201508851,omid:br/062203479759,Inventiones Mathematicae [omid:br/062030405 issn:0020-9910 issn:1432-1297 openalex:S98347115],omid:br/061201508851,Annals Of Mathematics [omid:br/067034416 doi:10.4007/annals issn:0003-486X issn:1939-8980 openalex:S45918994],2022-07-28,True,False,Outgoing,"['00209910', '14321297']","['0003486X', '19398980']",Mathematics,Mathematics (miscellaneous) (Q1),,,Decision Sciences; Mathematics,"Mathematics (miscellaneous) (Q1); Statistics and Probability (Q1); Statistics, Probability and Uncertainty (Q1)",,
oci:061701783435-06101415063,omid:br/061701783435,Physical Review A [omid:br/0619043744 issn:2469-9926 issn:2469-9934 openalex:S4210182288],omid:br/06101415063,Reviews Of Modern Physics [omid:br/0624030091 issn:0034-6861 issn:1539-0756 openalex:S73260565],2020-05-04,True,False,Outgoing,"['24699926', '24699934']","['00346861', '15390756']",Physics and Astronomy,"Atomic and Molecular Physics, and Optics (Q1)",,,Physics and Astronomy,Physics and Astronomy (miscellaneous) (Q1),,
oci:06101850004-061802434630,omid:br/06101850004,Journal Of High Energy Physics [omid:br/062038872 issn:1029-8479 issn:1126-6708 openalex:S187585107],omid:br/061802434630,Nuclear Physics B [omid:br/069057982 issn:0550-3213 issn:1873-1562 openalex:S4210194812],2014-03,False,True,Incoming,"['10298479', '11266708']","['05503213', '18731562']",Physics and Astronomy,Nuclear and High Energy Physics (Q2),QC770-798,Science: Physics: Nuclear and particle physics. Atomic energy. Radioactivity,Physics and Astronomy,Nuclear and High Energy Physics (Q2),QC770-798,Science: Physics: Nuclear and particle physics. Atomic energy. Radioactivity
oci:0610688486-06120661477,omid:br/0610688486,Journal Of Functional Analysis [omid:br/0612012098 issn:0022-1236 openalex:S54953690],omid:br/06120661477,Communications In Partial Differential Equations [omid:br/066012882 issn:0360-5302 issn:1532-4133 openalex:S185232611],2009-03,True,False,Outgoing,['00221236'],"['03605302', '15324133']",Mathematics,Analysis (Q1),,,Mathematics,Analysis (Q1); Applied Mathematics (Q1),,
oci:06210661758-061402041069,omid:br/06210661758,Chinese Physics C [omid:br/064014073 issn:1674-1137 issn:2058-6132 openalex:S959143335],omid:br/061402041069,Physical Review Letters [omid:br/063044243 issn:0031-9007 issn:1079-7114 openalex:S24807848],2017-06,False,True,Incoming,"['16741137', '20586132']","['00319007', '10797114']",Physics and Astronomy,Instrumentation (Q1); Astronomy and Astrophysics (Q2); Nuclear and High Energy Physics (Q2),,,Physics and Astronomy,Physics and Astronomy (miscellaneous) (Q1),,
oci:061504223474-06702848476,omid:br/061504223474,Astronomy & Astrophysics [omid:br/064040455 issn:0004-6361 issn:1432-0746 openalex:S205231332],omid:br/06702848476,Monthly Notices Of The Royal Astronomical Society [omid:br/067041753 doi:10.1111/(issn)1365-2966 issn:0035-8711 issn:1365-2966 openalex:S195663288],2024-06,True,False,Outgoing,"['00046361', '14320746']","['13652966', '00358711', '13652966']",Earth and Planetary Sciences; Physics and Astronomy,Astronomy and Astrophysics (Q1); Space and Planetary Science (Q1),QB1-991,Science: Astronomy,Earth and Planetary Sciences; Physics and Astronomy,Astronomy and Astrophysics (Q1); Space and Planetary Science (Q1),QB1-991,Science: Astronomy
oci:0630682779-0640452212,omid:br/0630682779,Cell [omid:br/0611013894 issn:0092-8674 openalex:S110447773],omid:br/0640452212,Neurosignals [omid:br/0640453183 issn:1424-862X issn:1424-8638 openalex:S118620602],2019-06,True,False,Outgoing,['00928674'],"['1424862X', '14248638']","Biochemistry, Genetics and Molecular Biology","Biochemistry, Genetics and Molecular Biology (miscellaneous) (Q1)",,,Neuroscience,Cellular and Molecular Neuroscience (Q4); Developmental Neuroscience (Q4); Neurology (Q4),RC346-429|QP351-495,Medicine: Internal medicine: Neurosciences. Biological psychiatry. Neuropsychiatry: Neurology. Diseases of the nervous system | Science: Physiology: Neurophysiology and neuropsychology
oci:06210712437-06701764170,omid:br/06210712437,Nanoscale [omid:br/0626023148 doi:10.1039/2040-3372/2009 issn:2040-3364 issn:2040-3372 openalex:S23181512],omid:br/06701764170,International Journal Of Engineering Science [omid:br/0615040702 issn:0020-7225 issn:1879-2197 openalex:S102630943],2012,True,False,Outgoing,"['20403372', '20403364', '20403372']","['00207225', '18792197']",Materials Science,Materials Science (miscellaneous) (Q1); Nanoscience and Nanotechnology (Q2),,,Engineering; Materials Science,Engineering (miscellaneous) (Q1); Materials Science (miscellaneous) (Q1); Mechanical Engineering (Q1); Mechanics of Materials (Q1),,
oci:0670282448-061803639822,omid:br/0670282448,Frontiers In Bioscience (Landmark Edition) [omid:br/0603903854 issn:2768-6698],omid:br/061803639822,FEBS Letters [omid:br/068035745 issn:0014-5793 issn:1873-3468 openalex:S104830714],2009,False,True,Incoming,['27686698'],"['00145793', '18733468']","Biochemistry, Genetics and Molecular Biology; Immunology and Microbiology; Medicine","Medicine (miscellaneous) (Q1); Biochemistry, Genetics and Molecular Biology (miscellaneous) (Q2); Immunology and Microbiology (miscellaneous)  (Q2)",QD415-436|QH301-705.5,Science: Chemistry: Organic chemistry: Biochemistry | Science: Biology (General),"Biochemistry, Genetics and Molecular Biology",Biochemistry (Q1); Biophysics (Q1); Cell Biology (Q2); Genetics (Q2); Molecular Biology (Q2); Structural Biology (Q2),,
oci:062403941953-06602833177,omid:br/062403941953,International Journal Of Modern Physics A [omid:br/0614042662 issn:0217-751X issn:1793-656X],omid:br/06602833177,Physics Letters B [omid:br/0626059839 issn:0370-2693 openalex:S173952182],2022-12-30,True,False,Outgoing,"['0217751X', '1793656X']",['03702693'],Physics and Astronomy,"Astronomy and Astrophysics (Q3); Atomic and Molecular Physics, and Optics (Q3); Nuclear and High Energy Physics (Q3)",,,Physics and Astronomy,Nuclear and High Energy Physics (Q1),QC1-999,Science: Physics
oci:061902793354-06503103538,omid:br/061902793354,EMBO Molecular Medicine [omid:br/061059682 issn:1757-4676 issn:1757-4684 openalex:S163075119],omid:br/06503103538,Annals Of The New York Academy Of Sciences [omid:br/0615054133 doi:10.1111/(issn)1749-6632 issn:0077-8923 issn:1749-6632 openalex:S8802318],2017-11-30,True,False,Outgoing,"['17574676', '17574684']","['17496632', '00778923', '17496632']","Biochemistry, Genetics and Molecular Biology",Molecular Medicine (Q1),R5-920|QH426-470,Medicine: Medicine (General) | Science: Biology (General): Genetics,"Arts and Humanities; Biochemistry, Genetics and Molecular Biology; Neuroscience","Biochemistry, Genetics and Molecular Biology (miscellaneous) (Q1); History and Philosophy of Science (Q1); Neuroscience (miscellaneous) (Q1)",,
oci:06110570723-062602085996,omid:br/06110570723,Physical Review D [omid:br/062509685 issn:2470-0010 issn:2470-0029 openalex:S4210238307],omid:br/062602085996,Physical Review Letters [omid:br/063044243 issn:0031-9007 issn:1079-7114 openalex:S24807848],2020-08-25,False,True,Incoming,"['24700010', '24700029']","['00319007', '10797114']",Physics and Astronomy,Nuclear and High Energy Physics (Q1); Physics and Astronomy (miscellaneous) (Q1),,,Physics and Astronomy,Physics and Astronomy (miscellaneous) (Q1),,
oci:06101674169-061601659312,omid:br/06101674169,The Journal Of Chemical Physics [omid:br/067037880 issn:0021-9606 issn:1089-7690 openalex:S77047749],omid:br/061601659312,The Journal Of Chemical Physics [omid:br/067037880 issn:0021-9606 issn:1089-7690 openalex:S77047749],2012-07-28,False,True,Incoming,"['00219606', '10897690']","['00219606', '10897690']",Chemistry; Medicine; Physics and Astronomy,Physical and Theoretical Chemistry (Q1); Physics and Astronomy (miscellaneous) (Q1); Medicine (miscellaneous) (Q2),,,Chemistry; Medicine; Physics and Astronomy,Physical and Theoretical Chemistry (Q1); Physics and Astronomy (miscellaneous) (Q1); Medicine (miscellaneous) (Q2),,
oci:06190851206-06110493469,omid:br/06190851206,Quantum Information Processing [omid:br/068020015 issn:1570-0755 issn:1573-1332 openalex:S92819544],omid:br/06110493469,Science [omid:br/0619015403 doi:10.1126/science issn:0036-8075 issn:1095-9203 openalex:S3880285],2017-11-28,False,True,Incoming,"['15700755', '15731332']","['00368075', '10959203']",Computer Science; Engineering; Materials Science; Mathematics; Physics and Astronomy,"Electrical and Electronic Engineering (Q2); Modeling and Simulation (Q2); Electronic, Optical and Magnetic Materials (Q3); Signal Processing (Q3); Statistical and Nonlinear Physics (Q3); Theoretical Computer Science (Q3)",,,Arts and Humanities; Multidisciplinary,History and Philosophy of Science (Q1); Multidisciplinary (Q1),,
oci:0650567811-06301833726,omid:br/0650567811,Physical Review D [omid:br/062509685 issn:2470-0010 issn:2470-0029 openalex:S4210238307],omid:br/06301833726,Journal Of High Energy Physics [omid:br/062038872 issn:1029-8479 issn:1126-6708 openalex:S187585107],2021-11-30,True,False,Outgoing,"['24700010', '24700029']","['10298479', '11266708']",Physics and Astronomy,Nuclear and High Energy Physics (Q1); Physics and Astronomy (miscellaneous) (Q1),,,Physics and Astronomy,Nuclear and High Energy Physics (Q2),QC770-798,Science: Physics: Nuclear and particle physics. Atomic energy. Radioactivity
oci:06110499628-06230333058,omid:br/06110499628,The Astrophysical Journal [omid:br/062408625 issn:2041-8205 issn:2041-8213 openalex:S4210175824],omid:br/06230333058,Classical And Quantum Gravity [omid:br/061606259 issn:0264-9381 issn:1361-6382 openalex:S171172751],2017-12-01,False,True,Incoming,"['20418205', '20418213']","['02649381', '13616382']",Earth and Planetary Sciences; Physics and Astronomy,Astronomy and Astrophysics (Q1); Space and Planetary Science (Q1),QB460-466,Science: Astronomy: Astrophysics,Physics and Astronomy,Physics and Astronomy (miscellaneous) (Q1),,
oci:06190124594-061401635554,omid:br/06190124594,Chemical Physics Letters [omid:br/062302564 issn:0009-2614 openalex:S44567922],omid:br/061401635554,The Journal Of Chemical Physics [omid:br/067037880 issn:0021-9606 issn:1089-7690 openalex:S77047749],2000-08,False,True,Incoming,['00092614'],"['00219606', '10897690']",Chemistry; Physics and Astronomy,Physical and Theoretical Chemistry (Q2); Physics and Astronomy (miscellaneous) (Q2),,,Chemistry; Medicine; Physics and Astronomy,Physical and Theoretical Chemistry (Q1); Physics and Astronomy (miscellaneous) (Q1); Medicine (miscellaneous) (Q2),,
oci:062101422011-061802057901,omid:br/062101422011,Physical Review D [omid:br/066033919 issn:1550-2368 issn:1550-7998 openalex:S4210210554],omid:br/061802057901,Physical Review Letters [omid:br/063044243 issn:0031-9007 issn:1079-7114 openalex:S24807848],2007-12-28,False,True,Incoming,"['15502368', '15507998']","['00319007', '10797114']",,,,,Physics and Astronomy,Physics and Astronomy (miscellaneous) (Q1),,
oci:06802440948-06102845395,omid:br/06802440948,Physical Review Letters [omid:br/063044243 issn:0031-9007 issn:1079-7114 openalex:S24807848],omid:br/06102845395,Physics Letters B [omid:br/0626059839 issn:0370-2693 openalex:S173952182],2016-04-12,False,True,Incoming,"['00319007', '10797114']",['03702693'],Physics and Astronomy,Physics and Astronomy (miscellaneous) (Q1),,,Physics and Astronomy,Nuclear and High Energy Physics (Q1),QC1-999,Science: Physics
oci:061904311248-061301807185,omid:br/061904311248,The Astrophysical Journal [omid:br/064040542 issn:0004-637X issn:1538-4357 openalex:S1980519],omid:br/061301807185,Monthly Notices Of The Royal Astronomical Society [omid:br/067041753 doi:10.1111/(issn)1365-2966 issn:0035-8711 issn:1365-2966 openalex:S195663288],2024-08-01,False,True,Incoming,"['0004637X', '15384357']","['13652966', '00358711', '13652966']",Earth and Planetary Sciences; Physics and Astronomy,Astronomy and Astrophysics (Q1); Space and Planetary Science (Q1),QB460-466,Science: Astronomy: Astrophysics,Earth and Planetary Sciences; Physics and Astronomy,Astronomy and Astrophysics (Q1); Space and Planetary Science (Q1),QB1-991,Science: Astronomy
oci:061301940097-061303077037,omid:br/061301940097,Stem Cell Reports [omid:br/0619046514 issn:2213-6711 openalex:S2764425922],omid:br/061303077037,Developmental Cell [omid:br/068069053 issn:1534-5807 openalex:S83804233],2021-06,True,False,Outgoing,['22136711'],['15345807'],"Biochemistry, Genetics and Molecular Biology",Biochemistry (Q1); Cell Biology (Q1); Developmental Biology (Q1); Genetics (Q1),R5-920|QH301-705.5,Medicine: Medicine (General) | Science: Biology (General),"Biochemistry, Genetics and Molecular Biology","Biochemistry, Genetics and Molecular Biology (miscellaneous) (Q1); Cell Biology (Q1); Developmental Biology (Q1); Molecular Biology (Q1)",,
oci:06501688635-06601836063,omid:br/06501688635,Zeitschrift Für Physik C Particles And Fields [omid:br/0612035595 issn:0170-9739 issn:1431-5858 issn:1434-6044 issn:1434-6052],omid:br/06601836063,Journal Of High Energy Physics [omid:br/062038872 issn:1029-8479 issn:1126-6708 openalex:S187585107],2017-07,False,True,Incoming,"['01709739', '14315858', '14346044', '14346052']","['10298479', '11266708']",Engineering; Physics and Astronomy,Engineering (miscellaneous) (Q1); Physics and Astronomy (miscellaneous) (Q1),QB460-466|QC770-798,Science: Astronomy: Astrophysics | Science: Physics: Nuclear and particle physics. Atomic energy. Radioactivity,Physics and Astronomy,Nuclear and High Energy Physics (Q2),QC770-798,Science: Physics: Nuclear and particle physics. Atomic energy. Radioactivity
oci:06901326676-06501842791,omid:br/06901326676,Nature Communications [omid:br/0623032092 doi:10.1038/41467.2041-1723 issn:2041-1723 openalex:S64187185],omid:br/06501842791,Journal Of High Energy Physics [omid:br/062038872 issn:1029-8479 issn:1126-6708 openalex:S187585107],2022-06-16,True,False,Outgoing,"['20411723', '20411723']","['10298479', '11266708']","Biochemistry, Genetics and Molecular Biology; Chemistry; Multidisciplinary; Physics and Astronomy","Biochemistry, Genetics and Molecular Biology (miscellaneous) (Q1); Chemistry (miscellaneous) (Q1); Multidisciplinary (Q1); Physics and Astronomy (miscellaneous) (Q1)",Q,Science,Physics and Astronomy,Nuclear and High Energy Physics (Q2),QC770-798,Science: Physics: Nuclear and particle physics. Atomic energy. Radioactivity
oci:0620479442-06802225431,omid:br/0620479442,Journal Of Physics D: Applied Physics [omid:br/0617011040 doi:10.1088/issn.0022-3727 issn:0022-3727 issn:1361-6463 openalex:S111927887],omid:br/06802225431,The Journal Of Physical Chemistry A [omid:br/0621041077 issn:1089-5639 issn:1520-5215 openalex:S146709414],2013-06-05,False,True,Incoming,"['00223727', '00223727', '13616463']","['10895639', '15205215']",Materials Science; Physics and Astronomy,"Acoustics and Ultrasonics (Q1); Condensed Matter Physics (Q2); Electronic, Optical and Magnetic Materials (Q2); Surfaces, Coatings and Films (Q2)",,,Chemistry; Medicine,Medicine (miscellaneous) (Q2); Physical and Theoretical Chemistry (Q2),,
oci:061901428606-061102070949,omid:br/061901428606,Physical Review D [omid:br/066033919 issn:1550-2368 issn:1550-7998 openalex:S4210210554],omid:br/061102070949,Physical Review Letters [omid:br/063044243 issn:0031-9007 issn:1079-7114 openalex:S24807848],2008-06-26,True,False,Outgoing,"['15502368', '15507998']","['00319007', '10797114']",,,,,Physics and Astronomy,Physics and Astronomy (miscellaneous) (Q1),,
oci:061602451326-061602451562,omid:br/061602451326,Nuclear Physics B [omid:br/069057982 issn:0550-3213 issn:1873-1562 openalex:S4210194812],omid:br/061602451562,Nuclear Physics B [omid:br/069057982 issn:0550-3213 issn:1873-1562 openalex:S4210194812],2010-04,True,True,Internal,"['05503213', '18731562']","['05503213', '18731562']",Physics and Astronomy,Nuclear and High Energy Physics (Q2),QC770-798,Science: Physics: Nuclear and particle physics. Atomic energy. Radioactivity,Physics and Astronomy,Nuclear and High Energy Physics (Q2),QC770-798,Science: Physics: Nuclear and particle physics. Atomic energy. Radioactivity
oci:06202833742-06302831984,omid:br/06202833742,Physics Letters B [omid:br/0626059839 issn:0370-2693 openalex:S173952182],omid:br/06302831984,Physics Letters B [omid:br/0626059839 issn:0370-2693 openalex:S173952182],2014-02,True,False,Outgoing,['03702693'],['03702693'],Physics and Astronomy,Nuclear and High Energy Physics (Q1),QC1-999,Science: Physics,Physics and Astronomy,Nuclear and High Energy Physics (Q1),QC1-999,Science: Physics
oci:0690724871-061602052837,omid:br/0690724871,Nanoscale [omid:br/0626023148 doi:10.1039/2040-3372/2009 issn:2040-3364 issn:2040-3372 openalex:S23181512],omid:br/061602052837,Beilstein Journal Of Nanotechnology [omid:br/0621043729 issn:2190-4286 openalex:S2504426957],2017,True,False,Outgoing,"['20403372', '20403364', '20403372']",['21904286'],Materials Science,Materials Science (miscellaneous) (Q1); Nanoscience and Nanotechnology (Q2),,,Engineering; Materials Science; Physics and Astronomy,Electrical and Electronic Engineering (Q2); Materials Science (miscellaneous) (Q2); Physics and Astronomy (miscellaneous) (Q2); Nanoscience and Nanotechnology (Q3),T|TP1-1185|Q|QC1-999,Technology: Chemical technology | Science: Physics
oci:0630241131-061903731089,omid:br/0630241131,Journal Of Medicinal Chemistry [omid:br/061804490 issn:0022-2623 issn:0095-9065 issn:1520-4804],omid:br/061903731089,Drug Development Research [omid:br/0626024412 doi:10.1002/(issn)1098-2299 issn:0272-4391 issn:1098-2299 openalex:S26306840],2008-02-23,True,False,Outgoing,"['00222623', '00959065', '15204804']","['10982299', '02724391', '10982299']","Biochemistry, Genetics and Molecular Biology; Pharmacology, Toxicology and Pharmaceutics",Drug Discovery (Q1); Molecular Medicine (Q1),,,"Pharmacology, Toxicology and Pharmaceutics",Drug Discovery (Q2),,
oci:06201431305-06401227935,omid:br/06201431305,International Journal Of Molecular Sciences [omid:br/066033829 doi:10.3390/ijms issn:1422-0067],omid:br/06401227935,Biochimica Et Biophysica Acta [omid:br/061305713 issn:0006-3002 openalex:S41066938],2021-08-06,False,True,Incoming,['14220067'],['00063002'],"Biochemistry, Genetics and Molecular Biology; Chemical Engineering; Chemistry; Computer Science; Medicine",Catalysis (Q1); Computer Science Applications (Q1); Inorganic Chemistry (Q1); Medicine (miscellaneous) (Q1); Organic Chemistry (Q1); Physical and Theoretical Chemistry (Q1); Spectroscopy (Q1); Molecular Biology (Q2),,,,,,
oci:062304322708-061802570969,omid:br/062304322708,Physical Review Letters [omid:br/063044243 issn:0031-9007 issn:1079-7114 openalex:S24807848],omid:br/061802570969,SIAM Journal On Algebraic Discrete Methods [omid:br/061802572100 issn:0196-5212 issn:2168-345X openalex:S4210191297],2024-09-23,True,False,Outgoing,"['00319007', '10797114']","['01965212', '2168345X']",Physics and Astronomy,Physics and Astronomy (miscellaneous) (Q1),,,,,,
oci:061902661149-0620949827,omid:br/061902661149,Polymer [omid:br/063050754 issn:0032-3861 openalex:S186054908],omid:br/0620949827,Molecular Physics [omid:br/0612019748 issn:0026-8976 issn:1362-3028 openalex:S204809294],2022-07,False,True,Incoming,['00323861'],"['00268976', '13623028']",Chemistry; Materials Science,Materials Chemistry (Q1); Organic Chemistry (Q1); Polymers and Plastics (Q1),,,"Biochemistry, Genetics and Molecular Biology; Chemistry; Physics and Astronomy",Condensed Matter Physics (Q3); Physical and Theoretical Chemistry (Q3); Biophysics (Q4); Molecular Biology (Q4),,
oci:06140239485-06130240616,omid:br/06140239485,Journal Of Medicinal Chemistry [omid:br/061804490 issn:0022-2623 issn:0095-9065 issn:1520-4804],omid:br/06130240616,Journal Of Medicinal Chemistry [omid:br/061804490 issn:0022-2623 issn:0095-9065 issn:1520-4804],1996,True,False,Outgoing,"['00222623', '00959065', '15204804']","['00222623', '00959065', '15204804']","Biochemistry, Genetics and Molecular Biology; Pharmacology, Toxicology and Pharmaceutics",Drug Discovery (Q1); Molecular Medicine (Q1),,,"Biochemistry, Genetics and Molecular Biology; Pharmacology, Toxicology and Pharmaceutics",Drug Discovery (Q1); Molecular Medicine (Q1),,
oci:06602417534-061201727725,omid:br/06602417534,Journal Of Chemical Theory And Computation [omid:br/0619047782 issn:1549-9618 issn:1549-9626 openalex:S189701308],omid:br/061201727725,Physical Review A [omid:br/066040855 issn:0556-2791 openalex:S4210219937],2020-07-22,True,False,Outgoing,"['15499618', '15499626']",['05562791'],Chemistry; Computer Science,Computer Science Applications (Q1); Physical and Theoretical Chemistry (Q1),,,,,,
oci:06204334679-06302832238,omid:br/06204334679,Symmetry [omid:br/0617037177 issn:2073-8994 openalex:S190787756],omid:br/06302832238,Physics Letters B [omid:br/0626059839 issn:0370-2693 openalex:S173952182],2023-07-28,False,True,Incoming,['20738994'],['03702693'],Chemistry; Computer Science; Mathematics; Physics and Astronomy,Chemistry (miscellaneous) (Q2); Computer Science (miscellaneous) (Q2); Mathematics (miscellaneous) (Q2); Physics and Astronomy (miscellaneous) (Q2),,,Physics and Astronomy,Nuclear and High Energy Physics (Q1),QC1-999,Science: Physics
oci:06202392397-061503509537,omid:br/06202392397,Journal Of The Society For Information Display [omid:br/0624018508 issn:1071-0922 issn:1938-3657 openalex:S184312719],omid:br/061503509537,Physical Review B [omid:br/0616012786 issn:0163-1829 issn:1095-3795 issn:1098-0121 issn:1550-235X],2020-10-15,True,False,Outgoing,"['10710922', '19383657']","['01631829', '10953795', '10980121', '1550235X']",Engineering; Materials Science; Physics and Astronomy,"Atomic and Molecular Physics, and Optics (Q2); Electrical and Electronic Engineering (Q2); Electronic, Optical and Magnetic Materials (Q2)",,,,,,
oci:06160525333-06160525783,omid:br/06160525333,Applied Physics Letters [omid:br/067011551 issn:0003-6951 issn:1077-3118 openalex:S105243760],omid:br/06160525783,Applied Physics Letters [omid:br/067011551 issn:0003-6951 issn:1077-3118 openalex:S105243760],2006-07-10,False,True,Incoming,"['00036951', '10773118']","['00036951', '10773118']",Physics and Astronomy,Physics and Astronomy (miscellaneous) (Q1),,,Physics and Astronomy,Physics and Astronomy (miscellaneous) (Q1),,
oci:06410147756-0670643822,omid:br/06410147756,Journal Of High Energy Physics [omid:br/062038872 issn:1029-8479 issn:1126-6708 openalex:S187585107],omid:br/0670643822,Journal Of Economic Perspectives [omid:br/0624011281 doi:10.1257/jep issn:0895-3309 issn:1944-7965 openalex:S72880728],2023-07-12,True,False,Outgoing,"['10298479', '11266708']","['08953309', '19447965']",Physics and Astronomy,Nuclear and High Energy Physics (Q2),QC770-798,Science: Physics: Nuclear and particle physics. Atomic energy. Radioactivity,"Economics, Econometrics and Finance",Economics and Econometrics (Q1),,
oci:06802829096-06603507274,omid:br/06802829096,Physics Letters B [omid:br/0626059839 issn:0370-2693 openalex:S173952182],omid:br/06603507274,Journal Of Physics G: Nuclear And Particle Physics [omid:br/0612059308 issn:0954-3899 issn:1361-6471 openalex:S78376336],2016-06,True,False,Outgoing,['03702693'],"['09543899', '13616471']",Physics and Astronomy,Nuclear and High Energy Physics (Q1),QC1-999,Science: Physics,Physics and Astronomy,Nuclear and High Energy Physics (Q1),,
oci:06802189245-061701732659,omid:br/06802189245,Monthly Notices Of The Royal Astronomical Society [omid:br/067041753 doi:10.1111/(issn)1365-2966 issn:0035-8711 issn:1365-2966 openalex:S195663288],omid:br/061701732659,The Astrophysical Journal [omid:br/064040542 issn:0004-637X issn:1538-4357 openalex:S1980519],2016-07-20,True,False,Outgoing,"['13652966', '00358711', '13652966']","['0004637X', '15384357']",Earth and Planetary Sciences; Physics and Astronomy,Astronomy and Astrophysics (Q1); Space and Planetary Science (Q1),QB1-991,Science: Astronomy,Earth and Planetary Sciences; Physics and Astronomy,Astronomy and Astrophysics (Q1); Space and Planetary Science (Q1),QB460-466,Science: Astronomy: Astrophysics
oci:06120485978-061101275224,omid:br/06120485978,Communications In Mathematical Physics [omid:br/0623011170 issn:0010-3616 issn:1432-0916 openalex:S100601982],omid:br/061101275224,Stochastics And Stochastic Reports [omid:br/061101276640 issn:1045-1129 openalex:S175432185],1995-08,True,False,Outgoing,"['00103616', '14320916']",['10451129'],Mathematics; Physics and Astronomy,Mathematical Physics (Q1); Statistical and Nonlinear Physics (Q1),,,,,,
oci:06120320258-06701742709,omid:br/06120320258,Biopolymers [omid:br/061606051 doi:10.1002/(issn)1097-0282 issn:0006-3525 issn:1097-0282 openalex:S56808608],omid:br/06701742709,Journal Of Leukocyte Biology [omid:br/069046993 doi:10.1189/jlb.1938-3673 issn:0741-5400 issn:1938-3673 openalex:S199011235],2013-10-25,True,False,Outgoing,"['10970282', '00063525', '10970282']","['19383673', '07415400', '19383673']","Biochemistry, Genetics and Molecular Biology; Chemistry; Materials Science; Medicine",Organic Chemistry (Q2); Biochemistry (Q3); Biomaterials (Q3); Biophysics (Q3); Medicine (miscellaneous) (Q3),,,"Biochemistry, Genetics and Molecular Biology; Immunology and Microbiology; Medicine",Cell Biology (Q2); Immunology (Q2); Immunology and Allergy (Q2),,
oci:061102071487-061302056341,omid:br/061102071487,Physical Review Letters [omid:br/063044243 issn:0031-9007 issn:1079-7114 openalex:S24807848],omid:br/061302056341,Physical Review Letters [omid:br/063044243 issn:0031-9007 issn:1079-7114 openalex:S24807848],2015-08-12,True,True,Internal,"['00319007', '10797114']","['00319007', '10797114']",Physics and Astronomy,Physics and Astronomy (miscellaneous) (Q1),,,Physics and Astronomy,Physics and Astronomy (miscellaneous) (Q1),,
oci:06701513540-0640597570,omid:br/06701513540,Plos One [omid:br/068038897 issn:1932-6203 openalex:S202381698],omid:br/0640597570,Multimedia Tools And Applications [omid:br/064012678 doi:10.1007/11042.1573-7721 issn:1380-7501 issn:1573-7721 openalex:S110206669],2020-08-11,False,True,Incoming,['19326203'],"['15737721', '13807501', '15737721']",Multidisciplinary,Multidisciplinary (Q1),R|Q,Medicine | Science,Computer Science; Engineering,Media Technology (Q1); Computer Networks and Communications (Q2); Hardware and Architecture (Q2); Software (Q2),,
oci:062501597886-06802441060,omid:br/062501597886,Progress Of Theoretical And Experimental Physics [omid:br/0614035189 issn:2050-3911 openalex:S4210202364],omid:br/06802441060,Physical Review Letters [omid:br/063044243 issn:0031-9007 issn:1079-7114 openalex:S24807848],2017-11-29,False,True,Incoming,['20503911'],"['00319007', '10797114']",Physics and Astronomy,Physics and Astronomy (miscellaneous) (Q1),QC1-999,Science: Physics,Physics and Astronomy,Physics and Astronomy (miscellaneous) (Q1),,
oci:06501351571-06201218682,omid:br/06501351571,Physical Review A [omid:br/061032719 issn:1050-2947 issn:1094-1622 openalex:S164566984],omid:br/06201218682,Journal Of The Optical Society Of America B [omid:br/0614026245 issn:0740-3224 issn:1520-8540 openalex:S64486668],2011-12-06,False,True,Incoming,"['10502947', '10941622']","['07403224', '15208540']",,,,,Physics and Astronomy,"Atomic and Molecular Physics, and Optics (Q2); Statistical and Nonlinear Physics (Q3)",,
oci:06303856219-06101155768,omid:br/06303856219,Journal Of Differential Equations [omid:br/061805987 issn:0022-0396 openalex:S200871675],omid:br/06101155768,Multiscale Modeling & Simulation [omid:br/065023852 issn:1540-3459 issn:1540-3467 openalex:S4357572],2022-12,False,True,Incoming,['00220396'],"['15403459', '15403467']",Mathematics,Analysis (Q1); Applied Mathematics (Q1),,,Chemistry; Computer Science; Environmental Science; Mathematics; Physics and Astronomy,Chemistry (miscellaneous) (Q1); Computer Science Applications (Q1); Ecological Modeling (Q1); Modeling and Simulation (Q1); Physics and Astronomy (miscellaneous) (Q1),,
oci:06303002877-06901828290,omid:br/06303002877,Journal Of Crystal Growth [omid:br/061054083 issn:0022-0248 openalex:S10719676],omid:br/06901828290,Crystal Growth & Design [omid:br/0625038021 issn:1528-7483 issn:1528-7505 openalex:S16561315],2013-06,False,True,Incoming,['00220248'],"['15287483', '15287505']",Chemistry; Materials Science; Physics and Astronomy,Condensed Matter Physics (Q2); Materials Chemistry (Q2); Inorganic Chemistry (Q3),,,Chemistry; Materials Science; Physics and Astronomy,Chemistry (miscellaneous) (Q2); Condensed Matter Physics (Q2); Materials Science (miscellaneous) (Q2),,
oci:061803553872-06103274676,omid:br/061803553872,Nanoscale Advances [omid:br/061041748 issn:2516-0230 openalex:S4210240921],omid:br/06103274676,Advanced Functional Materials [omid:br/0621059878 doi:10.1002/(issn)1616-3028 issn:1616-301X issn:1616-3028 openalex:S135204980],2022,False,True,Incoming,['25160230'],"['16163028', '1616301X', '16163028']",Chemical Engineering; Chemistry; Engineering; Materials Science; Physics and Astronomy,"Atomic and Molecular Physics, and Optics (Q1); Chemistry (miscellaneous) (Q1); Engineering (miscellaneous) (Q1); Materials Science (miscellaneous) (Q1); Bioengineering (Q2)",QD1-999,Science: Chemistry,Chemistry; Materials Science; Physics and Astronomy,"Biomaterials (Q1); Chemistry (miscellaneous) (Q1); Condensed Matter Physics (Q1); Electrochemistry (Q1); Electronic, Optical and Magnetic Materials (Q1); Materials Science (miscellaneous) (Q1); Nanoscience and Nanotechnology (Q1)",,
oci:0650567683-061302056392,omid:br/0650567683,Physical Review D [omid:br/062509685 issn:2470-0010 issn:2470-0029 openalex:S4210238307],omid:br/061302056392,Physical Review Letters [omid:br/063044243 issn:0031-9007 issn:1079-7114 openalex:S24807848],2021-12-09,False,True,Incoming,"['24700010', '24700029']","['00319007', '10797114']",Physics and Astronomy,Nuclear and High Energy Physics (Q1); Physics and Astronomy (miscellaneous) (Q1),,,Physics and Astronomy,Physics and Astronomy (miscellaneous) (Q1),,
oci:0635074928-062101226234,omid:br/0635074928,German Politics [omid:br/06501027673 issn:0964-4008 issn:1743-8993 openalex:S66394278],omid:br/062101226234,The Political Quarterly [omid:br/0625027059 doi:10.1111/(issn)1467-923x issn:0032-3179 issn:1467-923X openalex:S12780936],2023-05-05,True,False,Outgoing,"['09644008', '17438993']","['00323179', '1467923X']",Social Sciences,Political Science and International Relations (Q1); Sociology and Political Science (Q1),,,Social Sciences,Sociology and Political Science (Q2),,
oci:06130870520-062501605719,omid:br/06130870520,Journal Of Medical Internet Research [omid:br/066020242 issn:1438-8871 openalex:S17147534],omid:br/062501605719,ACM Computing Surveys [omid:br/0617038502 issn:0360-0300 issn:1557-7341 openalex:S157921468],2021-04-15,False,True,Incoming,['14388871'],"['03600300', '15577341']",Computer Science; Medicine,Computer Science Applications (Q1); Health Informatics (Q1),R858-859.7|RA1-1270,Medicine: Medicine (General): Computer applications to medicine. Medical informatics | Medicine: Public aspects of medicine,Computer Science; Mathematics,Computer Science (miscellaneous) (Q1); Theoretical Computer Science (Q1),,
oci:06103047792-06260209506,omid:br/06103047792,Scientific Reports [omid:br/0616055349 issn:2045-2322 openalex:S196734849],omid:br/06260209506,Methods [omid:br/062304211 issn:1046-2023 issn:1095-9130 openalex:S73539393],2018-08-07,True,False,Outgoing,['20452322'],"['10462023', '10959130']",Multidisciplinary,Multidisciplinary (Q1),R|Q,Medicine | Science,"Biochemistry, Genetics and Molecular Biology","Biochemistry, Genetics and Molecular Biology (miscellaneous) (Q2); Molecular Biology (Q3)",,
oci:06302832463-06302833102,omid:br/06302832463,Physics Letters B [omid:br/0626059839 issn:0370-2693 openalex:S173952182],omid:br/06302833102,Physics Letters B [omid:br/0626059839 issn:0370-2693 openalex:S173952182],2005-03,False,True,Incoming,['03702693'],['03702693'],Physics and Astronomy,Nuclear and High Energy Physics (Q1),QC1-999,Science: Physics,Physics and Astronomy,Nuclear and High Energy Physics (Q1),QC1-999,Science: Physics
oci:06220182728-0660523799,omid:br/06220182728,IEEE Journal Of Selected Topics In Quantum Electronics [omid:br/062202349 doi:10.1109/jstqe.2944 issn:1077-260X issn:1558-4542 openalex:S192705446],omid:br/0660523799,Applied Physics Letters [omid:br/067011551 issn:0003-6951 issn:1077-3118 openalex:S105243760],2014-01,True,False,Outgoing,"['1077260X', '15584542']","['00036951', '10773118']",Engineering; Physics and Astronomy,"Atomic and Molecular Physics, and Optics (Q1); Electrical and Electronic Engineering (Q1)",,,Physics and Astronomy,Physics and Astronomy (miscellaneous) (Q1),,
oci:06230572183-06301832962,omid:br/06230572183,Physical Review D [omid:br/062509685 issn:2470-0010 issn:2470-0029 openalex:S4210238307],omid:br/06301832962,Journal Of High Energy Physics [omid:br/062038872 issn:1029-8479 issn:1126-6708 openalex:S187585107],2017-09-12,False,True,Incoming,"['24700010', '24700029']","['10298479', '11266708']",Physics and Astronomy,Nuclear and High Energy Physics (Q1); Physics and Astronomy (miscellaneous) (Q1),,,Physics and Astronomy,Nuclear and High Energy Physics (Q2),QC770-798,Science: Physics: Nuclear and particle physics. Atomic energy. Radioactivity
oci:062501088859-062102786380,omid:br/062501088859,Advances In Complex Systems [omid:br/062501089649 issn:0219-5259 issn:1793-6802],omid:br/062102786380,Journal Of Economic Dynamics And Control [omid:br/066057312 issn:0165-1889 openalex:S44585919],2021-12,False,True,Incoming,"['02195259', '17936802']",['01651889'],Engineering; Multidisciplinary,Multidisciplinary (Q2); Control and Systems Engineering (Q4),,,"Economics, Econometrics and Finance; Mathematics",Applied Mathematics (Q1); Control and Optimization (Q1); Economics and Econometrics (Q1),,
oci:061702448594-061802434239,omid:br/061702448594,Nuclear Physics B [omid:br/069057982 issn:0550-3213 issn:1873-1562 openalex:S4210194812],omid:br/061802434239,Nuclear Physics B [omid:br/069057982 issn:0550-3213 issn:1873-1562 openalex:S4210194812],2007-01,False,True,Incoming,"['05503213', '18731562']","['05503213', '18731562']",Physics and Astronomy,Nuclear and High Energy Physics (Q2),QC770-798,Science: Physics: Nuclear and particle physics. Atomic energy. Radioactivity,Physics and Astronomy,Nuclear and High Energy Physics (Q2),QC770-798,Science: Physics: Nuclear and particle physics. Atomic energy. Radioactivity
oci:06210511376-061601856058,omid:br/06210511376,Physical Chemistry Chemical Physics [omid:br/064010713 issn:1463-9076 issn:1463-9084 openalex:S181332294],omid:br/061601856058,The Journal Of Physical Chemistry A [omid:br/0621041077 issn:1089-5639 issn:1520-5215 openalex:S146709414],2019,True,False,Outgoing,"['14639076', '14639084']","['10895639', '15205215']",Chemistry; Physics and Astronomy,Physical and Theoretical Chemistry (Q2); Physics and Astronomy (miscellaneous) (Q2),,,Chemistry; Medicine,Medicine (miscellaneous) (Q2); Physical and Theoretical Chemistry (Q2),,
oci:061301651971-06150117935,omid:br/061301651971,The Journal Of Chemical Physics [omid:br/067037880 issn:0021-9606 issn:1089-7690 openalex:S77047749],omid:br/06150117935,Chemical Physics Letters [omid:br/062302564 issn:0009-2614 openalex:S44567922],2001-06-22,False,True,Incoming,"['00219606', '10897690']",['00092614'],Chemistry; Medicine; Physics and Astronomy,Physical and Theoretical Chemistry (Q1); Physics and Astronomy (miscellaneous) (Q1); Medicine (miscellaneous) (Q2),,,Chemistry; Physics and Astronomy,Physical and Theoretical Chemistry (Q2); Physics and Astronomy (miscellaneous) (Q2),,
oci:06203216522-06220518451,omid:br/06203216522,Electrophoresis [omid:br/067057521 doi:10.1002/(issn)1522-2683 issn:0173-0835 issn:1522-2683 openalex:S2849398],omid:br/06220518451,Applied Physics Letters [omid:br/067011551 issn:0003-6951 issn:1077-3118 openalex:S105243760],2019-11-11,False,True,Incoming,"['15222683', '01730835', '15222683']","['00036951', '10773118']","Biochemistry, Genetics and Molecular Biology; Chemistry",Analytical Chemistry (Q3); Biochemistry (Q3); Clinical Biochemistry (Q3),,,Physics and Astronomy,Physics and Astronomy (miscellaneous) (Q1),,
oci:06190667533-061302056886,omid:br/06190667533,Chinese Physics C [omid:br/064014073 issn:1674-1137 issn:2058-6132 openalex:S959143335],omid:br/061302056886,Physical Review Letters [omid:br/063044243 issn:0031-9007 issn:1079-7114 openalex:S24807848],2018-05,False,True,Incoming,"['16741137', '20586132']","['00319007', '10797114']",Physics and Astronomy,Instrumentation (Q1); Astronomy and Astrophysics (Q2); Nuclear and High Energy Physics (Q2),,,Physics and Astronomy,Physics and Astronomy (miscellaneous) (Q1),,
oci:06601529722-06903160332,omid:br/06601529722,Plos One [omid:br/068038897 issn:1932-6203 openalex:S202381698],omid:br/06903160332,CNS & Neurological Disorders - Drug Targets [omid:br/0612061958 issn:1871-5273 openalex:S148418319],2014-02-20,False,True,Incoming,['19326203'],['18715273'],Multidisciplinary,Multidisciplinary (Q1),R|Q,Medicine | Science,"Medicine; Neuroscience; Pharmacology, Toxicology and Pharmaceutics",Medicine (miscellaneous) (Q2); Neuroscience (miscellaneous) (Q2); Pharmacology (Q2),,
oci:06410148250-06220342596,omid:br/06410148250,Journal Of High Energy Physics [omid:br/062038872 issn:1029-8479 issn:1126-6708 openalex:S187585107],omid:br/06220342596,Nature [omid:br/0626016512 issn:0028-0836 issn:1465-7392 issn:1476-4679 issn:1476-4687 issn:1744-7933],2023-08-04,True,False,Outgoing,"['10298479', '11266708']","['00280836', '14657392', '14764679', '14764687', '17447933']",Physics and Astronomy,Nuclear and High Energy Physics (Q2),QC770-798,Science: Physics: Nuclear and particle physics. Atomic energy. Radioactivity,Multidisciplinary,Multidisciplinary (Q1),,
oci:062201320986-06303725381,omid:br/062201320986,Physical Review A [omid:br/061032719 issn:1050-2947 issn:1094-1622 openalex:S164566984],omid:br/06303725381,Nature Physics [omid:br/0622061045 issn:1745-2473 issn:1745-2481 openalex:S156274416],2015-04-13,False,True,Incoming,"['10502947', '10941622']","['17452473', '17452481']",,,,,Physics and Astronomy,Physics and Astronomy (miscellaneous) (Q1),,
oci:061102072504-061502067146,omid:br/061102072504,Physical Review Letters [omid:br/063044243 issn:0031-9007 issn:1079-7114 openalex:S24807848],omid:br/061502067146,Physical Review Letters [omid:br/063044243 issn:0031-9007 issn:1079-7114 openalex:S24807848],2008-08-22,True,False,Outgoing,"['00319007', '10797114']","['00319007', '10797114']",Physics and Astronomy,Physics and Astronomy (miscellaneous) (Q1),,,Physics and Astronomy,Physics and Astronomy (miscellaneous) (Q1),,
oci:062102052013-06502449368,omid:br/062102052013,Physical Review Letters [omid:br/063044243 issn:0031-9007 issn:1079-7114 openalex:S24807848],omid:br/06502449368,Physical Review Letters [omid:br/063044243 issn:0031-9007 issn:1079-7114 openalex:S24807848],2021-05-13,True,False,Outgoing,"['00319007', '10797114']","['00319007', '10797114']",Physics and Astronomy,Physics and Astronomy (miscellaneous) (Q1),,,Physics and Astronomy,Physics and Astronomy (miscellaneous) (Q1),,
oci:06101448074-06402837486,omid:br/06101448074,Physical Review D [omid:br/066033919 issn:1550-2368 issn:1550-7998 openalex:S4210210554],omid:br/06402837486,Physics Letters B [omid:br/0626059839 issn:0370-2693 openalex:S173952182],2013-10-24,False,True,Incoming,"['15502368', '15507998']",['03702693'],,,,,Physics and Astronomy,Nuclear and High Energy Physics (Q1),QC1-999,Science: Physics
oci:061403293685-0625048168,omid:br/061403293685,Theoretical Chemistry Accounts [omid:br/0625060906 issn:0040-5744 issn:1432-2234 issn:1432-881X],omid:br/0625048168,Springer Atmospheric Sciences [omid:br/061102460210 issn:2194-5217 issn:2194-5225 openalex:S4210183228],2020-06-16,True,False,Outgoing,"['00405744', '14322234', '1432881X']","['21945217', '21945225']",Chemistry,Physical and Theoretical Chemistry (Q3),,,,,,
oci:061403819579-062601660909,omid:br/061403819579,Ageing Research Reviews [omid:br/0623059336 issn:1568-1637 openalex:S117312820],omid:br/062601660909,Biological Reviews [omid:br/0603903811 issn:0006-3231 issn:1464-7931 issn:1469-185X],2023-11,False,True,Incoming,['15681637'],"['00063231', '14647931', '1469185X']","Biochemistry, Genetics and Molecular Biology; Neuroscience",Aging (Q1); Biochemistry (Q1); Biotechnology (Q1); Molecular Biology (Q1); Neurology (Q1),,,"Agricultural and Biological Sciences; Biochemistry, Genetics and Molecular Biology","Agricultural and Biological Sciences (miscellaneous) (Q1); Biochemistry, Genetics and Molecular Biology (miscellaneous) (Q1)",,
oci:06303921833-061802410513,omid:br/06303921833,Reviews Of Modern Physics [omid:br/0624030091 issn:0034-6861 issn:1539-0756 openalex:S73260565],omid:br/061802410513,Physics Letters B [omid:br/0626059839 issn:0370-2693 openalex:S173952182],1999-04-01,True,False,Outgoing,"['00346861', '15390756']",['03702693'],Physics and Astronomy,Physics and Astronomy (miscellaneous) (Q1),,,Physics and Astronomy,Nuclear and High Energy Physics (Q1),QC1-999,Science: Physics
oci:06601677270-061402041107,omid:br/06601677270,Zeitschrift Für Physik C Particles And Fields [omid:br/0612035595 issn:0170-9739 issn:1431-5858 issn:1434-6044 issn:1434-6052],omid:br/061402041107,Physical Review Letters [omid:br/063044243 issn:0031-9007 issn:1079-7114 openalex:S24807848],2016-11-26,False,True,Incoming,"['01709739', '14315858', '14346044', '14346052']","['00319007', '10797114']",Engineering; Physics and Astronomy,Engineering (miscellaneous) (Q1); Physics and Astronomy (miscellaneous) (Q1),QB460-466|QC770-798,Science: Astronomy: Astrophysics | Science: Physics: Nuclear and particle physics. Atomic energy. Radioactivity,Physics and Astronomy,Physics and Astronomy (miscellaneous) (Q1),,
oci:06240557593-062301427404,omid:br/06240557593,Physical Review D [omid:br/062509685 issn:2470-0010 issn:2470-0029 openalex:S4210238307],omid:br/062301427404,Physical Review D [omid:br/066033919 issn:1550-2368 issn:1550-7998 openalex:S4210210554],2017-05-01,True,False,Outgoing,"['24700010', '24700029']","['15502368', '15507998']",Physics and Astronomy,Nuclear and High Energy Physics (Q1); Physics and Astronomy (miscellaneous) (Q1),,,,,,
oci:0610760668-06101457218,omid:br/0610760668,Life Sciences In Space Research [omid:br/0610762116 issn:2214-5524 issn:2214-5532 openalex:S2764866528],omid:br/06101457218,Physics Of Life Reviews [omid:br/069041034 issn:1571-0645 issn:1873-1457 openalex:S78119372],2021-08,False,True,Incoming,"['22145524', '22145532']","['15710645', '18731457']",Agricultural and Biological Sciences; Environmental Science; Physics and Astronomy,"Agricultural and Biological Sciences (miscellaneous) (Q1); Radiation (Q1); Astronomy and Astrophysics (Q2); Ecology (Q2); Health, Toxicology and Mutagenesis (Q2)",,,Agricultural and Biological Sciences; Computer Science; Physics and Astronomy,Agricultural and Biological Sciences (miscellaneous) (Q1); Artificial Intelligence (Q1); Physics and Astronomy (miscellaneous) (Q1),,
oci:06302437204-062101422011,omid:br/06302437204,Physical Review Letters [omid:br/063044243 issn:0031-9007 issn:1079-7114 openalex:S24807848],omid:br/062101422011,Physical Review D [omid:br/066033919 issn:1550-2368 issn:1550-7998 openalex:S4210210554],2018-05-31,True,False,Outgoing,"['00319007', '10797114']","['15502368', '15507998']",Physics and Astronomy,Physics and Astronomy (miscellaneous) (Q1),,,,,,
oci:0650105609-062101644599,omid:br/0650105609,Chemical Physics [omid:br/061801341 issn:0301-0104 openalex:S190037396],omid:br/062101644599,The Journal Of Chemical Physics [omid:br/067037880 issn:0021-9606 issn:1089-7690 openalex:S77047749],2012-01,False,True,Incoming,['03010104'],"['00219606', '10897690']",Chemistry; Physics and Astronomy,Physics and Astronomy (miscellaneous) (Q2); Physical and Theoretical Chemistry (Q3),,,Chemistry; Medicine; Physics and Astronomy,Physical and Theoretical Chemistry (Q1); Physics and Astronomy (miscellaneous) (Q1); Medicine (miscellaneous) (Q2),,
oci:061701660281-061801648762,omid:br/061701660281,The Journal Of Chemical Physics [omid:br/067037880 issn:0021-9606 issn:1089-7690 openalex:S77047749],omid:br/061801648762,The Journal Of Chemical Physics [omid:br/067037880 issn:0021-9606 issn:1089-7690 openalex:S77047749],2000-08-22,False,True,Incoming,"['00219606', '10897690']","['00219606', '10897690']",Chemistry; Medicine; Physics and Astronomy,Physical and Theoretical Chemistry (Q1); Physics and Astronomy (miscellaneous) (Q1); Medicine (miscellaneous) (Q2),,,Chemistry; Medicine; Physics and Astronomy,Physical and Theoretical Chemistry (Q1); Physics and Astronomy (miscellaneous) (Q1); Medicine (miscellaneous) (Q2),,
oci:06170568348-061901348313,omid:br/06170568348,Bioinformatics [omid:br/0626019667 issn:1367-4803 issn:1367-4811 issn:1460-2059],omid:br/061901348313,Nucleic Acids Research [omid:br/061502934 issn:0305-1048 issn:1362-4962 openalex:S134668137],2009-05-31,True,False,Outgoing,"['13674803', '13674811', '14602059']","['03051048', '13624962']","Biochemistry, Genetics and Molecular Biology; Computer Science; Mathematics",Biochemistry (Q1); Computational Mathematics (Q1); Computational Theory and Mathematics (Q1); Computer Science Applications (Q1); Molecular Biology (Q1); Statistics and Probability (Q1),QH301-705.5,Science: Biology (General),"Biochemistry, Genetics and Molecular Biology",Genetics (Q1),QH426-470,Science: Biology (General): Genetics
oci:06390149989-06501845190,omid:br/06390149989,Journal Of High Energy Physics [omid:br/062038872 issn:1029-8479 issn:1126-6708 openalex:S187585107],omid:br/06501845190,Journal Of High Energy Physics [omid:br/062038872 issn:1029-8479 issn:1126-6708 openalex:S187585107],2023-03-15,False,True,Incoming,"['10298479', '11266708']","['10298479', '11266708']",Physics and Astronomy,Nuclear and High Energy Physics (Q2),QC770-798,Science: Physics: Nuclear and particle physics. Atomic energy. Radioactivity,Physics and Astronomy,Nuclear and High Energy Physics (Q2),QC770-798,Science: Physics: Nuclear and particle physics. Atomic energy. Radioactivity
oci:06270168098-06401848890,omid:br/06270168098,Orthopedics [omid:br/063011778 doi:10.3928/01477447 issn:0147-7447 issn:1938-2367 openalex:S157799717],omid:br/06401848890,Journal Of High Energy Physics [omid:br/062038872 issn:1029-8479 issn:1126-6708 openalex:S187585107],2023-05-01,False,True,Incoming,"['01477447', '19382367']","['10298479', '11266708']",Medicine,Surgery (Q2); Orthopedics and Sports Medicine (Q3),,,Physics and Astronomy,Nuclear and High Energy Physics (Q2),QC770-798,Science: Physics: Nuclear and particle physics. Atomic energy. Radioactivity
oci:06130417009-06190694151,omid:br/06130417009,Physica E: Low-dimensional Systems And Nanostructures [omid:br/061908653 issn:1386-9477 issn:1873-1759 openalex:S23074404],omid:br/06190694151,IEEE Journal Of Quantum Electronics [omid:br/0619019289 doi:10.1109/jqe.3 issn:0018-9197 issn:1558-1713 openalex:S80223966],2000-04,False,True,Incoming,"['13869477', '18731759']","['00189197', '15581713']",Materials Science; Physics and Astronomy,"Atomic and Molecular Physics, and Optics (Q2); Condensed Matter Physics (Q2); Electronic, Optical and Magnetic Materials (Q3); Nanoscience and Nanotechnology (Q3)",,,Engineering; Physics and Astronomy,"Atomic and Molecular Physics, and Optics (Q2); Condensed Matter Physics (Q2); Electrical and Electronic Engineering (Q2)",,
oci:061902254349-06803499835,omid:br/061902254349,Annual Review Of Nuclear And Particle Science [omid:br/061902255057 issn:0163-8998 issn:1545-4134 openalex:S112282628],omid:br/06803499835,Journal Of Physics G: Nuclear And Particle Physics [omid:br/0612059308 issn:0954-3899 issn:1361-6471 openalex:S78376336],2008-11-01,False,True,Incoming,"['01638998', '15454134']","['09543899', '13616471']",Physics and Astronomy,Nuclear and High Energy Physics (Q1),,,Physics and Astronomy,Nuclear and High Energy Physics (Q1),,
oci:06802391310-06160790032,omid:br/06802391310,Frontiers In Psychiatry [omid:br/0615045162 issn:1664-0640 openalex:S92766711],omid:br/06160790032,MMWR. Surveillance Summaries [omid:br/06160791207 issn:1545-8636 issn:1546-0738 openalex:S4210189843],2019-09-20,True,False,Outgoing,['16640640'],"['15458636', '15460738']",Medicine,Psychiatry and Mental Health (Q1),RC435-571,Medicine: Internal medicine: Neurosciences. Biological psychiatry. Neuropsychiatry: Neurology. Diseases of the nervous system: Psychiatry,Environmental Science; Health Professions; Medicine; Social Sciences,"Epidemiology (Q1); Health Information Management (Q1); Health (social science) (Q1); Health, Toxicology and Mutagenesis (Q1)",,
oci:062403443211-06110493469,omid:br/062403443211,Npj Quantum Information [omid:br/062301172938 issn:2056-6387 openalex:S2738600312],omid:br/06110493469,Science [omid:br/0619015403 doi:10.1126/science issn:0036-8075 issn:1095-9203 openalex:S3880285],2022-08-10,False,True,Incoming,['20566387'],"['00368075', '10959203']",Computer Science; Physics and Astronomy,Computational Theory and Mathematics (Q1); Computer Networks and Communications (Q1); Computer Science (miscellaneous) (Q1); Statistical and Nonlinear Physics (Q1),QC1-999|QA75.5-76.95,Science: Physics | Science: Mathematics: Instruments and machines: Electronic computers. Computer science,Arts and Humanities; Multidisciplinary,History and Philosophy of Science (Q1); Multidisciplinary (Q1),,
oci:062602089650-06302859372,omid:br/062602089650,Physical Review Letters [omid:br/063044243 issn:0031-9007 issn:1079-7114 openalex:S24807848],omid:br/06302859372,Nuclear Physics B [omid:br/069057982 issn:0550-3213 issn:1873-1562 openalex:S4210194812],2002-07-23,False,True,Incoming,"['00319007', '10797114']","['05503213', '18731562']",Physics and Astronomy,Physics and Astronomy (miscellaneous) (Q1),,,Physics and Astronomy,Nuclear and High Energy Physics (Q2),QC770-798,Science: Physics: Nuclear and particle physics. Atomic energy. Radioactivity
oci:06802863787-061501728007,omid:br/06802863787,Monthly Notices Of The Royal Astronomical Society [omid:br/067041753 doi:10.1111/(issn)1365-2966 issn:0035-8711 issn:1365-2966 openalex:S195663288],omid:br/061501728007,The Astrophysical Journal [omid:br/064040542 issn:0004-637X issn:1538-4357 openalex:S1980519],2013-10-16,True,False,Outgoing,"['13652966', '00358711', '13652966']","['0004637X', '15384357']",Earth and Planetary Sciences; Physics and Astronomy,Astronomy and Astrophysics (Q1); Space and Planetary Science (Q1),QB1-991,Science: Astronomy,Earth and Planetary Sciences; Physics and Astronomy,Astronomy and Astrophysics (Q1); Space and Planetary Science (Q1),QB460-466,Science: Astronomy: Astrophysics
oci:061304088514-061501912171,omid:br/061304088514,Annals Of PDE [omid:br/06130843367 issn:2199-2576 issn:2524-5317 openalex:S4210183302],omid:br/061501912171,Manuscripta Mathematica [omid:br/0612039969 issn:0025-2611 issn:1432-1785 openalex:S40116370],2024-01-29,True,False,Outgoing,"['21992576', '25245317']","['00252611', '14321785']",Mathematics; Physics and Astronomy,Analysis (Q1); Applied Mathematics (Q1); Geometry and Topology (Q1); Mathematical Physics (Q1); Physics and Astronomy (miscellaneous) (Q1),,,Mathematics,Mathematics (miscellaneous) (Q1),,
oci:061402129003-06160717241,omid:br/061402129003,Chem [omid:br/065045986 issn:2451-9294 openalex:S2898106599],omid:br/06160717241,Nanoscale [omid:br/0626023148 doi:10.1039/2040-3372/2009 issn:2040-3364 issn:2040-3372 openalex:S23181512],2017-11,False,True,Incoming,['24519294'],"['20403372', '20403364', '20403372']","Biochemistry, Genetics and Molecular Biology; Chemical Engineering; Chemistry; Environmental Science; Materials Science; Medicine",Biochemistry (Q1); Biochemistry (medical) (Q1); Chemical Engineering (miscellaneous) (Q1); Chemistry (miscellaneous) (Q1); Environmental Chemistry (Q1); Materials Chemistry (Q1),,,Materials Science,Materials Science (miscellaneous) (Q1); Nanoscience and Nanotechnology (Q2),,
oci:06802442228-061201916687,omid:br/06802442228,Physical Review Letters [omid:br/063044243 issn:0031-9007 issn:1079-7114 openalex:S24807848],omid:br/061201916687,Modern Physics Letters A [omid:br/0614042645 issn:0217-7323 issn:1793-6632 openalex:S45468527],2009-01-09,True,False,Outgoing,"['00319007', '10797114']","['02177323', '17936632']",Physics and Astronomy,Physics and Astronomy (miscellaneous) (Q1),,,Physics and Astronomy,Astronomy and Astrophysics (Q3); Nuclear and High Energy Physics (Q3); Physics and Astronomy (miscellaneous) (Q3),,
oci:062501650528-061302029744,omid:br/062501650528,The Journal Of Chemical Physics [omid:br/067037880 issn:0021-9606 issn:1089-7690 openalex:S77047749],omid:br/061302029744,Journal Of Chemical Theory And Computation [omid:br/0619047782 issn:1549-9618 issn:1549-9626 openalex:S189701308],2013-04-28,False,True,Incoming,"['00219606', '10897690']","['15499618', '15499626']",Chemistry; Medicine; Physics and Astronomy,Physical and Theoretical Chemistry (Q1); Physics and Astronomy (miscellaneous) (Q1); Medicine (miscellaneous) (Q2),,,Chemistry; Computer Science,Computer Science Applications (Q1); Physical and Theoretical Chemistry (Q1),,
oci:06301736669-06160350698,omid:br/06301736669,The Astrophysical Journal [omid:br/064040542 issn:0004-637X issn:1538-4357 openalex:S1980519],omid:br/06160350698,Nature [omid:br/0626016512 issn:0028-0836 issn:1465-7392 issn:1476-4679 issn:1476-4687 issn:1744-7933],2016-12-12,False,True,Incoming,"['0004637X', '15384357']","['00280836', '14657392', '14764679', '14764687', '17447933']",Earth and Planetary Sciences; Physics and Astronomy,Astronomy and Astrophysics (Q1); Space and Planetary Science (Q1),QB460-466,Science: Astronomy: Astrophysics,Multidisciplinary,Multidisciplinary (Q1),,
oci:062201419957-062102054355,omid:br/062201419957,Physical Review D [omid:br/066033919 issn:1550-2368 issn:1550-7998 openalex:S4210210554],omid:br/062102054355,Physical Review Letters [omid:br/063044243 issn:0031-9007 issn:1079-7114 openalex:S24807848],2007-09-28,True,False,Outgoing,"['15502368', '15507998']","['00319007', '10797114']",,,,,Physics and Astronomy,Physics and Astronomy (miscellaneous) (Q1),,
oci:06604367285-0660567190,omid:br/06604367285,Physical Review D [omid:br/062509685 issn:2470-0010 issn:2470-0029 openalex:S4210238307],omid:br/0660567190,Physical Review D [omid:br/062509685 issn:2470-0010 issn:2470-0029 openalex:S4210238307],2023-04-20,False,True,Incoming,"['24700010', '24700029']","['24700010', '24700029']",Physics and Astronomy,Nuclear and High Energy Physics (Q1); Physics and Astronomy (miscellaneous) (Q1),,,Physics and Astronomy,Nuclear and High Energy Physics (Q1); Physics and Astronomy (miscellaneous) (Q1),,
oci:06402501158-061603498642,omid:br/06402501158,Inorganic Chemistry [omid:br/0618045095 issn:0020-1669 issn:1520-510X openalex:S171072222],omid:br/061603498642,The Journal Of Chemical Physics [omid:br/067037880 issn:0021-9606 issn:1089-7690 openalex:S77047749],2021-06-07,False,True,Incoming,"['00201669', '1520510X']","['00219606', '10897690']",Chemistry,Chemistry (miscellaneous) (Q1); Inorganic Chemistry (Q1); Physical and Theoretical Chemistry (Q1),,,Chemistry; Medicine; Physics and Astronomy,Physical and Theoretical Chemistry (Q1); Physics and Astronomy (miscellaneous) (Q1); Medicine (miscellaneous) (Q2),,
oci:06802828899-061501924650,omid:br/06802828899,Physics Letters B [omid:br/0626059839 issn:0370-2693 openalex:S173952182],omid:br/061501924650,International Journal Of Modern Physics A [omid:br/0614042662 issn:0217-751X issn:1793-656X],2016-08,True,True,Internal,['03702693'],"['0217751X', '1793656X']",Physics and Astronomy,Nuclear and High Energy Physics (Q1),QC1-999,Science: Physics,Physics and Astronomy,"Astronomy and Astrophysics (Q3); Atomic and Molecular Physics, and Optics (Q3); Nuclear and High Energy Physics (Q3)",,
oci:061704258967-06102838019,omid:br/061704258967,Astronomy & Astrophysics [omid:br/064040455 issn:0004-6361 issn:1432-0746 openalex:S205231332],omid:br/06102838019,Physics Reports [omid:br/0625047923 issn:0370-1573 openalex:S48633963],2024-04,True,True,Internal,"['00046361', '14320746']",['03701573'],Earth and Planetary Sciences; Physics and Astronomy,Astronomy and Astrophysics (Q1); Space and Planetary Science (Q1),QB1-991,Science: Astronomy,Physics and Astronomy,Physics and Astronomy (miscellaneous) (Q1),,
oci:0620600602-061802096022,omid:br/0620600602,International Journal For Parasitology: Parasites And Wildlife [omid:br/0620600978 issn:2213-2244 openalex:S2764620067],omid:br/061802096022,Journal Of Wildlife Diseases [omid:br/0613042206 issn:0090-3558 openalex:S113896437],2019-08,False,True,Incoming,['22132244'],['00903558'],Agricultural and Biological Sciences; Immunology and Microbiology; Medicine,Animal Science and Zoology (Q1); Infectious Diseases (Q2); Parasitology (Q2),QL1-991,Science: Zoology,Agricultural and Biological Sciences; Environmental Science,"Ecology (Q2); Ecology, Evolution, Behavior and Systematics (Q2)",,
oci:06210514638-06160679993,omid:br/06210514638,The Journal Of Neuroscience [omid:br/065010744 doi:10.1523/jneurosci issn:0270-6474 issn:1529-2401 openalex:S5555990],omid:br/06160679993,Cell [omid:br/0611013894 issn:0092-8674 openalex:S110447773],2000-04-15,True,False,Outgoing,"['02706474', '15292401']",['00928674'],Neuroscience,Neuroscience (miscellaneous) (Q1),,,"Biochemistry, Genetics and Molecular Biology","Biochemistry, Genetics and Molecular Biology (miscellaneous) (Q1)",,
oci:061501006822-062202050760,omid:br/061501006822,Annalen Der Physik [omid:br/068025657 doi:10.1002/(issn)1521-38889 doi:10.1002/(issn)1521-3889 issn:0003-3804 issn:1521-3889 openalex:S194691280],omid:br/062202050760,Physical Review Letters [omid:br/063044243 issn:0031-9007 issn:1079-7114 openalex:S24807848],2019-12,False,True,Incoming,"['15213888', '15213889', '00033804', '15213889']","['00319007', '10797114']",Physics and Astronomy,Physics and Astronomy (miscellaneous) (Q2),,,Physics and Astronomy,Physics and Astronomy (miscellaneous) (Q1),,
oci:062301664353-06802829926,omid:br/062301664353,Zeitschrift Für Physik C Particles And Fields [omid:br/0612035595 issn:0170-9739 issn:1431-5858 issn:1434-6044 issn:1434-6052],omid:br/06802829926,Physics Letters B [omid:br/0626059839 issn:0370-2693 openalex:S173952182],1992-09,False,True,Incoming,"['01709739', '14315858', '14346044', '14346052']",['03702693'],Engineering; Physics and Astronomy,Engineering (miscellaneous) (Q1); Physics and Astronomy (miscellaneous) (Q1),QB460-466|QC770-798,Science: Astronomy: Astrophysics | Science: Physics: Nuclear and particle physics. Atomic energy. Radioactivity,Physics and Astronomy,Nuclear and High Energy Physics (Q1),QC1-999,Science: Physics
oci:0605311213-062602085996,omid:br/0605311213,Physical Review D [omid:br/062509685 issn:2470-0010 issn:2470-0029 openalex:S4210238307],omid:br/062602085996,Physical Review Letters [omid:br/063044243 issn:0031-9007 issn:1079-7114 openalex:S24807848],2024-12-26,False,True,Incoming,"['24700010', '24700029']","['00319007', '10797114']",Physics and Astronomy,Nuclear and High Energy Physics (Q1); Physics and Astronomy (miscellaneous) (Q1),,,Physics and Astronomy,Physics and Astronomy (miscellaneous) (Q1),,
oci:06201222766-061401633254,omid:br/06201222766,Biochimica Et Biophysica Acta (BBA) - Biomembranes [omid:br/0616034527 issn:0005-2736 openalex:S4210187475],omid:br/061401633254,Journal Of Cell Science [omid:br/065035853 issn:0021-9533 issn:1477-9137 openalex:S5677253],2017-09,False,True,Incoming,['00052736'],"['00219533', '14779137']","Biochemistry, Genetics and Molecular Biology",Biochemistry (Q2); Biophysics (Q2); Cell Biology (Q3),,,"Biochemistry, Genetics and Molecular Biology",Cell Biology (Q2),,
oci:062909066-062501364949,omid:br/062909066,Psycho-Oncology [omid:br/0616051809 doi:10.1002/(issn)1099-1611 issn:1057-9249 issn:1099-1611 openalex:S13506822],omid:br/062501364949,Physiologia Plantarum [omid:br/0626018164 issn:0031-9317 issn:1399-3054 openalex:S185046733],2013-06-21,True,False,Outgoing,"['10991611', '10579249', '10991611']","['00319317', '13993054']",Medicine; Psychology,Experimental and Cognitive Psychology (Q1); Psychiatry and Mental Health (Q1); Oncology (Q2),,,"Agricultural and Biological Sciences; Biochemistry, Genetics and Molecular Biology; Medicine",Medicine (miscellaneous) (Q1); Plant Science (Q1); Cell Biology (Q2); Genetics (Q2); Physiology (Q2),,
oci:06201850205-062202048731,omid:br/06201850205,Journal Of Cosmology And Astroparticle Physics [omid:br/062039004 issn:1475-7508 issn:1475-7516 openalex:S120662888],omid:br/062202048731,Physical Review Letters [omid:br/063044243 issn:0031-9007 issn:1079-7114 openalex:S24807848],2021-03-01,False,True,Incoming,"['14757508', '14757516']","['00319007', '10797114']",Physics and Astronomy,Astronomy and Astrophysics (Q2),,,Physics and Astronomy,Physics and Astronomy (miscellaneous) (Q1),,
oci:06180510432-06101317182,omid:br/06180510432,Neurobiology Of Disease [omid:br/064010628 issn:0969-9961 openalex:S35878148],omid:br/06101317182,Journal Of Research In Science Teaching [omid:br/068067660 doi:10.1002/(issn)1098-2736 issn:0022-4308 issn:1098-2736 openalex:S171036940],2021-04,True,False,Outgoing,['09699961'],"['10982736', '00224308', '10982736']",Neuroscience,Neurology (Q1),RC321-571,Medicine: Internal medicine: Neurosciences. Biological psychiatry. Neuropsychiatry,Social Sciences,Education (Q1),,
oci:06902058839-062401637987,omid:br/06902058839,Journal Of Chemical Theory And Computation [omid:br/0619047782 issn:1549-9618 issn:1549-9626 openalex:S189701308],omid:br/062401637987,The Journal Of Chemical Physics [omid:br/067037880 issn:0021-9606 issn:1089-7690 openalex:S77047749],2014-08-08,True,False,Outgoing,"['15499618', '15499626']","['00219606', '10897690']",Chemistry; Computer Science,Computer Science Applications (Q1); Physical and Theoretical Chemistry (Q1),,,Chemistry; Medicine; Physics and Astronomy,Physical and Theoretical Chemistry (Q1); Physics and Astronomy (miscellaneous) (Q1); Medicine (miscellaneous) (Q2),,
oci:06210245561-061503663915,omid:br/06210245561,Journal Of Medicinal Chemistry [omid:br/061804490 issn:0022-2623 issn:0095-9065 issn:1520-4804],omid:br/061503663915,Journal Of Molecular Biology [omid:br/061905469 issn:0022-2836 issn:1089-8638 openalex:S46058472],2004-01-20,True,False,Outgoing,"['00222623', '00959065', '15204804']","['00222836', '10898638']","Biochemistry, Genetics and Molecular Biology; Pharmacology, Toxicology and Pharmaceutics",Drug Discovery (Q1); Molecular Medicine (Q1),,,"Biochemistry, Genetics and Molecular Biology",Biophysics (Q1); Molecular Biology (Q1); Structural Biology (Q1),,
oci:061901427714-06404322937,omid:br/061901427714,Physical Review D [omid:br/066033919 issn:1550-2368 issn:1550-7998 openalex:S4210210554],omid:br/06404322937,Progress Of Theoretical And Experimental Physics [omid:br/0614035189 issn:2050-3911 openalex:S4210202364],2015-11-24,False,True,Incoming,"['15502368', '15507998']",['20503911'],,,,,Physics and Astronomy,Physics and Astronomy (miscellaneous) (Q1),QC1-999,Science: Physics
oci:06501688751-06301832962,omid:br/06501688751,Zeitschrift Für Physik C Particles And Fields [omid:br/0612035595 issn:0170-9739 issn:1431-5858 issn:1434-6044 issn:1434-6052],omid:br/06301832962,Journal Of High Energy Physics [omid:br/062038872 issn:1029-8479 issn:1126-6708 openalex:S187585107],2017-05,False,True,Incoming,"['01709739', '14315858', '14346044', '14346052']","['10298479', '11266708']",Engineering; Physics and Astronomy,Engineering (miscellaneous) (Q1); Physics and Astronomy (miscellaneous) (Q1),QB460-466|QC770-798,Science: Astronomy: Astrophysics | Science: Physics: Nuclear and particle physics. Atomic energy. Radioactivity,Physics and Astronomy,Nuclear and High Energy Physics (Q2),QC770-798,Science: Physics: Nuclear and particle physics. Atomic energy. Radioactivity
oci:06530145995-062401192314,omid:br/06530145995,Journal Of Civil Society [omid:br/06220906992 issn:1744-8689 issn:1744-8697 openalex:S89393028],omid:br/062401192314,Journal Of Democracy [omid:br/0618030155 issn:1086-3214 openalex:S151119180],2023-07-03,True,False,Outgoing,"['17448689', '17448697']",['10863214'],Social Sciences,Sociology and Political Science (Q2),,,Social Sciences,Sociology and Political Science (Q1),,
oci:061201664364-06803499835,omid:br/061201664364,Zeitschrift Für Physik C Particles And Fields [omid:br/0612035595 issn:0170-9739 issn:1431-5858 issn:1434-6044 issn:1434-6052],omid:br/06803499835,Journal Of Physics G: Nuclear And Particle Physics [omid:br/0612059308 issn:0954-3899 issn:1361-6471 openalex:S78376336],2007-02-09,False,True,Incoming,"['01709739', '14315858', '14346044', '14346052']","['09543899', '13616471']",Engineering; Physics and Astronomy,Engineering (miscellaneous) (Q1); Physics and Astronomy (miscellaneous) (Q1),QB460-466|QC770-798,Science: Astronomy: Astrophysics | Science: Physics: Nuclear and particle physics. Atomic energy. Radioactivity,Physics and Astronomy,Nuclear and High Energy Physics (Q1),,
oci:062503441390-06240325247,omid:br/062503441390,Pharmaceutics [omid:br/068043612 doi:10.3390/pharmaceutics issn:1999-4923 openalex:S30283931],omid:br/06240325247,Human Gene Therapy [omid:br/061805864 issn:1043-0342 issn:1557-7422 openalex:S39730559],2022-08-15,True,False,Outgoing,['19994923'],"['10430342', '15577422']","Pharmacology, Toxicology and Pharmaceutics",Pharmaceutical Science (Q1),RS1-441,Medicine: Pharmacy and materia medica,"Biochemistry, Genetics and Molecular Biology",Genetics (Q1); Molecular Biology (Q2); Molecular Medicine (Q2),,
oci:061303880513-0630571480,omid:br/061303880513,Physics Letters B [omid:br/0626059839 issn:0370-2693 openalex:S173952182],omid:br/0630571480,Physical Review C [omid:br/062509678 issn:2469-9985 issn:2469-9993 openalex:S118093565],2022-06,True,False,Outgoing,['03702693'],"['24699985', '24699993']",Physics and Astronomy,Nuclear and High Energy Physics (Q1),QC1-999,Science: Physics,Physics and Astronomy,Nuclear and High Energy Physics (Q1),,
oci:061101466567-06160717241,omid:br/061101466567,Physics Of The Solid State [omid:br/0619037898 issn:1063-7834 issn:1090-6460 openalex:S1070115],omid:br/06160717241,Nanoscale [omid:br/0626023148 doi:10.1039/2040-3372/2009 issn:2040-3364 issn:2040-3372 openalex:S23181512],2018-07,False,True,Incoming,"['10637834', '10906460']","['20403372', '20403364', '20403372']",Materials Science; Physics and Astronomy,"Condensed Matter Physics (Q4); Electronic, Optical and Magnetic Materials (Q4)",,,Materials Science,Materials Science (miscellaneous) (Q1); Nanoscience and Nanotechnology (Q2),,
oci:06904423260-06404322937,omid:br/06904423260,Physics Of Particles And Nuclei Letters [omid:br/061032626 issn:1531-8567 issn:1547-4771 openalex:S97779488],omid:br/06404322937,Progress Of Theoretical And Experimental Physics [omid:br/0614035189 issn:2050-3911 openalex:S4210202364],2024-06,False,True,Incoming,"['15318567', '15474771']",['20503911'],Medicine; Physics and Astronomy,"Nuclear and High Energy Physics (Q3); Radiation (Q3); Atomic and Molecular Physics, and Optics (Q4); Radiology, Nuclear Medicine and Imaging (Q4)",,,Physics and Astronomy,Physics and Astronomy (miscellaneous) (Q1),QC1-999,Science: Physics
oci:06101414872-06201436403,omid:br/06101414872,Reviews Of Modern Physics [omid:br/0624030091 issn:0034-6861 issn:1539-0756 openalex:S73260565],omid:br/06201436403,Physical Review D [omid:br/066033919 issn:1550-2368 issn:1550-7998 openalex:S4210210554],2010-03-11,False,True,Incoming,"['00346861', '15390756']","['15502368', '15507998']",Physics and Astronomy,Physics and Astronomy (miscellaneous) (Q1),,,,,,
oci:061702069930-062402051976,omid:br/061702069930,Physical Review Letters [omid:br/063044243 issn:0031-9007 issn:1079-7114 openalex:S24807848],omid:br/062402051976,Physical Review Letters [omid:br/063044243 issn:0031-9007 issn:1079-7114 openalex:S24807848],2007-01-18,True,False,Outgoing,"['00319007', '10797114']","['00319007', '10797114']",Physics and Astronomy,Physics and Astronomy (miscellaneous) (Q1),,,Physics and Astronomy,Physics and Astronomy (miscellaneous) (Q1),,
oci:06702353359-06240239518,omid:br/06702353359,Frontiers In Chemistry [omid:br/067045371 issn:2296-2646 openalex:S2764970645],omid:br/06240239518,Journal Of Medicinal Chemistry [omid:br/061804490 issn:0022-2623 issn:0095-9065 issn:1520-4804],2014-07-24,False,True,Incoming,['22962646'],"['00222623', '00959065', '15204804']",Chemistry,Chemistry (miscellaneous) (Q2),QD1-999,Science: Chemistry,"Biochemistry, Genetics and Molecular Biology; Pharmacology, Toxicology and Pharmaceutics",Drug Discovery (Q1); Molecular Medicine (Q1),,
oci:06402452836-06503517573,omid:br/06402452836,Physical Review Letters [omid:br/063044243 issn:0031-9007 issn:1079-7114 openalex:S24807848],omid:br/06503517573,Journal Of Physics G: Nuclear And Particle Physics [omid:br/0612059308 issn:0954-3899 issn:1361-6471 openalex:S78376336],2017-12-01,True,False,Outgoing,"['00319007', '10797114']","['09543899', '13616471']",Physics and Astronomy,Physics and Astronomy (miscellaneous) (Q1),,,Physics and Astronomy,Nuclear and High Energy Physics (Q1),,
oci:061701046436-062058462,omid:br/061701046436,Bulletin Of The London Mathematical Society [omid:br/0624021874 issn:0024-6093 issn:1469-2120 openalex:S39770307],omid:br/062058462,Grundlehren Der Mathematischen Wissenschaften [omid:br/06160390550 issn:0072-7830 issn:2196-9701 openalex:S4210203205],2020-10-13,False,True,Incoming,"['00246093', '14692120']","['00727830', '21969701']",Mathematics,Mathematics (miscellaneous) (Q1),,,,,,
oci:06204836880-062201715266,omid:br/06204836880,Monthly Notices Of The Royal Astronomical Society [omid:br/067041753 doi:10.1111/(issn)1365-2966 issn:0035-8711 issn:1365-2966 openalex:S195663288],omid:br/062201715266,Publications Of The Astronomical Society Of The Pacific [omid:br/063038054 issn:0004-6280 issn:1538-3873 openalex:S82835231],2024-05-13,True,False,Outgoing,"['13652966', '00358711', '13652966']","['00046280', '15383873']",Earth and Planetary Sciences; Physics and Astronomy,Astronomy and Astrophysics (Q1); Space and Planetary Science (Q1),QB1-991,Science: Astronomy,Earth and Planetary Sciences; Physics and Astronomy,Astronomy and Astrophysics (Q1); Space and Planetary Science (Q1),,
oci:061102046147-06702119282,omid:br/061102046147,Journal Of Chemical Theory And Computation [omid:br/0619047782 issn:1549-9618 issn:1549-9626 openalex:S189701308],omid:br/06702119282,Figuras Revista Académica De Investigación [omid:br/062604017611 issn:2683-2917 openalex:S4220651195],2013-04-26,True,False,Outgoing,"['15499618', '15499626']",['26832917'],Chemistry; Computer Science,Computer Science Applications (Q1); Physical and Theoretical Chemistry (Q1),,,,,K|NA1-9428|H,Law | Fine Arts: Architecture | Social Sciences
oci:061801425876-061302057361,omid:br/061801425876,Physical Review D [omid:br/066033919 issn:1550-2368 issn:1550-7998 openalex:S4210210554],omid:br/061302057361,Physical Review Letters [omid:br/063044243 issn:0031-9007 issn:1079-7114 openalex:S24807848],2008-07-23,True,True,Internal,"['15502368', '15507998']","['00319007', '10797114']",,,,,Physics and Astronomy,Physics and Astronomy (miscellaneous) (Q1),,
oci:062502051520-06102873561,omid:br/062502051520,Physical Review Letters [omid:br/063044243 issn:0031-9007 issn:1079-7114 openalex:S24807848],omid:br/06102873561,Nuclear Physics B [omid:br/069057982 issn:0550-3213 issn:1873-1562 openalex:S4210194812],2019-12-04,True,False,Outgoing,"['00319007', '10797114']","['05503213', '18731562']",Physics and Astronomy,Physics and Astronomy (miscellaneous) (Q1),,,Physics and Astronomy,Nuclear and High Energy Physics (Q2),QC770-798,Science: Physics: Nuclear and particle physics. Atomic energy. Radioactivity
oci:0620566832-06302832346,omid:br/0620566832,Physical Review D [omid:br/062509685 issn:2470-0010 issn:2470-0029 openalex:S4210238307],omid:br/06302832346,Physics Letters B [omid:br/0626059839 issn:0370-2693 openalex:S173952182],2016-03-22,True,False,Outgoing,"['24700010', '24700029']",['03702693'],Physics and Astronomy,Nuclear and High Energy Physics (Q1); Physics and Astronomy (miscellaneous) (Q1),,,Physics and Astronomy,Nuclear and High Energy Physics (Q1),QC1-999,Science: Physics
oci:06902026093-06120714534,omid:br/06902026093,Javnost - The Public [omid:br/06902027116 issn:1318-3222 issn:1854-8377],omid:br/06120714534,Nations And Nationalism [omid:br/063014553 doi:10.1111/(issn)1469-8129 issn:1354-5078 issn:1469-8129 openalex:S155963401],2021-04-03,True,False,Outgoing,"['13183222', '18548377']","['14698129', '13545078', '14698129']",Social Sciences,Communication (Q1),,,Arts and Humanities; Social Sciences,"Arts and Humanities (miscellaneous) (Q1); Geography, Planning and Development (Q1); Political Science and International Relations (Q1)",,
oci:062401764677-06303725381,omid:br/062401764677,Physical Review A [omid:br/0619043744 issn:2469-9926 issn:2469-9934 openalex:S4210182288],omid:br/06303725381,Nature Physics [omid:br/0622061045 issn:1745-2473 issn:1745-2481 openalex:S156274416],2017-10-12,False,True,Incoming,"['24699926', '24699934']","['17452473', '17452481']",Physics and Astronomy,"Atomic and Molecular Physics, and Optics (Q1)",,,Physics and Astronomy,Physics and Astronomy (miscellaneous) (Q1),,
oci:0650329735-062501732635,omid:br/0650329735,Classical And Quantum Gravity [omid:br/061606259 issn:0264-9381 issn:1361-6382 openalex:S171172751],omid:br/062501732635,Physical Review D [omid:br/067039535 issn:0556-2821 issn:1089-4918 openalex:S4210190737],2000-02-22,True,False,Outgoing,"['02649381', '13616382']","['05562821', '10894918']",Physics and Astronomy,Physics and Astronomy (miscellaneous) (Q1),,,,,,
oci:06901327015-061501329864,omid:br/06901327015,Nature Communications [omid:br/0623032092 doi:10.1038/41467.2041-1723 issn:2041-1723 openalex:S64187185],omid:br/061501329864,Physical Review A [omid:br/061032719 issn:1050-2947 issn:1094-1622 openalex:S164566984],2018-10-18,True,False,Outgoing,"['20411723', '20411723']","['10502947', '10941622']","Biochemistry, Genetics and Molecular Biology; Chemistry; Multidisciplinary; Physics and Astronomy","Biochemistry, Genetics and Molecular Biology (miscellaneous) (Q1); Chemistry (miscellaneous) (Q1); Multidisciplinary (Q1); Physics and Astronomy (miscellaneous) (Q1)",Q,Science,,,,
oci:061302610667-06304070471,omid:br/061302610667,Scientific Reports [omid:br/0616055349 issn:2045-2322 openalex:S196734849],omid:br/06304070471,Journal Of Biological Chemistry [omid:br/06903738 doi:10.1074/jbc issn:0021-9258 issn:1083-351X openalex:S140251998],2015-11-16,True,False,Outgoing,['20452322'],"['00219258', '1083351X']",Multidisciplinary,Multidisciplinary (Q1),R|Q,Medicine | Science,"Biochemistry, Genetics and Molecular Biology",Biochemistry (Q1); Cell Biology (Q1); Molecular Biology (Q1),QD415-436,Science: Chemistry: Organic chemistry: Biochemistry
oci:06501448071-06240393721,omid:br/06501448071,Physical Review D [omid:br/066033919 issn:1550-2368 issn:1550-7998 openalex:S4210210554],omid:br/06240393721,"Nuclear Instruments And Methods In Physics Research Section A: Accelerators, Spectrometers, Detectors And Associated Equipment [omid:br/069011716 issn:0168-9002 openalex:S145630073]",2012-08-20,True,False,Outgoing,"['15502368', '15507998']",['01689002'],,,,,Physics and Astronomy,Instrumentation (Q2); Nuclear and High Energy Physics (Q2),,
oci:061803639590-0680251962,omid:br/061803639590,FEBS Letters [omid:br/068035745 issn:0014-5793 issn:1873-3468 openalex:S104830714],omid:br/0680251962,Journal Of Molecular Biology [omid:br/061905469 issn:0022-2836 issn:1089-8638 openalex:S46058472],2003,False,True,Incoming,"['00145793', '18733468']","['00222836', '10898638']","Biochemistry, Genetics and Molecular Biology",Biochemistry (Q1); Biophysics (Q1); Cell Biology (Q2); Genetics (Q2); Molecular Biology (Q2); Structural Biology (Q2),,,"Biochemistry, Genetics and Molecular Biology",Biophysics (Q1); Molecular Biology (Q1); Structural Biology (Q1),,
oci:0637015945-06260122090,omid:br/0637015945,Current Medicinal Chemistry [omid:br/0624015357 issn:0929-8673],omid:br/06260122090,Journal Of Neural Transmission [omid:br/061701392 issn:0300-9564 issn:0936-3076 issn:1435-1463],2011-04-01,True,False,Outgoing,['09298673'],"['03009564', '09363076', '14351463']","Biochemistry, Genetics and Molecular Biology; Chemistry; Pharmacology, Toxicology and Pharmaceutics",Organic Chemistry (Q1); Biochemistry (Q2); Drug Discovery (Q2); Pharmacology (Q2); Molecular Medicine (Q3),,,Medicine; Neuroscience,Neurology (Q1); Neurology (clinical) (Q1); Psychiatry and Mental Health (Q1); Biological Psychiatry (Q2),,
oci:061201717640-062101721732,omid:br/061201717640,Astronomy & Astrophysics [omid:br/064040455 issn:0004-6361 issn:1432-0746 openalex:S205231332],omid:br/062101721732,The Astrophysical Journal [omid:br/064040542 issn:0004-637X issn:1538-4357 openalex:S1980519],2021-05,True,False,Outgoing,"['00046361', '14320746']","['0004637X', '15384357']",Earth and Planetary Sciences; Physics and Astronomy,Astronomy and Astrophysics (Q1); Space and Planetary Science (Q1),QB1-991,Science: Astronomy,Earth and Planetary Sciences; Physics and Astronomy,Astronomy and Astrophysics (Q1); Space and Planetary Science (Q1),QB460-466,Science: Astronomy: Astrophysics
oci:061601821495-06601735593,omid:br/061601821495,Monthly Notices Of The Royal Astronomical Society [omid:br/067041753 doi:10.1111/(issn)1365-2966 issn:0035-8711 issn:1365-2966 openalex:S195663288],omid:br/06601735593,Astronomy & Astrophysics [omid:br/064040455 issn:0004-6361 issn:1432-0746 openalex:S205231332],2021-03-13,True,False,Outgoing,"['13652966', '00358711', '13652966']","['00046361', '14320746']",Earth and Planetary Sciences; Physics and Astronomy,Astronomy and Astrophysics (Q1); Space and Planetary Science (Q1),QB1-991,Science: Astronomy,Earth and Planetary Sciences; Physics and Astronomy,Astronomy and Astrophysics (Q1); Space and Planetary Science (Q1),QB1-991,Science: Astronomy
oci:061501425729-0670540207,omid:br/061501425729,International Journal Of Molecular Sciences [omid:br/066033829 doi:10.3390/ijms issn:1422-0067],omid:br/0670540207,Acta Cardiologica [omid:br/0615010489 issn:0001-5385 issn:0373-7934 openalex:S18670189],2014-11-05,True,False,Outgoing,['14220067'],"['00015385', '03737934']","Biochemistry, Genetics and Molecular Biology; Chemical Engineering; Chemistry; Computer Science; Medicine",Catalysis (Q1); Computer Science Applications (Q1); Inorganic Chemistry (Q1); Medicine (miscellaneous) (Q1); Organic Chemistry (Q1); Physical and Theoretical Chemistry (Q1); Spectroscopy (Q1); Molecular Biology (Q2),,,Medicine,Cardiology and Cardiovascular Medicine (Q3); Medicine (miscellaneous) (Q3),,
oci:06230571285-06802828443,omid:br/06230571285,Physical Review C [omid:br/062509678 issn:2469-9985 issn:2469-9993 openalex:S118093565],omid:br/06802828443,Physics Letters B [omid:br/0626059839 issn:0370-2693 openalex:S173952182],2021-11-10,False,True,Incoming,"['24699985', '24699993']",['03702693'],Physics and Astronomy,Nuclear and High Energy Physics (Q1),,,Physics and Astronomy,Nuclear and High Energy Physics (Q1),QC1-999,Science: Physics
oci:06702171864-06601733253,omid:br/06702171864,Monthly Notices Of The Royal Astronomical Society [omid:br/067041753 doi:10.1111/(issn)1365-2966 issn:0035-8711 issn:1365-2966 openalex:S195663288],omid:br/06601733253,The Astronomical Journal [omid:br/063038009 issn:0004-6256 issn:1538-3881 openalex:S100695177],2016-12-07,True,False,Outgoing,"['13652966', '00358711', '13652966']","['00046256', '15383881']",Earth and Planetary Sciences; Physics and Astronomy,Astronomy and Astrophysics (Q1); Space and Planetary Science (Q1),QB1-991,Science: Astronomy,Earth and Planetary Sciences; Physics and Astronomy,Astronomy and Astrophysics (Q1); Space and Planetary Science (Q1),QB1-991,Science: Astronomy
oci:06240620322-061302443595,omid:br/06240620322,Transactions Of The American Mathematical Society [omid:br/0618013520 doi:10.1090/tran issn:0002-9947 issn:1088-6850 openalex:S60030702],omid:br/061302443595,Journal Of The American Mathematical Society [omid:br/0614048834 issn:0894-0347 issn:1088-6834 openalex:S130224168],2015-06-15,False,True,Incoming,"['00029947', '10886850']","['08940347', '10886834']",Mathematics,Applied Mathematics (Q1); Mathematics (miscellaneous) (Q1),,,Mathematics,Applied Mathematics (Q1); Mathematics (miscellaneous) (Q1),,
oci:06701667270-06801833086,omid:br/06701667270,Zeitschrift Für Physik C Particles And Fields [omid:br/0612035595 issn:0170-9739 issn:1431-5858 issn:1434-6044 issn:1434-6052],omid:br/06801833086,Journal Of High Energy Physics [omid:br/062038872 issn:1029-8479 issn:1126-6708 openalex:S187585107],2015-05,True,True,Internal,"['01709739', '14315858', '14346044', '14346052']","['10298479', '11266708']",Engineering; Physics and Astronomy,Engineering (miscellaneous) (Q1); Physics and Astronomy (miscellaneous) (Q1),QB460-466|QC770-798,Science: Astronomy: Astrophysics | Science: Physics: Nuclear and particle physics. Atomic energy. Radioactivity,Physics and Astronomy,Nuclear and High Energy Physics (Q2),QC770-798,Science: Physics: Nuclear and particle physics. Atomic energy. Radioactivity
oci:062401402926-06160998703,omid:br/062401402926,International Journal Of Molecular Sciences [omid:br/066033829 doi:10.3390/ijms issn:1422-0067],omid:br/06160998703,The Journal Of Organic Chemistry [omid:br/0618033367 issn:0022-3263 issn:1520-6904 openalex:S205050996],2019-09-13,True,False,Outgoing,['14220067'],"['00223263', '15206904']","Biochemistry, Genetics and Molecular Biology; Chemical Engineering; Chemistry; Computer Science; Medicine",Catalysis (Q1); Computer Science Applications (Q1); Inorganic Chemistry (Q1); Medicine (miscellaneous) (Q1); Organic Chemistry (Q1); Physical and Theoretical Chemistry (Q1); Spectroscopy (Q1); Molecular Biology (Q2),,,Chemistry,Organic Chemistry (Q2),,
oci:06501688024-06202859561,omid:br/06501688024,Zeitschrift Für Physik C Particles And Fields [omid:br/0612035595 issn:0170-9739 issn:1431-5858 issn:1434-6044 issn:1434-6052],omid:br/06202859561,Nuclear Physics B [omid:br/069057982 issn:0550-3213 issn:1873-1562 openalex:S4210194812],2018-02,True,False,Outgoing,"['01709739', '14315858', '14346044', '14346052']","['05503213', '18731562']",Engineering; Physics and Astronomy,Engineering (miscellaneous) (Q1); Physics and Astronomy (miscellaneous) (Q1),QB460-466|QC770-798,Science: Astronomy: Astrophysics | Science: Physics: Nuclear and particle physics. Atomic energy. Radioactivity,Physics and Astronomy,Nuclear and High Energy Physics (Q2),QC770-798,Science: Physics: Nuclear and particle physics. Atomic energy. Radioactivity
oci:06401847693-061702724981,omid:br/06401847693,Journal Of High Energy Physics [omid:br/062038872 issn:1029-8479 issn:1126-6708 openalex:S187585107],omid:br/061702724981,Astroparticle Physics [omid:br/0611062111 issn:0927-6505 openalex:S202958571],2020-03,True,False,Outgoing,"['10298479', '11266708']",['09276505'],Physics and Astronomy,Nuclear and High Energy Physics (Q2),QC770-798,Science: Physics: Nuclear and particle physics. Atomic energy. Radioactivity,Physics and Astronomy,Astronomy and Astrophysics (Q2),,
oci:06480188894-06801832447,omid:br/06480188894,Journal Of Cosmology And Astroparticle Physics [omid:br/062039004 issn:1475-7508 issn:1475-7516 openalex:S120662888],omid:br/06801832447,Journal Of High Energy Physics [omid:br/062038872 issn:1029-8479 issn:1126-6708 openalex:S187585107],2022-12-01,False,True,Incoming,"['14757508', '14757516']","['10298479', '11266708']",Physics and Astronomy,Astronomy and Astrophysics (Q2),,,Physics and Astronomy,Nuclear and High Energy Physics (Q2),QC770-798,Science: Physics: Nuclear and particle physics. Atomic energy. Radioactivity
oci:061102430365-062302414516,omid:br/061102430365,Physics Letters B [omid:br/0626059839 issn:0370-2693 openalex:S173952182],omid:br/062302414516,Physics Letters B [omid:br/0626059839 issn:0370-2693 openalex:S173952182],2002-01,True,False,Outgoing,['03702693'],['03702693'],Physics and Astronomy,Nuclear and High Energy Physics (Q1),QC1-999,Science: Physics,Physics and Astronomy,Nuclear and High Energy Physics (Q1),QC1-999,Science: Physics
oci:06210327255-0610576138,omid:br/06210327255,Classical And Quantum Gravity [omid:br/061606259 issn:0264-9381 issn:1361-6382 openalex:S171172751],omid:br/0610576138,Physical Review D [omid:br/062509685 issn:2470-0010 issn:2470-0029 openalex:S4210238307],2020-02-06,True,False,Outgoing,"['02649381', '13616382']","['24700010', '24700029']",Physics and Astronomy,Physics and Astronomy (miscellaneous) (Q1),,,Physics and Astronomy,Nuclear and High Energy Physics (Q1); Physics and Astronomy (miscellaneous) (Q1),,
oci:06160482659-0660398574,omid:br/06160482659,Science [omid:br/0619015403 doi:10.1126/science issn:0036-8075 issn:1095-9203 openalex:S3880285],omid:br/0660398574,"Nuclear Instruments And Methods In Physics Research Section A: Accelerators, Spectrometers, Detectors And Associated Equipment [omid:br/069011716 issn:0168-9002 openalex:S145630073]",2022-04-08,True,False,Outgoing,"['00368075', '10959203']",['01689002'],Arts and Humanities; Multidisciplinary,History and Philosophy of Science (Q1); Multidisciplinary (Q1),,,Physics and Astronomy,Instrumentation (Q2); Nuclear and High Energy Physics (Q2),,
oci:06802445208-06703027980,omid:br/06802445208,Physics And Chemistry Of Liquids [omid:br/065043306 issn:0031-9104 issn:1029-0451 openalex:S47516686],omid:br/06703027980,Physics Letters A [omid:br/0621051055 issn:0375-9601],2009-06,False,True,Incoming,"['00319104', '10290451']",['03759601'],Chemistry; Materials Science; Physics and Astronomy,"Condensed Matter Physics (Q4); Electronic, Optical and Magnetic Materials (Q4); Materials Chemistry (Q4); Physical and Theoretical Chemistry (Q4)",,,Physics and Astronomy,Physics and Astronomy (miscellaneous) (Q2),,
oci:0620566259-06801834297,omid:br/0620566259,Physical Review D [omid:br/062509685 issn:2470-0010 issn:2470-0029 openalex:S4210238307],omid:br/06801834297,Journal Of High Energy Physics [omid:br/062038872 issn:1029-8479 issn:1126-6708 openalex:S187585107],2016-05-18,False,True,Incoming,"['24700010', '24700029']","['10298479', '11266708']",Physics and Astronomy,Nuclear and High Energy Physics (Q1); Physics and Astronomy (miscellaneous) (Q1),,,Physics and Astronomy,Nuclear and High Energy Physics (Q2),QC770-798,Science: Physics: Nuclear and particle physics. Atomic energy. Radioactivity
oci:0690128486-06801655883,omid:br/0690128486,Chemical Physics Letters [omid:br/062302564 issn:0009-2614 openalex:S44567922],omid:br/06801655883,The Journal Of Chemical Physics [omid:br/067037880 issn:0021-9606 issn:1089-7690 openalex:S77047749],2008-03,True,False,Outgoing,['00092614'],"['00219606', '10897690']",Chemistry; Physics and Astronomy,Physical and Theoretical Chemistry (Q2); Physics and Astronomy (miscellaneous) (Q2),,,Chemistry; Medicine; Physics and Astronomy,Physical and Theoretical Chemistry (Q1); Physics and Astronomy (miscellaneous) (Q1); Medicine (miscellaneous) (Q2),,
oci:061301397225-06102603868,omid:br/061301397225,Biochimica Et Biophysica Acta (BBA) - Protein Structure And Molecular Enzymology [omid:br/0625030149 issn:0167-4838],omid:br/06102603868,BioEssays [omid:br/066047462 doi:10.1002/(issn)1521-1878 issn:0265-9247 issn:1521-1878 openalex:S27819959],1998-06,True,False,Outgoing,['01674838'],"['15211878', '02659247', '15211878']",,,,,"Biochemistry, Genetics and Molecular Biology","Biochemistry, Genetics and Molecular Biology (miscellaneous) (Q1)",,
oci:06804440226-061103137104,omid:br/06804440226,Neuropharmacology [omid:br/0623052896 issn:0028-3908 openalex:S160566677],omid:br/061103137104,Nature Neuroscience [omid:br/066064112 issn:1097-6256 issn:1546-1726 openalex:S2298632],2023-06,True,False,Outgoing,['00283908'],"['10976256', '15461726']","Neuroscience; Pharmacology, Toxicology and Pharmaceutics",Cellular and Molecular Neuroscience (Q1); Pharmacology (Q1),,,Neuroscience,Neuroscience (miscellaneous) (Q1),,
oci:0640327829-06403940717,omid:br/0640327829,Biophysical Journal [omid:br/061505620 issn:0006-3495 issn:1542-0086 openalex:S98085912],omid:br/06403940717,Journal Of Synchrotron Radiation [omid:br/069051073 issn:0909-0495 issn:1600-5775 openalex:S114484406],2020-02,True,False,Outgoing,"['00063495', '15420086']","['09090495', '16005775']","Biochemistry, Genetics and Molecular Biology",Biophysics (Q1),,,Physics and Astronomy,Instrumentation (Q1); Nuclear and High Energy Physics (Q1); Radiation (Q1),QC770-798|QD901-999,Science: Physics: Nuclear and particle physics. Atomic energy. Radioactivity | Science: Chemistry: Crystallography
oci:06220502406-0690407036,omid:br/06220502406,Journal Of Instrumentation [omid:br/064010524 doi:10.1088/1748-0221 issn:1748-0221 openalex:S116045149],omid:br/0690407036,"Nuclear Instruments And Methods In Physics Research Section A: Accelerators, Spectrometers, Detectors And Associated Equipment [omid:br/069011716 issn:0168-9002 openalex:S145630073]",2008-08-14,True,False,Outgoing,"['17480221', '17480221']",['01689002'],Mathematics; Physics and Astronomy,Instrumentation (Q3); Mathematical Physics (Q3),,,Physics and Astronomy,Instrumentation (Q2); Nuclear and High Energy Physics (Q2),,
oci:062401406434-062102054604,omid:br/062401406434,Physical Review D [omid:br/066033919 issn:1550-2368 issn:1550-7998 openalex:S4210210554],omid:br/062102054604,Physical Review Letters [omid:br/063044243 issn:0031-9007 issn:1079-7114 openalex:S24807848],2006-11-27,False,True,Incoming,"['15502368', '15507998']","['00319007', '10797114']",,,,,Physics and Astronomy,Physics and Astronomy (miscellaneous) (Q1),,
oci:06230567385-06130236903,omid:br/06230567385,European Journal Of Physics [omid:br/0623012851 issn:0143-0807 issn:1361-6404 openalex:S118704488],omid:br/06130236903,Journal Of Mathematical Physics [omid:br/061604863 issn:0022-2488 issn:1089-7658 openalex:S158241587],2019-01-11,False,True,Incoming,"['01430807', '13616404']","['00222488', '10897658']",Physics and Astronomy; Social Sciences,Education (Q2); Physics and Astronomy (miscellaneous) (Q2),,,Mathematics; Physics and Astronomy,Mathematical Physics (Q2); Statistical and Nonlinear Physics (Q3),,
oci:06230333002-0630587312,omid:br/06230333002,Classical And Quantum Gravity [omid:br/061606259 issn:0264-9381 issn:1361-6382 openalex:S171172751],omid:br/0630587312,Journal Of Physics: Conference Series [omid:br/061011806 doi:10.1088/issn.1742-6596 issn:1742-6588 issn:1742-6596],2015-07-02,False,True,Incoming,"['02649381', '13616382']","['17426596', '17426588', '17426596']",Physics and Astronomy,Physics and Astronomy (miscellaneous) (Q1),,,Physics and Astronomy,Physics and Astronomy (miscellaneous),,
oci:061303715775-06703453820,omid:br/061303715775,Molecular Brain Research [omid:br/0621066275 issn:0169-328X openalex:S158036907],omid:br/06703453820,Proceedings Of The National Academy Of Sciences [omid:br/0621062545 doi:10.1073/pnas issn:0027-8424 issn:1091-6490 openalex:S125754415],2003,True,False,Outgoing,['0169328X'],"['00278424', '10916490']",,,,,Multidisciplinary,Multidisciplinary (Q1),,
oci:06250624976-06801661584,omid:br/06250624976,The Journal Of Physical Chemistry B [omid:br/0617014123 issn:1520-5207 issn:1520-6106 openalex:S185621672],omid:br/06801661584,The Journal Of Chemical Physics [omid:br/067037880 issn:0021-9606 issn:1089-7690 openalex:S77047749],2021-09-07,True,False,Outgoing,"['15205207', '15206106']","['00219606', '10897690']",Chemistry; Materials Science; Medicine,"Physical and Theoretical Chemistry (Q1); Surfaces, Coatings and Films (Q1); Materials Chemistry (Q2); Medicine (miscellaneous) (Q2)",,,Chemistry; Medicine; Physics and Astronomy,Physical and Theoretical Chemistry (Q1); Physics and Astronomy (miscellaneous) (Q1); Medicine (miscellaneous) (Q2),,
oci:062201830467-062301334387,omid:br/062201830467,Mitteilungen Aus Dem Museum Für Naturkunde In Berlin. Zoologische Reihe [omid:br/0618041936 doi:10.1002/(issn)1860-0743 issn:0232-5519 issn:0373-8493 issn:1435-1935 issn:1860-0743],omid:br/062301334387,Aging Cell [omid:br/062030324 issn:1474-9718 issn:1474-9726 openalex:S174672550],2017-01-16,False,True,Incoming,"['18600743', '02325519', '03738493', '14351935', '18600743']","['14749718', '14749726']",Agricultural and Biological Sciences,"Animal Science and Zoology (Q2); Ecology, Evolution, Behavior and Systematics (Q2); Insect Science (Q2)",QH301-705.5,Science: Biology (General),"Biochemistry, Genetics and Molecular Biology",Aging (Q1); Cell Biology (Q1),RC952-954.6,Medicine: Internal medicine: Special situations and conditions: Geriatrics
oci:06302252089-0630538989,omid:br/06302252089,Chemical Engineering Journal [omid:br/063040542 issn:1385-8947 openalex:S149937609],omid:br/0630538989,Accounts Of Chemical Research [omid:br/061409597 issn:0001-4842 issn:1520-4898 openalex:S145378405],2022-04,False,True,Incoming,['13858947'],"['00014842', '15204898']",Chemical Engineering; Chemistry; Engineering; Environmental Science,Chemical Engineering (miscellaneous) (Q1); Chemistry (miscellaneous) (Q1); Environmental Chemistry (Q1); Industrial and Manufacturing Engineering (Q1),,,Chemistry; Medicine,Chemistry (miscellaneous) (Q1); Medicine (miscellaneous) (Q1),,
oci:061603472537-06101850952,omid:br/061603472537,Physical Review D [omid:br/062509685 issn:2470-0010 issn:2470-0029 openalex:S4210238307],omid:br/06101850952,Journal Of High Energy Physics [omid:br/062038872 issn:1029-8479 issn:1126-6708 openalex:S187585107],2022-08-16,False,True,Incoming,"['24700010', '24700029']","['10298479', '11266708']",Physics and Astronomy,Nuclear and High Energy Physics (Q1); Physics and Astronomy (miscellaneous) (Q1),,,Physics and Astronomy,Nuclear and High Energy Physics (Q2),QC770-798,Science: Physics: Nuclear and particle physics. Atomic energy. Radioactivity
oci:06250563683-06101850338,omid:br/06250563683,Physical Review D [omid:br/062509685 issn:2470-0010 issn:2470-0029 openalex:S4210238307],omid:br/06101850338,Journal Of High Energy Physics [omid:br/062038872 issn:1029-8479 issn:1126-6708 openalex:S187585107],2017-02-08,False,True,Incoming,"['24700010', '24700029']","['10298479', '11266708']",Physics and Astronomy,Nuclear and High Energy Physics (Q1); Physics and Astronomy (miscellaneous) (Q1),,,Physics and Astronomy,Nuclear and High Energy Physics (Q2),QC770-798,Science: Physics: Nuclear and particle physics. Atomic energy. Radioactivity
oci:0615096556-062301186637,omid:br/0615096556,Future Oncology [omid:br/061401301 issn:1479-6694 issn:1744-8301 openalex:S174572715],omid:br/062301186637,Mini-Reviews In Medicinal Chemistry [omid:br/062027129 issn:1389-5575 openalex:S162475533],2014-05,False,True,Incoming,"['14796694', '17448301']",['13895575'],"Biochemistry, Genetics and Molecular Biology; Medicine",Medicine (miscellaneous) (Q1); Oncology (Q1); Cancer Research (Q2),,,"Biochemistry, Genetics and Molecular Biology; Medicine; Pharmacology, Toxicology and Pharmaceutics",Drug Discovery (Q2); Medicine (miscellaneous) (Q2); Pharmacology (Q2); Cancer Research (Q3); Molecular Medicine (Q3),,
oci:061101481867-06210869618,omid:br/061101481867,Nano Letters [omid:br/0621032804 issn:1530-6984 issn:1530-6992 openalex:S143846845],omid:br/06210869618,Journal Of Applied Physics [omid:br/064020743 issn:0021-8979 issn:1089-7550 openalex:S187991544],2015-02-16,True,False,Outgoing,"['15306984', '15306992']","['00218979', '10897550']",Chemical Engineering; Chemistry; Engineering; Materials Science; Physics and Astronomy,Bioengineering (Q1); Chemistry (miscellaneous) (Q1); Condensed Matter Physics (Q1); Materials Science (miscellaneous) (Q1); Mechanical Engineering (Q1); Nanoscience and Nanotechnology (Q1),,,Physics and Astronomy,"Atomic and Molecular Physics, and Optics (Q2); Condensed Matter Physics (Q2); Physics and Astronomy (miscellaneous) (Q2)",,
oci:06104425140-061401502129,omid:br/06104425140,Social Network Analysis And Mining [omid:br/06302155264 issn:1869-5450 issn:1869-5469 openalex:S2764891196],omid:br/061401502129,Plos One [omid:br/068038897 issn:1932-6203 openalex:S202381698],2022-12-29,True,False,Outgoing,"['18695450', '18695469']",['19326203'],Computer Science; Engineering; Social Sciences,Communication (Q1); Media Technology (Q1); Computer Science Applications (Q2); Human-Computer Interaction (Q2); Information Systems (Q2),,,Multidisciplinary,Multidisciplinary (Q1),R|Q,Medicine | Science
oci:06902849173-06404322937,omid:br/06902849173,Uspekhi Fizicheskih Nauk [omid:br/064058539 issn:0042-1294 issn:1996-6652 openalex:S4210180321],omid:br/06404322937,Progress Of Theoretical And Experimental Physics [omid:br/0614035189 issn:2050-3911 openalex:S4210202364],2018-07,False,True,Incoming,"['00421294', '19966652']",['20503911'],,,,,Physics and Astronomy,Physics and Astronomy (miscellaneous) (Q1),QC1-999,Science: Physics
oci:06230968204-06902641076,omid:br/06230968204,Neuroscience & Biobehavioral Reviews [omid:br/0626030860 issn:0149-7634 openalex:S170052170],omid:br/06902641076,Scientific Reports [omid:br/0616055349 issn:2045-2322 openalex:S196734849],2014-10,False,True,Incoming,['01497634'],['20452322'],Neuroscience; Psychology,Behavioral Neuroscience (Q1); Cognitive Neuroscience (Q1); Neuropsychology and Physiological Psychology (Q1),,,Multidisciplinary,Multidisciplinary (Q1),R|Q,Medicine | Science
oci:061404095988-06601832551,omid:br/061404095988,Physical Review D [omid:br/062509685 issn:2470-0010 issn:2470-0029 openalex:S4210238307],omid:br/06601832551,Journal Of High Energy Physics [omid:br/062038872 issn:1029-8479 issn:1126-6708 openalex:S187585107],2024-01-25,False,True,Incoming,"['24700010', '24700029']","['10298479', '11266708']",Physics and Astronomy,Nuclear and High Energy Physics (Q1); Physics and Astronomy (miscellaneous) (Q1),,,Physics and Astronomy,Nuclear and High Energy Physics (Q2),QC770-798,Science: Physics: Nuclear and particle physics. Atomic energy. Radioactivity
oci:06330401913-06801831553,omid:br/06330401913,Zeitschrift Für Physik C Particles And Fields [omid:br/0612035595 issn:0170-9739 issn:1431-5858 issn:1434-6044 issn:1434-6052],omid:br/06801831553,Journal Of High Energy Physics [omid:br/062038872 issn:1029-8479 issn:1126-6708 openalex:S187585107],2024-02-22,False,True,Incoming,"['01709739', '14315858', '14346044', '14346052']","['10298479', '11266708']",Engineering; Physics and Astronomy,Engineering (miscellaneous) (Q1); Physics and Astronomy (miscellaneous) (Q1),QB460-466|QC770-798,Science: Astronomy: Astrophysics | Science: Physics: Nuclear and particle physics. Atomic energy. Radioactivity,Physics and Astronomy,Nuclear and High Energy Physics (Q2),QC770-798,Science: Physics: Nuclear and particle physics. Atomic energy. Radioactivity
oci:061601028670-06901884631,omid:br/061601028670,Local Environment [omid:br/0615022356 issn:1354-9839 issn:1469-6711 openalex:S82902237],omid:br/06901884631,Global Environmental Politics [omid:br/06901884836 issn:1526-3800 issn:1536-0091 openalex:S74180279],2011-08,False,True,Incoming,"['13549839', '14696711']","['15263800', '15360091']",Environmental Science; Social Sciences,"Geography, Planning and Development (Q1); Management, Monitoring, Policy and Law (Q2)",,,Energy; Environmental Science; Social Sciences,"Global and Planetary Change (Q1); Management, Monitoring, Policy and Law (Q1); Political Science and International Relations (Q1); Renewable Energy, Sustainability and the Environment (Q1)",,
oci:062501808914-06110499391,omid:br/062501808914,Monthly Notices Of The Royal Astronomical Society [omid:br/067041753 doi:10.1111/(issn)1365-2966 issn:0035-8711 issn:1365-2966 openalex:S195663288],omid:br/06110499391,The Astrophysical Journal [omid:br/062408625 issn:2041-8205 issn:2041-8213 openalex:S4210175824],2019-03-05,False,True,Incoming,"['13652966', '00358711', '13652966']","['20418205', '20418213']",Earth and Planetary Sciences; Physics and Astronomy,Astronomy and Astrophysics (Q1); Space and Planetary Science (Q1),QB1-991,Science: Astronomy,Earth and Planetary Sciences; Physics and Astronomy,Astronomy and Astrophysics (Q1); Space and Planetary Science (Q1),QB460-466,Science: Astronomy: Astrophysics
oci:06170563355-06302437197,omid:br/06170563355,Physical Review D [omid:br/062509685 issn:2470-0010 issn:2470-0029 openalex:S4210238307],omid:br/06302437197,Physical Review Letters [omid:br/063044243 issn:0031-9007 issn:1079-7114 openalex:S24807848],2019-03-12,False,True,Incoming,"['24700010', '24700029']","['00319007', '10797114']",Physics and Astronomy,Nuclear and High Energy Physics (Q1); Physics and Astronomy (miscellaneous) (Q1),,,Physics and Astronomy,Physics and Astronomy (miscellaneous) (Q1),,
oci:06130416709-0610531295,omid:br/06130416709,Physica E: Low-dimensional Systems And Nanostructures [omid:br/061908653 issn:1386-9477 issn:1873-1759 openalex:S23074404],omid:br/0610531295,Applied Physics Letters [omid:br/067011551 issn:0003-6951 issn:1077-3118 openalex:S105243760],1999-10,False,True,Incoming,"['13869477', '18731759']","['00036951', '10773118']",Materials Science; Physics and Astronomy,"Atomic and Molecular Physics, and Optics (Q2); Condensed Matter Physics (Q2); Electronic, Optical and Magnetic Materials (Q3); Nanoscience and Nanotechnology (Q3)",,,Physics and Astronomy,Physics and Astronomy (miscellaneous) (Q1),,
oci:061201425761-06602444291,omid:br/061201425761,Physical Review D [omid:br/066033919 issn:1550-2368 issn:1550-7998 openalex:S4210210554],omid:br/06602444291,Physical Review Letters [omid:br/063044243 issn:0031-9007 issn:1079-7114 openalex:S24807848],2010-09-29,True,True,Internal,"['15502368', '15507998']","['00319007', '10797114']",,,,,Physics and Astronomy,Physics and Astronomy (miscellaneous) (Q1),,
oci:061501344937-062401514427,omid:br/061501344937,Nucleic Acids Research [omid:br/061502934 issn:0305-1048 issn:1362-4962 openalex:S134668137],omid:br/062401514427,Journal Of The American Chemical Society [omid:br/0611037230 issn:0002-7863 issn:1520-5126 openalex:S111155417],2012-11-17,False,True,Incoming,"['03051048', '13624962']","['00027863', '15205126']","Biochemistry, Genetics and Molecular Biology",Genetics (Q1),QH426-470,Science: Biology (General): Genetics,"Biochemistry, Genetics and Molecular Biology; Chemical Engineering; Chemistry",Biochemistry (Q1); Catalysis (Q1); Chemistry (miscellaneous) (Q1); Colloid and Surface Chemistry (Q1),,
oci:061202699677-061402041543,omid:br/061202699677,Physical Review E [omid:br/0626063578 issn:1539-3755 issn:1550-2376 openalex:S35412551],omid:br/061402041543,Physical Review Letters [omid:br/063044243 issn:0031-9007 issn:1079-7114 openalex:S24807848],2015-08-24,True,False,Outgoing,"['15393755', '15502376']","['00319007', '10797114']",,,,,Physics and Astronomy,Physics and Astronomy (miscellaneous) (Q1),,
oci:06220667812-06402840370,omid:br/06220667812,La Rivista Del Nuovo Cimento [omid:br/06220668604 issn:0393-697X issn:1826-9850],omid:br/06402840370,Physics Letters B [omid:br/0626059839 issn:0370-2693 openalex:S173952182],1999-09,False,True,Incoming,"['0393697X', '18269850']",['03702693'],Physics and Astronomy,Physics and Astronomy (miscellaneous) (Q1),,,Physics and Astronomy,Nuclear and High Energy Physics (Q1),QC1-999,Science: Physics
oci:06904457773-061203913454,omid:br/06904457773,The Astrophysical Journal [omid:br/062408625 issn:2041-8205 issn:2041-8213 openalex:S4210175824],omid:br/061203913454,Monthly Notices Of The Royal Astronomical Society [omid:br/067041753 doi:10.1111/(issn)1365-2966 issn:0035-8711 issn:1365-2966 openalex:S195663288],2024-07-26,True,False,Outgoing,"['20418205', '20418213']","['13652966', '00358711', '13652966']",Earth and Planetary Sciences; Physics and Astronomy,Astronomy and Astrophysics (Q1); Space and Planetary Science (Q1),QB460-466,Science: Astronomy: Astrophysics,Earth and Planetary Sciences; Physics and Astronomy,Astronomy and Astrophysics (Q1); Space and Planetary Science (Q1),QB1-991,Science: Astronomy
oci:06301831546-061601608935,omid:br/06301831546,Journal Of High Energy Physics [omid:br/062038872 issn:1029-8479 issn:1126-6708 openalex:S187585107],omid:br/061601608935,Computer Physics Communications [omid:br/0615037347 issn:0010-4655 openalex:S142305363],2020-07,True,False,Outgoing,"['10298479', '11266708']",['00104655'],Physics and Astronomy,Nuclear and High Energy Physics (Q2),QC770-798,Science: Physics: Nuclear and particle physics. Atomic energy. Radioactivity,Computer Science; Physics and Astronomy,Hardware and Architecture (Q1); Physics and Astronomy (miscellaneous) (Q1),,
oci:0637062462-06110167012,omid:br/0637062462,Biomacromolecules [omid:br/065018594 issn:1525-7797 issn:1526-4602 openalex:S11629336],omid:br/06110167012,Carbohydrate Polymers [omid:br/06905068 issn:0144-8617 issn:1879-1344 openalex:S64311837],2016-01-19,True,False,Outgoing,"['15257797', '15264602']","['01448617', '18791344']",Chemical Engineering; Materials Science,Bioengineering (Q1); Biomaterials (Q1); Materials Chemistry (Q1); Polymers and Plastics (Q1),,,Chemistry; Materials Science,Materials Chemistry (Q1); Organic Chemistry (Q1); Polymers and Plastics (Q1),,
oci:061301808424-06702847800,omid:br/061301808424,Monthly Notices Of The Royal Astronomical Society [omid:br/067041753 doi:10.1111/(issn)1365-2966 issn:0035-8711 issn:1365-2966 openalex:S195663288],omid:br/06702847800,Monthly Notices Of The Royal Astronomical Society [omid:br/067041753 doi:10.1111/(issn)1365-2966 issn:0035-8711 issn:1365-2966 openalex:S195663288],2014-09-30,False,True,Incoming,"['13652966', '00358711', '13652966']","['13652966', '00358711', '13652966']",Earth and Planetary Sciences; Physics and Astronomy,Astronomy and Astrophysics (Q1); Space and Planetary Science (Q1),QB1-991,Science: Astronomy,Earth and Planetary Sciences; Physics and Astronomy,Astronomy and Astrophysics (Q1); Space and Planetary Science (Q1),QB1-991,Science: Astronomy
oci:06110670017-062402030626,omid:br/06110670017,Communications In Partial Differential Equations [omid:br/066012882 issn:0360-5302 issn:1532-4133 openalex:S185232611],omid:br/062402030626,Archive For Rational Mechanics And Analysis [omid:br/0622042351 issn:0003-9527 issn:0019-9710 issn:1432-0673],2013-10-03,True,False,Outgoing,"['03605302', '15324133']","['00039527', '00199710', '14320673']",Mathematics,Analysis (Q1); Applied Mathematics (Q1),,,Engineering; Mathematics,Analysis (Q1); Mathematics (miscellaneous) (Q1); Mechanical Engineering (Q1),,
oci:06303477602-061302017684,omid:br/06303477602,Proceedings Of The National Academy Of Sciences [omid:br/0621062545 doi:10.1073/pnas issn:0027-8424 issn:1091-6490 openalex:S125754415],omid:br/061302017684,Cellular Signalling [omid:br/0617045457 issn:0898-6568 openalex:S113768434],2013-01-14,True,False,Outgoing,"['00278424', '10916490']",['08986568'],Multidisciplinary,Multidisciplinary (Q1),,,"Biochemistry, Genetics and Molecular Biology",Cell Biology (Q2),,
oci:06501845198-06902086254,omid:br/06501845198,Journal Of High Energy Physics [omid:br/062038872 issn:1029-8479 issn:1126-6708 openalex:S187585107],omid:br/06902086254,Physical Review Letters [omid:br/063044243 issn:0031-9007 issn:1079-7114 openalex:S24807848],2011-09,False,True,Incoming,"['10298479', '11266708']","['00319007', '10797114']",Physics and Astronomy,Nuclear and High Energy Physics (Q2),QC770-798,Science: Physics: Nuclear and particle physics. Atomic energy. Radioactivity,Physics and Astronomy,Physics and Astronomy (miscellaneous) (Q1),,
oci:062604324381-061702622356,omid:br/062604324381,Frontiers In Global Women's Health [omid:br/06210399976 issn:2673-5059 openalex:S4210241136],omid:br/061702622356,Scientific Reports [omid:br/0616055349 issn:2045-2322 openalex:S196734849],2024-10-09,False,True,Incoming,['26735059'],['20452322'],Medicine,Medicine (miscellaneous) (Q2),RG1-991|HQ1101-2030.7,Medicine: Gynecology and obstetrics | Social Sciences: The family. Marriage. Woman: Women. Feminism,Multidisciplinary,Multidisciplinary (Q1),R|Q,Medicine | Science
oci:06101458455-061801840190,omid:br/06101458455,Journal Of Nonlinear Science [omid:br/069041091 issn:0938-8974 issn:1432-1467 openalex:S131276044],omid:br/061801840190,Calculus Of Variations And Partial Differential Equations [omid:br/0618041983 issn:0944-2669 issn:1432-0835 openalex:S138240904],2018-11-11,False,True,Incoming,"['09388974', '14321467']","['09442669', '14320835']",Engineering; Mathematics,Applied Mathematics (Q1); Engineering (miscellaneous) (Q1); Modeling and Simulation (Q1),,,Mathematics,Analysis (Q1); Applied Mathematics (Q1),,
oci:06402540422-061102045989,omid:br/06402540422,Journal Of Chemistry [omid:br/065045985 doi:10.1155/2962 issn:2090-9063 issn:2090-9071 openalex:S2482584171],omid:br/061102045989,Journal Of Chemical Theory And Computation [omid:br/0619047782 issn:1549-9618 issn:1549-9626 openalex:S189701308],2018-11-15,False,True,Incoming,"['20909063', '20909071']","['15499618', '15499626']",Chemistry,Chemistry (miscellaneous) (Q2),QD1-999,Science: Chemistry,Chemistry; Computer Science,Computer Science Applications (Q1); Physical and Theoretical Chemistry (Q1),,
oci:062202047967-061102071278,omid:br/062202047967,Physical Review Letters [omid:br/063044243 issn:0031-9007 issn:1079-7114 openalex:S24807848],omid:br/061102071278,Physical Review Letters [omid:br/063044243 issn:0031-9007 issn:1079-7114 openalex:S24807848],2020-12-08,True,True,Internal,"['00319007', '10797114']","['00319007', '10797114']",Physics and Astronomy,Physics and Astronomy (miscellaneous) (Q1),,,Physics and Astronomy,Physics and Astronomy (miscellaneous) (Q1),,
oci:06703493202-06701822869,omid:br/06703493202,Journal Of Physics G: Nuclear And Particle Physics [omid:br/0612059308 issn:0954-3899 issn:1361-6471 openalex:S78376336],omid:br/06701822869,Journal Of High Energy Physics [omid:br/062038872 issn:1029-8479 issn:1126-6708 openalex:S187585107],2007-04-20,True,False,Outgoing,"['09543899', '13616471']","['10298479', '11266708']",Physics and Astronomy,Nuclear and High Energy Physics (Q1),,,Physics and Astronomy,Nuclear and High Energy Physics (Q2),QC770-798,Science: Physics: Nuclear and particle physics. Atomic energy. Radioactivity
oci:06340514323-06240316675,omid:br/06340514323,Physical Review D [omid:br/062509685 issn:2470-0010 issn:2470-0029 openalex:S4210238307],omid:br/06240316675,Biometrika [omid:br/061505526 issn:0006-3444 issn:1464-3510 openalex:S172180718],2024-09-24,True,False,Outgoing,"['24700010', '24700029']","['00063444', '14643510']",Physics and Astronomy,Nuclear and High Energy Physics (Q1); Physics and Astronomy (miscellaneous) (Q1),,,Agricultural and Biological Sciences; Decision Sciences; Mathematics,"Agricultural and Biological Sciences (miscellaneous) (Q1); Applied Mathematics (Q1); Mathematics (miscellaneous) (Q1); Statistics and Probability (Q1); Statistics, Probability and Uncertainty (Q1)",,
oci:062204291413-061701733912,omid:br/062204291413,The Astrophysical Journal [omid:br/064040542 issn:0004-637X issn:1538-4357 openalex:S1980519],omid:br/061701733912,The Astrophysical Journal [omid:br/064040542 issn:0004-637X issn:1538-4357 openalex:S1980519],2024-10-01,True,False,Outgoing,"['0004637X', '15384357']","['0004637X', '15384357']",Earth and Planetary Sciences; Physics and Astronomy,Astronomy and Astrophysics (Q1); Space and Planetary Science (Q1),QB460-466,Science: Astronomy: Astrophysics,Earth and Planetary Sciences; Physics and Astronomy,Astronomy and Astrophysics (Q1); Space and Planetary Science (Q1),QB460-466,Science: Astronomy: Astrophysics
oci:06704682303-06160717241,omid:br/06704682303,Advanced Materials Technologies [omid:br/064049550 issn:2365-709X openalex:S2765038284],omid:br/06160717241,Nanoscale [omid:br/0626023148 doi:10.1039/2040-3372/2009 issn:2040-3364 issn:2040-3372 openalex:S23181512],2024-05-16,False,True,Incoming,['2365709X'],"['20403372', '20403364', '20403372']",Engineering; Materials Science,Industrial and Manufacturing Engineering (Q1); Materials Science (miscellaneous) (Q1); Mechanics of Materials (Q1),,,Materials Science,Materials Science (miscellaneous) (Q1); Nanoscience and Nanotechnology (Q2),,
oci:06402836282-062601760576,omid:br/06402836282,Physics Letters B [omid:br/0626059839 issn:0370-2693 openalex:S173952182],omid:br/062601760576,Physical Review C [omid:br/067039453 issn:0556-2813 issn:1089-490X openalex:S4210168441],2021-05,True,False,Outgoing,['03702693'],"['05562813', '1089490X']",Physics and Astronomy,Nuclear and High Energy Physics (Q1),QC1-999,Science: Physics,,,,
oci:06903072690-062201644822,omid:br/06903072690,International Reviews In Physical Chemistry [omid:br/06903072884 issn:0144-235X issn:1366-591X openalex:S80579236],omid:br/062201644822,The Journal Of Chemical Physics [omid:br/067037880 issn:0021-9606 issn:1089-7690 openalex:S77047749],2006-07,True,False,Outgoing,"['0144235X', '1366591X']","['00219606', '10897690']",Chemistry,Physical and Theoretical Chemistry (Q3),,,Chemistry; Medicine; Physics and Astronomy,Physical and Theoretical Chemistry (Q1); Physics and Astronomy (miscellaneous) (Q1); Medicine (miscellaneous) (Q2),,
oci:06102239973-061101512690,omid:br/06102239973,The Journal Of Physical Chemistry A [omid:br/0621041077 issn:1089-5639 issn:1520-5215 openalex:S146709414],omid:br/061101512690,The Journal Of Physical Chemistry Letters [omid:br/065031994 issn:1948-7185 openalex:S123480357],2014-10-03,False,True,Incoming,"['10895639', '15205215']",['19487185'],Chemistry; Medicine,Medicine (miscellaneous) (Q2); Physical and Theoretical Chemistry (Q2),,,Chemistry; Materials Science,Materials Science (miscellaneous) (Q1); Nanoscience and Nanotechnology (Q1); Physical and Theoretical Chemistry (Q1),,
oci:06190570247-06302831561,omid:br/06190570247,Physical Review D [omid:br/062509685 issn:2470-0010 issn:2470-0029 openalex:S4210238307],omid:br/06302831561,Physics Letters B [omid:br/0626059839 issn:0370-2693 openalex:S173952182],2018-08-23,False,True,Incoming,"['24700010', '24700029']",['03702693'],Physics and Astronomy,Nuclear and High Energy Physics (Q1); Physics and Astronomy (miscellaneous) (Q1),,,Physics and Astronomy,Nuclear and High Energy Physics (Q1),QC1-999,Science: Physics
oci:06270168073-06190666783,omid:br/06270168073,Orthopedics [omid:br/063011778 doi:10.3928/01477447 issn:0147-7447 issn:1938-2367 openalex:S157799717],omid:br/06190666783,Chinese Physics C [omid:br/064014073 issn:1674-1137 issn:2058-6132 openalex:S959143335],2023-03-01,False,True,Incoming,"['01477447', '19382367']","['16741137', '20586132']",Medicine,Surgery (Q2); Orthopedics and Sports Medicine (Q3),,,Physics and Astronomy,Instrumentation (Q1); Astronomy and Astrophysics (Q2); Nuclear and High Energy Physics (Q2),,
oci:06401479474-06160743196,omid:br/06401479474,Physics-Uspekhi [omid:br/0619037918 issn:1063-7869 issn:1468-4780 openalex:S34028136],omid:br/06160743196,Experimental Astronomy [omid:br/068016776 issn:0922-6435 issn:1572-9508 openalex:S170977379],2021-07-01,False,True,Incoming,"['10637869', '14684780']","['09226435', '15729508']",Physics and Astronomy,Physics and Astronomy (miscellaneous) (Q2),,,Earth and Planetary Sciences; Physics and Astronomy,Astronomy and Astrophysics (Q2); Space and Planetary Science (Q2),,
oci:06290593201-061301937133,omid:br/06290593201,Sociology Compass [omid:br/061305651 doi:10.1111/(issn)1751-9020 issn:1751-9020 openalex:S100176667],omid:br/061301937133,Social Media + Society [omid:br/061301937721 issn:2056-3051 openalex:S2764570952],2024-09,True,False,Outgoing,"['17519020', '17519020']",['20563051'],Social Sciences,Social Sciences (miscellaneous) (Q1),,,Computer Science; Social Sciences,Communication (Q1); Computer Science Applications (Q1); Cultural Studies (Q1),P87-96,Language and Literature: Philology. Linguistics: Communication. Mass media
oci:06701820457-06501843416,omid:br/06701820457,Journal Of High Energy Physics [omid:br/062038872 issn:1029-8479 issn:1126-6708 openalex:S187585107],omid:br/06501843416,Journal Of High Energy Physics [omid:br/062038872 issn:1029-8479 issn:1126-6708 openalex:S187585107],2018-07,False,True,Incoming,"['10298479', '11266708']","['10298479', '11266708']",Physics and Astronomy,Nuclear and High Energy Physics (Q2),QC770-798,Science: Physics: Nuclear and particle physics. Atomic energy. Radioactivity,Physics and Astronomy,Nuclear and High Energy Physics (Q2),QC770-798,Science: Physics: Nuclear and particle physics. Atomic energy. Radioactivity
oci:061301653549-062602640853,omid:br/061301653549,Communications Physics [omid:br/061301655058 issn:2399-3650 openalex:S4210200995],omid:br/062602640853,Scientific Reports [omid:br/0616055349 issn:2045-2322 openalex:S196734849],2021-02-10,True,False,Outgoing,['23993650'],['20452322'],Physics and Astronomy,Physics and Astronomy (miscellaneous) (Q1),QB460-466|QC1-999,Science: Astronomy: Astrophysics | Science: Physics,Multidisciplinary,Multidisciplinary (Q1),R|Q,Medicine | Science
oci:06902085676-06220502402,omid:br/06902085676,Physical Review Letters [omid:br/063044243 issn:0031-9007 issn:1079-7114 openalex:S24807848],omid:br/06220502402,Journal Of Instrumentation [omid:br/064010524 doi:10.1088/1748-0221 issn:1748-0221 openalex:S116045149],2015-10-16,True,False,Outgoing,"['00319007', '10797114']","['17480221', '17480221']",Physics and Astronomy,Physics and Astronomy (miscellaneous) (Q1),,,Mathematics; Physics and Astronomy,Instrumentation (Q3); Mathematical Physics (Q3),,
oci:0617068143-0618058414,omid:br/0617068143,The Annals Of Probability [omid:br/06401129 issn:0091-1798 openalex:S40212770],omid:br/0618058414,Applied Mathematical Sciences [omid:br/061101299513 issn:0066-5452 issn:2196-968X openalex:S2764390947],2009,True,False,Outgoing,['00911798'],"['00665452', '2196968X']",Decision Sciences; Mathematics,"Statistics and Probability (Q1); Statistics, Probability and Uncertainty (Q1)",,,,,,
oci:06202191149-06901837064,omid:br/06202191149,Monthly Notices Of The Royal Astronomical Society [omid:br/067041753 doi:10.1111/(issn)1365-2966 issn:0035-8711 issn:1365-2966 openalex:S195663288],omid:br/06901837064,Monthly Notices Of The Royal Astronomical Society [omid:br/067041753 doi:10.1111/(issn)1365-2966 issn:0035-8711 issn:1365-2966 openalex:S195663288],2018-03-23,False,True,Incoming,"['13652966', '00358711', '13652966']","['13652966', '00358711', '13652966']",Earth and Planetary Sciences; Physics and Astronomy,Astronomy and Astrophysics (Q1); Space and Planetary Science (Q1),QB1-991,Science: Astronomy,Earth and Planetary Sciences; Physics and Astronomy,Astronomy and Astrophysics (Q1); Space and Planetary Science (Q1),QB1-991,Science: Astronomy
oci:061604181972-061502065398,omid:br/061604181972,Chinese Science Bulletin [omid:br/068042412 issn:0023-074X openalex:S4210173430],omid:br/061502065398,Physical Review Letters [omid:br/063044243 issn:0031-9007 issn:1079-7114 openalex:S24807848],2024-06-24,False,True,Incoming,['0023074X'],"['00319007', '10797114']",Multidisciplinary,Multidisciplinary (Q2),,,Physics and Astronomy,Physics and Astronomy (miscellaneous) (Q1),,
oci:06701667536-06801433342,omid:br/06701667536,Zeitschrift Für Physik C Particles And Fields [omid:br/0612035595 issn:0170-9739 issn:1431-5858 issn:1434-6044 issn:1434-6052],omid:br/06801433342,Physical Review D [omid:br/066033919 issn:1550-2368 issn:1550-7998 openalex:S4210210554],2014-11,True,False,Outgoing,"['01709739', '14315858', '14346044', '14346052']","['15502368', '15507998']",Engineering; Physics and Astronomy,Engineering (miscellaneous) (Q1); Physics and Astronomy (miscellaneous) (Q1),QB460-466|QC770-798,Science: Astronomy: Astrophysics | Science: Physics: Nuclear and particle physics. Atomic energy. Radioactivity,,,,
oci:06101414511-061801843186,omid:br/06101414511,Reviews Of Modern Physics [omid:br/0624030091 issn:0034-6861 issn:1539-0756 openalex:S73260565],omid:br/061801843186,Nature Photonics [omid:br/0621041052 issn:1749-4885 issn:1749-4893 openalex:S120392215],2017-10-30,False,True,Incoming,"['00346861', '15390756']","['17494885', '17494893']",Physics and Astronomy,Physics and Astronomy (miscellaneous) (Q1),,,Materials Science; Physics and Astronomy,"Atomic and Molecular Physics, and Optics (Q1); Electronic, Optical and Magnetic Materials (Q1)",,
oci:061803127910-06303725688,omid:br/061803127910,Optics Express [omid:br/067065710 issn:1094-4087 openalex:S178776955],omid:br/06303725688,Nature Physics [omid:br/0622061045 issn:1745-2473 issn:1745-2481 openalex:S156274416],2013-09-16,False,True,Incoming,['10944087'],"['17452473', '17452481']",Physics and Astronomy,"Atomic and Molecular Physics, and Optics (Q1)",TA1501-1820|QC350-467,Technology: Engineering (General). Civil engineering (General): Applied optics. Photonics | Science: Physics: Optics. Light,Physics and Astronomy,Physics and Astronomy (miscellaneous) (Q1),,
oci:062101806463-062201716488,omid:br/062101806463,Monthly Notices Of The Royal Astronomical Society [omid:br/067041753 doi:10.1111/(issn)1365-2966 issn:0035-8711 issn:1365-2966 openalex:S195663288],omid:br/062201716488,Astronomy & Astrophysics [omid:br/064040455 issn:0004-6361 issn:1432-0746 openalex:S205231332],2020-01,False,True,Incoming,"['13652966', '00358711', '13652966']","['00046361', '14320746']",Earth and Planetary Sciences; Physics and Astronomy,Astronomy and Astrophysics (Q1); Space and Planetary Science (Q1),QB1-991,Science: Astronomy,Earth and Planetary Sciences; Physics and Astronomy,Astronomy and Astrophysics (Q1); Space and Planetary Science (Q1),QB1-991,Science: Astronomy
oci:061503521246-061102455155,omid:br/061503521246,Physical Review D [omid:br/067039535 issn:0556-2821 issn:1089-4918 openalex:S4210190737],omid:br/061102455155,Nuclear Physics B [omid:br/069057982 issn:0550-3213 issn:1873-1562 openalex:S4210194812],2001-04-19,True,False,Outgoing,"['05562821', '10894918']","['05503213', '18731562']",,,,,Physics and Astronomy,Nuclear and High Energy Physics (Q2),QC770-798,Science: Physics: Nuclear and particle physics. Atomic energy. Radioactivity
oci:06220563951-06501844164,omid:br/06220563951,Physical Review D [omid:br/062509685 issn:2470-0010 issn:2470-0029 openalex:S4210238307],omid:br/06501844164,Journal Of High Energy Physics [omid:br/062038872 issn:1029-8479 issn:1126-6708 openalex:S187585107],2017-11-17,False,True,Incoming,"['24700010', '24700029']","['10298479', '11266708']",Physics and Astronomy,Nuclear and High Energy Physics (Q1); Physics and Astronomy (miscellaneous) (Q1),,,Physics and Astronomy,Nuclear and High Energy Physics (Q2),QC770-798,Science: Physics: Nuclear and particle physics. Atomic energy. Radioactivity
oci:061104382007-061702622356,omid:br/061104382007,Evolutionary Intelligence [omid:br/06703487910 issn:1864-5909 issn:1864-5917 openalex:S182392644],omid:br/061702622356,Scientific Reports [omid:br/0616055349 issn:2045-2322 openalex:S196734849],2024-07-09,False,True,Incoming,"['18645909', '18645917']",['20452322'],Computer Science; Mathematics; Neuroscience,Mathematics (miscellaneous) (Q1); Artificial Intelligence (Q2); Cognitive Neuroscience (Q2); Computer Vision and Pattern Recognition (Q2),,,Multidisciplinary,Multidisciplinary (Q1),R|Q,Medicine | Science
oci:061904207362-062302057932,omid:br/061904207362,Quantum Studies: Mathematics And Foundations [omid:br/06180633266 issn:2196-5609 issn:2196-5617 openalex:S4210173209],omid:br/062302057932,Physical Review Letters [omid:br/063044243 issn:0031-9007 issn:1079-7114 openalex:S24807848],2024-02-08,False,True,Incoming,"['21965609', '21965617']","['00319007', '10797114']",Mathematics; Physics and Astronomy,"Atomic and Molecular Physics, and Optics (Q4); Mathematical Physics (Q4)",,,Physics and Astronomy,Physics and Astronomy (miscellaneous) (Q1),,
oci:06504378205-061802029191,omid:br/06504378205,Physical Review D [omid:br/062509685 issn:2470-0010 issn:2470-0029 openalex:S4210238307],omid:br/061802029191,Physical Review X [omid:br/0619047744 issn:2160-3308 openalex:S137042341],2023-03-27,False,True,Incoming,"['24700010', '24700029']",['21603308'],Physics and Astronomy,Nuclear and High Energy Physics (Q1); Physics and Astronomy (miscellaneous) (Q1),,,Physics and Astronomy,Physics and Astronomy (miscellaneous) (Q1),QC1-999,Science: Physics
oci:061701819329-06702172014,omid:br/061701819329,Monthly Notices Of The Royal Astronomical Society [omid:br/067041753 doi:10.1111/(issn)1365-2966 issn:0035-8711 issn:1365-2966 openalex:S195663288],omid:br/06702172014,Monthly Notices Of The Royal Astronomical Society [omid:br/067041753 doi:10.1111/(issn)1365-2966 issn:0035-8711 issn:1365-2966 openalex:S195663288],2020-11-13,False,True,Incoming,"['13652966', '00358711', '13652966']","['13652966', '00358711', '13652966']",Earth and Planetary Sciences; Physics and Astronomy,Astronomy and Astrophysics (Q1); Space and Planetary Science (Q1),QB1-991,Science: Astronomy,Earth and Planetary Sciences; Physics and Astronomy,Astronomy and Astrophysics (Q1); Space and Planetary Science (Q1),QB1-991,Science: Astronomy
oci:06601833864-06302832295,omid:br/06601833864,Journal Of High Energy Physics [omid:br/062038872 issn:1029-8479 issn:1126-6708 openalex:S187585107],omid:br/06302832295,Physics Letters B [omid:br/0626059839 issn:0370-2693 openalex:S173952182],2015-08,False,True,Incoming,"['10298479', '11266708']",['03702693'],Physics and Astronomy,Nuclear and High Energy Physics (Q2),QC770-798,Science: Physics: Nuclear and particle physics. Atomic energy. Radioactivity,Physics and Astronomy,Nuclear and High Energy Physics (Q1),QC1-999,Science: Physics
oci:062103964744-0680571070,omid:br/062103964744,Journal Of Physics G: Nuclear And Particle Physics [omid:br/0612059308 issn:0954-3899 issn:1361-6471 openalex:S78376336],omid:br/0680571070,Physical Review D [omid:br/062509685 issn:2470-0010 issn:2470-0029 openalex:S4210238307],2022-12-22,True,False,Outgoing,"['09543899', '13616471']","['24700010', '24700029']",Physics and Astronomy,Nuclear and High Energy Physics (Q1),,,Physics and Astronomy,Nuclear and High Energy Physics (Q1); Physics and Astronomy (miscellaneous) (Q1),,
oci:0660631153-0680531976,omid:br/0660631153,Physical Review B [omid:br/0616012786 issn:0163-1829 issn:1095-3795 issn:1098-0121 issn:1550-235X],omid:br/0680531976,Applied Physics Letters [omid:br/067011551 issn:0003-6951 issn:1077-3118 openalex:S105243760],2011-05-18,True,False,Outgoing,"['01631829', '10953795', '10980121', '1550235X']","['00036951', '10773118']",,,,,Physics and Astronomy,Physics and Astronomy (miscellaneous) (Q1),,
oci:06702761745-06303754990,omid:br/06702761745,Foundations Of Science [omid:br/06702762683 issn:1233-1821 issn:1572-8471 openalex:S137799894],omid:br/06303754990,Journal Of Logic And Computation [omid:br/0611071020 issn:0955-792X issn:1465-363X openalex:S47057106],2021-04-10,True,False,Outgoing,"['12331821', '15728471']","['0955792X', '1465363X']",Arts and Humanities; Multidisciplinary,History and Philosophy of Science (Q1); Multidisciplinary (Q2),,,Arts and Humanities; Computer Science; Mathematics,Arts and Humanities (miscellaneous) (Q1); Hardware and Architecture (Q2); Logic (Q2); Software (Q3); Theoretical Computer Science (Q3),,
oci:062201719945-06301737291,omid:br/062201719945,The Astrophysical Journal [omid:br/064040542 issn:0004-637X issn:1538-4357 openalex:S1980519],omid:br/06301737291,The Astrophysical Journal [omid:br/064040542 issn:0004-637X issn:1538-4357 openalex:S1980519],2019-05-16,True,False,Outgoing,"['0004637X', '15384357']","['0004637X', '15384357']",Earth and Planetary Sciences; Physics and Astronomy,Astronomy and Astrophysics (Q1); Space and Planetary Science (Q1),QB460-466,Science: Astronomy: Astrophysics,Earth and Planetary Sciences; Physics and Astronomy,Astronomy and Astrophysics (Q1); Space and Planetary Science (Q1),QB460-466,Science: Astronomy: Astrophysics
oci:06202205475-06130482023,omid:br/06202205475,Structure [omid:br/0612038300 issn:0969-2126 openalex:S7112016],omid:br/06130482023,Science [omid:br/0619015403 doi:10.1126/science issn:0036-8075 issn:1095-9203 openalex:S3880285],2019-01,True,False,Outgoing,['09692126'],"['00368075', '10959203']","Biochemistry, Genetics and Molecular Biology",Molecular Biology (Q1); Structural Biology (Q1),,,Arts and Humanities; Multidisciplinary,History and Philosophy of Science (Q1); Multidisciplinary (Q1),,
oci:062102054604-061902059241,omid:br/062102054604,Physical Review Letters [omid:br/063044243 issn:0031-9007 issn:1079-7114 openalex:S24807848],omid:br/061902059241,Journal Of The Physical Society Of Japan [omid:br/064044758 issn:0031-9015 issn:1347-4073 openalex:S119212824],2006-04-18,True,False,Outgoing,"['00319007', '10797114']","['00319015', '13474073']",Physics and Astronomy,Physics and Astronomy (miscellaneous) (Q1),,,Physics and Astronomy,Physics and Astronomy (miscellaneous) (Q2),,
oci:061401771704-061703322009,omid:br/061401771704,Chemical Physics Reviews [omid:br/061401772701 issn:2688-4070 openalex:S4210232899],omid:br/061703322009,Theoretical Chemistry Accounts [omid:br/0625060906 issn:0040-5744 issn:1432-2234 issn:1432-881X],2022-06,True,False,Outgoing,['26884070'],"['00405744', '14322234', '1432881X']",,,,,Chemistry,Physical and Theoretical Chemistry (Q3),,
oci:061901427636-061402041375,omid:br/061901427636,Physical Review D [omid:br/066033919 issn:1550-2368 issn:1550-7998 openalex:S4210210554],omid:br/061402041375,Physical Review Letters [omid:br/063044243 issn:0031-9007 issn:1079-7114 openalex:S24807848],2015-12-08,False,True,Incoming,"['15502368', '15507998']","['00319007', '10797114']",,,,,Physics and Astronomy,Physics and Astronomy (miscellaneous) (Q1),,
oci:06102819012-06601634585,omid:br/06102819012,Cancer Management And Research [omid:br/0621052364 doi:10.2147/cmar issn:1179-1322 openalex:S2764554612],omid:br/06601634585,BMC Biology [omid:br/061040208 issn:1741-7007 openalex:S25903957],2019-12,False,True,Incoming,['11791322'],['17417007'],Medicine,Oncology (Q2),RC254-282,Medicine: Internal medicine: Neoplasms. Tumors. Oncology. Including cancer and carcinogens,"Agricultural and Biological Sciences; Biochemistry, Genetics and Molecular Biology","Agricultural and Biological Sciences (miscellaneous) (Q1); Biochemistry, Genetics and Molecular Biology (miscellaneous) (Q1); Biotechnology (Q1); Cell Biology (Q1); Developmental Biology (Q1); Ecology, Evolution, Behavior and Systematics (Q1); Physiology (Q1); Plant Science (Q1); Structural Biology (Q1)",QH301-705.5,Science: Biology (General)
oci:06460123635-06201737769,omid:br/06460123635,Astronomy & Astrophysics [omid:br/064040455 issn:0004-6361 issn:1432-0746 openalex:S205231332],omid:br/06201737769,The Astrophysical Journal [omid:br/064040542 issn:0004-637X issn:1538-4357 openalex:S1980519],2023-09,True,False,Outgoing,"['00046361', '14320746']","['0004637X', '15384357']",Earth and Planetary Sciences; Physics and Astronomy,Astronomy and Astrophysics (Q1); Space and Planetary Science (Q1),QB1-991,Science: Astronomy,Earth and Planetary Sciences; Physics and Astronomy,Astronomy and Astrophysics (Q1); Space and Planetary Science (Q1),QB460-466,Science: Astronomy: Astrophysics
oci:06404377574-061101433015,omid:br/06404377574,Physical Review D [omid:br/062509685 issn:2470-0010 issn:2470-0029 openalex:S4210238307],omid:br/061101433015,Physical Review D [omid:br/066033919 issn:1550-2368 issn:1550-7998 openalex:S4210210554],2023-03-23,True,True,Internal,"['24700010', '24700029']","['15502368', '15507998']",Physics and Astronomy,Nuclear and High Energy Physics (Q1); Physics and Astronomy (miscellaneous) (Q1),,,,,,
oci:06101690444-06301834328,omid:br/06101690444,Zeitschrift Für Physik C Particles And Fields [omid:br/0612035595 issn:0170-9739 issn:1431-5858 issn:1434-6044 issn:1434-6052],omid:br/06301834328,Journal Of High Energy Physics [omid:br/062038872 issn:1029-8479 issn:1126-6708 openalex:S187585107],2021-04,True,False,Outgoing,"['01709739', '14315858', '14346044', '14346052']","['10298479', '11266708']",Engineering; Physics and Astronomy,Engineering (miscellaneous) (Q1); Physics and Astronomy (miscellaneous) (Q1),QB460-466|QC770-798,Science: Astronomy: Astrophysics | Science: Physics: Nuclear and particle physics. Atomic energy. Radioactivity,Physics and Astronomy,Nuclear and High Energy Physics (Q2),QC770-798,Science: Physics: Nuclear and particle physics. Atomic energy. Radioactivity
oci:063707714-06502242929,omid:br/063707714,Journal Of International And Comparative Social Policy [omid:br/063708150 issn:2169-9763 issn:2169-978X openalex:S4210216054],omid:br/06502242929,East European Politics [omid:br/06502243984 issn:2159-9165 issn:2159-9173 openalex:S2764536841],2018-10,False,True,Incoming,"['21699763', '2169978X']","['21599165', '21599173']",Social Sciences,Social Sciences (miscellaneous) (Q2); Health (social science) (Q3); Sociology and Political Science (Q3),,,Social Sciences,"Development (Q1); Geography, Planning and Development (Q1); Political Science and International Relations (Q1)",,
oci:06240572072-06140620241,omid:br/06240572072,Journal Of Physics: Conference Series [omid:br/061011806 doi:10.1088/issn.1742-6596 issn:1742-6588 issn:1742-6596],omid:br/06140620241,Physical Review B [omid:br/0616012786 issn:0163-1829 issn:1095-3795 issn:1098-0121 issn:1550-235X],2011,False,True,Incoming,"['17426596', '17426588', '17426596']","['01631829', '10953795', '10980121', '1550235X']",Physics and Astronomy,Physics and Astronomy (miscellaneous),,,,,,
oci:062201836416-062101773114,omid:br/062201836416,The Journal Of Physical Chemistry A [omid:br/0621041077 issn:1089-5639 issn:1520-5215 openalex:S146709414],omid:br/062101773114,Physical Review A [omid:br/0619043744 issn:2469-9926 issn:2469-9934 openalex:S4210182288],2019-07-18,True,False,Outgoing,"['10895639', '15205215']","['24699926', '24699934']",Chemistry; Medicine,Medicine (miscellaneous) (Q2); Physical and Theoretical Chemistry (Q2),,,Physics and Astronomy,"Atomic and Molecular Physics, and Optics (Q1)",,
oci:062303051513-06602138668,omid:br/062303051513,Proceedings Of The National Academy Of Sciences [omid:br/0621062545 doi:10.1073/pnas issn:0027-8424 issn:1091-6490 openalex:S125754415],omid:br/06602138668,Nature Chemical Biology [omid:br/064041902 issn:1548-7091 issn:1548-7105 issn:1552-4450 issn:1552-4469],2020-06-16,False,True,Incoming,"['00278424', '10916490']","['15487091', '15487105', '15524450', '15524469']",Multidisciplinary,Multidisciplinary (Q1),,,"Biochemistry, Genetics and Molecular Biology",Biochemistry (Q1); Biotechnology (Q1); Cell Biology (Q1); Molecular Biology (Q1),,
oci:0610576198-061301665524,omid:br/0610576198,Physical Review D [omid:br/062509685 issn:2470-0010 issn:2470-0029 openalex:S4210238307],omid:br/061301665524,Zeitschrift Für Physik C Particles And Fields [omid:br/0612035595 issn:0170-9739 issn:1431-5858 issn:1434-6044 issn:1434-6052],2016-06-02,True,False,Outgoing,"['24700010', '24700029']","['01709739', '14315858', '14346044', '14346052']",Physics and Astronomy,Nuclear and High Energy Physics (Q1); Physics and Astronomy (miscellaneous) (Q1),,,Engineering; Physics and Astronomy,Engineering (miscellaneous) (Q1); Physics and Astronomy (miscellaneous) (Q1),QB460-466|QC770-798,Science: Astronomy: Astrophysics | Science: Physics: Nuclear and particle physics. Atomic energy. Radioactivity
oci:061202029625-06120937568,omid:br/061202029625,Journal Of Chemical Theory And Computation [omid:br/0619047782 issn:1549-9618 issn:1549-9626 openalex:S189701308],omid:br/06120937568,Molecular Physics [omid:br/0612019748 issn:0026-8976 issn:1362-3028 openalex:S204809294],2010-03-12,True,False,Outgoing,"['15499618', '15499626']","['00268976', '13623028']",Chemistry; Computer Science,Computer Science Applications (Q1); Physical and Theoretical Chemistry (Q1),,,"Biochemistry, Genetics and Molecular Biology; Chemistry; Physics and Astronomy",Condensed Matter Physics (Q3); Physical and Theoretical Chemistry (Q3); Biophysics (Q4); Molecular Biology (Q4),,
oci:06901838188-061601736575,omid:br/06901838188,Monthly Notices Of The Royal Astronomical Society [omid:br/067041753 doi:10.1111/(issn)1365-2966 issn:0035-8711 issn:1365-2966 openalex:S195663288],omid:br/061601736575,The Astrophysical Journal [omid:br/064040542 issn:0004-637X issn:1538-4357 openalex:S1980519],2011-04-15,True,False,Outgoing,"['13652966', '00358711', '13652966']","['0004637X', '15384357']",Earth and Planetary Sciences; Physics and Astronomy,Astronomy and Astrophysics (Q1); Space and Planetary Science (Q1),QB1-991,Science: Astronomy,Earth and Planetary Sciences; Physics and Astronomy,Astronomy and Astrophysics (Q1); Space and Planetary Science (Q1),QB460-466,Science: Astronomy: Astrophysics
oci:062404283566-06202192307,omid:br/062404283566,Journal Of Cosmology And Astroparticle Physics [omid:br/062039004 issn:1475-7508 issn:1475-7516 openalex:S120662888],omid:br/06202192307,Monthly Notices Of The Royal Astronomical Society [omid:br/067041753 doi:10.1111/(issn)1365-2966 issn:0035-8711 issn:1365-2966 openalex:S195663288],2024-10-01,False,True,Incoming,"['14757508', '14757516']","['13652966', '00358711', '13652966']",Physics and Astronomy,Astronomy and Astrophysics (Q2),,,Earth and Planetary Sciences; Physics and Astronomy,Astronomy and Astrophysics (Q1); Space and Planetary Science (Q1),QB1-991,Science: Astronomy
oci:0610519087-061901655828,omid:br/0610519087,Physical Chemistry Chemical Physics [omid:br/064010713 issn:1463-9076 issn:1463-9084 openalex:S181332294],omid:br/061901655828,The Journal Of Chemical Physics [omid:br/067037880 issn:0021-9606 issn:1089-7690 openalex:S77047749],2017,True,False,Outgoing,"['14639076', '14639084']","['00219606', '10897690']",Chemistry; Physics and Astronomy,Physical and Theoretical Chemistry (Q2); Physics and Astronomy (miscellaneous) (Q2),,,Chemistry; Medicine; Physics and Astronomy,Physical and Theoretical Chemistry (Q1); Physics and Astronomy (miscellaneous) (Q1); Medicine (miscellaneous) (Q2),,
oci:06504455064-061102045989,omid:br/06504455064,Journal Of Chemical Theory And Computation [omid:br/0619047782 issn:1549-9618 issn:1549-9626 openalex:S189701308],omid:br/061102045989,Journal Of Chemical Theory And Computation [omid:br/0619047782 issn:1549-9618 issn:1549-9626 openalex:S189701308],2023-07-26,False,True,Incoming,"['15499618', '15499626']","['15499618', '15499626']",Chemistry; Computer Science,Computer Science Applications (Q1); Physical and Theoretical Chemistry (Q1),,,Chemistry; Computer Science,Computer Science Applications (Q1); Physical and Theoretical Chemistry (Q1),,
oci:06801833601-06301833620,omid:br/06801833601,Journal Of High Energy Physics [omid:br/062038872 issn:1029-8479 issn:1126-6708 openalex:S187585107],omid:br/06301833620,Journal Of High Energy Physics [omid:br/062038872 issn:1029-8479 issn:1126-6708 openalex:S187585107],2014-06,False,True,Incoming,"['10298479', '11266708']","['10298479', '11266708']",Physics and Astronomy,Nuclear and High Energy Physics (Q2),QC770-798,Science: Physics: Nuclear and particle physics. Atomic energy. Radioactivity,Physics and Astronomy,Nuclear and High Energy Physics (Q2),QC770-798,Science: Physics: Nuclear and particle physics. Atomic energy. Radioactivity
oci:061801390233-06302833102,omid:br/061801390233,Review Of Scientific Instruments [omid:br/0623034124 issn:0034-6748 issn:1089-7623 openalex:S31010182],omid:br/06302833102,Physics Letters B [omid:br/0626059839 issn:0370-2693 openalex:S173952182],2016-02,False,True,Incoming,"['00346748', '10897623']",['03702693'],Medicine; Physics and Astronomy,Instrumentation (Q2); Medicine (miscellaneous) (Q3),,,Physics and Astronomy,Nuclear and High Energy Physics (Q1),QC1-999,Science: Physics
oci:06701667329-06601835722,omid:br/06701667329,Zeitschrift Für Physik C Particles And Fields [omid:br/0612035595 issn:0170-9739 issn:1431-5858 issn:1434-6044 issn:1434-6052],omid:br/06601835722,Journal Of High Energy Physics [omid:br/062038872 issn:1029-8479 issn:1126-6708 openalex:S187585107],2015-04,True,True,Internal,"['01709739', '14315858', '14346044', '14346052']","['10298479', '11266708']",Engineering; Physics and Astronomy,Engineering (miscellaneous) (Q1); Physics and Astronomy (miscellaneous) (Q1),QB460-466|QC770-798,Science: Astronomy: Astrophysics | Science: Physics: Nuclear and particle physics. Atomic energy. Radioactivity,Physics and Astronomy,Nuclear and High Energy Physics (Q2),QC770-798,Science: Physics: Nuclear and particle physics. Atomic energy. Radioactivity
oci:0660198733-0690722831,omid:br/0660198733,Pigment Cell Research [omid:br/062402888 doi:10.1111/(issn)1600-0749 issn:0893-5785 issn:1600-0749 openalex:S180366410],omid:br/0690722831,Journal Of Experimental Medicine [omid:br/0625012591 doi:10.1084/jem issn:0022-1007 issn:1540-9538 openalex:S22947807],2007-08-06,True,False,Outgoing,"['16000749', '08935785', '16000749']","['00221007', '15409538']",,,,,Immunology and Microbiology; Medicine,Immunology (Q1); Immunology and Allergy (Q1); Medicine (miscellaneous) (Q1),,
oci:062601632665-061303117011,omid:br/062601632665,Head & Neck [omid:br/061805911 doi:10.1002/(issn)1097-0347 issn:1043-3074 issn:1097-0347 openalex:S4210201749],omid:br/061303117011,Ethnicities [omid:br/061303117153 issn:1468-7968 issn:1741-2706 openalex:S189112142],2010-06-01,False,True,Incoming,"['10970347', '10433074', '10970347']","['14687968', '17412706']",Medicine,Otorhinolaryngology (Q1),,,Arts and Humanities; Social Sciences,Arts and Humanities (miscellaneous) (Q1); Cultural Studies (Q1),,
oci:061902056115-06301831768,omid:br/061902056115,Physical Review Letters [omid:br/063044243 issn:0031-9007 issn:1079-7114 openalex:S24807848],omid:br/06301831768,Journal Of High Energy Physics [omid:br/062038872 issn:1029-8479 issn:1126-6708 openalex:S187585107],2021-09-17,False,True,Incoming,"['00319007', '10797114']","['10298479', '11266708']",Physics and Astronomy,Physics and Astronomy (miscellaneous) (Q1),,,Physics and Astronomy,Nuclear and High Energy Physics (Q2),QC770-798,Science: Physics: Nuclear and particle physics. Atomic energy. Radioactivity
oci:06601333014-06170328133,omid:br/06601333014,International Mathematics Research Notices [omid:br/0626039912 issn:1073-7928 issn:1687-0247 openalex:S111381568],omid:br/06170328133,Journal Of Differential Geometry [omid:br/061806138 issn:0022-040X openalex:S23326474],2020-02-24,True,False,Outgoing,"['10737928', '16870247']",['0022040X'],Mathematics,Mathematics (miscellaneous) (Q1),,,Mathematics,Algebra and Number Theory (Q1); Analysis (Q1); Geometry and Topology (Q1),,
oci:062203909437-0690664030,omid:br/062203909437,SSRN Electronic Journal [omid:br/061205167 issn:1556-5068 openalex:S4210172589],omid:br/0690664030,NEJM Catalyst [omid:br/06302483471 issn:2642-0007 openalex:S4210200664],2021,False,True,Incoming,['15565068'],['26420007'],,,,,Medicine; Nursing,Health Policy (Q1); Leadership and Management (Q1); Health Informatics (Q2),,
oci:0650560943-0690724871,omid:br/0650560943,Biomaterials Science [omid:br/0622010141 issn:2047-4830 issn:2047-4849 openalex:S2494179437],omid:br/0690724871,Nanoscale [omid:br/0626023148 doi:10.1039/2040-3372/2009 issn:2040-3364 issn:2040-3372 openalex:S23181512],2022,False,True,Incoming,"['20474830', '20474849']","['20403372', '20403364', '20403372']",Engineering; Materials Science,Biomedical Engineering (Q1); Materials Science (miscellaneous) (Q1),,,Materials Science,Materials Science (miscellaneous) (Q1); Nanoscience and Nanotechnology (Q2),,
oci:06201428164-06901910688,omid:br/06201428164,Molecules [omid:br/065030790 issn:1420-3049 openalex:S108911230],omid:br/06901910688,Nanomaterials [omid:br/066043466 issn:2079-4991 openalex:S2764646681],2020-01-23,False,True,Incoming,['14203049'],['20794991'],"Biochemistry, Genetics and Molecular Biology; Chemistry; Medicine; Pharmacology, Toxicology and Pharmaceutics",Analytical Chemistry (Q1); Chemistry (miscellaneous) (Q1); Medicine (miscellaneous) (Q1); Organic Chemistry (Q1); Pharmaceutical Science (Q1); Physical and Theoretical Chemistry (Q1); Drug Discovery (Q2); Molecular Medicine (Q2),QD241-441,Science: Chemistry: Organic chemistry,Chemical Engineering; Materials Science,Chemical Engineering (miscellaneous) (Q1); Materials Science (miscellaneous) (Q2),QD1-999,Science: Chemistry
oci:061501523791-06170295642,omid:br/061501523791,Plos One [omid:br/068038897 issn:1932-6203 openalex:S202381698],omid:br/06170295642,Nature Materials [omid:br/061205501 issn:1476-1122 issn:1476-4660 openalex:S103895331],2014-08-25,True,False,Outgoing,['19326203'],"['14761122', '14764660']",Multidisciplinary,Multidisciplinary (Q1),R|Q,Medicine | Science,Chemistry; Engineering; Materials Science; Physics and Astronomy,Chemistry (miscellaneous) (Q1); Condensed Matter Physics (Q1); Materials Science (miscellaneous) (Q1); Mechanical Engineering (Q1); Mechanics of Materials (Q1),,
oci:061701295697-06170344202,omid:br/061701295697,"Journal Of Physics B: Atomic, Molecular And Optical Physics [omid:br/0616036311 issn:0953-4075 issn:1361-6455 openalex:S108417319]",omid:br/06170344202,Nature [omid:br/0626016512 issn:0028-0836 issn:1465-7392 issn:1476-4679 issn:1476-4687 issn:1744-7933],2013-01-07,False,True,Incoming,"['09534075', '13616455']","['00280836', '14657392', '14764679', '14764687', '17447933']",Physics and Astronomy,"Atomic and Molecular Physics, and Optics (Q2); Condensed Matter Physics (Q2)",,,Multidisciplinary,Multidisciplinary (Q1),,
oci:06101449205-06303943156,omid:br/06101449205,Physical Review D [omid:br/066033919 issn:1550-2368 issn:1550-7998 openalex:S4210210554],omid:br/06303943156,Journal Of High Energy Physics [omid:br/062038872 issn:1029-8479 issn:1126-6708 openalex:S187585107],2005-06-13,True,False,Outgoing,"['15502368', '15507998']","['10298479', '11266708']",,,,,Physics and Astronomy,Nuclear and High Energy Physics (Q2),QC770-798,Science: Physics: Nuclear and particle physics. Atomic energy. Radioactivity
oci:061704361997-061802055952,omid:br/061704361997,PRX Quantum [omid:br/06190652447 issn:2691-3399 openalex:S4210195673],omid:br/061802055952,Physical Review Letters [omid:br/063044243 issn:0031-9007 issn:1079-7114 openalex:S24807848],2024-05-17,False,True,Incoming,['26913399'],"['00319007', '10797114']",Computer Science; Engineering; Materials Science; Mathematics; Physics and Astronomy,"Applied Mathematics (Q1); Computer Science (miscellaneous) (Q1); Electrical and Electronic Engineering (Q1); Electronic, Optical and Magnetic Materials (Q1); Mathematical Physics (Q1); Physics and Astronomy (miscellaneous) (Q1)",QC1-999|QA76.75-76.765,Science: Physics | Science: Mathematics: Instruments and machines: Electronic computers. Computer science: Computer software,Physics and Astronomy,Physics and Astronomy (miscellaneous) (Q1),,
oci:06501843538-062501420767,omid:br/06501843538,Journal Of High Energy Physics [omid:br/062038872 issn:1029-8479 issn:1126-6708 openalex:S187585107],omid:br/062501420767,Physical Review D [omid:br/066033919 issn:1550-2368 issn:1550-7998 openalex:S4210210554],2015-12,False,True,Incoming,"['10298479', '11266708']","['15502368', '15507998']",Physics and Astronomy,Nuclear and High Energy Physics (Q2),QC770-798,Science: Physics: Nuclear and particle physics. Atomic energy. Radioactivity,,,,
oci:061403894799-06203727201,omid:br/061403894799,Croatian Regional Development Journal [omid:br/061601077545 issn:2718-4978 openalex:S4210206353],omid:br/06203727201,Nature Physics [omid:br/0622061045 issn:1745-2473 issn:1745-2481 openalex:S156274416],2023-07-07,True,False,Outgoing,['27184978'],"['17452473', '17452481']",,,,,Physics and Astronomy,Physics and Astronomy (miscellaneous) (Q1),,
oci:0660982821-06801511246,omid:br/0660982821,Photochem [omid:br/0660983064 issn:2673-7256 openalex:S4210214346],omid:br/06801511246,Environmental Epidemiology [omid:br/06402423648 issn:2474-7882 openalex:S4210236793],2021-03-10,False,True,Incoming,['26737256'],['24747882'],Chemistry,Chemistry (miscellaneous) (Q2),QD1-999,Science: Chemistry,Environmental Science; Medicine,"Epidemiology (Q1); Health, Toxicology and Mutagenesis (Q1); Pollution (Q1); Public Health, Environmental and Occupational Health (Q1); Global and Planetary Change (Q2)",TD1-1066,Technology: Environmental technology. Sanitary engineering
oci:06701426500-06602444291,omid:br/06701426500,Physical Review D [omid:br/066033919 issn:1550-2368 issn:1550-7998 openalex:S4210210554],omid:br/06602444291,Physical Review Letters [omid:br/063044243 issn:0031-9007 issn:1079-7114 openalex:S24807848],2011-12-06,False,True,Incoming,"['15502368', '15507998']","['00319007', '10797114']",,,,,Physics and Astronomy,Physics and Astronomy (miscellaneous) (Q1),,
oci:06501317234-062503492673,omid:br/06501317234,Superconductor Science And Technology [omid:br/0616036291 issn:0953-2048 issn:1361-6668 openalex:S93909106],omid:br/062503492673,Physical Review B [omid:br/0616012786 issn:0163-1829 issn:1095-3795 issn:1098-0121 issn:1550-235X],2016-12-13,False,True,Incoming,"['09532048', '13616668']","['01631829', '10953795', '10980121', '1550235X']",Engineering; Materials Science; Physics and Astronomy,Ceramics and Composites (Q1); Condensed Matter Physics (Q1); Electrical and Electronic Engineering (Q1); Materials Chemistry (Q1); Metals and Alloys (Q1),,,,,,
oci:062503919965-06601438052,omid:br/062503919965,Classical And Quantum Gravity [omid:br/061606259 issn:0264-9381 issn:1361-6382 openalex:S171172751],omid:br/06601438052,Physical Review D [omid:br/066033919 issn:1550-2368 issn:1550-7998 openalex:S4210210554],2023-07-17,False,True,Incoming,"['02649381', '13616382']","['15502368', '15507998']",Physics and Astronomy,Physics and Astronomy (miscellaneous) (Q1),,,,,,
oci:062203968226-061501344849,omid:br/062203968226,Nature Communications [omid:br/0623032092 doi:10.1038/41467.2041-1723 issn:2041-1723 openalex:S64187185],omid:br/061501344849,Nucleic Acids Research [omid:br/061502934 issn:0305-1048 issn:1362-4962 openalex:S134668137],2023-07-19,True,False,Outgoing,"['20411723', '20411723']","['03051048', '13624962']","Biochemistry, Genetics and Molecular Biology; Chemistry; Multidisciplinary; Physics and Astronomy","Biochemistry, Genetics and Molecular Biology (miscellaneous) (Q1); Chemistry (miscellaneous) (Q1); Multidisciplinary (Q1); Physics and Astronomy (miscellaneous) (Q1)",Q,Science,"Biochemistry, Genetics and Molecular Biology",Genetics (Q1),QH426-470,Science: Biology (General): Genetics
oci:061201845253-061201111538,omid:br/061201845253,Nitric Oxide [omid:br/0621041132 issn:1089-8603 openalex:S152998702],omid:br/061201111538,Journal Of Cellular And Molecular Medicine [omid:br/0619029406 issn:1582-1838 issn:1582-4934 openalex:S76698325],2014-12,False,True,Incoming,['10898603'],"['15821838', '15824934']","Biochemistry, Genetics and Molecular Biology",Biochemistry (Q2); Clinical Biochemistry (Q2); Physiology (Q2); Cancer Research (Q3),,,"Biochemistry, Genetics and Molecular Biology",Cell Biology (Q2); Molecular Medicine (Q2),R|R5-920,Medicine: Medicine (General)
oci:06801850501-06502864460,omid:br/06801850501,Journal Of Cosmology And Astroparticle Physics [omid:br/062039004 issn:1475-7508 issn:1475-7516 openalex:S120662888],omid:br/06502864460,Nuclear Physics B [omid:br/069057982 issn:0550-3213 issn:1873-1562 openalex:S4210194812],2012-04-03,True,False,Outgoing,"['14757508', '14757516']","['05503213', '18731562']",Physics and Astronomy,Astronomy and Astrophysics (Q2),,,Physics and Astronomy,Nuclear and High Energy Physics (Q2),QC770-798,Science: Physics: Nuclear and particle physics. Atomic energy. Radioactivity
oci:0680586885-06260642286,omid:br/0680586885,Journal Of Physics: Conference Series [omid:br/061011806 doi:10.1088/issn.1742-6596 issn:1742-6588 issn:1742-6596],omid:br/06260642286,Physical Review B [omid:br/0616012786 issn:0163-1829 issn:1095-3795 issn:1098-0121 issn:1550-235X],2009-01-07,False,True,Incoming,"['17426596', '17426588', '17426596']","['01631829', '10953795', '10980121', '1550235X']",Physics and Astronomy,Physics and Astronomy (miscellaneous),,,,,,
oci:06401848376-061403482618,omid:br/06401848376,Journal Of High Energy Physics [omid:br/062038872 issn:1029-8479 issn:1126-6708 openalex:S187585107],omid:br/061403482618,Physical Review Letters [omid:br/063044243 issn:0031-9007 issn:1079-7114 openalex:S24807848],2019-11,True,False,Outgoing,"['10298479', '11266708']","['00319007', '10797114']",Physics and Astronomy,Nuclear and High Energy Physics (Q2),QC770-798,Science: Physics: Nuclear and particle physics. Atomic energy. Radioactivity,Physics and Astronomy,Physics and Astronomy (miscellaneous) (Q1),,
oci:062101772776-062401303605,omid:br/062101772776,Physical Review A [omid:br/0619043744 issn:2469-9926 issn:2469-9934 openalex:S4210182288],omid:br/062401303605,Physical Review A [omid:br/061032719 issn:1050-2947 issn:1094-1622 openalex:S164566984],2018-12-26,False,True,Incoming,"['24699926', '24699934']","['10502947', '10941622']",Physics and Astronomy,"Atomic and Molecular Physics, and Optics (Q1)",,,,,,
oci:06180272756-06501027512,omid:br/06180272756,Quaderni Di Sociologia [omid:br/06180273096 issn:0033-4952 issn:2421-5848 openalex:S4210212783],omid:br/06501027512,Environmental Politics [omid:br/0613021370 issn:0964-4016 issn:1743-8934 openalex:S123005105],2006-08-01,True,False,Outgoing,"['00334952', '24215848']","['09644016', '17438934']",,,HM401-1281,Social Sciences: Sociology (General),Environmental Science; Social Sciences,Environmental Science (miscellaneous) (Q1); Sociology and Political Science (Q1),,
oci:062103964744-06202438528,omid:br/062103964744,Journal Of Physics G: Nuclear And Particle Physics [omid:br/0612059308 issn:0954-3899 issn:1361-6471 openalex:S78376336],omid:br/06202438528,Physical Review Letters [omid:br/063044243 issn:0031-9007 issn:1079-7114 openalex:S24807848],2022-12-22,True,False,Outgoing,"['09543899', '13616471']","['00319007', '10797114']",Physics and Astronomy,Nuclear and High Energy Physics (Q1),,,Physics and Astronomy,Physics and Astronomy (miscellaneous) (Q1),,
oci:06202825213-06502449714,omid:br/06202825213,Physics Reports [omid:br/0625047923 issn:0370-1573 openalex:S48633963],omid:br/06502449714,Physical Review Letters [omid:br/063044243 issn:0031-9007 issn:1079-7114 openalex:S24807848],2010-11,False,True,Incoming,['03701573'],"['00319007', '10797114']",Physics and Astronomy,Physics and Astronomy (miscellaneous) (Q1),,,Physics and Astronomy,Physics and Astronomy (miscellaneous) (Q1),,
oci:061801839414-0680496684,omid:br/061801839414,Calculus Of Variations And Partial Differential Equations [omid:br/0618041983 issn:0944-2669 issn:1432-0835 openalex:S138240904],omid:br/0680496684,Communications In Mathematical Physics [omid:br/0623011170 issn:0010-3616 issn:1432-0916 openalex:S100601982],2017-08-23,False,True,Incoming,"['09442669', '14320835']","['00103616', '14320916']",Mathematics,Analysis (Q1); Applied Mathematics (Q1),,,Mathematics; Physics and Astronomy,Mathematical Physics (Q1); Statistical and Nonlinear Physics (Q1),,
oci:061104051326-061101227979,omid:br/061104051326,Monthly Notices Of The Royal Astronomical Society [omid:br/067041753 doi:10.1111/(issn)1365-2966 issn:0035-8711 issn:1365-2966 openalex:S195663288],omid:br/061101227979,Nature Reviews Physics [omid:br/061101228444 issn:2522-5820 openalex:S4210234670],2023-02-03,False,True,Incoming,"['13652966', '00358711', '13652966']",['25225820'],Earth and Planetary Sciences; Physics and Astronomy,Astronomy and Astrophysics (Q1); Space and Planetary Science (Q1),QB1-991,Science: Astronomy,Physics and Astronomy,Physics and Astronomy (miscellaneous) (Q1),,
oci:0645068344-06210509976,omid:br/0645068344,Biochimica Et Biophysica Acta (BBA) - Molecular And Cell Biology Of Lipids [omid:br/0615056303 issn:1388-1981 openalex:S4210172276],omid:br/06210509976,Neurobiology Of Disease [omid:br/064010628 issn:0969-9961 openalex:S35878148],2023-09,False,True,Incoming,['13881981'],['09699961'],"Biochemistry, Genetics and Molecular Biology",Cell Biology (Q2); Molecular Biology (Q2),,,Neuroscience,Neurology (Q1),RC321-571,Medicine: Internal medicine: Neurosciences. Biological psychiatry. Neuropsychiatry
oci:061501734997-0650558763,omid:br/061501734997,Journal Of Nanobiotechnology [omid:br/066040836 issn:1477-3155 openalex:S41231013],omid:br/0650558763,Journal Of Materials Chemistry [omid:br/062209956 doi:10.1039/1364-5501/1991 issn:0959-9428 issn:1364-5501 openalex:S45305740],2017-06-21,False,True,Incoming,['14773155'],"['13645501', '09599428', '13645501']","Biochemistry, Genetics and Molecular Biology; Chemical Engineering; Engineering; Immunology and Microbiology; Materials Science; Medicine; Pharmacology, Toxicology and Pharmaceutics",Applied Microbiology and Biotechnology (Q1); Bioengineering (Q1); Biomedical Engineering (Q1); Medicine (miscellaneous) (Q1); Molecular Medicine (Q1); Nanoscience and Nanotechnology (Q1); Pharmaceutical Science (Q1),TP248.13-248.65|R855-855.5,Technology: Chemical technology: Biotechnology | Medicine: Medicine (General): Medical technology,,,,
oci:06260100584-062503794127,omid:br/06260100584,Journal Of Biological Chemistry [omid:br/06903738 doi:10.1074/jbc issn:0021-9258 issn:1083-351X openalex:S140251998],omid:br/062503794127,Biochemical Pharmacology [omid:br/0625051570 issn:0006-2952 issn:1873-2968 openalex:S185534594],2018-08,True,False,Outgoing,"['00219258', '1083351X']","['00062952', '18732968']","Biochemistry, Genetics and Molecular Biology",Biochemistry (Q1); Cell Biology (Q1); Molecular Biology (Q1),QD415-436,Science: Chemistry: Organic chemistry: Biochemistry,"Biochemistry, Genetics and Molecular Biology; Pharmacology, Toxicology and Pharmaceutics",Biochemistry (Q1); Pharmacology (Q1),,
oci:06120504052-061102046163,omid:br/06120504052,Physical Chemistry Chemical Physics [omid:br/064010713 issn:1463-9076 issn:1463-9084 openalex:S181332294],omid:br/061102046163,Journal Of Chemical Theory And Computation [omid:br/0619047782 issn:1549-9618 issn:1549-9626 openalex:S189701308],2021,True,False,Outgoing,"['14639076', '14639084']","['15499618', '15499626']",Chemistry; Physics and Astronomy,Physical and Theoretical Chemistry (Q2); Physics and Astronomy (miscellaneous) (Q2),,,Chemistry; Computer Science,Computer Science Applications (Q1); Physical and Theoretical Chemistry (Q1),,
oci:061601488956-06130508062,omid:br/061601488956,Cell Death & Disease [omid:br/0623035414 issn:2041-4889 openalex:S185208586],omid:br/06130508062,The Journal Of Neuroscience [omid:br/065010744 doi:10.1523/jneurosci issn:0270-6474 issn:1529-2401 openalex:S5555990],2014-11,True,False,Outgoing,['20414889'],"['02706474', '15292401']","Biochemistry, Genetics and Molecular Biology; Immunology and Microbiology; Medicine; Neuroscience",Cancer Research (Q1); Cell Biology (Q1); Cellular and Molecular Neuroscience (Q1); Immunology (Q1); Medicine (miscellaneous) (Q1),QH573-671,Science: Biology (General): Cytology,Neuroscience,Neuroscience (miscellaneous) (Q1),,
oci:06410147740-06701820732,omid:br/06410147740,Journal Of High Energy Physics [omid:br/062038872 issn:1029-8479 issn:1126-6708 openalex:S187585107],omid:br/06701820732,Journal Of High Energy Physics [omid:br/062038872 issn:1029-8479 issn:1126-6708 openalex:S187585107],2023-08-09,True,False,Outgoing,"['10298479', '11266708']","['10298479', '11266708']",Physics and Astronomy,Nuclear and High Energy Physics (Q2),QC770-798,Science: Physics: Nuclear and particle physics. Atomic energy. Radioactivity,Physics and Astronomy,Nuclear and High Energy Physics (Q2),QC770-798,Science: Physics: Nuclear and particle physics. Atomic energy. Radioactivity
oci:06601677538-061201425512,omid:br/06601677538,Zeitschrift Für Physik C Particles And Fields [omid:br/0612035595 issn:0170-9739 issn:1431-5858 issn:1434-6044 issn:1434-6052],omid:br/061201425512,Physical Review D [omid:br/066033919 issn:1550-2368 issn:1550-7998 openalex:S4210210554],2016-07,True,False,Outgoing,"['01709739', '14315858', '14346044', '14346052']","['15502368', '15507998']",Engineering; Physics and Astronomy,Engineering (miscellaneous) (Q1); Physics and Astronomy (miscellaneous) (Q1),QB460-466|QC770-798,Science: Astronomy: Astrophysics | Science: Physics: Nuclear and particle physics. Atomic energy. Radioactivity,,,,
oci:062304322890-06301831967,omid:br/062304322890,Physical Review Letters [omid:br/063044243 issn:0031-9007 issn:1079-7114 openalex:S24807848],omid:br/06301831967,Journal Of High Energy Physics [omid:br/062038872 issn:1029-8479 issn:1126-6708 openalex:S187585107],2024-07-03,True,True,Internal,"['00319007', '10797114']","['10298479', '11266708']",Physics and Astronomy,Physics and Astronomy (miscellaneous) (Q1),,,Physics and Astronomy,Nuclear and High Energy Physics (Q2),QC770-798,Science: Physics: Nuclear and particle physics. Atomic energy. Radioactivity
oci:06110570250-062501421201,omid:br/06110570250,Physical Review D [omid:br/062509685 issn:2470-0010 issn:2470-0029 openalex:S4210238307],omid:br/062501421201,Physical Review D [omid:br/066033919 issn:1550-2368 issn:1550-7998 openalex:S4210210554],2020-10-08,False,True,Incoming,"['24700010', '24700029']","['15502368', '15507998']",Physics and Astronomy,Nuclear and High Energy Physics (Q1); Physics and Astronomy (miscellaneous) (Q1),,,,,,
oci:06190570895-06601437350,omid:br/06190570895,Physical Review D [omid:br/062509685 issn:2470-0010 issn:2470-0029 openalex:S4210238307],omid:br/06601437350,Physical Review D [omid:br/066033919 issn:1550-2368 issn:1550-7998 openalex:S4210210554],2018-06-21,True,True,Internal,"['24700010', '24700029']","['15502368', '15507998']",Physics and Astronomy,Nuclear and High Energy Physics (Q1); Physics and Astronomy (miscellaneous) (Q1),,,,,,
oci:061801809000-06801732672,omid:br/061801809000,Monthly Notices Of The Royal Astronomical Society [omid:br/067041753 doi:10.1111/(issn)1365-2966 issn:0035-8711 issn:1365-2966 openalex:S195663288],omid:br/06801732672,The Astrophysical Journal [omid:br/064040542 issn:0004-637X issn:1538-4357 openalex:S1980519],2020-09-11,True,False,Outgoing,"['13652966', '00358711', '13652966']","['0004637X', '15384357']",Earth and Planetary Sciences; Physics and Astronomy,Astronomy and Astrophysics (Q1); Space and Planetary Science (Q1),QB1-991,Science: Astronomy,Earth and Planetary Sciences; Physics and Astronomy,Astronomy and Astrophysics (Q1); Space and Planetary Science (Q1),QB460-466,Science: Astronomy: Astrophysics
oci:061601316314-06240924255,omid:br/061601316314,Nature Communications [omid:br/0623032092 doi:10.1038/41467.2041-1723 issn:2041-1723 openalex:S64187185],omid:br/06240924255,Molecular Physics [omid:br/0612019748 issn:0026-8976 issn:1362-3028 openalex:S204809294],2017-06-22,True,False,Outgoing,"['20411723', '20411723']","['00268976', '13623028']","Biochemistry, Genetics and Molecular Biology; Chemistry; Multidisciplinary; Physics and Astronomy","Biochemistry, Genetics and Molecular Biology (miscellaneous) (Q1); Chemistry (miscellaneous) (Q1); Multidisciplinary (Q1); Physics and Astronomy (miscellaneous) (Q1)",Q,Science,"Biochemistry, Genetics and Molecular Biology; Chemistry; Physics and Astronomy",Condensed Matter Physics (Q3); Physical and Theoretical Chemistry (Q3); Biophysics (Q4); Molecular Biology (Q4),,
oci:062501322079-06402454915,omid:br/062501322079,Physical Review A [omid:br/061032719 issn:1050-2947 issn:1094-1622 openalex:S164566984],omid:br/06402454915,Physical Review Letters [omid:br/063044243 issn:0031-9007 issn:1079-7114 openalex:S24807848],2004-09-21,False,True,Incoming,"['10502947', '10941622']","['00319007', '10797114']",,,,,Physics and Astronomy,Physics and Astronomy (miscellaneous) (Q1),,
oci:06401848764-06102846590,omid:br/06401848764,Journal Of High Energy Physics [omid:br/062038872 issn:1029-8479 issn:1126-6708 openalex:S187585107],omid:br/06102846590,Physics Letters B [omid:br/0626059839 issn:0370-2693 openalex:S173952182],2016-06,False,True,Incoming,"['10298479', '11266708']",['03702693'],Physics and Astronomy,Nuclear and High Energy Physics (Q2),QC770-798,Science: Physics: Nuclear and particle physics. Atomic energy. Radioactivity,Physics and Astronomy,Nuclear and High Energy Physics (Q1),QC1-999,Science: Physics
oci:06130504746-06190867257,omid:br/06130504746,The Journal Of Physical Chemistry Letters [omid:br/065031994 issn:1948-7185 openalex:S123480357],omid:br/06190867257,Current Opinion In Structural Biology [omid:br/0619023466 issn:0959-440X openalex:S175155502],2013,True,False,Outgoing,['19487185'],['0959440X'],Chemistry; Materials Science,Materials Science (miscellaneous) (Q1); Nanoscience and Nanotechnology (Q1); Physical and Theoretical Chemistry (Q1),,,"Biochemistry, Genetics and Molecular Biology",Molecular Biology (Q1); Structural Biology (Q1),,
oci:06410148274-062302056108,omid:br/06410148274,Journal Of High Energy Physics [omid:br/062038872 issn:1029-8479 issn:1126-6708 openalex:S187585107],omid:br/062302056108,Physical Review Letters [omid:br/063044243 issn:0031-9007 issn:1079-7114 openalex:S24807848],2023-07-10,True,False,Outgoing,"['10298479', '11266708']","['00319007', '10797114']",Physics and Astronomy,Nuclear and High Energy Physics (Q2),QC770-798,Science: Physics: Nuclear and particle physics. Atomic energy. Radioactivity,Physics and Astronomy,Physics and Astronomy (miscellaneous) (Q1),,
oci:061802058094-061901816027,omid:br/061802058094,Physical Review Letters [omid:br/063044243 issn:0031-9007 issn:1079-7114 openalex:S24807848],omid:br/061901816027,Monthly Notices Of The Royal Astronomical Society [omid:br/067041753 doi:10.1111/(issn)1365-2966 issn:0035-8711 issn:1365-2966 openalex:S195663288],2006-11-08,False,True,Incoming,"['00319007', '10797114']","['13652966', '00358711', '13652966']",Physics and Astronomy,Physics and Astronomy (miscellaneous) (Q1),,,Earth and Planetary Sciences; Physics and Astronomy,Astronomy and Astrophysics (Q1); Space and Planetary Science (Q1),QB1-991,Science: Astronomy
oci:061903891134-06701667270,omid:br/061903891134,Journal Of High Energy Physics [omid:br/062038872 issn:1029-8479 issn:1126-6708 openalex:S187585107],omid:br/06701667270,Zeitschrift Für Physik C Particles And Fields [omid:br/0612035595 issn:0170-9739 issn:1431-5858 issn:1434-6044 issn:1434-6052],2016,False,True,Incoming,"['10298479', '11266708']","['01709739', '14315858', '14346044', '14346052']",Physics and Astronomy,Nuclear and High Energy Physics (Q2),QC770-798,Science: Physics: Nuclear and particle physics. Atomic energy. Radioactivity,Engineering; Physics and Astronomy,Engineering (miscellaneous) (Q1); Physics and Astronomy (miscellaneous) (Q1),QB460-466|QC770-798,Science: Astronomy: Astrophysics | Science: Physics: Nuclear and particle physics. Atomic energy. Radioactivity
oci:06802413481-061201650396,omid:br/06802413481,Journal Of Chemical Theory And Computation [omid:br/0619047782 issn:1549-9618 issn:1549-9626 openalex:S189701308],omid:br/061201650396,The Journal Of Chemical Physics [omid:br/067037880 issn:0021-9606 issn:1089-7690 openalex:S77047749],2015-10-09,True,False,Outgoing,"['15499618', '15499626']","['00219606', '10897690']",Chemistry; Computer Science,Computer Science Applications (Q1); Physical and Theoretical Chemistry (Q1),,,Chemistry; Medicine; Physics and Astronomy,Physical and Theoretical Chemistry (Q1); Physics and Astronomy (miscellaneous) (Q1); Medicine (miscellaneous) (Q2),,
oci:0690329532-06160488746,omid:br/0690329532,Biological Psychiatry [omid:br/061405400 issn:0006-3223 openalex:S205482884],omid:br/06160488746,Science [omid:br/0619015403 doi:10.1126/science issn:0036-8075 issn:1095-9203 openalex:S3880285],2016-10,False,True,Incoming,['00063223'],"['00368075', '10959203']",Neuroscience,Biological Psychiatry (Q1),,,Arts and Humanities; Multidisciplinary,History and Philosophy of Science (Q1); Multidisciplinary (Q1),,
oci:06302832052-061903495688,omid:br/06302832052,Physics Letters B [omid:br/0626059839 issn:0370-2693 openalex:S173952182],omid:br/061903495688,JETP Letters [omid:br/067021637 issn:0021-3640 issn:1090-6487 openalex:S119930252],2013-01,True,False,Outgoing,['03702693'],"['00213640', '10906487']",Physics and Astronomy,Nuclear and High Energy Physics (Q1),QC1-999,Science: Physics,Physics and Astronomy,Physics and Astronomy (miscellaneous) (Q3),,
oci:061901656403-062301648346,omid:br/061901656403,The Journal Of Chemical Physics [omid:br/067037880 issn:0021-9606 issn:1089-7690 openalex:S77047749],omid:br/062301648346,The Journal Of Chemical Physics [omid:br/067037880 issn:0021-9606 issn:1089-7690 openalex:S77047749],2004-11-08,True,False,Outgoing,"['00219606', '10897690']","['00219606', '10897690']",Chemistry; Medicine; Physics and Astronomy,Physical and Theoretical Chemistry (Q1); Physics and Astronomy (miscellaneous) (Q1); Medicine (miscellaneous) (Q2),,,Chemistry; Medicine; Physics and Astronomy,Physical and Theoretical Chemistry (Q1); Physics and Astronomy (miscellaneous) (Q1); Medicine (miscellaneous) (Q2),,
oci:06150626163-06101414931,omid:br/06150626163,Physical Review B [omid:br/0616012786 issn:0163-1829 issn:1095-3795 issn:1098-0121 issn:1550-235X],omid:br/06101414931,Reviews Of Modern Physics [omid:br/0624030091 issn:0034-6861 issn:1539-0756 openalex:S73260565],2010-02-22,True,False,Outgoing,"['01631829', '10953795', '10980121', '1550235X']","['00346861', '15390756']",,,,,Physics and Astronomy,Physics and Astronomy (miscellaneous) (Q1),,
oci:061303433440-06120714477,omid:br/061303433440,Nations And Nationalism [omid:br/063014553 doi:10.1111/(issn)1469-8129 issn:1354-5078 issn:1469-8129 openalex:S155963401],omid:br/06120714477,Nations And Nationalism [omid:br/063014553 doi:10.1111/(issn)1469-8129 issn:1354-5078 issn:1469-8129 openalex:S155963401],2022-09-13,True,True,Internal,"['14698129', '13545078', '14698129']","['14698129', '13545078', '14698129']",Arts and Humanities; Social Sciences,"Arts and Humanities (miscellaneous) (Q1); Geography, Planning and Development (Q1); Political Science and International Relations (Q1)",,,Arts and Humanities; Social Sciences,"Arts and Humanities (miscellaneous) (Q1); Geography, Planning and Development (Q1); Political Science and International Relations (Q1)",,
oci:06601849300-06301833438,omid:br/06601849300,Journal Of Cosmology And Astroparticle Physics [omid:br/062039004 issn:1475-7508 issn:1475-7516 openalex:S120662888],omid:br/06301833438,Journal Of High Energy Physics [omid:br/062038872 issn:1029-8479 issn:1126-6708 openalex:S187585107],2015-07-13,False,True,Incoming,"['14757508', '14757516']","['10298479', '11266708']",Physics and Astronomy,Astronomy and Astrophysics (Q2),,,Physics and Astronomy,Nuclear and High Energy Physics (Q2),QC770-798,Science: Physics: Nuclear and particle physics. Atomic energy. Radioactivity
oci:06101414487-06701822035,omid:br/06101414487,Reviews Of Modern Physics [omid:br/0624030091 issn:0034-6861 issn:1539-0756 openalex:S73260565],omid:br/06701822035,Journal Of High Energy Physics [omid:br/062038872 issn:1029-8479 issn:1126-6708 openalex:S187585107],2018-06-12,False,True,Incoming,"['00346861', '15390756']","['10298479', '11266708']",Physics and Astronomy,Physics and Astronomy (miscellaneous) (Q1),,,Physics and Astronomy,Nuclear and High Energy Physics (Q2),QC770-798,Science: Physics: Nuclear and particle physics. Atomic energy. Radioactivity
oci:061902057003-06260344207,omid:br/061902057003,Physical Review Letters [omid:br/063044243 issn:0031-9007 issn:1079-7114 openalex:S24807848],omid:br/06260344207,Classical And Quantum Gravity [omid:br/061606259 issn:0264-9381 issn:1361-6382 openalex:S171172751],2013-02-14,False,True,Incoming,"['00319007', '10797114']","['02649381', '13616382']",Physics and Astronomy,Physics and Astronomy (miscellaneous) (Q1),,,Physics and Astronomy,Physics and Astronomy (miscellaneous) (Q1),,
oci:06201676175-06102873922,omid:br/06201676175,Zeitschrift Für Physik C Particles And Fields [omid:br/0612035595 issn:0170-9739 issn:1431-5858 issn:1434-6044 issn:1434-6052],omid:br/06102873922,Nuclear Physics B [omid:br/069057982 issn:0550-3213 issn:1873-1562 openalex:S4210194812],2020-08,False,True,Incoming,"['01709739', '14315858', '14346044', '14346052']","['05503213', '18731562']",Engineering; Physics and Astronomy,Engineering (miscellaneous) (Q1); Physics and Astronomy (miscellaneous) (Q1),QB460-466|QC770-798,Science: Astronomy: Astrophysics | Science: Physics: Nuclear and particle physics. Atomic energy. Radioactivity,Physics and Astronomy,Nuclear and High Energy Physics (Q2),QC770-798,Science: Physics: Nuclear and particle physics. Atomic energy. Radioactivity
oci:06130470557-061801592951,omid:br/06130470557,The Journal Of Physical Chemistry [omid:br/061509217 issn:0022-3654 issn:0092-7023 issn:0092-7325 issn:1541-5740],omid:br/061801592951,Canadian Journal Of Chemistry [omid:br/0612034158 issn:0008-4042 issn:1480-3291 openalex:S9189650],1996,False,True,Incoming,"['00223654', '00927023', '00927325', '15415740']","['00084042', '14803291']",,,,,Chemical Engineering; Chemistry,Chemistry (miscellaneous) (Q3); Organic Chemistry (Q3); Catalysis (Q4),,
oci:06201779527-06401040853,omid:br/06201779527,"Territory, Politics, Governance [omid:br/06201780342 issn:2162-2671 issn:2162-268X openalex:S1006551112]",omid:br/06401040853,Modern Italy [omid:br/06401041023 issn:1353-2944 issn:1469-9877 openalex:S75796200],2020-11-05,True,False,Outgoing,"['21622671', '2162268X']","['13532944', '14699877']",Social Sciences,"Geography, Planning and Development (Q1); Political Science and International Relations (Q1)",,,Arts and Humanities; Social Sciences,Cultural Studies (Q1); History (Q1); Anthropology (Q2); Sociology and Political Science (Q2),,
oci:0660631536-061503504818,omid:br/0660631536,Physical Review B [omid:br/0616012786 issn:0163-1829 issn:1095-3795 issn:1098-0121 issn:1550-235X],omid:br/061503504818,Science [omid:br/0619015403 doi:10.1126/science issn:0036-8075 issn:1095-9203 openalex:S3880285],2007-06-01,True,False,Outgoing,"['01631829', '10953795', '10980121', '1550235X']","['00368075', '10959203']",,,,,Arts and Humanities; Multidisciplinary,History and Philosophy of Science (Q1); Multidisciplinary (Q1),,
oci:06801670694-062501421192,omid:br/06801670694,The European Physical Journal A [omid:br/0611040250 issn:0340-2193 issn:0930-1151 issn:0939-7922 issn:1431-5831 issn:1434-6001 issn:1434-601X],omid:br/062501421192,Physical Review D [omid:br/066033919 issn:1550-2368 issn:1550-7998 openalex:S4210210554],2007-05,False,True,Incoming,"['03402193', '09301151', '09397922', '14315831', '14346001', '1434601X']","['15502368', '15507998']",Physics and Astronomy,Nuclear and High Energy Physics (Q1),,,,,,
oci:061502445208-0620328047,omid:br/061502445208,Nuclear Physics B [omid:br/069057982 issn:0550-3213 issn:1873-1562 openalex:S4210194812],omid:br/0620328047,Classical And Quantum Gravity [omid:br/061606259 issn:0264-9381 issn:1361-6382 openalex:S171172751],2015-01,False,True,Incoming,"['05503213', '18731562']","['02649381', '13616382']",Physics and Astronomy,Nuclear and High Energy Physics (Q2),QC770-798,Science: Physics: Nuclear and particle physics. Atomic energy. Radioactivity,Physics and Astronomy,Physics and Astronomy (miscellaneous) (Q1),,
oci:061403853971-06301676163,omid:br/061403853971,Zeitschrift Für Physik C Particles And Fields [omid:br/0612035595 issn:0170-9739 issn:1431-5858 issn:1434-6044 issn:1434-6052],omid:br/06301676163,Zeitschrift Für Physik C Particles And Fields [omid:br/0612035595 issn:0170-9739 issn:1431-5858 issn:1434-6044 issn:1434-6052],2023-04-17,False,True,Incoming,"['01709739', '14315858', '14346044', '14346052']","['01709739', '14315858', '14346044', '14346052']",Engineering; Physics and Astronomy,Engineering (miscellaneous) (Q1); Physics and Astronomy (miscellaneous) (Q1),QB460-466|QC770-798,Science: Astronomy: Astrophysics | Science: Physics: Nuclear and particle physics. Atomic energy. Radioactivity,Engineering; Physics and Astronomy,Engineering (miscellaneous) (Q1); Physics and Astronomy (miscellaneous) (Q1),QB460-466|QC770-798,Science: Astronomy: Astrophysics | Science: Physics: Nuclear and particle physics. Atomic energy. Radioactivity
oci:06904029791-061801843186,omid:br/06904029791,Physical Review Letters [omid:br/063044243 issn:0031-9007 issn:1079-7114 openalex:S24807848],omid:br/061801843186,Nature Photonics [omid:br/0621041052 issn:1749-4885 issn:1749-4893 openalex:S120392215],2023-02-07,False,True,Incoming,"['00319007', '10797114']","['17494885', '17494893']",Physics and Astronomy,Physics and Astronomy (miscellaneous) (Q1),,,Materials Science; Physics and Astronomy,"Atomic and Molecular Physics, and Optics (Q1); Electronic, Optical and Magnetic Materials (Q1)",,
oci:0630570807-06302339904,omid:br/0630570807,Physical Review D [omid:br/062509685 issn:2470-0010 issn:2470-0029 openalex:S4210238307],omid:br/06302339904,The European Physical Journal Special Topics [omid:br/0625040751 doi:10.1007/11734.1951-6401 issn:1951-6355 issn:1951-6401 openalex:S138062970],2022-04-22,False,True,Incoming,"['24700010', '24700029']","['19516401', '19516355', '19516401']",Physics and Astronomy,Nuclear and High Energy Physics (Q1); Physics and Astronomy (miscellaneous) (Q1),,,Chemistry; Materials Science; Physics and Astronomy,Physics and Astronomy (miscellaneous) (Q2); Materials Science (miscellaneous) (Q3); Physical and Theoretical Chemistry (Q3),,
oci:062101026746-061302194582,omid:br/062101026746,Global Networks [omid:br/062101027228 issn:1470-2266 issn:1471-0374 openalex:S135713760],omid:br/061302194582,American Journal Of Sociology [omid:br/0625043937 issn:0002-9602 issn:1537-5390 openalex:S122471516],2016-05-02,True,False,Outgoing,"['14702266', '14710374']","['00029602', '15375390']",Social Sciences,Social Sciences (miscellaneous) (Q1),,,Social Sciences,Sociology and Political Science (Q1),,
oci:061501425729-06504057717,omid:br/061501425729,International Journal Of Molecular Sciences [omid:br/066033829 doi:10.3390/ijms issn:1422-0067],omid:br/06504057717,Bratislavske Lekarske Listy [omid:br/0603903598 issn:0006-9248],2014-11-05,True,False,Outgoing,['14220067'],['00069248'],"Biochemistry, Genetics and Molecular Biology; Chemical Engineering; Chemistry; Computer Science; Medicine",Catalysis (Q1); Computer Science Applications (Q1); Inorganic Chemistry (Q1); Medicine (miscellaneous) (Q1); Organic Chemistry (Q1); Physical and Theoretical Chemistry (Q1); Spectroscopy (Q1); Molecular Biology (Q2),,,Medicine,Medicine (miscellaneous) (Q3),,
oci:061901813566-06101746757,omid:br/061901813566,Monthly Notices Of The Royal Astronomical Society [omid:br/067041753 doi:10.1111/(issn)1365-2966 issn:0035-8711 issn:1365-2966 openalex:S195663288],omid:br/06101746757,Astronomy & Astrophysics [omid:br/064040455 issn:0004-6361 issn:1432-0746 openalex:S205231332],2020-08-11,True,False,Outgoing,"['13652966', '00358711', '13652966']","['00046361', '14320746']",Earth and Planetary Sciences; Physics and Astronomy,Astronomy and Astrophysics (Q1); Space and Planetary Science (Q1),QB1-991,Science: Astronomy,Earth and Planetary Sciences; Physics and Astronomy,Astronomy and Astrophysics (Q1); Space and Planetary Science (Q1),QB1-991,Science: Astronomy
oci:06604366937-061902055979,omid:br/06604366937,Physical Review D [omid:br/062509685 issn:2470-0010 issn:2470-0029 openalex:S4210238307],omid:br/061902055979,Physical Review Letters [omid:br/063044243 issn:0031-9007 issn:1079-7114 openalex:S24807848],2023-08-25,True,False,Outgoing,"['24700010', '24700029']","['00319007', '10797114']",Physics and Astronomy,Nuclear and High Energy Physics (Q1); Physics and Astronomy (miscellaneous) (Q1),,,Physics and Astronomy,Physics and Astronomy (miscellaneous) (Q1),,
oci:06902167927-062602440700,omid:br/06902167927,Russian Physics Journal [omid:br/064047216 issn:0038-5697 issn:1064-8887 issn:1573-9228],omid:br/062602440700,Physics Letters B [omid:br/0626059839 issn:0370-2693 openalex:S173952182],2014-04,False,True,Incoming,"['00385697', '10648887', '15739228']",['03702693'],Physics and Astronomy,Physics and Astronomy (miscellaneous) (Q3),,,Physics and Astronomy,Nuclear and High Energy Physics (Q1),QC1-999,Science: Physics
oci:061501425729-06170979488,omid:br/061501425729,International Journal Of Molecular Sciences [omid:br/066033829 doi:10.3390/ijms issn:1422-0067],omid:br/06170979488,Diabetes Care [omid:br/0625019933 issn:0149-5992 issn:1935-5548 openalex:S49878492],2014-11-05,True,False,Outgoing,['14220067'],"['01495992', '19355548']","Biochemistry, Genetics and Molecular Biology; Chemical Engineering; Chemistry; Computer Science; Medicine",Catalysis (Q1); Computer Science Applications (Q1); Inorganic Chemistry (Q1); Medicine (miscellaneous) (Q1); Organic Chemistry (Q1); Physical and Theoretical Chemistry (Q1); Spectroscopy (Q1); Molecular Biology (Q2),,,Medicine; Nursing,"Advanced and Specialized Nursing (Q1); Endocrinology, Diabetes and Metabolism (Q1); Internal Medicine (Q1)",,
oci:062501013383-06702173298,omid:br/062501013383,Publications Of The Astronomical Society Of Australia [omid:br/0615022302 issn:1323-3580 issn:1448-6083 openalex:S126256729],omid:br/06702173298,Monthly Notices Of The Royal Astronomical Society [omid:br/067041753 doi:10.1111/(issn)1365-2966 issn:0035-8711 issn:1365-2966 openalex:S195663288],2015,False,True,Incoming,"['13233580', '14486083']","['13652966', '00358711', '13652966']",Earth and Planetary Sciences; Physics and Astronomy,Astronomy and Astrophysics (Q1); Space and Planetary Science (Q1),,,Earth and Planetary Sciences; Physics and Astronomy,Astronomy and Astrophysics (Q1); Space and Planetary Science (Q1),QB1-991,Science: Astronomy
oci:06230571889-06102845777,omid:br/06230571889,Physical Review D [omid:br/062509685 issn:2470-0010 issn:2470-0029 openalex:S4210238307],omid:br/06102845777,Physics Letters B [omid:br/0626059839 issn:0370-2693 openalex:S173952182],2017-10-09,False,True,Incoming,"['24700010', '24700029']",['03702693'],Physics and Astronomy,Nuclear and High Energy Physics (Q1); Physics and Astronomy (miscellaneous) (Q1),,,Physics and Astronomy,Nuclear and High Energy Physics (Q1),QC1-999,Science: Physics
oci:062301817584-0680497070,omid:br/062301817584,Bollettino dell'Unione Matematica Italiana [omid:br/062301818834 issn:1972-6724 issn:2198-2759 openalex:S4210187602],omid:br/0680497070,Communications In Mathematical Physics [omid:br/0623011170 issn:0010-3616 issn:1432-0916 openalex:S100601982],2020-06-16,False,True,Incoming,"['19726724', '21982759']","['00103616', '14320916']",Mathematics,Mathematics (miscellaneous) (Q3),,,Mathematics; Physics and Astronomy,Mathematical Physics (Q1); Statistical and Nonlinear Physics (Q1),,
oci:0690331887-061086716,omid:br/0690331887,Biophysical Journal [omid:br/061505620 issn:0006-3495 issn:1542-0086 openalex:S98085912],omid:br/061086716,Journal Of Biological Chemistry [omid:br/06903738 doi:10.1074/jbc issn:0021-9258 issn:1083-351X openalex:S140251998],2015-02,True,False,Outgoing,"['00063495', '15420086']","['00219258', '1083351X']","Biochemistry, Genetics and Molecular Biology",Biophysics (Q1),,,"Biochemistry, Genetics and Molecular Biology",Biochemistry (Q1); Cell Biology (Q1); Molecular Biology (Q1),QD415-436,Science: Chemistry: Organic chemistry: Biochemistry
oci:0650726825-06240707976,omid:br/0650726825,Tetrahedron Letters [omid:br/061015904 issn:0040-4039 openalex:S133942674],omid:br/06240707976,Tetrahedron Letters [omid:br/061015904 issn:0040-4039 openalex:S133942674],2014-08,False,True,Incoming,['00404039'],['00404039'],"Biochemistry, Genetics and Molecular Biology; Chemistry; Pharmacology, Toxicology and Pharmaceutics",Organic Chemistry (Q3); Biochemistry (Q4); Drug Discovery (Q4),,,"Biochemistry, Genetics and Molecular Biology; Chemistry; Pharmacology, Toxicology and Pharmaceutics",Organic Chemistry (Q3); Biochemistry (Q4); Drug Discovery (Q4),,
oci:06801657189-06190125142,omid:br/06801657189,The Journal Of Chemical Physics [omid:br/067037880 issn:0021-9606 issn:1089-7690 openalex:S77047749],omid:br/06190125142,Chemical Physics Letters [omid:br/062302564 issn:0009-2614 openalex:S44567922],2019-05-07,False,True,Incoming,"['00219606', '10897690']",['00092614'],Chemistry; Medicine; Physics and Astronomy,Physical and Theoretical Chemistry (Q1); Physics and Astronomy (miscellaneous) (Q1); Medicine (miscellaneous) (Q2),,,Chemistry; Physics and Astronomy,Physical and Theoretical Chemistry (Q2); Physics and Astronomy (miscellaneous) (Q2),,
oci:06102204916-06602191212,omid:br/06102204916,Monthly Notices Of The Royal Astronomical Society [omid:br/067041753 doi:10.1111/(issn)1365-2966 issn:0035-8711 issn:1365-2966 openalex:S195663288],omid:br/06602191212,Monthly Notices Of The Royal Astronomical Society [omid:br/067041753 doi:10.1111/(issn)1365-2966 issn:0035-8711 issn:1365-2966 openalex:S195663288],2018-07-14,False,True,Incoming,"['13652966', '00358711', '13652966']","['13652966', '00358711', '13652966']",Earth and Planetary Sciences; Physics and Astronomy,Astronomy and Astrophysics (Q1); Space and Planetary Science (Q1),QB1-991,Science: Astronomy,Earth and Planetary Sciences; Physics and Astronomy,Astronomy and Astrophysics (Q1); Space and Planetary Science (Q1),QB1-991,Science: Astronomy
oci:0670783244-0630241505,omid:br/0670783244,Interdisciplinary Toxicology [omid:br/0670783540 issn:1337-6853 issn:1337-9569 openalex:S85932840],omid:br/0630241505,Journal Of Medicinal Chemistry [omid:br/061804490 issn:0022-2623 issn:0095-9065 issn:1520-4804],2011,False,True,Incoming,"['13376853', '13379569']","['00222623', '00959065', '15204804']","Environmental Science; Pharmacology, Toxicology and Pharmaceutics","Health, Toxicology and Mutagenesis; Pharmacology; Toxicology",,,"Biochemistry, Genetics and Molecular Biology; Pharmacology, Toxicology and Pharmaceutics",Drug Discovery (Q1); Molecular Medicine (Q1),,
oci:061302688994-062301418995,omid:br/061302688994,Biochemical And Biophysical Research Communications [omid:br/0624052985 issn:0006-291X issn:1090-2104 openalex:S151589183],omid:br/062301418995,Andrology [omid:br/0622010132 issn:2047-2919 issn:2047-2927],2018-09,True,False,Outgoing,"['0006291X', '10902104']","['20472919', '20472927']","Biochemistry, Genetics and Molecular Biology",Biochemistry (Q2); Biophysics (Q2); Cell Biology (Q3); Molecular Biology (Q3),,,"Biochemistry, Genetics and Molecular Biology; Medicine","Reproductive Medicine (Q1); Urology (Q1); Endocrinology (Q2); Endocrinology, Diabetes and Metabolism (Q2)",,
oci:06170504158-06601835047,omid:br/06170504158,Journal Of Instrumentation [omid:br/064010524 doi:10.1088/1748-0221 issn:1748-0221 openalex:S116045149],omid:br/06601835047,Journal Of High Energy Physics [omid:br/062038872 issn:1029-8479 issn:1126-6708 openalex:S187585107],2017-02-22,True,False,Outgoing,"['17480221', '17480221']","['10298479', '11266708']",Mathematics; Physics and Astronomy,Instrumentation (Q3); Mathematical Physics (Q3),,,Physics and Astronomy,Nuclear and High Energy Physics (Q2),QC770-798,Science: Physics: Nuclear and particle physics. Atomic energy. Radioactivity
oci:06130573174-0620566984,omid:br/06130573174,Journal Of Physics: Conference Series [omid:br/061011806 doi:10.1088/issn.1742-6596 issn:1742-6588 issn:1742-6596],omid:br/0620566984,Physical Review D [omid:br/062509685 issn:2470-0010 issn:2470-0029 openalex:S4210238307],2017-07,True,False,Outgoing,"['17426596', '17426588', '17426596']","['24700010', '24700029']",Physics and Astronomy,Physics and Astronomy (miscellaneous),,,Physics and Astronomy,Nuclear and High Energy Physics (Q1); Physics and Astronomy (miscellaneous) (Q1),,
oci:06150608957-06302398915,omid:br/06150608957,Analytical And Bioanalytical Chemistry [omid:br/068013569 issn:0016-1152 issn:0398-981X issn:0937-0633 issn:1432-1130 issn:1618-2642 issn:1618-2650],omid:br/06302398915,Neuron [omid:br/0617045410 issn:0896-6273 openalex:S45757444],2008-11-26,True,False,Outgoing,"['00161152', '0398981X', '09370633', '14321130', '16182642', '16182650']",['08966273'],"Biochemistry, Genetics and Molecular Biology; Chemistry",Analytical Chemistry (Q2); Biochemistry (Q2),,,Neuroscience,Neuroscience (miscellaneous) (Q1),,
oci:062301650137-061501653638,omid:br/062301650137,The Journal Of Chemical Physics [omid:br/067037880 issn:0021-9606 issn:1089-7690 openalex:S77047749],omid:br/061501653638,The Journal Of Chemical Physics [omid:br/067037880 issn:0021-9606 issn:1089-7690 openalex:S77047749],2013-10-21,False,True,Incoming,"['00219606', '10897690']","['00219606', '10897690']",Chemistry; Medicine; Physics and Astronomy,Physical and Theoretical Chemistry (Q1); Physics and Astronomy (miscellaneous) (Q1); Medicine (miscellaneous) (Q2),,,Chemistry; Medicine; Physics and Astronomy,Physical and Theoretical Chemistry (Q1); Physics and Astronomy (miscellaneous) (Q1); Medicine (miscellaneous) (Q2),,
oci:06503307691-06220441835,omid:br/06503307691,International Politics [omid:br/06503308476 issn:1384-5748 issn:1740-3898 openalex:S157128309],omid:br/06220441835,Swiss Political Science Review [omid:br/06220441752 doi:10.1002/(issn)1662-6370 issn:1424-7755 issn:1662-6370 openalex:S182323184],2020-07-16,False,True,Incoming,"['13845748', '17403898']","['16626370', '14247755', '16626370']",Social Sciences,"Political Science and International Relations (Q1); Geography, Planning and Development (Q2)",,,Social Sciences,Political Science and International Relations (Q1),,
oci:061104457884-06203722978,omid:br/061104457884,ChemPhysChem [omid:br/068057334 doi:10.1002/(issn)1439-7641 issn:1439-4235 issn:1439-7641 openalex:S169445072],omid:br/06203722978,Powder Diffraction [omid:br/0621066011 issn:0885-7156 issn:1945-7413 openalex:S197027301],2024-07-02,True,False,Outgoing,"['14397641', '14394235', '14397641']","['08857156', '19457413']",Chemistry; Physics and Astronomy,"Atomic and Molecular Physics, and Optics (Q2); Physical and Theoretical Chemistry (Q2)",,,Materials Science; Physics and Astronomy,Condensed Matter Physics (Q2); Instrumentation (Q2); Materials Science (miscellaneous) (Q2); Radiation (Q2),,
oci:06180566744-06203727249,omid:br/06180566744,Physical Review D [omid:br/062509685 issn:2470-0010 issn:2470-0029 openalex:S4210238307],omid:br/06203727249,Nature Physics [omid:br/0622061045 issn:1745-2473 issn:1745-2481 openalex:S156274416],2018-11-12,False,True,Incoming,"['24700010', '24700029']","['17452473', '17452481']",Physics and Astronomy,Nuclear and High Energy Physics (Q1); Physics and Astronomy (miscellaneous) (Q1),,,Physics and Astronomy,Physics and Astronomy (miscellaneous) (Q1),,
oci:062501843238-06901674793,omid:br/062501843238,The Journal Of Physical Chemistry A [omid:br/0621041077 issn:1089-5639 issn:1520-5215 openalex:S146709414],omid:br/06901674793,The Journal Of Chemical Physics [omid:br/067037880 issn:0021-9606 issn:1089-7690 openalex:S77047749],2016-09-21,False,True,Incoming,"['10895639', '15205215']","['00219606', '10897690']",Chemistry; Medicine,Medicine (miscellaneous) (Q2); Physical and Theoretical Chemistry (Q2),,,Chemistry; Medicine; Physics and Astronomy,Physical and Theoretical Chemistry (Q1); Physics and Astronomy (miscellaneous) (Q1); Medicine (miscellaneous) (Q2),,
oci:06240674415-062101671235,omid:br/06240674415,Hydrobiologia [omid:br/0618015052 issn:0018-8158 issn:1573-5117 openalex:S4210238371],omid:br/062101671235,Developmental Biology [omid:br/0616042678 issn:0012-1606 openalex:S136634221],2017-07-10,False,True,Incoming,"['00188158', '15735117']",['00121606'],Agricultural and Biological Sciences,Aquatic Science (Q1),,,"Biochemistry, Genetics and Molecular Biology",Cell Biology (Q2); Developmental Biology (Q2); Molecular Biology (Q2),,
oci:06301849341-06601833288,omid:br/06301849341,Journal Of Cosmology And Astroparticle Physics [omid:br/062039004 issn:1475-7508 issn:1475-7516 openalex:S120662888],omid:br/06601833288,Journal Of High Energy Physics [omid:br/062038872 issn:1029-8479 issn:1126-6708 openalex:S187585107],2020-03-27,False,True,Incoming,"['14757508', '14757516']","['10298479', '11266708']",Physics and Astronomy,Astronomy and Astrophysics (Q2),,,Physics and Astronomy,Nuclear and High Energy Physics (Q2),QC770-798,Science: Physics: Nuclear and particle physics. Atomic energy. Radioactivity
oci:06160717241-06203037252,omid:br/06160717241,Nanoscale [omid:br/0626023148 doi:10.1039/2040-3372/2009 issn:2040-3364 issn:2040-3372 openalex:S23181512],omid:br/06203037252,Scientific Reports [omid:br/0616055349 issn:2045-2322 openalex:S196734849],2015,True,False,Outgoing,"['20403372', '20403364', '20403372']",['20452322'],Materials Science,Materials Science (miscellaneous) (Q1); Nanoscience and Nanotechnology (Q2),,,Multidisciplinary,Multidisciplinary (Q1),R|Q,Medicine | Science
oci:06110514968-061601660487,omid:br/06110514968,Physical Chemistry Chemical Physics [omid:br/064010713 issn:1463-9076 issn:1463-9084 openalex:S181332294],omid:br/061601660487,The Journal Of Chemical Physics [omid:br/067037880 issn:0021-9606 issn:1089-7690 openalex:S77047749],2022,True,False,Outgoing,"['14639076', '14639084']","['00219606', '10897690']",Chemistry; Physics and Astronomy,Physical and Theoretical Chemistry (Q2); Physics and Astronomy (miscellaneous) (Q2),,,Chemistry; Medicine; Physics and Astronomy,Physical and Theoretical Chemistry (Q1); Physics and Astronomy (miscellaneous) (Q1); Medicine (miscellaneous) (Q2),,
oci:0690370949-06101198103,omid:br/0690370949,Critical Sociology [omid:br/06407298 issn:0896-9205 issn:1569-1632 openalex:S80823180],omid:br/06101198103,"Work, Employment And Society [omid:br/069033078 issn:0950-0170 issn:1469-8722 openalex:S60510972]",2022-04-08,False,True,Incoming,"['08969205', '15691632']","['09500170', '14698722']",Social Sciences,Sociology and Political Science (Q1),,,"Business, Management and Accounting; Economics, Econometrics and Finance; Social Sciences",Accounting (Q1); Economics and Econometrics (Q1); Organizational Behavior and Human Resource Management (Q1); Sociology and Political Science (Q1),,
oci:0680251962-06604071363,omid:br/0680251962,Journal Of Molecular Biology [omid:br/061905469 issn:0022-2836 issn:1089-8638 openalex:S46058472],omid:br/06604071363,FEBS Letters [omid:br/068035745 issn:0014-5793 issn:1873-3468 openalex:S104830714],1999-07,True,False,Outgoing,"['00222836', '10898638']","['00145793', '18733468']","Biochemistry, Genetics and Molecular Biology",Biophysics (Q1); Molecular Biology (Q1); Structural Biology (Q1),,,"Biochemistry, Genetics and Molecular Biology",Biochemistry (Q1); Biophysics (Q1); Cell Biology (Q2); Genetics (Q2); Molecular Biology (Q2); Structural Biology (Q2),,
oci:061701819113-062401708803,omid:br/061701819113,Monthly Notices Of The Royal Astronomical Society [omid:br/067041753 doi:10.1111/(issn)1365-2966 issn:0035-8711 issn:1365-2966 openalex:S195663288],omid:br/062401708803,Publications Of The Astronomical Society Of The Pacific [omid:br/063038054 issn:0004-6280 issn:1538-3873 openalex:S82835231],2020-12-02,False,True,Incoming,"['13652966', '00358711', '13652966']","['00046280', '15383873']",Earth and Planetary Sciences; Physics and Astronomy,Astronomy and Astrophysics (Q1); Space and Planetary Science (Q1),QB1-991,Science: Astronomy,Earth and Planetary Sciences; Physics and Astronomy,Astronomy and Astrophysics (Q1); Space and Planetary Science (Q1),,
oci:0620976945-062301186637,omid:br/0620976945,RSC Advances [omid:br/0624020400 issn:2046-2069 openalex:S2481244646],omid:br/062301186637,Mini-Reviews In Medicinal Chemistry [omid:br/062027129 issn:1389-5575 openalex:S162475533],2013,False,True,Incoming,['20462069'],['13895575'],Chemical Engineering; Chemistry,Chemical Engineering (miscellaneous) (Q1); Chemistry (miscellaneous) (Q1),QD1-999,Science: Chemistry,"Biochemistry, Genetics and Molecular Biology; Medicine; Pharmacology, Toxicology and Pharmaceutics",Drug Discovery (Q2); Medicine (miscellaneous) (Q2); Pharmacology (Q2); Cancer Research (Q3); Molecular Medicine (Q3),,
oci:062302033511-06160512500,omid:br/062302033511,Frontiers In Astronomy And Space Sciences [omid:br/062302033984 issn:2296-987X openalex:S2595849600],omid:br/06160512500,Physical Chemistry Chemical Physics [omid:br/064010713 issn:1463-9076 issn:1463-9084 openalex:S181332294],2021-05-31,True,False,Outgoing,['2296987X'],"['14639076', '14639084']",Physics and Astronomy,Astronomy and Astrophysics (Q2),QB1-991|QC801-809,Science: Astronomy | Science: Physics: Geophysics. Cosmic physics,Chemistry; Physics and Astronomy,Physical and Theoretical Chemistry (Q2); Physics and Astronomy (miscellaneous) (Q2),,
oci:062201278413-062102032422,omid:br/062201278413,Proceedings Of The Royal Society Of Edinburgh: Section A Mathematics [omid:br/0613029103 issn:0308-2105 issn:1473-7124 openalex:S4210171405],omid:br/062102032422,Archive For Rational Mechanics And Analysis [omid:br/0622042351 issn:0003-9527 issn:0019-9710 issn:1432-0673],2015-07-08,True,False,Outgoing,"['03082105', '14737124']","['00039527', '00199710', '14320673']",Mathematics,Mathematics (miscellaneous) (Q1),,,Engineering; Mathematics,Analysis (Q1); Mathematics (miscellaneous) (Q1); Mechanical Engineering (Q1),,
oci:06240504473-06150117935,omid:br/06240504473,Physical Chemistry Chemical Physics [omid:br/064010713 issn:1463-9076 issn:1463-9084 openalex:S181332294],omid:br/06150117935,Chemical Physics Letters [omid:br/062302564 issn:0009-2614 openalex:S44567922],2006,False,True,Incoming,"['14639076', '14639084']",['00092614'],Chemistry; Physics and Astronomy,Physical and Theoretical Chemistry (Q2); Physics and Astronomy (miscellaneous) (Q2),,,Chemistry; Physics and Astronomy,Physical and Theoretical Chemistry (Q2); Physics and Astronomy (miscellaneous) (Q2),,
oci:0606611841-061802029752,omid:br/0606611841,Quantum [omid:br/06902023209 doi:10.22331/q issn:2521-327X openalex:S4210226432],omid:br/061802029752,Physical Review X [omid:br/0619047744 issn:2160-3308 openalex:S137042341],2024-12-10,True,False,Outgoing,['2521327X'],['21603308'],Physics and Astronomy,"Atomic and Molecular Physics, and Optics (Q1); Physics and Astronomy (miscellaneous) (Q1)",QC1-999,Science: Physics,Physics and Astronomy,Physics and Astronomy (miscellaneous) (Q1),QC1-999,Science: Physics
oci:06602771297-06220240701,omid:br/06602771297,ACS Sustainable Chemistry & Engineering [omid:br/068052967 issn:2168-0485 openalex:S2502047864],omid:br/06220240701,Journal Of Medicinal Chemistry [omid:br/061804490 issn:0022-2623 issn:0095-9065 issn:1520-4804],2020-08-11,False,True,Incoming,['21680485'],"['00222623', '00959065', '15204804']",Chemical Engineering; Chemistry; Energy; Environmental Science,"Chemical Engineering (miscellaneous) (Q1); Chemistry (miscellaneous) (Q1); Environmental Chemistry (Q1); Renewable Energy, Sustainability and the Environment (Q1)",,,"Biochemistry, Genetics and Molecular Biology; Pharmacology, Toxicology and Pharmaceutics",Drug Discovery (Q1); Molecular Medicine (Q1),,
oci:06201834241-061902057589,omid:br/06201834241,Journal Of High Energy Physics [omid:br/062038872 issn:1029-8479 issn:1126-6708 openalex:S187585107],omid:br/061902057589,Physical Review Letters [omid:br/063044243 issn:0031-9007 issn:1079-7114 openalex:S24807848],2013-09,False,True,Incoming,"['10298479', '11266708']","['00319007', '10797114']",Physics and Astronomy,Nuclear and High Energy Physics (Q2),QC770-798,Science: Physics: Nuclear and particle physics. Atomic energy. Radioactivity,Physics and Astronomy,Physics and Astronomy (miscellaneous) (Q1),,
oci:06101414635-062401304634,omid:br/06101414635,Reviews Of Modern Physics [omid:br/0624030091 issn:0034-6861 issn:1539-0756 openalex:S73260565],omid:br/062401304634,Physical Review A [omid:br/061032719 issn:1050-2947 issn:1094-1622 openalex:S164566984],2014-12-10,False,True,Incoming,"['00346861', '15390756']","['10502947', '10941622']",Physics and Astronomy,Physics and Astronomy (miscellaneous) (Q1),,,,,,
oci:061303901231-06170620250,omid:br/061303901231,Monthly Notices Of The Royal Astronomical Society [omid:br/067041753 doi:10.1111/(issn)1365-2966 issn:0035-8711 issn:1365-2966 openalex:S195663288],omid:br/06170620250,Monthly Notices Of The Royal Astronomical Society: Letters [omid:br/0616012575 issn:1745-3925 issn:1745-3933 openalex:S2734515570],2023-02-09,True,False,Outgoing,"['13652966', '00358711', '13652966']","['17453925', '17453933']",Earth and Planetary Sciences; Physics and Astronomy,Astronomy and Astrophysics (Q1); Space and Planetary Science (Q1),QB1-991,Science: Astronomy,Earth and Planetary Sciences; Physics and Astronomy,Astronomy and Astrophysics (Q1); Space and Planetary Science (Q1),,
oci:06101804568-06260641193,omid:br/06101804568,Physical Review B [omid:br/0619043761 issn:2469-9950 issn:2469-9969 openalex:S4210237713],omid:br/06260641193,Physical Review B [omid:br/0616012786 issn:0163-1829 issn:1095-3795 issn:1098-0121 issn:1550-235X],2019-06-13,False,True,Incoming,"['24699950', '24699969']","['01631829', '10953795', '10980121', '1550235X']",Materials Science; Physics and Astronomy,"Condensed Matter Physics (Q1); Electronic, Optical and Magnetic Materials (Q1)",,,,,,
oci:062203073717-061901907764,omid:br/062203073717,Faraday Discussions [omid:br/065057865 issn:1359-6640 issn:1364-5498 openalex:S193234216],omid:br/061901907764,Icarus [omid:br/0611046261 issn:0019-1035 openalex:S172501725],2010,True,False,Outgoing,"['13596640', '13645498']",['00191035'],Chemistry; Medicine,Medicine (miscellaneous) (Q1); Physical and Theoretical Chemistry (Q1),,,Earth and Planetary Sciences; Physics and Astronomy,Astronomy and Astrophysics (Q1); Space and Planetary Science (Q2),,
oci:061303880645-061501920328,omid:br/061303880645,Physics Letters B [omid:br/0626059839 issn:0370-2693 openalex:S173952182],omid:br/061501920328,Reviews In Mathematical Physics [omid:br/061501921324 issn:0129-055X issn:1793-6659 openalex:S118162903],2023-09,False,True,Incoming,['03702693'],"['0129055X', '17936659']",Physics and Astronomy,Nuclear and High Energy Physics (Q1),QC1-999,Science: Physics,Mathematics; Physics and Astronomy,Mathematical Physics (Q2); Statistical and Nonlinear Physics (Q2),,
oci:062103416289-061902037482,omid:br/062103416289,Archive For Rational Mechanics And Analysis [omid:br/0622042351 issn:0003-9527 issn:0019-9710 issn:1432-0673],omid:br/061902037482,Archive For Rational Mechanics And Analysis [omid:br/0622042351 issn:0003-9527 issn:0019-9710 issn:1432-0673],2022-09-02,False,True,Incoming,"['00039527', '00199710', '14320673']","['00039527', '00199710', '14320673']",Engineering; Mathematics,Analysis (Q1); Mathematics (miscellaneous) (Q1); Mechanical Engineering (Q1),,,Engineering; Mathematics,Analysis (Q1); Mathematics (miscellaneous) (Q1); Mechanical Engineering (Q1),,
oci:06401444876-06202825405,omid:br/06401444876,Physical Review D [omid:br/066033919 issn:1550-2368 issn:1550-7998 openalex:S4210210554],omid:br/06202825405,Physics Reports [omid:br/0625047923 issn:0370-1573 openalex:S48633963],2012-11-08,False,True,Incoming,"['15502368', '15507998']",['03701573'],,,,,Physics and Astronomy,Physics and Astronomy (miscellaneous) (Q1),,
oci:06210624320-061801842692,omid:br/06210624320,Physical Review B [omid:br/0616012786 issn:0163-1829 issn:1095-3795 issn:1098-0121 issn:1550-235X],omid:br/061801842692,Nature Photonics [omid:br/0621041052 issn:1749-4885 issn:1749-4893 openalex:S120392215],2013-05-06,False,True,Incoming,"['01631829', '10953795', '10980121', '1550235X']","['17494885', '17494893']",,,,,Materials Science; Physics and Astronomy,"Atomic and Molecular Physics, and Optics (Q1); Electronic, Optical and Magnetic Materials (Q1)",,
oci:06270432326-061201664626,omid:br/06270432326,Physics Letters B [omid:br/0626059839 issn:0370-2693 openalex:S173952182],omid:br/061201664626,Zeitschrift Für Physik C Particles And Fields [omid:br/0612035595 issn:0170-9739 issn:1431-5858 issn:1434-6044 issn:1434-6052],2024-09,False,True,Incoming,['03702693'],"['01709739', '14315858', '14346044', '14346052']",Physics and Astronomy,Nuclear and High Energy Physics (Q1),QC1-999,Science: Physics,Engineering; Physics and Astronomy,Engineering (miscellaneous) (Q1); Physics and Astronomy (miscellaneous) (Q1),QB460-466|QC770-798,Science: Astronomy: Astrophysics | Science: Physics: Nuclear and particle physics. Atomic energy. Radioactivity
oci:06220659511-06401753917,omid:br/06220659511,Chinese Physics C [omid:br/064014073 issn:1674-1137 issn:2058-6132 openalex:S959143335],omid:br/06401753917,Physical Review C [omid:br/067039453 issn:0556-2813 issn:1089-490X openalex:S4210168441],2012-11,False,True,Incoming,"['16741137', '20586132']","['05562813', '1089490X']",Physics and Astronomy,Instrumentation (Q1); Astronomy and Astrophysics (Q2); Nuclear and High Energy Physics (Q2),,,,,,
oci:0650567731-062602086171,omid:br/0650567731,Physical Review D [omid:br/062509685 issn:2470-0010 issn:2470-0029 openalex:S4210238307],omid:br/062602086171,Physical Review Letters [omid:br/063044243 issn:0031-9007 issn:1079-7114 openalex:S24807848],2021-12-06,False,True,Incoming,"['24700010', '24700029']","['00319007', '10797114']",Physics and Astronomy,Nuclear and High Energy Physics (Q1); Physics and Astronomy (miscellaneous) (Q1),,,Physics and Astronomy,Physics and Astronomy (miscellaneous) (Q1),,
oci:06102279489-061803867587,omid:br/06102279489,The European Physical Journal Plus [omid:br/066043517 issn:2190-5444 openalex:S2500088085],omid:br/061803867587,Physics Letters B [omid:br/0626059839 issn:0370-2693 openalex:S173952182],2011-05,False,True,Incoming,['21905444'],['03702693'],Chemical Engineering; Physics and Astronomy,Fluid Flow and Transfer Processes (Q2); Physics and Astronomy (miscellaneous) (Q2),,,Physics and Astronomy,Nuclear and High Energy Physics (Q1),QC1-999,Science: Physics
oci:06330377354-06503470576,omid:br/06330377354,Journal Of High Energy Physics [omid:br/062038872 issn:1029-8479 issn:1126-6708 openalex:S187585107],omid:br/06503470576,"Philosophical Transactions Of The Royal Society Of London. Series A, Containing Papers Of A Mathematical Or Physical Character [omid:br/06503471592 issn:0264-3952 issn:2053-9258 openalex:S4210229272]",2023-10-06,True,False,Outgoing,"['10298479', '11266708']","['02643952', '20539258']",Physics and Astronomy,Nuclear and High Energy Physics (Q2),QC770-798,Science: Physics: Nuclear and particle physics. Atomic energy. Radioactivity,,,,
oci:061801652072-061901655521,omid:br/061801652072,The Journal Of Chemical Physics [omid:br/067037880 issn:0021-9606 issn:1089-7690 openalex:S77047749],omid:br/061901655521,The Journal Of Chemical Physics [omid:br/067037880 issn:0021-9606 issn:1089-7690 openalex:S77047749],2006-04-07,False,True,Incoming,"['00219606', '10897690']","['00219606', '10897690']",Chemistry; Medicine; Physics and Astronomy,Physical and Theoretical Chemistry (Q1); Physics and Astronomy (miscellaneous) (Q1); Medicine (miscellaneous) (Q2),,,Chemistry; Medicine; Physics and Astronomy,Physical and Theoretical Chemistry (Q1); Physics and Astronomy (miscellaneous) (Q1); Medicine (miscellaneous) (Q2),,
oci:061901814328-0690501037,omid:br/061901814328,Monthly Notices Of The Royal Astronomical Society [omid:br/067041753 doi:10.1111/(issn)1365-2966 issn:0035-8711 issn:1365-2966 openalex:S195663288],omid:br/0690501037,The Astrophysical Journal [omid:br/062408625 issn:2041-8205 issn:2041-8213 openalex:S4210175824],2020-06-01,False,True,Incoming,"['13652966', '00358711', '13652966']","['20418205', '20418213']",Earth and Planetary Sciences; Physics and Astronomy,Astronomy and Astrophysics (Q1); Space and Planetary Science (Q1),QB1-991,Science: Astronomy,Earth and Planetary Sciences; Physics and Astronomy,Astronomy and Astrophysics (Q1); Space and Planetary Science (Q1),QB460-466,Science: Astronomy: Astrophysics
oci:061401492046-061501225063,omid:br/061401492046,Analysis & PDE [omid:br/064053243 doi:10.2140/apde issn:1948-206X issn:2157-5045 openalex:S2477993565],omid:br/061501225063,Mathematische Annalen [omid:br/0619033637 issn:0025-5831 issn:1432-1807 openalex:S192217950],2015-05-10,True,False,Outgoing,"['1948206X', '21575045']","['00255831', '14321807']",Mathematics,Analysis (Q1); Applied Mathematics (Q1); Numerical Analysis (Q1),,,Mathematics,Mathematics (miscellaneous) (Q1),,
oci:06240322036-06260344020,omid:br/06240322036,Classical And Quantum Gravity [omid:br/061606259 issn:0264-9381 issn:1361-6382 openalex:S171172751],omid:br/06260344020,Classical And Quantum Gravity [omid:br/061606259 issn:0264-9381 issn:1361-6382 openalex:S171172751],2011-05-20,True,False,Outgoing,"['02649381', '13616382']","['02649381', '13616382']",Physics and Astronomy,Physics and Astronomy (miscellaneous) (Q1),,,Physics and Astronomy,Physics and Astronomy (miscellaneous) (Q1),,
oci:06401864932-06101866485,omid:br/06401864932,Journal Of Cosmology And Astroparticle Physics [omid:br/062039004 issn:1475-7508 issn:1475-7516 openalex:S120662888],omid:br/06101866485,Journal Of Cosmology And Astroparticle Physics [omid:br/062039004 issn:1475-7508 issn:1475-7516 openalex:S120662888],2019-02-15,False,True,Incoming,"['14757508', '14757516']","['14757508', '14757516']",Physics and Astronomy,Astronomy and Astrophysics (Q2),,,Physics and Astronomy,Astronomy and Astrophysics (Q2),,
oci:062301845305-062101644599,omid:br/062301845305,The Journal Of Physical Chemistry A [omid:br/0621041077 issn:1089-5639 issn:1520-5215 openalex:S146709414],omid:br/062101644599,The Journal Of Chemical Physics [omid:br/067037880 issn:0021-9606 issn:1089-7690 openalex:S77047749],2017-11-16,False,True,Incoming,"['10895639', '15205215']","['00219606', '10897690']",Chemistry; Medicine,Medicine (miscellaneous) (Q2); Physical and Theoretical Chemistry (Q2),,,Chemistry; Medicine; Physics and Astronomy,Physical and Theoretical Chemistry (Q1); Physics and Astronomy (miscellaneous) (Q1); Medicine (miscellaneous) (Q2),,
oci:061801808350-061601731149,omid:br/061801808350,Monthly Notices Of The Royal Astronomical Society [omid:br/067041753 doi:10.1111/(issn)1365-2966 issn:0035-8711 issn:1365-2966 openalex:S195663288],omid:br/061601731149,Astronomy & Astrophysics [omid:br/064040455 issn:0004-6361 issn:1432-0746 openalex:S205231332],2020-11-05,False,True,Incoming,"['13652966', '00358711', '13652966']","['00046361', '14320746']",Earth and Planetary Sciences; Physics and Astronomy,Astronomy and Astrophysics (Q1); Space and Planetary Science (Q1),QB1-991,Science: Astronomy,Earth and Planetary Sciences; Physics and Astronomy,Astronomy and Astrophysics (Q1); Space and Planetary Science (Q1),QB1-991,Science: Astronomy
oci:06802828976-06202859710,omid:br/06802828976,Physics Letters B [omid:br/0626059839 issn:0370-2693 openalex:S173952182],omid:br/06202859710,Nuclear Physics B [omid:br/069057982 issn:0550-3213 issn:1873-1562 openalex:S4210194812],2016-07,True,False,Outgoing,['03702693'],"['05503213', '18731562']",Physics and Astronomy,Nuclear and High Energy Physics (Q1),QC1-999,Science: Physics,Physics and Astronomy,Nuclear and High Energy Physics (Q2),QC770-798,Science: Physics: Nuclear and particle physics. Atomic energy. Radioactivity
oci:06220144741-061702622356,omid:br/06220144741,The Rangeland Journal [omid:br/06202802 issn:1036-9872 issn:1834-7541 openalex:S75507510],omid:br/061702622356,Scientific Reports [omid:br/0616055349 issn:2045-2322 openalex:S196734849],2017,False,True,Incoming,"['10369872', '18347541']",['20452322'],Agricultural and Biological Sciences; Environmental Science,"Ecology (Q2); Ecology, Evolution, Behavior and Systematics (Q2)",,,Multidisciplinary,Multidisciplinary (Q1),R|Q,Medicine | Science
oci:06210765347-0630938134,omid:br/06210765347,HIV Medicine [omid:br/067030253 issn:1464-2662 issn:1468-1293 openalex:S56736983],omid:br/0630938134,Endocrinology [omid:br/064022559 issn:0013-7227 issn:1945-7170 openalex:S157527038],1993-10,False,True,Incoming,"['14642662', '14681293']","['00137227', '19457170']",Medicine,Health Policy (Q1); Infectious Diseases (Q1); Pharmacology (medical) (Q1),,,"Biochemistry, Genetics and Molecular Biology",Endocrinology (Q2),,
oci:06702811703-061401718036,omid:br/06702811703,Physics Letters B [omid:br/0626059839 issn:0370-2693 openalex:S173952182],omid:br/061401718036,Physical Review D [omid:br/067039535 issn:0556-2821 issn:1089-4918 openalex:S4210190737],2017-12,True,False,Outgoing,['03702693'],"['05562821', '10894918']",Physics and Astronomy,Nuclear and High Energy Physics (Q1),QC1-999,Science: Physics,,,,
oci:061801580110-061601741609,omid:br/061801580110,Desalination And Water Treatment [omid:br/068033569 issn:1944-3986 issn:1944-3994 openalex:S124203677],omid:br/061601741609,Physical Review D [omid:br/067039535 issn:0556-2821 issn:1089-4918 openalex:S4210190737],2015,True,False,Outgoing,"['19443986', '19443994']","['05562821', '10894918']",Engineering; Environmental Science,Ocean Engineering (Q2); Pollution (Q2); Water Science and Technology (Q2),TD1-1066|QH540-549.5,Technology: Environmental technology. Sanitary engineering | Science: Biology (General): Ecology,,,,
oci:062101902491-06220518373,omid:br/062101902491,Photonics [omid:br/0611045979 issn:2304-6732 openalex:S2738274844],omid:br/06220518373,Applied Physics Letters [omid:br/067011551 issn:0003-6951 issn:1077-3118 openalex:S105243760],2019-04-01,False,True,Incoming,['23046732'],"['00036951', '10773118']",Medicine; Physics and Astronomy,"Atomic and Molecular Physics, and Optics (Q2); Instrumentation (Q2); Radiology, Nuclear Medicine and Imaging (Q3)",TA1501-1820,Technology: Engineering (General). Civil engineering (General): Applied optics. Photonics,Physics and Astronomy,Physics and Astronomy (miscellaneous) (Q1),,
oci:06160419546-062401887987,omid:br/06160419546,Physica E: Low-dimensional Systems And Nanostructures [omid:br/061908653 issn:1386-9477 issn:1873-1759 openalex:S23074404],omid:br/062401887987,Annual Review Of Condensed Matter Physics [omid:br/062401888201 issn:1947-5454 issn:1947-5462 openalex:S185750702],2016-01,True,False,Outgoing,"['13869477', '18731759']","['19475454', '19475462']",Materials Science; Physics and Astronomy,"Atomic and Molecular Physics, and Optics (Q2); Condensed Matter Physics (Q2); Electronic, Optical and Magnetic Materials (Q3); Nanoscience and Nanotechnology (Q3)",,,Materials Science; Physics and Astronomy,Condensed Matter Physics (Q1); Materials Science (miscellaneous) (Q1),,
oci:061303118662-061702069600,omid:br/061303118662,Optics Express [omid:br/067065710 issn:1094-4087 openalex:S178776955],omid:br/061702069600,Physical Review Letters [omid:br/063044243 issn:0031-9007 issn:1079-7114 openalex:S24807848],2015-02-03,True,False,Outgoing,['10944087'],"['00319007', '10797114']",Physics and Astronomy,"Atomic and Molecular Physics, and Optics (Q1)",TA1501-1820|QC350-467,Technology: Engineering (General). Civil engineering (General): Applied optics. Photonics | Science: Physics: Optics. Light,Physics and Astronomy,Physics and Astronomy (miscellaneous) (Q1),,
oci:06601430015-06220342773,omid:br/06601430015,Molecules [omid:br/065030790 issn:1420-3049 openalex:S108911230],omid:br/06220342773,Nature [omid:br/0626016512 issn:0028-0836 issn:1465-7392 issn:1476-4679 issn:1476-4687 issn:1744-7933],2019-05-02,True,False,Outgoing,['14203049'],"['00280836', '14657392', '14764679', '14764687', '17447933']","Biochemistry, Genetics and Molecular Biology; Chemistry; Medicine; Pharmacology, Toxicology and Pharmaceutics",Analytical Chemistry (Q1); Chemistry (miscellaneous) (Q1); Medicine (miscellaneous) (Q1); Organic Chemistry (Q1); Pharmaceutical Science (Q1); Physical and Theoretical Chemistry (Q1); Drug Discovery (Q2); Molecular Medicine (Q2),QD241-441,Science: Chemistry: Organic chemistry,Multidisciplinary,Multidisciplinary (Q1),,
oci:061101433445-06903524382,omid:br/061101433445,Physical Review D [omid:br/066033919 issn:1550-2368 issn:1550-7998 openalex:S4210210554],omid:br/06903524382,Physical Review Letters [omid:br/063044243 issn:0031-9007 issn:1079-7114 openalex:S24807848],2011-02-03,True,False,Outgoing,"['15502368', '15507998']","['00319007', '10797114']",,,,,Physics and Astronomy,Physics and Astronomy (miscellaneous) (Q1),,
oci:0680805891-06403467769,omid:br/0680805891,Biochimica Et Biophysica Acta (BBA) - General Subjects [omid:br/069021631 issn:0304-4165 openalex:S4210238601],omid:br/06403467769,Biochemical Journal [omid:br/0615062436 issn:0264-6021 issn:1470-8728 openalex:S44425019],1990-03,True,False,Outgoing,['03044165'],"['02646021', '14708728']","Biochemistry, Genetics and Molecular Biology",Biochemistry (Q2); Biophysics (Q2); Molecular Biology (Q3),,,"Biochemistry, Genetics and Molecular Biology",Biochemistry (Q1); Molecular Biology (Q1); Cell Biology (Q2),,
oci:061402610524-061901735713,omid:br/061402610524,Physics Letters A [omid:br/0621051055 issn:0375-9601],omid:br/061901735713,Physical Review D [omid:br/067039535 issn:0556-2821 issn:1089-4918 openalex:S4210190737],1998-06,False,True,Incoming,['03759601'],"['05562821', '10894918']",Physics and Astronomy,Physics and Astronomy (miscellaneous) (Q2),,,,,,
oci:06201832288-06101850854,omid:br/06201832288,Journal Of High Energy Physics [omid:br/062038872 issn:1029-8479 issn:1126-6708 openalex:S187585107],omid:br/06101850854,Journal Of High Energy Physics [omid:br/062038872 issn:1029-8479 issn:1126-6708 openalex:S187585107],2021-01,True,False,Outgoing,"['10298479', '11266708']","['10298479', '11266708']",Physics and Astronomy,Nuclear and High Energy Physics (Q2),QC770-798,Science: Physics: Nuclear and particle physics. Atomic energy. Radioactivity,Physics and Astronomy,Nuclear and High Energy Physics (Q2),QC770-798,Science: Physics: Nuclear and particle physics. Atomic energy. Radioactivity
oci:062503433977-062201916928,omid:br/062503433977,BMC Psychiatry [omid:br/06708728 issn:1471-244X openalex:S94610253],omid:br/062201916928,International Journal Of Data Science And Analytics [omid:br/062201918049 issn:2364-415X issn:2364-4168 openalex:S4210195017],2022-08-24,False,True,Incoming,['1471244X'],"['2364415X', '23644168']",Medicine,Psychiatry and Mental Health (Q1),RC435-571,Medicine: Internal medicine: Neurosciences. Biological psychiatry. Neuropsychiatry: Neurology. Diseases of the nervous system: Psychiatry,Computer Science; Mathematics,Applied Mathematics (Q1); Computational Theory and Mathematics (Q1); Computer Science Applications (Q1); Information Systems (Q1); Modeling and Simulation (Q1),,
oci:0610575388-061502066270,omid:br/0610575388,Physical Review D [omid:br/062509685 issn:2470-0010 issn:2470-0029 openalex:S4210238307],omid:br/061502066270,Physical Review Letters [omid:br/063044243 issn:0031-9007 issn:1079-7114 openalex:S24807848],2016-08-25,False,True,Incoming,"['24700010', '24700029']","['00319007', '10797114']",Physics and Astronomy,Nuclear and High Energy Physics (Q1); Physics and Astronomy (miscellaneous) (Q1),,,Physics and Astronomy,Physics and Astronomy (miscellaneous) (Q1),,
oci:061302056468-06220502402,omid:br/061302056468,Physical Review Letters [omid:br/063044243 issn:0031-9007 issn:1079-7114 openalex:S24807848],omid:br/06220502402,Journal Of Instrumentation [omid:br/064010524 doi:10.1088/1748-0221 issn:1748-0221 openalex:S116045149],2014-09-29,True,False,Outgoing,"['00319007', '10797114']","['17480221', '17480221']",Physics and Astronomy,Physics and Astronomy (miscellaneous) (Q1),,,Mathematics; Physics and Astronomy,Instrumentation (Q3); Mathematical Physics (Q3),,
oci:061401588038-06501688209,omid:br/061401588038,Computer Physics Communications [omid:br/0615037347 issn:0010-4655 openalex:S142305363],omid:br/06501688209,Zeitschrift Für Physik C Particles And Fields [omid:br/0612035595 issn:0170-9739 issn:1431-5858 issn:1434-6044 issn:1434-6052],2022-02,False,True,Incoming,['00104655'],"['01709739', '14315858', '14346044', '14346052']",Computer Science; Physics and Astronomy,Hardware and Architecture (Q1); Physics and Astronomy (miscellaneous) (Q1),,,Engineering; Physics and Astronomy,Engineering (miscellaneous) (Q1); Physics and Astronomy (miscellaneous) (Q1),QB460-466|QC770-798,Science: Astronomy: Astrophysics | Science: Physics: Nuclear and particle physics. Atomic energy. Radioactivity
oci:061403854363-06502864355,omid:br/061403854363,Zeitschrift Für Physik C Particles And Fields [omid:br/0612035595 issn:0170-9739 issn:1431-5858 issn:1434-6044 issn:1434-6052],omid:br/06502864355,Nuclear Physics B [omid:br/069057982 issn:0550-3213 issn:1873-1562 openalex:S4210194812],2023-08-11,True,False,Outgoing,"['01709739', '14315858', '14346044', '14346052']","['05503213', '18731562']",Engineering; Physics and Astronomy,Engineering (miscellaneous) (Q1); Physics and Astronomy (miscellaneous) (Q1),QB460-466|QC770-798,Science: Astronomy: Astrophysics | Science: Physics: Nuclear and particle physics. Atomic energy. Radioactivity,Physics and Astronomy,Nuclear and High Energy Physics (Q2),QC770-798,Science: Physics: Nuclear and particle physics. Atomic energy. Radioactivity
oci:06101848867-061501604288,omid:br/06101848867,Journal Of High Energy Physics [omid:br/062038872 issn:1029-8479 issn:1126-6708 openalex:S187585107],omid:br/061501604288,Computer Physics Communications [omid:br/0615037347 issn:0010-4655 openalex:S142305363],2021-02,True,False,Outgoing,"['10298479', '11266708']",['00104655'],Physics and Astronomy,Nuclear and High Energy Physics (Q2),QC770-798,Science: Physics: Nuclear and particle physics. Atomic energy. Radioactivity,Computer Science; Physics and Astronomy,Hardware and Architecture (Q1); Physics and Astronomy (miscellaneous) (Q1),,
oci:06402204679-06702848379,omid:br/06402204679,Monthly Notices Of The Royal Astronomical Society [omid:br/067041753 doi:10.1111/(issn)1365-2966 issn:0035-8711 issn:1365-2966 openalex:S195663288],omid:br/06702848379,Monthly Notices Of The Royal Astronomical Society [omid:br/067041753 doi:10.1111/(issn)1365-2966 issn:0035-8711 issn:1365-2966 openalex:S195663288],2017-10-23,False,True,Incoming,"['13652966', '00358711', '13652966']","['13652966', '00358711', '13652966']",Earth and Planetary Sciences; Physics and Astronomy,Astronomy and Astrophysics (Q1); Space and Planetary Science (Q1),QB1-991,Science: Astronomy,Earth and Planetary Sciences; Physics and Astronomy,Astronomy and Astrophysics (Q1); Space and Planetary Science (Q1),QB1-991,Science: Astronomy
oci:06320412496-06901834391,omid:br/06320412496,Advances In Biomarker Sciences And Technology [omid:br/06101096233 issn:2543-1064 openalex:S4210213593],omid:br/06901834391,Genes [omid:br/066042157 doi:10.3390/genes issn:2073-4425 openalex:S194631498],2024,False,True,Incoming,['25431064'],['20734425'],"Biochemistry, Genetics and Molecular Biology; Medicine",Biochemistry (medical) (Q3); Clinical Biochemistry (Q4); Molecular Medicine (Q4),RA1190-1270|TP248.13-248.65|QH301-705.5,Medicine: Public aspects of medicine: Toxicology. Poisons | Technology: Chemical technology: Biotechnology | Science: Biology (General),"Biochemistry, Genetics and Molecular Biology; Medicine",Genetics (Q2); Genetics (clinical) (Q2),,
oci:062102052161-061801843186,omid:br/062102052161,Physical Review Letters [omid:br/063044243 issn:0031-9007 issn:1079-7114 openalex:S24807848],omid:br/061801843186,Nature Photonics [omid:br/0621041052 issn:1749-4885 issn:1749-4893 openalex:S120392215],2021-04-27,False,True,Incoming,"['00319007', '10797114']","['17494885', '17494893']",Physics and Astronomy,Physics and Astronomy (miscellaneous) (Q1),,,Materials Science; Physics and Astronomy,"Atomic and Molecular Physics, and Optics (Q1); Electronic, Optical and Magnetic Materials (Q1)",,
oci:061403494464-06110493469,omid:br/061403494464,Modern Physics Letters A [omid:br/0614042645 issn:0217-7323 issn:1793-6632 openalex:S45468527],omid:br/06110493469,Science [omid:br/0619015403 doi:10.1126/science issn:0036-8075 issn:1095-9203 openalex:S3880285],2022-08-10,False,True,Incoming,"['02177323', '17936632']","['00368075', '10959203']",Physics and Astronomy,Astronomy and Astrophysics (Q3); Nuclear and High Energy Physics (Q3); Physics and Astronomy (miscellaneous) (Q3),,,Arts and Humanities; Multidisciplinary,History and Philosophy of Science (Q1); Multidisciplinary (Q1),,
oci:0606359293-06204399749,omid:br/0606359293,The Astrophysical Journal [omid:br/064040542 issn:0004-637X issn:1538-4357 openalex:S1980519],omid:br/06204399749,The Astrophysical Journal [omid:br/062408625 issn:2041-8205 issn:2041-8213 openalex:S4210175824],2024-12-30,False,True,Incoming,"['0004637X', '15384357']","['20418205', '20418213']",Earth and Planetary Sciences; Physics and Astronomy,Astronomy and Astrophysics (Q1); Space and Planetary Science (Q1),QB460-466,Science: Astronomy: Astrophysics,Earth and Planetary Sciences; Physics and Astronomy,Astronomy and Astrophysics (Q1); Space and Planetary Science (Q1),QB460-466,Science: Astronomy: Astrophysics
oci:06503968524-062102052291,omid:br/06503968524,Nature Communications [omid:br/0623032092 doi:10.1038/41467.2041-1723 issn:2041-1723 openalex:S64187185],omid:br/062102052291,Physical Review Letters [omid:br/063044243 issn:0031-9007 issn:1079-7114 openalex:S24807848],2022-11-30,False,True,Incoming,"['20411723', '20411723']","['00319007', '10797114']","Biochemistry, Genetics and Molecular Biology; Chemistry; Multidisciplinary; Physics and Astronomy","Biochemistry, Genetics and Molecular Biology (miscellaneous) (Q1); Chemistry (miscellaneous) (Q1); Multidisciplinary (Q1); Physics and Astronomy (miscellaneous) (Q1)",Q,Science,Physics and Astronomy,Physics and Astronomy (miscellaneous) (Q1),,
oci:06130419024-0670896854,omid:br/06130419024,International Journal Of Mass Spectrometry [omid:br/061908795 issn:1387-3806 openalex:S108264783],omid:br/0670896854,"Diabetes, Obesity And Metabolism [omid:br/0618025591 doi:10.1111/(issn)1463-1326 issn:1462-8902 issn:1463-1326 openalex:S148394532]",2009-02,True,False,Outgoing,['13873806'],"['14631326', '14628902', '14631326']",Chemistry; Physics and Astronomy,Condensed Matter Physics (Q3); Instrumentation (Q3); Physical and Theoretical Chemistry (Q3); Spectroscopy (Q3),,,"Biochemistry, Genetics and Molecular Biology; Medicine","Endocrinology (Q1); Endocrinology, Diabetes and Metabolism (Q1); Internal Medicine (Q1)",,
oci:061301940672-061101534641,omid:br/061301940672,Stem Cell Reports [omid:br/0619046514 issn:2213-6711 openalex:S2764425922],omid:br/061101534641,Developmental Neurobiology [omid:br/068038975 doi:10.1002/(issn)1932-846x issn:1932-8451 issn:1932-846X openalex:S73400187],2018-09,True,True,Internal,['22136711'],"['19328451', '1932846X']","Biochemistry, Genetics and Molecular Biology",Biochemistry (Q1); Cell Biology (Q1); Developmental Biology (Q1); Genetics (Q1),R5-920|QH301-705.5,Medicine: Medicine (General) | Science: Biology (General),Neuroscience,Cellular and Molecular Neuroscience (Q2); Developmental Neuroscience (Q2),,
oci:06102455638-06401848841,omid:br/06102455638,Physical Review Letters [omid:br/063044243 issn:0031-9007 issn:1079-7114 openalex:S24807848],omid:br/06401848841,Journal Of High Energy Physics [omid:br/062038872 issn:1029-8479 issn:1126-6708 openalex:S187585107],2019-01-11,True,True,Internal,"['00319007', '10797114']","['10298479', '11266708']",Physics and Astronomy,Physics and Astronomy (miscellaneous) (Q1),,,Physics and Astronomy,Nuclear and High Energy Physics (Q2),QC770-798,Science: Physics: Nuclear and particle physics. Atomic energy. Radioactivity
oci:06102202778-06302188780,omid:br/06102202778,Cells [omid:br/066042152 doi:10.3390/cells issn:2073-4409 openalex:S2736626452],omid:br/06302188780,Cells [omid:br/066042152 doi:10.3390/cells issn:2073-4409 openalex:S2736626452],2020-08-08,False,True,Incoming,['20734409'],['20734409'],"Biochemistry, Genetics and Molecular Biology","Biochemistry, Genetics and Molecular Biology (miscellaneous) (Q1)",QH573-671,Science: Biology (General): Cytology,"Biochemistry, Genetics and Molecular Biology","Biochemistry, Genetics and Molecular Biology (miscellaneous) (Q1)",QH573-671,Science: Biology (General): Cytology
oci:06902849887-06302832187,omid:br/06902849887,Uspekhi Fizicheskih Nauk [omid:br/064058539 issn:0042-1294 issn:1996-6652 openalex:S4210180321],omid:br/06302832187,Physics Letters B [omid:br/0626059839 issn:0370-2693 openalex:S173952182],2015,False,True,Incoming,"['00421294', '19966652']",['03702693'],,,,,Physics and Astronomy,Nuclear and High Energy Physics (Q1),QC1-999,Science: Physics
oci:061104267736-061901849332,omid:br/061104267736,Physical Chemistry Chemical Physics [omid:br/064010713 issn:1463-9076 issn:1463-9084 openalex:S181332294],omid:br/061901849332,The Journal Of Physical Chemistry A [omid:br/0621041077 issn:1089-5639 issn:1520-5215 openalex:S146709414],2024,False,True,Incoming,"['14639076', '14639084']","['10895639', '15205215']",Chemistry; Physics and Astronomy,Physical and Theoretical Chemistry (Q2); Physics and Astronomy (miscellaneous) (Q2),,,Chemistry; Medicine,Medicine (miscellaneous) (Q2); Physical and Theoretical Chemistry (Q2),,
oci:062301844910-062401638863,omid:br/062301844910,The Journal Of Physical Chemistry A [omid:br/0621041077 issn:1089-5639 issn:1520-5215 openalex:S146709414],omid:br/062401638863,The Journal Of Chemical Physics [omid:br/067037880 issn:0021-9606 issn:1089-7690 openalex:S77047749],2018-03-12,False,True,Incoming,"['10895639', '15205215']","['00219606', '10897690']",Chemistry; Medicine,Medicine (miscellaneous) (Q2); Physical and Theoretical Chemistry (Q2),,,Chemistry; Medicine; Physics and Astronomy,Physical and Theoretical Chemistry (Q1); Physics and Astronomy (miscellaneous) (Q1); Medicine (miscellaneous) (Q2),,
oci:0630119410-061503062267,omid:br/0630119410,Chemical Reviews [omid:br/062401217 issn:0009-2665 issn:1520-6890 openalex:S41143188],omid:br/061503062267,Proceedings Of The National Academy Of Sciences [omid:br/0621062545 doi:10.1073/pnas issn:0027-8424 issn:1091-6490 openalex:S125754415],2009-02-25,False,True,Incoming,"['00092665', '15206890']","['00278424', '10916490']",Chemistry,Chemistry (miscellaneous) (Q1),,,Multidisciplinary,Multidisciplinary (Q1),,
oci:06470123623-06401743080,omid:br/06470123623,Astronomy & Astrophysics [omid:br/064040455 issn:0004-6361 issn:1432-0746 openalex:S205231332],omid:br/06401743080,Astronomy & Astrophysics [omid:br/064040455 issn:0004-6361 issn:1432-0746 openalex:S205231332],2023-05,False,True,Incoming,"['00046361', '14320746']","['00046361', '14320746']",Earth and Planetary Sciences; Physics and Astronomy,Astronomy and Astrophysics (Q1); Space and Planetary Science (Q1),QB1-991,Science: Astronomy,Earth and Planetary Sciences; Physics and Astronomy,Astronomy and Astrophysics (Q1); Space and Planetary Science (Q1),QB1-991,Science: Astronomy
oci:06501687970-06801673367,omid:br/06501687970,Zeitschrift Für Physik C Particles And Fields [omid:br/0612035595 issn:0170-9739 issn:1431-5858 issn:1434-6044 issn:1434-6052],omid:br/06801673367,Zeitschrift Für Physik C Particles And Fields [omid:br/0612035595 issn:0170-9739 issn:1431-5858 issn:1434-6044 issn:1434-6052],2018-03,False,True,Incoming,"['01709739', '14315858', '14346044', '14346052']","['01709739', '14315858', '14346044', '14346052']",Engineering; Physics and Astronomy,Engineering (miscellaneous) (Q1); Physics and Astronomy (miscellaneous) (Q1),QB460-466|QC770-798,Science: Astronomy: Astrophysics | Science: Physics: Nuclear and particle physics. Atomic energy. Radioactivity,Engineering; Physics and Astronomy,Engineering (miscellaneous) (Q1); Physics and Astronomy (miscellaneous) (Q1),QB460-466|QC770-798,Science: Astronomy: Astrophysics | Science: Physics: Nuclear and particle physics. Atomic energy. Radioactivity
oci:06140438751-06190486465,omid:br/06140438751,Macromolecular Chemistry And Physics [omid:br/06408713 doi:10.1002/(issn)1521-3935 issn:1022-1352 issn:1521-3935 openalex:S124744586],omid:br/06190486465,Science [omid:br/0619015403 doi:10.1126/science issn:0036-8075 issn:1095-9203 openalex:S3880285],2014-10-21,True,False,Outgoing,"['15213935', '10221352', '15213935']","['00368075', '10959203']",Chemistry; Materials Science; Physics and Astronomy,Condensed Matter Physics (Q2); Materials Chemistry (Q2); Organic Chemistry (Q2); Physical and Theoretical Chemistry (Q2); Polymers and Plastics (Q2),,,Arts and Humanities; Multidisciplinary,History and Philosophy of Science (Q1); Multidisciplinary (Q1),,
oci:06240557483-061702070128,omid:br/06240557483,Physical Review D [omid:br/062509685 issn:2470-0010 issn:2470-0029 openalex:S4210238307],omid:br/061702070128,Physical Review Letters [omid:br/063044243 issn:0031-9007 issn:1079-7114 openalex:S24807848],2017-05-25,False,True,Incoming,"['24700010', '24700029']","['00319007', '10797114']",Physics and Astronomy,Nuclear and High Energy Physics (Q1); Physics and Astronomy (miscellaneous) (Q1),,,Physics and Astronomy,Physics and Astronomy (miscellaneous) (Q1),,
oci:062101841471-062501727266,omid:br/062101841471,The Journal Of Physical Chemistry A [omid:br/0621041077 issn:1089-5639 issn:1520-5215 openalex:S146709414],omid:br/062501727266,The Astrophysical Journal [omid:br/064040542 issn:0004-637X issn:1538-4357 openalex:S1980519],2019-10-21,False,True,Incoming,"['10895639', '15205215']","['0004637X', '15384357']",Chemistry; Medicine,Medicine (miscellaneous) (Q2); Physical and Theoretical Chemistry (Q2),,,Earth and Planetary Sciences; Physics and Astronomy,Astronomy and Astrophysics (Q1); Space and Planetary Science (Q1),QB460-466,Science: Astronomy: Astrophysics
oci:062202001064-0620243547,omid:br/062202001064,Middle East Journal Of Rehabilitation And Health Studies [omid:br/0624037934 doi:10.5812/mejrh issn:2423-4451 openalex:S2764691960],omid:br/0620243547,Journal Of Molecular Biology [omid:br/061905469 issn:0022-2836 issn:1089-8638 openalex:S46058472],2019-12-17,False,True,Incoming,['24234451'],"['00222836', '10898638']",Health Professions; Medicine,"Physical Therapy, Sports Therapy and Rehabilitation (Q3); Rehabilitation (Q3)",,,"Biochemistry, Genetics and Molecular Biology",Biophysics (Q1); Molecular Biology (Q1); Structural Biology (Q1),,
oci:062601877259-061101512690,omid:br/062601877259,The Journal Of Physical Chemistry A [omid:br/0621041077 issn:1089-5639 issn:1520-5215 openalex:S146709414],omid:br/061101512690,The Journal Of Physical Chemistry Letters [omid:br/065031994 issn:1948-7185 openalex:S123480357],2015-02-20,False,True,Incoming,"['10895639', '15205215']",['19487185'],Chemistry; Medicine,Medicine (miscellaneous) (Q2); Physical and Theoretical Chemistry (Q2),,,Chemistry; Materials Science,Materials Science (miscellaneous) (Q1); Nanoscience and Nanotechnology (Q1); Physical and Theoretical Chemistry (Q1),,
oci:06902036342-0611093400,omid:br/06902036342,Advanced Functional Materials [omid:br/0621059878 doi:10.1002/(issn)1616-3028 issn:1616-301X issn:1616-3028 openalex:S135204980],omid:br/0611093400,Journal Of Biological Chemistry [omid:br/06903738 doi:10.1074/jbc issn:0021-9258 issn:1083-351X openalex:S140251998],2017-06-29,False,True,Incoming,"['16163028', '1616301X', '16163028']","['00219258', '1083351X']",Chemistry; Materials Science; Physics and Astronomy,"Biomaterials (Q1); Chemistry (miscellaneous) (Q1); Condensed Matter Physics (Q1); Electrochemistry (Q1); Electronic, Optical and Magnetic Materials (Q1); Materials Science (miscellaneous) (Q1); Nanoscience and Nanotechnology (Q1)",,,"Biochemistry, Genetics and Molecular Biology",Biochemistry (Q1); Cell Biology (Q1); Molecular Biology (Q1),QD415-436,Science: Chemistry: Organic chemistry: Biochemistry
oci:06802828582-06202833281,omid:br/06802828582,Physics Letters B [omid:br/0626059839 issn:0370-2693 openalex:S173952182],omid:br/06202833281,Physics Letters B [omid:br/0626059839 issn:0370-2693 openalex:S173952182],2016-11,True,True,Internal,['03702693'],['03702693'],Physics and Astronomy,Nuclear and High Energy Physics (Q1),QC1-999,Science: Physics,Physics and Astronomy,Nuclear and High Energy Physics (Q1),QC1-999,Science: Physics
oci:06204761379-06902438655,omid:br/06204761379,Cancer Letters [omid:br/0612047225 issn:0304-3835 openalex:S106234763],omid:br/06902438655,Seminars In Cell & Developmental Biology [omid:br/0618050575 issn:1084-9521 issn:1096-3634 openalex:S105347553],2024-11,False,True,Incoming,['03043835'],"['10849521', '10963634']","Biochemistry, Genetics and Molecular Biology; Medicine",Cancer Research (Q1); Oncology (Q1),,,"Biochemistry, Genetics and Molecular Biology",Cell Biology (Q1); Developmental Biology (Q1),,
oci:062601678459-061801649040,omid:br/062601678459,The Journal Of Chemical Physics [omid:br/067037880 issn:0021-9606 issn:1089-7690 openalex:S77047749],omid:br/061801649040,Physical Review B [omid:br/0619043761 issn:2469-9950 issn:2469-9969 openalex:S4210237713],1999-10-22,True,False,Outgoing,"['00219606', '10897690']","['24699950', '24699969']",Chemistry; Medicine; Physics and Astronomy,Physical and Theoretical Chemistry (Q1); Physics and Astronomy (miscellaneous) (Q1); Medicine (miscellaneous) (Q2),,,Materials Science; Physics and Astronomy,"Condensed Matter Physics (Q1); Electronic, Optical and Magnetic Materials (Q1)",,
oci:06110175057-06150388837,omid:br/06110175057,Mathematical Proceedings Of The Cambridge Philosophical Society [omid:br/061402573 issn:0305-0041 issn:1469-8064 openalex:S4210239678],omid:br/06150388837,Graduate Texts In Mathematics [omid:br/06150389384 issn:0072-5285 issn:2197-5612 openalex:S4210201401],2012-10-04,True,False,Outgoing,"['03050041', '14698064']","['00725285', '21975612']",Mathematics,Mathematics (miscellaneous) (Q1),,,,,,
oci:06502447776-06802440362,omid:br/06502447776,Physical Review Letters [omid:br/063044243 issn:0031-9007 issn:1079-7114 openalex:S24807848],omid:br/06802440362,Physical Review Letters [omid:br/063044243 issn:0031-9007 issn:1079-7114 openalex:S24807848],2017-10-05,False,True,Incoming,"['00319007', '10797114']","['00319007', '10797114']",Physics and Astronomy,Physics and Astronomy (miscellaneous) (Q1),,,Physics and Astronomy,Physics and Astronomy (miscellaneous) (Q1),,
oci:062908996-06103732264,omid:br/062908996,Pigment Cell & Melanoma Research [omid:br/0618018064 issn:1755-1471 issn:1755-148X openalex:S179442820],omid:br/06103732264,Molecular Cancer Research [omid:br/0619068575 issn:1541-7786 issn:1557-3125 openalex:S192067876],2014-01-06,True,False,Outgoing,"['17551471', '1755148X']","['15417786', '15573125']","Biochemistry, Genetics and Molecular Biology; Medicine","Biochemistry, Genetics and Molecular Biology (miscellaneous) (Q1); Dermatology (Q1); Oncology (Q2)",,,"Biochemistry, Genetics and Molecular Biology; Medicine",Cancer Research (Q1); Molecular Biology (Q1); Oncology (Q1),,
oci:06250118178-061701853853,omid:br/06250118178,Chemical Physics Letters [omid:br/062302564 issn:0009-2614 openalex:S44567922],omid:br/061701853853,The Journal Of Physical Chemistry A [omid:br/0621041077 issn:1089-5639 issn:1520-5215 openalex:S146709414],2018-05,False,True,Incoming,['00092614'],"['10895639', '15205215']",Chemistry; Physics and Astronomy,Physical and Theoretical Chemistry (Q2); Physics and Astronomy (miscellaneous) (Q2),,,Chemistry; Medicine,Medicine (miscellaneous) (Q2); Physical and Theoretical Chemistry (Q2),,
oci:062501417252-061502621626,omid:br/062501417252,International Journal Of Molecular Sciences [omid:br/066033829 doi:10.3390/ijms issn:1422-0067],omid:br/061502621626,Scientific Reports [omid:br/0616055349 issn:2045-2322 openalex:S196734849],2019-08-21,True,False,Outgoing,['14220067'],['20452322'],"Biochemistry, Genetics and Molecular Biology; Chemical Engineering; Chemistry; Computer Science; Medicine",Catalysis (Q1); Computer Science Applications (Q1); Inorganic Chemistry (Q1); Medicine (miscellaneous) (Q1); Organic Chemistry (Q1); Physical and Theoretical Chemistry (Q1); Spectroscopy (Q1); Molecular Biology (Q2),,,Multidisciplinary,Multidisciplinary (Q1),R|Q,Medicine | Science
oci:06240450889-061102629468,omid:br/06240450889,ACS Biomaterials Science & Engineering [omid:br/06708704 issn:2373-9878 openalex:S2764739176],omid:br/061102629468,Scientific Reports [omid:br/0616055349 issn:2045-2322 openalex:S196734849],2020-07-01,False,True,Incoming,['23739878'],['20452322'],Engineering; Materials Science,Biomedical Engineering (Q1); Biomaterials (Q2),,,Multidisciplinary,Multidisciplinary (Q1),R|Q,Medicine | Science
oci:06230658244-06802440928,omid:br/06230658244,Plant Biology [omid:br/067019914 issn:1435-8603 issn:1438-8677 openalex:S104414929],omid:br/06802440928,Physical Review Letters [omid:br/063044243 issn:0031-9007 issn:1079-7114 openalex:S24807848],2019-06-18,True,False,Outgoing,"['14358603', '14388677']","['00319007', '10797114']",Agricultural and Biological Sciences; Medicine,"Ecology, Evolution, Behavior and Systematics (Q1); Medicine (miscellaneous) (Q1); Plant Science (Q1)",,,Physics and Astronomy,Physics and Astronomy (miscellaneous) (Q1),,
oci:06402314627-062102053064,omid:br/06402314627,Modern Physics Letters A [omid:br/0614042645 issn:0217-7323 issn:1793-6632 openalex:S45468527],omid:br/062102053064,Physical Review Letters [omid:br/063044243 issn:0031-9007 issn:1079-7114 openalex:S24807848],2013-07-07,False,True,Incoming,"['02177323', '17936632']","['00319007', '10797114']",Physics and Astronomy,Astronomy and Astrophysics (Q3); Nuclear and High Energy Physics (Q3); Physics and Astronomy (miscellaneous) (Q3),,,Physics and Astronomy,Physics and Astronomy (miscellaneous) (Q1),,
oci:062101421820-06102846678,omid:br/062101421820,Physical Review D [omid:br/066033919 issn:1550-2368 issn:1550-7998 openalex:S4210210554],omid:br/06102846678,Physics Letters B [omid:br/0626059839 issn:0370-2693 openalex:S173952182],2008-01-30,True,False,Outgoing,"['15502368', '15507998']",['03702693'],,,,,Physics and Astronomy,Nuclear and High Energy Physics (Q1),QC1-999,Science: Physics
oci:06303283852-061701872376,omid:br/06303283852,Chemical Society Reviews [omid:br/065056814 doi:10.1039/1460-4744/1972 issn:0306-0012 issn:1460-4744 openalex:S316438],omid:br/061701872376,Oral Diseases [omid:br/062014398 issn:1354-523X issn:1601-0825 openalex:S144270092],2014,False,True,Incoming,"['14604744', '03060012', '14604744']","['1354523X', '16010825']",Chemistry,Chemistry (miscellaneous) (Q1),,,Dentistry; Medicine,Dentistry (miscellaneous) (Q1); Otorhinolaryngology (Q1),,
oci:06903336755-061103759081,omid:br/06903336755,Journal Of Biological Physics [omid:br/0626077688 issn:0092-0606 issn:1573-0689 openalex:S189381513],omid:br/061103759081,Progress In Neurobiology [omid:br/061801301 issn:0301-0082 openalex:S69289175],2009-06-04,True,False,Outgoing,"['00920606', '15730689']",['03010082'],"Biochemistry, Genetics and Molecular Biology; Physics and Astronomy","Atomic and Molecular Physics, and Optics (Q3); Biophysics (Q3); Cell Biology (Q4); Molecular Biology (Q4)",,,Neuroscience,Neuroscience (miscellaneous) (Q1),,
oci:06301833517-06202825464,omid:br/06301833517,Journal Of High Energy Physics [omid:br/062038872 issn:1029-8479 issn:1126-6708 openalex:S187585107],omid:br/06202825464,Physics Reports [omid:br/0625047923 issn:0370-1573 openalex:S48633963],2013-01,False,True,Incoming,"['10298479', '11266708']",['03701573'],Physics and Astronomy,Nuclear and High Energy Physics (Q2),QC770-798,Science: Physics: Nuclear and particle physics. Atomic energy. Radioactivity,Physics and Astronomy,Physics and Astronomy (miscellaneous) (Q1),,
oci:06101849126-06120795428,omid:br/06101849126,Journal Of High Energy Physics [omid:br/062038872 issn:1029-8479 issn:1126-6708 openalex:S187585107],omid:br/06120795428,Living Reviews In Relativity [omid:br/06120796634 issn:1433-8351 issn:2367-3613],2017-12,True,False,Outgoing,"['10298479', '11266708']","['14338351', '23673613']",Physics and Astronomy,Nuclear and High Energy Physics (Q2),QC770-798,Science: Physics: Nuclear and particle physics. Atomic energy. Radioactivity,Physics and Astronomy,Physics and Astronomy (miscellaneous) (Q1),QC170-197,Science: Physics: Atomic physics. Constitution and properties of matter
oci:0647031984-06130827517,omid:br/0647031984,Translational Psychiatry [omid:br/068020058 issn:2158-3188 openalex:S163345920],omid:br/06130827517,Molecular Psychiatry [omid:br/0626025711 issn:1359-4184 issn:1476-5578 openalex:S71149355],2017-03,True,False,Outgoing,['21583188'],"['13594184', '14765578']",Medicine; Neuroscience,Biological Psychiatry (Q1); Cellular and Molecular Neuroscience (Q1); Psychiatry and Mental Health (Q1),RC321-571,Medicine: Internal medicine: Neurosciences. Biological psychiatry. Neuropsychiatry,"Biochemistry, Genetics and Molecular Biology; Medicine; Neuroscience",Cellular and Molecular Neuroscience (Q1); Molecular Biology (Q1); Psychiatry and Mental Health (Q1),,
oci:061901510581-061703067026,omid:br/061901510581,Npj Parkinson's Disease [omid:br/061901511096 issn:2373-8057],omid:br/061703067026,Proceedings Of The National Academy Of Sciences [omid:br/0621062545 doi:10.1073/pnas issn:0027-8424 issn:1091-6490 openalex:S125754415],2022-07-22,False,True,Incoming,['23738057'],"['00278424', '10916490']",Medicine; Neuroscience,Cellular and Molecular Neuroscience (Q1); Neurology (Q1); Neurology (clinical) (Q1),RC346-429,Medicine: Internal medicine: Neurosciences. Biological psychiatry. Neuropsychiatry: Neurology. Diseases of the nervous system,Multidisciplinary,Multidisciplinary (Q1),,
oci:06902058285-062101644612,omid:br/06902058285,Journal Of Chemical Theory And Computation [omid:br/0619047782 issn:1549-9618 issn:1549-9626 openalex:S189701308],omid:br/062101644612,The Journal Of Chemical Physics [omid:br/067037880 issn:0021-9606 issn:1089-7690 openalex:S77047749],2015-08-07,True,False,Outgoing,"['15499618', '15499626']","['00219606', '10897690']",Chemistry; Computer Science,Computer Science Applications (Q1); Physical and Theoretical Chemistry (Q1),,,Chemistry; Medicine; Physics and Astronomy,Physical and Theoretical Chemistry (Q1); Physics and Astronomy (miscellaneous) (Q1); Medicine (miscellaneous) (Q2),,
oci:06501447935-06402837017,omid:br/06501447935,Physical Review D [omid:br/066033919 issn:1550-2368 issn:1550-7998 openalex:S4210210554],omid:br/06402837017,Physics Letters B [omid:br/0626059839 issn:0370-2693 openalex:S173952182],2012-09-05,False,True,Incoming,"['15502368', '15507998']",['03702693'],,,,,Physics and Astronomy,Nuclear and High Energy Physics (Q1),QC1-999,Science: Physics
oci:06130559802-06501688209,omid:br/06130559802,Physical Review D [omid:br/062509685 issn:2470-0010 issn:2470-0029 openalex:S4210238307],omid:br/06501688209,Zeitschrift Für Physik C Particles And Fields [omid:br/0612035595 issn:0170-9739 issn:1431-5858 issn:1434-6044 issn:1434-6052],2020-02-19,False,True,Incoming,"['24700010', '24700029']","['01709739', '14315858', '14346044', '14346052']",Physics and Astronomy,Nuclear and High Energy Physics (Q1); Physics and Astronomy (miscellaneous) (Q1),,,Engineering; Physics and Astronomy,Engineering (miscellaneous) (Q1); Physics and Astronomy (miscellaneous) (Q1),QB460-466|QC770-798,Science: Astronomy: Astrophysics | Science: Physics: Nuclear and particle physics. Atomic energy. Radioactivity
oci:0690577024-06701522377,omid:br/0690577024,Bioinformatics [omid:br/0626019667 issn:1367-4803 issn:1367-4811 issn:1460-2059],omid:br/06701522377,Plos One [omid:br/068038897 issn:1932-6203 openalex:S202381698],2018-10-08,False,True,Incoming,"['13674803', '13674811', '14602059']",['19326203'],"Biochemistry, Genetics and Molecular Biology; Computer Science; Mathematics",Biochemistry (Q1); Computational Mathematics (Q1); Computational Theory and Mathematics (Q1); Computer Science Applications (Q1); Molecular Biology (Q1); Statistics and Probability (Q1),QH301-705.5,Science: Biology (General),Multidisciplinary,Multidisciplinary (Q1),R|Q,Medicine | Science
oci:06301831336-061102455073,omid:br/06301831336,Journal Of High Energy Physics [omid:br/062038872 issn:1029-8479 issn:1126-6708 openalex:S187585107],omid:br/061102455073,Nuclear Physics B [omid:br/069057982 issn:0550-3213 issn:1873-1562 openalex:S4210194812],2020-08,True,False,Outgoing,"['10298479', '11266708']","['05503213', '18731562']",Physics and Astronomy,Nuclear and High Energy Physics (Q2),QC770-798,Science: Physics: Nuclear and particle physics. Atomic energy. Radioactivity,Physics and Astronomy,Nuclear and High Energy Physics (Q2),QC770-798,Science: Physics: Nuclear and particle physics. Atomic energy. Radioactivity
oci:06401865089-061701428829,omid:br/06401865089,Journal Of Cosmology And Astroparticle Physics [omid:br/062039004 issn:1475-7508 issn:1475-7516 openalex:S120662888],omid:br/061701428829,Physical Review D [omid:br/066033919 issn:1550-2368 issn:1550-7998 openalex:S4210210554],2018-11-16,False,True,Incoming,"['14757508', '14757516']","['15502368', '15507998']",Physics and Astronomy,Astronomy and Astrophysics (Q2),,,,,,
oci:06803109591-06801700868,omid:br/06803109591,Biochemical And Biophysical Research Communications [omid:br/0624052985 issn:0006-291X issn:1090-2104 openalex:S151589183],omid:br/06801700868,Annual Review Of Physiology [omid:br/0623039733 issn:0066-4278 issn:1545-1585 openalex:S196366644],2002-05,True,False,Outgoing,"['0006291X', '10902104']","['00664278', '15451585']","Biochemistry, Genetics and Molecular Biology",Biochemistry (Q2); Biophysics (Q2); Cell Biology (Q3); Molecular Biology (Q3),,,"Biochemistry, Genetics and Molecular Biology",Physiology (Q1),,
oci:06160631477-061603324095,omid:br/06160631477,The Journal Of Physical Chemistry B [omid:br/0617014123 issn:1520-5207 issn:1520-6106 openalex:S185621672],omid:br/061603324095,Theoretical Chemistry Accounts [omid:br/0625060906 issn:0040-5744 issn:1432-2234 issn:1432-881X],2010-08-18,True,False,Outgoing,"['15205207', '15206106']","['00405744', '14322234', '1432881X']",Chemistry; Materials Science; Medicine,"Physical and Theoretical Chemistry (Q1); Surfaces, Coatings and Films (Q1); Materials Chemistry (Q2); Medicine (miscellaneous) (Q2)",,,Chemistry,Physical and Theoretical Chemistry (Q3),,
oci:062101773292-06801318235,omid:br/062101773292,Physical Review B [omid:br/0619043761 issn:2469-9950 issn:2469-9969 openalex:S4210237713],omid:br/06801318235,Nature Communications [omid:br/0623032092 doi:10.1038/41467.2041-1723 issn:2041-1723 openalex:S64187185],2020-09-21,True,False,Outgoing,"['24699950', '24699969']","['20411723', '20411723']",Materials Science; Physics and Astronomy,"Condensed Matter Physics (Q1); Electronic, Optical and Magnetic Materials (Q1)",,,"Biochemistry, Genetics and Molecular Biology; Chemistry; Multidisciplinary; Physics and Astronomy","Biochemistry, Genetics and Molecular Biology (miscellaneous) (Q1); Chemistry (miscellaneous) (Q1); Multidisciplinary (Q1); Physics and Astronomy (miscellaneous) (Q1)",Q,Science
oci:06702183017-06701822509,omid:br/06702183017,Universe [omid:br/0611043227 issn:2218-1997 openalex:S2737774819],omid:br/06701822509,Journal Of High Energy Physics [omid:br/062038872 issn:1029-8479 issn:1126-6708 openalex:S187585107],2018-03-02,True,False,Outgoing,['22181997'],"['10298479', '11266708']",Physics and Astronomy,Physics and Astronomy (miscellaneous) (Q2),QC793-793.5,Science: Physics: Nuclear and particle physics. Atomic energy. Radioactivity: Elementary particle physics,Physics and Astronomy,Nuclear and High Energy Physics (Q2),QC770-798,Science: Physics: Nuclear and particle physics. Atomic energy. Radioactivity
oci:061601968892-061803867587,omid:br/061601968892,Pramana [omid:br/0624040926 issn:0304-4289 issn:0973-7111 openalex:S193541729],omid:br/061803867587,Physics Letters B [omid:br/0626059839 issn:0370-2693 openalex:S173952182],2012-10,False,True,Incoming,"['03044289', '09737111']",['03702693'],Physics and Astronomy,Physics and Astronomy (miscellaneous) (Q3),,,Physics and Astronomy,Nuclear and High Energy Physics (Q1),QC1-999,Science: Physics
oci:06230193169-061303486939,omid:br/06230193169,Journal Of Visualized Experiments [omid:br/062202544 issn:1940-087X openalex:S199738284],omid:br/061303486939,Science [omid:br/0619015403 doi:10.1126/science issn:0036-8075 issn:1095-9203 openalex:S3880285],2015-05-12,True,True,Internal,['1940087X'],"['00368075', '10959203']","Biochemistry, Genetics and Molecular Biology; Chemical Engineering; Immunology and Microbiology; Neuroscience","Chemical Engineering (miscellaneous) (Q2); Biochemistry, Genetics and Molecular Biology (miscellaneous) (Q3); Immunology and Microbiology (miscellaneous)  (Q3); Neuroscience (miscellaneous) (Q4)",,,Arts and Humanities; Multidisciplinary,History and Philosophy of Science (Q1); Multidisciplinary (Q1),,
oci:061901097253-062401745380,omid:br/061901097253,Journal Of Statistical Mechanics: Theory And Experiment [omid:br/0613023093 doi:10.1088/1742-5468 issn:1742-5468 openalex:S167943036],omid:br/062401745380,Biological Cybernetics [omid:br/0614037952 issn:0340-1200 issn:0934-5043 issn:1432-0770 issn:1433-299X],2018-02-16,True,False,Outgoing,"['17425468', '17425468']","['03401200', '09345043', '14320770', '1433299X']",Decision Sciences; Mathematics; Physics and Astronomy,"Statistical and Nonlinear Physics (Q3); Statistics and Probability (Q3); Statistics, Probability and Uncertainty (Q3)",,,"Biochemistry, Genetics and Molecular Biology; Computer Science",Computer Science (miscellaneous) (Q2); Biotechnology (Q3),,
oci:061502407455-061603498642,omid:br/061502407455,Journal Of Hazardous Materials [omid:br/0613047763 issn:0304-3894 openalex:S145089992],omid:br/061603498642,The Journal Of Chemical Physics [omid:br/067037880 issn:0021-9606 issn:1089-7690 openalex:S77047749],2015-05,False,True,Incoming,['03043894'],"['00219606', '10897690']",Environmental Science,"Environmental Chemistry (Q1); Environmental Engineering (Q1); Health, Toxicology and Mutagenesis (Q1); Pollution (Q1); Waste Management and Disposal (Q1)",,,Chemistry; Medicine; Physics and Astronomy,Physical and Theoretical Chemistry (Q1); Physics and Astronomy (miscellaneous) (Q1); Medicine (miscellaneous) (Q2),,
oci:06170563749-06501859674,omid:br/06170563749,Physical Review D [omid:br/062509685 issn:2470-0010 issn:2470-0029 openalex:S4210238307],omid:br/06501859674,Journal Of Cosmology And Astroparticle Physics [omid:br/062039004 issn:1475-7508 issn:1475-7516 openalex:S120662888],2019-01-31,True,True,Internal,"['24700010', '24700029']","['14757508', '14757516']",Physics and Astronomy,Nuclear and High Energy Physics (Q1); Physics and Astronomy (miscellaneous) (Q1),,,Physics and Astronomy,Astronomy and Astrophysics (Q2),,
oci:061301716760-061401707089,omid:br/061301716760,The Astronomical Journal [omid:br/063038009 issn:0004-6256 issn:1538-3881 openalex:S100695177],omid:br/061401707089,Astronomy & Astrophysics [omid:br/064040455 issn:0004-6361 issn:1432-0746 openalex:S205231332],2022-07-11,False,True,Incoming,"['00046256', '15383881']","['00046361', '14320746']",Earth and Planetary Sciences; Physics and Astronomy,Astronomy and Astrophysics (Q1); Space and Planetary Science (Q1),QB1-991,Science: Astronomy,Earth and Planetary Sciences; Physics and Astronomy,Astronomy and Astrophysics (Q1); Space and Planetary Science (Q1),QB1-991,Science: Astronomy
oci:06101690319-06701820347,omid:br/06101690319,Zeitschrift Für Physik C Particles And Fields [omid:br/0612035595 issn:0170-9739 issn:1431-5858 issn:1434-6044 issn:1434-6052],omid:br/06701820347,Journal Of High Energy Physics [omid:br/062038872 issn:1029-8479 issn:1126-6708 openalex:S187585107],2021-04,True,True,Internal,"['01709739', '14315858', '14346044', '14346052']","['10298479', '11266708']",Engineering; Physics and Astronomy,Engineering (miscellaneous) (Q1); Physics and Astronomy (miscellaneous) (Q1),QB460-466|QC770-798,Science: Astronomy: Astrophysics | Science: Physics: Nuclear and particle physics. Atomic energy. Radioactivity,Physics and Astronomy,Nuclear and High Energy Physics (Q2),QC770-798,Science: Physics: Nuclear and particle physics. Atomic energy. Radioactivity
oci:06201834090-06601677999,omid:br/06201834090,Journal Of High Energy Physics [omid:br/062038872 issn:1029-8479 issn:1126-6708 openalex:S187585107],omid:br/06601677999,Zeitschrift Für Physik C Particles And Fields [omid:br/0612035595 issn:0170-9739 issn:1431-5858 issn:1434-6044 issn:1434-6052],2017-02,True,True,Internal,"['10298479', '11266708']","['01709739', '14315858', '14346044', '14346052']",Physics and Astronomy,Nuclear and High Energy Physics (Q2),QC770-798,Science: Physics: Nuclear and particle physics. Atomic energy. Radioactivity,Engineering; Physics and Astronomy,Engineering (miscellaneous) (Q1); Physics and Astronomy (miscellaneous) (Q1),QB460-466|QC770-798,Science: Astronomy: Astrophysics | Science: Physics: Nuclear and particle physics. Atomic energy. Radioactivity
oci:064408919-061603498642,omid:br/064408919,Dyes And Pigments [omid:br/0618018073 issn:0143-7208 issn:1873-3743 openalex:S137084839],omid:br/061603498642,The Journal Of Chemical Physics [omid:br/067037880 issn:0021-9606 issn:1089-7690 openalex:S77047749],2018-10,False,True,Incoming,"['01437208', '18733743']","['00219606', '10897690']",Chemical Engineering,Chemical Engineering (miscellaneous) (Q2); Process Chemistry and Technology (Q2),,,Chemistry; Medicine; Physics and Astronomy,Physical and Theoretical Chemistry (Q1); Physics and Astronomy (miscellaneous) (Q1); Medicine (miscellaneous) (Q2),,
oci:061904359817-062102052291,omid:br/061904359817,Journal Of Physics G: Nuclear And Particle Physics [omid:br/0612059308 issn:0954-3899 issn:1361-6471 openalex:S78376336],omid:br/062102052291,Physical Review Letters [omid:br/063044243 issn:0031-9007 issn:1079-7114 openalex:S24807848],2024-03-28,False,True,Incoming,"['09543899', '13616471']","['00319007', '10797114']",Physics and Astronomy,Nuclear and High Energy Physics (Q1),,,Physics and Astronomy,Physics and Astronomy (miscellaneous) (Q1),,
oci:06201739527-06201739898,omid:br/06201739527,The Astrophysical Journal [omid:br/064040542 issn:0004-637X issn:1538-4357 openalex:S1980519],omid:br/06201739898,The Astrophysical Journal [omid:br/064040542 issn:0004-637X issn:1538-4357 openalex:S1980519],2003-05-20,True,False,Outgoing,"['0004637X', '15384357']","['0004637X', '15384357']",Earth and Planetary Sciences; Physics and Astronomy,Astronomy and Astrophysics (Q1); Space and Planetary Science (Q1),QB460-466,Science: Astronomy: Astrophysics,Earth and Planetary Sciences; Physics and Astronomy,Astronomy and Astrophysics (Q1); Space and Planetary Science (Q1),QB460-466,Science: Astronomy: Astrophysics
oci:0607688659-06101848356,omid:br/0607688659,Physical Review D [omid:br/062509685 issn:2470-0010 issn:2470-0029 openalex:S4210238307],omid:br/06101848356,Journal Of High Energy Physics [omid:br/062038872 issn:1029-8479 issn:1126-6708 openalex:S187585107],2024-12-16,False,True,Incoming,"['24700010', '24700029']","['10298479', '11266708']",Physics and Astronomy,Nuclear and High Energy Physics (Q1); Physics and Astronomy (miscellaneous) (Q1),,,Physics and Astronomy,Nuclear and High Energy Physics (Q2),QC770-798,Science: Physics: Nuclear and particle physics. Atomic energy. Radioactivity
oci:062302056759-062602086171,omid:br/062302056759,Physical Review Letters [omid:br/063044243 issn:0031-9007 issn:1079-7114 openalex:S24807848],omid:br/062602086171,Physical Review Letters [omid:br/063044243 issn:0031-9007 issn:1079-7114 openalex:S24807848],2020-05-01,False,True,Incoming,"['00319007', '10797114']","['00319007', '10797114']",Physics and Astronomy,Physics and Astronomy (miscellaneous) (Q1),,,Physics and Astronomy,Physics and Astronomy (miscellaneous) (Q1),,
oci:06601533930-06190125142,omid:br/06601533930,The Journal Of Physical Chemistry C [omid:br/068038931 issn:1932-7447 issn:1932-7455 openalex:S95739953],omid:br/06190125142,Chemical Physics Letters [omid:br/062302564 issn:0009-2614 openalex:S44567922],2021-05-26,False,True,Incoming,"['19327447', '19327455']",['00092614'],Chemistry; Energy; Materials Science,"Electronic, Optical and Magnetic Materials (Q1); Physical and Theoretical Chemistry (Q1); Surfaces, Coatings and Films (Q1); Energy (miscellaneous) (Q2); Nanoscience and Nanotechnology (Q2)",,,Chemistry; Physics and Astronomy,Physical and Theoretical Chemistry (Q2); Physics and Astronomy (miscellaneous) (Q2),,
oci:061601736345-061801811197,omid:br/061601736345,The Astrophysical Journal [omid:br/064040542 issn:0004-637X issn:1538-4357 openalex:S1980519],omid:br/061801811197,Monthly Notices Of The Royal Astronomical Society [omid:br/067041753 doi:10.1111/(issn)1365-2966 issn:0035-8711 issn:1365-2966 openalex:S195663288],2007-07-10,False,True,Incoming,"['0004637X', '15384357']","['13652966', '00358711', '13652966']",Earth and Planetary Sciences; Physics and Astronomy,Astronomy and Astrophysics (Q1); Space and Planetary Science (Q1),QB460-466,Science: Astronomy: Astrophysics,Earth and Planetary Sciences; Physics and Astronomy,Astronomy and Astrophysics (Q1); Space and Planetary Science (Q1),QB1-991,Science: Astronomy
oci:0660572302-06260651427,omid:br/0660572302,Journal Of Youth Studies [omid:br/0626019725 issn:1367-6261 issn:1469-9680 openalex:S44090634],omid:br/06260651427,American Political Science Review [omid:br/0622011252 issn:0003-0554 issn:1537-5943 openalex:S176007004],2021-03-03,True,False,Outgoing,"['13676261', '14699680']","['00030554', '15375943']",Social Sciences,Life-span and Life-course Studies (Q1); Social Sciences (miscellaneous) (Q1); Sociology and Political Science (Q1),,,Social Sciences,Political Science and International Relations (Q1); Sociology and Political Science (Q1),,
oci:0650181468-0650332785,omid:br/0650181468,Frontiers In Molecular Biosciences [omid:br/062102755 issn:2296-889X openalex:S2595797843],omid:br/0650332785,Bioconjugate Chemistry [omid:br/061805889 issn:1043-1802 issn:1520-4812 openalex:S155115410],2020-08-20,False,True,Incoming,['2296889X'],"['10431802', '15204812']","Biochemistry, Genetics and Molecular Biology","Biochemistry (Q1); Biochemistry, Genetics and Molecular Biology (miscellaneous) (Q1); Molecular Biology (Q2)",QH301-705.5,Science: Biology (General),"Biochemistry, Genetics and Molecular Biology; Chemical Engineering; Chemistry; Engineering; Pharmacology, Toxicology and Pharmaceutics",Organic Chemistry (Q1); Pharmaceutical Science (Q1); Bioengineering (Q2); Biomedical Engineering (Q2); Biotechnology (Q2); Pharmacology (Q2),,
oci:061401761294-062202050760,omid:br/061401761294,Physical Review A [omid:br/0619043744 issn:2469-9926 issn:2469-9934 openalex:S4210182288],omid:br/062202050760,Physical Review Letters [omid:br/063044243 issn:0031-9007 issn:1079-7114 openalex:S24807848],2021-05-04,False,True,Incoming,"['24699926', '24699934']","['00319007', '10797114']",Physics and Astronomy,"Atomic and Molecular Physics, and Optics (Q1)",,,Physics and Astronomy,Physics and Astronomy (miscellaneous) (Q1),,
oci:0620627363-0610356955,omid:br/0620627363,Physical Review B [omid:br/0616012786 issn:0163-1829 issn:1095-3795 issn:1098-0121 issn:1550-235X],omid:br/0610356955,Nature [omid:br/0626016512 issn:0028-0836 issn:1465-7392 issn:1476-4679 issn:1476-4687 issn:1744-7933],2011-12-20,False,True,Incoming,"['01631829', '10953795', '10980121', '1550235X']","['00280836', '14657392', '14764679', '14764687', '17447933']",,,,,Multidisciplinary,Multidisciplinary (Q1),,
oci:06601305144-061703742951,omid:br/06601305144,Hippocampus [omid:br/062405563 doi:10.1002/(issn)1098-1063 issn:1050-9631 issn:1098-1063 openalex:S55111660],omid:br/061703742951,The Journal Of Neuroscience [omid:br/065010744 doi:10.1523/jneurosci issn:0270-6474 issn:1529-2401 openalex:S5555990],2007-09-14,True,False,Outgoing,"['10981063', '10509631', '10981063']","['02706474', '15292401']",Neuroscience,Cognitive Neuroscience (Q2),,,Neuroscience,Neuroscience (miscellaneous) (Q1),,
oci:06201659778-06601659700,omid:br/06201659778,The Journal Of Chemical Physics [omid:br/067037880 issn:0021-9606 issn:1089-7690 openalex:S77047749],omid:br/06601659700,The Journal Of Chemical Physics [omid:br/067037880 issn:0021-9606 issn:1089-7690 openalex:S77047749],2022-06-28,True,False,Outgoing,"['00219606', '10897690']","['00219606', '10897690']",Chemistry; Medicine; Physics and Astronomy,Physical and Theoretical Chemistry (Q1); Physics and Astronomy (miscellaneous) (Q1); Medicine (miscellaneous) (Q2),,,Chemistry; Medicine; Physics and Astronomy,Physical and Theoretical Chemistry (Q1); Physics and Astronomy (miscellaneous) (Q1); Medicine (miscellaneous) (Q2),,
oci:061601348441-06203908372,omid:br/061601348441,Nucleic Acids Research [omid:br/061502934 issn:0305-1048 issn:1362-4962 openalex:S134668137],omid:br/06203908372,Journal Of Applied Crystallography [omid:br/063018910 issn:0021-8898],2012-06-04,True,False,Outgoing,"['03051048', '13624962']",['00218898'],"Biochemistry, Genetics and Molecular Biology",Genetics (Q1),QH426-470,Science: Biology (General): Genetics,"Biochemistry, Genetics and Molecular Biology","Biochemistry, Genetics and Molecular Biology (miscellaneous) (Q1)",,
oci:061802057805-06302833102,omid:br/061802057805,Physical Review Letters [omid:br/063044243 issn:0031-9007 issn:1079-7114 openalex:S24807848],omid:br/06302833102,Physics Letters B [omid:br/0626059839 issn:0370-2693 openalex:S173952182],2006-12-11,False,True,Incoming,"['00319007', '10797114']",['03702693'],Physics and Astronomy,Physics and Astronomy (miscellaneous) (Q1),,,Physics and Astronomy,Nuclear and High Energy Physics (Q1),QC1-999,Science: Physics
oci:06702812486-06201436403,omid:br/06702812486,Physics Letters B [omid:br/0626059839 issn:0370-2693 openalex:S173952182],omid:br/06201436403,Physical Review D [omid:br/066033919 issn:1550-2368 issn:1550-7998 openalex:S4210210554],2009-03,False,True,Incoming,['03702693'],"['15502368', '15507998']",Physics and Astronomy,Nuclear and High Energy Physics (Q1),QC1-999,Science: Physics,,,,
oci:06704599119-061301042911,omid:br/06704599119,Journal Of The Mechanics And Physics Of Solids [omid:br/0615024018 issn:0022-5096 openalex:S105775785],omid:br/061301042911,Macromolecules [omid:br/0625021498 issn:0024-9297 issn:1520-5835 openalex:S177196338],2024-02,False,True,Incoming,['00225096'],"['00249297', '15205835']",Engineering; Physics and Astronomy,Condensed Matter Physics (Q1); Mechanical Engineering (Q1); Mechanics of Materials (Q1),,,Chemistry; Materials Science,Inorganic Chemistry (Q1); Materials Chemistry (Q1); Organic Chemistry (Q1); Polymers and Plastics (Q1),,
oci:06401687758-06901690039,omid:br/06401687758,Zeitschrift Für Physik C Particles And Fields [omid:br/0612035595 issn:0170-9739 issn:1431-5858 issn:1434-6044 issn:1434-6052],omid:br/06901690039,Zeitschrift Für Physik C Particles And Fields [omid:br/0612035595 issn:0170-9739 issn:1431-5858 issn:1434-6044 issn:1434-6052],2019-02,False,True,Incoming,"['01709739', '14315858', '14346044', '14346052']","['01709739', '14315858', '14346044', '14346052']",Engineering; Physics and Astronomy,Engineering (miscellaneous) (Q1); Physics and Astronomy (miscellaneous) (Q1),QB460-466|QC770-798,Science: Astronomy: Astrophysics | Science: Physics: Nuclear and particle physics. Atomic energy. Radioactivity,Engineering; Physics and Astronomy,Engineering (miscellaneous) (Q1); Physics and Astronomy (miscellaneous) (Q1),QB460-466|QC770-798,Science: Astronomy: Astrophysics | Science: Physics: Nuclear and particle physics. Atomic energy. Radioactivity
oci:061702227172-0626080925,omid:br/061702227172,Biotechnology & Biotechnological Equipment [omid:br/069055749 issn:1310-2818 issn:1314-3530 openalex:S121023886],omid:br/0626080925,Rna [omid:br/06201193 issn:1355-8382 issn:1469-9001 openalex:S187657468],2014-07-04,False,True,Incoming,"['13102818', '13143530']","['13558382', '14699001']","Biochemistry, Genetics and Molecular Biology",Biotechnology (Q3),TP248.13-248.65,Technology: Chemical technology: Biotechnology,"Biochemistry, Genetics and Molecular Biology",Molecular Biology (Q1),,
oci:06260426784-062201648944,omid:br/06260426784,International Journal Of Quantum Chemistry [omid:br/061507360 doi:10.1002/(issn)1097-461x issn:0020-7608 issn:1097-461X openalex:S167203149],omid:br/062201648944,The Journal Of Chemical Physics [omid:br/067037880 issn:0021-9606 issn:1089-7690 openalex:S77047749],1984-11,True,False,Outgoing,"['00207608', '1097461X']","['00219606', '10897690']",Chemistry; Physics and Astronomy,"Atomic and Molecular Physics, and Optics (Q3); Condensed Matter Physics (Q3); Physical and Theoretical Chemistry (Q3)",,,Chemistry; Medicine; Physics and Astronomy,Physical and Theoretical Chemistry (Q1); Physics and Astronomy (miscellaneous) (Q1); Medicine (miscellaneous) (Q2),,
oci:06801832331-06503517573,omid:br/06801832331,Journal Of High Energy Physics [omid:br/062038872 issn:1029-8479 issn:1126-6708 openalex:S187585107],omid:br/06503517573,Journal Of Physics G: Nuclear And Particle Physics [omid:br/0612059308 issn:0954-3899 issn:1361-6471 openalex:S78376336],2018-05,True,False,Outgoing,"['10298479', '11266708']","['09543899', '13616471']",Physics and Astronomy,Nuclear and High Energy Physics (Q2),QC770-798,Science: Physics: Nuclear and particle physics. Atomic energy. Radioactivity,Physics and Astronomy,Nuclear and High Energy Physics (Q1),,
oci:06602373511-0670511523,omid:br/06602373511,Frontiers In Cell And Developmental Biology [omid:br/067045372 issn:2296-634X openalex:S2596924766],omid:br/0670511523,The Journal Of Neuroscience [omid:br/065010744 doi:10.1523/jneurosci issn:0270-6474 issn:1529-2401 openalex:S5555990],2017-05-10,False,True,Incoming,['2296634X'],"['02706474', '15292401']","Biochemistry, Genetics and Molecular Biology",Developmental Biology (Q1); Cell Biology (Q2),QH301-705.5,Science: Biology (General),Neuroscience,Neuroscience (miscellaneous) (Q1),,
oci:06190254475-06101673530,omid:br/06190254475,Journal Of Molecular Structure: THEOCHEM [omid:br/062203944 issn:0166-1280 openalex:S207713678],omid:br/06101673530,The Journal Of Chemical Physics [omid:br/067037880 issn:0021-9606 issn:1089-7690 openalex:S77047749],2001-07,False,True,Incoming,['01661280'],"['00219606', '10897690']",,,,,Chemistry; Medicine; Physics and Astronomy,Physical and Theoretical Chemistry (Q1); Physics and Astronomy (miscellaneous) (Q1); Medicine (miscellaneous) (Q2),,
oci:06801832485-061801600843,omid:br/06801832485,Journal Of High Energy Physics [omid:br/062038872 issn:1029-8479 issn:1126-6708 openalex:S187585107],omid:br/061801600843,AEU - International Journal Of Electronics And Communications [omid:br/0614014052 issn:1434-8411 issn:1618-0399 openalex:S141761900],2018-03,True,False,Outgoing,"['10298479', '11266708']","['14348411', '16180399']",Physics and Astronomy,Nuclear and High Energy Physics (Q2),QC770-798,Science: Physics: Nuclear and particle physics. Atomic energy. Radioactivity,Engineering,Electrical and Electronic Engineering (Q2),,
oci:06301587726-062403011216,omid:br/06301587726,Archives Of Computational Methods In Engineering [omid:br/06301588798 issn:1134-3060 issn:1886-1784 openalex:S65486112],omid:br/062403011216,Acta Numerica [omid:br/062403012380 issn:0962-4929 issn:1474-0508 openalex:S124973578],2022-04-11,False,True,Incoming,"['11343060', '18861784']","['09624929', '14740508']",Computer Science; Mathematics,Applied Mathematics (Q1); Computer Science Applications (Q1),,,Mathematics,Mathematics (miscellaneous) (Q1); Numerical Analysis (Q1),,
oci:062103964744-06902084942,omid:br/062103964744,Journal Of Physics G: Nuclear And Particle Physics [omid:br/0612059308 issn:0954-3899 issn:1361-6471 openalex:S78376336],omid:br/06902084942,Physical Review Letters [omid:br/063044243 issn:0031-9007 issn:1079-7114 openalex:S24807848],2022-12-22,True,False,Outgoing,"['09543899', '13616471']","['00319007', '10797114']",Physics and Astronomy,Nuclear and High Energy Physics (Q1),,,Physics and Astronomy,Physics and Astronomy (miscellaneous) (Q1),,
oci:061801808498-06301737038,omid:br/061801808498,Monthly Notices Of The Royal Astronomical Society [omid:br/067041753 doi:10.1111/(issn)1365-2966 issn:0035-8711 issn:1365-2966 openalex:S195663288],omid:br/06301737038,The Astrophysical Journal [omid:br/064040542 issn:0004-637X issn:1538-4357 openalex:S1980519],2020-10-22,True,False,Outgoing,"['13652966', '00358711', '13652966']","['0004637X', '15384357']",Earth and Planetary Sciences; Physics and Astronomy,Astronomy and Astrophysics (Q1); Space and Planetary Science (Q1),QB1-991,Science: Astronomy,Earth and Planetary Sciences; Physics and Astronomy,Astronomy and Astrophysics (Q1); Space and Planetary Science (Q1),QB460-466,Science: Astronomy: Astrophysics
oci:061402420924-06302832238,omid:br/061402420924,Nuclear Physics B [omid:br/069057982 issn:0550-3213 issn:1873-1562 openalex:S4210194812],omid:br/06302832238,Physics Letters B [omid:br/0626059839 issn:0370-2693 openalex:S173952182],2015-08,False,True,Incoming,"['05503213', '18731562']",['03702693'],Physics and Astronomy,Nuclear and High Energy Physics (Q2),QC770-798,Science: Physics: Nuclear and particle physics. Atomic energy. Radioactivity,Physics and Astronomy,Nuclear and High Energy Physics (Q1),QC1-999,Science: Physics
oci:06602830741-06260583847,omid:br/06602830741,Physics Letters B [omid:br/0626059839 issn:0370-2693 openalex:S173952182],omid:br/06260583847,Physical Review D [omid:br/062509685 issn:2470-0010 issn:2470-0029 openalex:S4210238307],2019-04,False,True,Incoming,['03702693'],"['24700010', '24700029']",Physics and Astronomy,Nuclear and High Energy Physics (Q1),QC1-999,Science: Physics,Physics and Astronomy,Nuclear and High Energy Physics (Q1); Physics and Astronomy (miscellaneous) (Q1),,
oci:06101449379-061401653937,omid:br/06101449379,Physical Review D [omid:br/066033919 issn:1550-2368 issn:1550-7998 openalex:S4210210554],omid:br/061401653937,Zeitschrift Für Physik C Particles And Fields [omid:br/0612035595 issn:0170-9739 issn:1431-5858 issn:1434-6044 issn:1434-6052],2005-05-16,False,True,Incoming,"['15502368', '15507998']","['01709739', '14315858', '14346044', '14346052']",,,,,Engineering; Physics and Astronomy,Engineering (miscellaneous) (Q1); Physics and Astronomy (miscellaneous) (Q1),QB460-466|QC770-798,Science: Astronomy: Astrophysics | Science: Physics: Nuclear and particle physics. Atomic energy. Radioactivity
oci:061603516346-062403484827,omid:br/061603516346,Physical Review B [omid:br/0616012786 issn:0163-1829 issn:1095-3795 issn:1098-0121 issn:1550-235X],omid:br/062403484827,Physical Review Letters [omid:br/063044243 issn:0031-9007 issn:1079-7114 openalex:S24807848],1997-08-15,False,True,Incoming,"['01631829', '10953795', '10980121', '1550235X']","['00319007', '10797114']",,,,,Physics and Astronomy,Physics and Astronomy (miscellaneous) (Q1),,
oci:06110204844-06160626367,omid:br/06110204844,Neural Networks [omid:br/062402893 issn:0893-6080 openalex:S123019304],omid:br/06160626367,Physical Review B [omid:br/0616012786 issn:0163-1829 issn:1095-3795 issn:1098-0121 issn:1550-235X],2015-06,True,False,Outgoing,['08936080'],"['01631829', '10953795', '10980121', '1550235X']",Computer Science; Neuroscience,Artificial Intelligence (Q1); Cognitive Neuroscience (Q1),,,,,,
oci:06102845550-06301834328,omid:br/06102845550,Physics Letters B [omid:br/0626059839 issn:0370-2693 openalex:S173952182],omid:br/06301834328,Journal Of High Energy Physics [omid:br/062038872 issn:1029-8479 issn:1126-6708 openalex:S187585107],2015-10,True,False,Outgoing,['03702693'],"['10298479', '11266708']",Physics and Astronomy,Nuclear and High Energy Physics (Q1),QC1-999,Science: Physics,Physics and Astronomy,Nuclear and High Energy Physics (Q2),QC770-798,Science: Physics: Nuclear and particle physics. Atomic energy. Radioactivity
oci:061302662968-06150120463,omid:br/061302662968,ChemPhysChem [omid:br/068057334 doi:10.1002/(issn)1439-7641 issn:1439-4235 issn:1439-7641 openalex:S169445072],omid:br/06150120463,Chemical Physics Letters [omid:br/062302564 issn:0009-2614 openalex:S44567922],2014-09-02,True,False,Outgoing,"['14397641', '14394235', '14397641']",['00092614'],Chemistry; Physics and Astronomy,"Atomic and Molecular Physics, and Optics (Q2); Physical and Theoretical Chemistry (Q2)",,,Chemistry; Physics and Astronomy,Physical and Theoretical Chemistry (Q2); Physics and Astronomy (miscellaneous) (Q2),,
oci:06901873539-062501648892,omid:br/06901873539,The Journal Of Physical Chemistry A [omid:br/0621041077 issn:1089-5639 issn:1520-5215 openalex:S146709414],omid:br/062501648892,The Journal Of Chemical Physics [omid:br/067037880 issn:0021-9606 issn:1089-7690 openalex:S77047749],2009-03-19,False,True,Incoming,"['10895639', '15205215']","['00219606', '10897690']",Chemistry; Medicine,Medicine (miscellaneous) (Q2); Physical and Theoretical Chemistry (Q2),,,Chemistry; Medicine; Physics and Astronomy,Physical and Theoretical Chemistry (Q1); Physics and Astronomy (miscellaneous) (Q1); Medicine (miscellaneous) (Q2),,
oci:06140611037-062401202106,omid:br/06140611037,Journal Of Clinical Investigation [omid:br/0613011759 issn:0021-9738 issn:1558-8238 openalex:S114430552],omid:br/062401202106,JBIC Journal Of Biological Inorganic Chemistry [omid:br/0623030645 doi:10.1111/(issn)1432-1033 issn:0014-2956 issn:0949-8257 issn:1432-1033 issn:1432-1327],1997-04-01,True,False,Outgoing,"['00219738', '15588238']","['14321033', '00142956', '09498257', '14321033', '14321327']",Medicine,Medicine (miscellaneous) (Q1),R,Medicine,"Biochemistry, Genetics and Molecular Biology; Chemistry",Inorganic Chemistry (Q2); Biochemistry (Q3),,
oci:06803744136-062102137115,omid:br/06803744136,Engineering Analysis With Boundary Elements [omid:br/0611071025 issn:0955-7997 openalex:S5226199],omid:br/062102137115,SIAM Journal On Scientific Computing [omid:br/064047205 issn:1064-8275 issn:1095-7197 openalex:S165512578],2010-05,False,True,Incoming,['09557997'],"['10648275', '10957197']",Engineering; Mathematics,Analysis (Q1); Computational Mathematics (Q1); Engineering (miscellaneous) (Q1); Applied Mathematics (Q2),,,Mathematics,Applied Mathematics (Q1); Computational Mathematics (Q1),,
oci:0630570697-06201088034,omid:br/0630570697,Physical Review D [omid:br/062509685 issn:2470-0010 issn:2470-0029 openalex:S4210238307],omid:br/06201088034,Science Bulletin [omid:br/068027467 issn:0036-8261 issn:2095-9273 issn:2095-9281 openalex:S4210187383],2022-04-29,False,True,Incoming,"['24700010', '24700029']","['00368261', '20959273', '20959281']",Physics and Astronomy,Nuclear and High Energy Physics (Q1); Physics and Astronomy (miscellaneous) (Q1),,,Multidisciplinary,Multidisciplinary (Q1),,
oci:061904311130-062401715010,omid:br/061904311130,The Astrophysical Journal [omid:br/064040542 issn:0004-637X issn:1538-4357 openalex:S1980519],omid:br/062401715010,The Astrophysical Journal [omid:br/064040542 issn:0004-637X issn:1538-4357 openalex:S1980519],2024-07-01,True,False,Outgoing,"['0004637X', '15384357']","['0004637X', '15384357']",Earth and Planetary Sciences; Physics and Astronomy,Astronomy and Astrophysics (Q1); Space and Planetary Science (Q1),QB460-466,Science: Astronomy: Astrophysics,Earth and Planetary Sciences; Physics and Astronomy,Astronomy and Astrophysics (Q1); Space and Planetary Science (Q1),QB460-466,Science: Astronomy: Astrophysics
oci:06190624667-061601823849,omid:br/06190624667,Monthly Notices Of The Royal Astronomical Society: Letters [omid:br/0616012575 issn:1745-3925 issn:1745-3933 openalex:S2734515570],omid:br/061601823849,Monthly Notices Of The Royal Astronomical Society [omid:br/067041753 doi:10.1111/(issn)1365-2966 issn:0035-8711 issn:1365-2966 openalex:S195663288],2011-08-09,True,True,Internal,"['17453925', '17453933']","['13652966', '00358711', '13652966']",Earth and Planetary Sciences; Physics and Astronomy,Astronomy and Astrophysics (Q1); Space and Planetary Science (Q1),,,Earth and Planetary Sciences; Physics and Astronomy,Astronomy and Astrophysics (Q1); Space and Planetary Science (Q1),QB1-991,Science: Astronomy
oci:06901733539-061702622356,omid:br/06901733539,Toxins [omid:br/061041673 doi:10.3390/toxins issn:2072-6651 openalex:S128990672],omid:br/061702622356,Scientific Reports [omid:br/0616055349 issn:2045-2322 openalex:S196734849],2019-09-16,False,True,Incoming,['20726651'],['20452322'],"Environmental Science; Pharmacology, Toxicology and Pharmaceutics","Health, Toxicology and Mutagenesis (Q2); Toxicology (Q2)",R,Medicine,Multidisciplinary,Multidisciplinary (Q1),R|Q,Medicine | Science
oci:06270578352-06170102323,omid:br/06270578352,The Journal Of Physical Chemistry Letters [omid:br/065031994 issn:1948-7185 openalex:S123480357],omid:br/06170102323,Angewandte Chemie International Edition [omid:br/061601945 doi:10.1002/(issn)1521-3773 issn:0570-0833 issn:1433-7851 issn:1521-3773 openalex:S67393510],2024-03-26,False,True,Incoming,['19487185'],"['15213773', '05700833', '14337851', '15213773']",Chemistry; Materials Science,Materials Science (miscellaneous) (Q1); Nanoscience and Nanotechnology (Q1); Physical and Theoretical Chemistry (Q1),,,Chemical Engineering; Chemistry,Catalysis (Q1); Chemistry (miscellaneous) (Q1),,
oci:062102631171-061102071278,omid:br/062102631171,Nuclear And Particle Physics Proceedings [omid:br/0623059283 issn:2405-6014 issn:2405-6022 openalex:S2898370247],omid:br/061102071278,Physical Review Letters [omid:br/063044243 issn:0031-9007 issn:1079-7114 openalex:S24807848],2018-07,False,True,Incoming,"['24056014', '24056022']","['00319007', '10797114']",Physics and Astronomy,Nuclear and High Energy Physics (Q4),,,Physics and Astronomy,Physics and Astronomy (miscellaneous) (Q1),,
oci:061301723115-061701735576,omid:br/061301723115,The Astrophysical Journal [omid:br/064040542 issn:0004-637X issn:1538-4357 openalex:S1980519],omid:br/061701735576,The Astrophysical Journal [omid:br/064040542 issn:0004-637X issn:1538-4357 openalex:S1980519],2021-11-01,True,False,Outgoing,"['0004637X', '15384357']","['0004637X', '15384357']",Earth and Planetary Sciences; Physics and Astronomy,Astronomy and Astrophysics (Q1); Space and Planetary Science (Q1),QB460-466,Science: Astronomy: Astrophysics,Earth and Planetary Sciences; Physics and Astronomy,Astronomy and Astrophysics (Q1); Space and Planetary Science (Q1),QB460-466,Science: Astronomy: Astrophysics
oci:061901816380-062301810508,omid:br/061901816380,Monthly Notices Of The Royal Astronomical Society [omid:br/067041753 doi:10.1111/(issn)1365-2966 issn:0035-8711 issn:1365-2966 openalex:S195663288],omid:br/062301810508,Monthly Notices Of The Royal Astronomical Society [omid:br/067041753 doi:10.1111/(issn)1365-2966 issn:0035-8711 issn:1365-2966 openalex:S195663288],2005-08-01,True,False,Outgoing,"['13652966', '00358711', '13652966']","['13652966', '00358711', '13652966']",Earth and Planetary Sciences; Physics and Astronomy,Astronomy and Astrophysics (Q1); Space and Planetary Science (Q1),QB1-991,Science: Astronomy,Earth and Planetary Sciences; Physics and Astronomy,Astronomy and Astrophysics (Q1); Space and Planetary Science (Q1),QB1-991,Science: Astronomy
oci:06150567082-061601609101,omid:br/06150567082,Physical Review D [omid:br/062509685 issn:2470-0010 issn:2470-0029 openalex:S4210238307],omid:br/061601609101,AEU - International Journal Of Electronics And Communications [omid:br/0614014052 issn:1434-8411 issn:1618-0399 openalex:S141761900],2019-10-08,True,False,Outgoing,"['24700010', '24700029']","['14348411', '16180399']",Physics and Astronomy,Nuclear and High Energy Physics (Q1); Physics and Astronomy (miscellaneous) (Q1),,,Engineering,Electrical and Electronic Engineering (Q2),,
oci:062201322240-06903072734,omid:br/062201322240,Physical Review A [omid:br/061032719 issn:1050-2947 issn:1094-1622 openalex:S164566984],omid:br/06903072734,International Reviews In Physical Chemistry [omid:br/06903072884 issn:0144-235X issn:1366-591X openalex:S80579236],2006-02-01,True,False,Outgoing,"['10502947', '10941622']","['0144235X', '1366591X']",,,,,Chemistry,Physical and Theoretical Chemistry (Q3),,
oci:061201808363-062101717575,omid:br/061201808363,Monthly Notices Of The Royal Astronomical Society [omid:br/067041753 doi:10.1111/(issn)1365-2966 issn:0035-8711 issn:1365-2966 openalex:S195663288],omid:br/062101717575,Astronomy & Astrophysics [omid:br/064040455 issn:0004-6361 issn:1432-0746 openalex:S205231332],2022-04-15,False,True,Incoming,"['13652966', '00358711', '13652966']","['00046361', '14320746']",Earth and Planetary Sciences; Physics and Astronomy,Astronomy and Astrophysics (Q1); Space and Planetary Science (Q1),QB1-991,Science: Astronomy,Earth and Planetary Sciences; Physics and Astronomy,Astronomy and Astrophysics (Q1); Space and Planetary Science (Q1),QB1-991,Science: Astronomy
oci:06402455135-061603338964,omid:br/06402455135,Physical Review Letters [omid:br/063044243 issn:0031-9007 issn:1079-7114 openalex:S24807848],omid:br/061603338964,IEEE Transactions On Nuclear Science [omid:br/067066968 doi:10.1109/tns.23 issn:0018-9499 issn:1558-1578 openalex:S14279044],2003-12-12,True,False,Outgoing,"['00319007', '10797114']","['00189499', '15581578']",Physics and Astronomy,Physics and Astronomy (miscellaneous) (Q1),,,Energy; Engineering; Physics and Astronomy,Electrical and Electronic Engineering (Q2); Nuclear and High Energy Physics (Q2); Nuclear Energy and Engineering (Q2),,
oci:06204837583-062501808590,omid:br/06204837583,Monthly Notices Of The Royal Astronomical Society [omid:br/067041753 doi:10.1111/(issn)1365-2966 issn:0035-8711 issn:1365-2966 openalex:S195663288],omid:br/062501808590,Monthly Notices Of The Royal Astronomical Society [omid:br/067041753 doi:10.1111/(issn)1365-2966 issn:0035-8711 issn:1365-2966 openalex:S195663288],2024-10-24,True,False,Outgoing,"['13652966', '00358711', '13652966']","['13652966', '00358711', '13652966']",Earth and Planetary Sciences; Physics and Astronomy,Astronomy and Astrophysics (Q1); Space and Planetary Science (Q1),QB1-991,Science: Astronomy,Earth and Planetary Sciences; Physics and Astronomy,Astronomy and Astrophysics (Q1); Space and Planetary Science (Q1),QB1-991,Science: Astronomy
oci:0640859930-062501022754,omid:br/0640859930,The Journal Of Sexual Medicine [omid:br/0613017288 doi:10.1111/(issn)1743-6109 issn:1743-6095 issn:1743-6109 openalex:S159512450],omid:br/062501022754,Archives Of Facial Plastic Surgery [omid:br/0619027648 issn:1521-2491 issn:1538-3660 openalex:S193953920],2015-05,True,False,Outgoing,"['17436109', '17436095', '17436109']","['15212491', '15383660']","Biochemistry, Genetics and Molecular Biology; Medicine; Neuroscience","Urology (Q1); Behavioral Neuroscience (Q2); Endocrinology (Q2); Endocrinology, Diabetes and Metabolism (Q2); Obstetrics and Gynecology (Q2); Psychiatry and Mental Health (Q2); Reproductive Medicine (Q2)",,,,,,
oci:06601677636-06501843520,omid:br/06601677636,Zeitschrift Für Physik C Particles And Fields [omid:br/0612035595 issn:0170-9739 issn:1431-5858 issn:1434-6044 issn:1434-6052],omid:br/06501843520,Journal Of High Energy Physics [omid:br/062038872 issn:1029-8479 issn:1126-6708 openalex:S187585107],2016-05,False,True,Incoming,"['01709739', '14315858', '14346044', '14346052']","['10298479', '11266708']",Engineering; Physics and Astronomy,Engineering (miscellaneous) (Q1); Physics and Astronomy (miscellaneous) (Q1),QB460-466|QC770-798,Science: Astronomy: Astrophysics | Science: Physics: Nuclear and particle physics. Atomic energy. Radioactivity,Physics and Astronomy,Nuclear and High Energy Physics (Q2),QC770-798,Science: Physics: Nuclear and particle physics. Atomic energy. Radioactivity
oci:0630456541-06220785025,omid:br/0630456541,WIREs Climate Change [omid:br/0630457668 issn:1757-7780 issn:1757-7799 openalex:S205538080],omid:br/06220785025,Nature Climate Change [omid:br/064017095 doi:10.1038/41558.1758-6798 issn:1758-678X issn:1758-6798 openalex:S183584863],2018-12-21,False,True,Incoming,"['17577780', '17577799']","['17586798', '1758678X', '17586798']",Earth and Planetary Sciences; Environmental Science; Social Sciences,"Atmospheric Science (Q1); Geography, Planning and Development (Q1); Global and Planetary Change (Q1)",,,Environmental Science; Social Sciences,Environmental Science (miscellaneous) (Q1); Social Sciences (miscellaneous) (Q1),,
oci:061501925100-062202048995,omid:br/061501925100,Conformal Geometry And Dynamics Of The American Mathematical Society [omid:br/062202704044 issn:1088-4173 openalex:S4210227478],omid:br/062202048995,Physical Review Letters [omid:br/063044243 issn:0031-9007 issn:1079-7114 openalex:S24807848],2013-12-04,False,True,Incoming,['10884173'],"['00319007', '10797114']",Mathematics,Geometry and Topology (Q3),,,Physics and Astronomy,Physics and Astronomy (miscellaneous) (Q1),,
oci:06320176128-06104291714,omid:br/06320176128,Universe [omid:br/0611043227 issn:2218-1997 openalex:S2737774819],omid:br/06104291714,Living Reviews In Relativity [omid:br/06120796634 issn:1433-8351 issn:2367-3613],2023-05-23,False,True,Incoming,['22181997'],"['14338351', '23673613']",Physics and Astronomy,Physics and Astronomy (miscellaneous) (Q2),QC793-793.5,Science: Physics: Nuclear and particle physics. Atomic energy. Radioactivity: Elementary particle physics,Physics and Astronomy,Physics and Astronomy (miscellaneous) (Q1),QC170-197,Science: Physics: Atomic physics. Constitution and properties of matter
oci:062101420926-06801833753,omid:br/062101420926,Physical Review D [omid:br/066033919 issn:1550-2368 issn:1550-7998 openalex:S4210210554],omid:br/06801833753,Journal Of High Energy Physics [omid:br/062038872 issn:1029-8479 issn:1126-6708 openalex:S187585107],2015-07-23,False,True,Incoming,"['15502368', '15507998']","['10298479', '11266708']",,,,,Physics and Astronomy,Nuclear and High Energy Physics (Q2),QC770-798,Science: Physics: Nuclear and particle physics. Atomic energy. Radioactivity
oci:06504378217-06701819983,omid:br/06504378217,Physical Review D [omid:br/062509685 issn:2470-0010 issn:2470-0029 openalex:S4210238307],omid:br/06701819983,Journal Of High Energy Physics [omid:br/062038872 issn:1029-8479 issn:1126-6708 openalex:S187585107],2023-03-27,False,True,Incoming,"['24700010', '24700029']","['10298479', '11266708']",Physics and Astronomy,Nuclear and High Energy Physics (Q1); Physics and Astronomy (miscellaneous) (Q1),,,Physics and Astronomy,Nuclear and High Energy Physics (Q2),QC770-798,Science: Physics: Nuclear and particle physics. Atomic energy. Radioactivity
oci:061601730764-062201716488,omid:br/061601730764,Astronomy & Astrophysics [omid:br/064040455 issn:0004-6361 issn:1432-0746 openalex:S205231332],omid:br/062201716488,Astronomy & Astrophysics [omid:br/064040455 issn:0004-6361 issn:1432-0746 openalex:S205231332],2019-07,False,True,Incoming,"['00046361', '14320746']","['00046361', '14320746']",Earth and Planetary Sciences; Physics and Astronomy,Astronomy and Astrophysics (Q1); Space and Planetary Science (Q1),QB1-991,Science: Astronomy,Earth and Planetary Sciences; Physics and Astronomy,Astronomy and Astrophysics (Q1); Space and Planetary Science (Q1),QB1-991,Science: Astronomy
oci:061501920328-06120928061,omid:br/061501920328,Reviews In Mathematical Physics [omid:br/061501921324 issn:0129-055X issn:1793-6659 openalex:S118162903],omid:br/06120928061,JETP Letters [omid:br/067021637 issn:0021-3640 issn:1090-6487 openalex:S119930252],2018-07-25,True,False,Outgoing,"['0129055X', '17936659']","['00213640', '10906487']",Mathematics; Physics and Astronomy,Mathematical Physics (Q2); Statistical and Nonlinear Physics (Q2),,,Physics and Astronomy,Physics and Astronomy (miscellaneous) (Q3),,
oci:06102837866-062202382565,omid:br/06102837866,Physics Reports [omid:br/0625047923 issn:0370-1573 openalex:S48633963],omid:br/062202382565,EPL (Europhysics Letters) [omid:br/068053019 issn:0295-5075 issn:1286-4854 openalex:S161185981],2021-11,False,True,Incoming,['03701573'],"['02955075', '12864854']",Physics and Astronomy,Physics and Astronomy (miscellaneous) (Q1),,,Physics and Astronomy,Physics and Astronomy (miscellaneous) (Q2),,
oci:06501381142-0631022545,omid:br/06501381142,FEBS Letters [omid:br/068035745 issn:0014-5793 issn:1873-3468 openalex:S104830714],omid:br/0631022545,Journal Of Biomolecular NMR [omid:br/061018235 issn:0925-2738 issn:1573-5001 openalex:S181390377],1996-04-01,True,False,Outgoing,"['00145793', '18733468']","['09252738', '15735001']","Biochemistry, Genetics and Molecular Biology",Biochemistry (Q1); Biophysics (Q1); Cell Biology (Q2); Genetics (Q2); Molecular Biology (Q2); Structural Biology (Q2),,,"Biochemistry, Genetics and Molecular Biology; Chemistry",Spectroscopy (Q1); Biochemistry (Q2),,
oci:06102846072-06101447949,omid:br/06102846072,Physics Letters B [omid:br/0626059839 issn:0370-2693 openalex:S173952182],omid:br/06101447949,Physical Review D [omid:br/066033919 issn:1550-2368 issn:1550-7998 openalex:S4210210554],2015-02,True,False,Outgoing,['03702693'],"['15502368', '15507998']",Physics and Astronomy,Nuclear and High Energy Physics (Q1),QC1-999,Science: Physics,,,,
oci:06502422191-061503318314,omid:br/06502422191,Journal Of Chemical Theory And Computation [omid:br/0619047782 issn:1549-9618 issn:1549-9626 openalex:S189701308],omid:br/061503318314,Theoretical Chemistry Accounts [omid:br/0625060906 issn:0040-5744 issn:1432-2234 issn:1432-881X],2021-10-08,True,False,Outgoing,"['15499618', '15499626']","['00405744', '14322234', '1432881X']",Chemistry; Computer Science,Computer Science Applications (Q1); Physical and Theoretical Chemistry (Q1),,,Chemistry,Physical and Theoretical Chemistry (Q3),,
oci:06210245229-061403702413,omid:br/06210245229,Journal Of Medicinal Chemistry [omid:br/061804490 issn:0022-2623 issn:0095-9065 issn:1520-4804],omid:br/061403702413,Cell [omid:br/0611013894 issn:0092-8674 openalex:S110447773],2004-07-10,True,False,Outgoing,"['00222623', '00959065', '15204804']",['00928674'],"Biochemistry, Genetics and Molecular Biology; Pharmacology, Toxicology and Pharmaceutics",Drug Discovery (Q1); Molecular Medicine (Q1),,,"Biochemistry, Genetics and Molecular Biology","Biochemistry, Genetics and Molecular Biology (miscellaneous) (Q1)",,
oci:06801832666-06703914797,omid:br/06801832666,Journal Of High Energy Physics [omid:br/062038872 issn:1029-8479 issn:1126-6708 openalex:S187585107],omid:br/06703914797,Physical Review D [omid:br/067039535 issn:0556-2821 issn:1089-4918 openalex:S4210190737],2018-03,True,False,Outgoing,"['10298479', '11266708']","['05562821', '10894918']",Physics and Astronomy,Nuclear and High Energy Physics (Q2),QC770-798,Science: Physics: Nuclear and particle physics. Atomic energy. Radioactivity,,,,
oci:061802434630-06301743765,omid:br/061802434630,Nuclear Physics B [omid:br/069057982 issn:0550-3213 issn:1873-1562 openalex:S4210194812],omid:br/06301743765,Physical Review D [omid:br/067039535 issn:0556-2821 issn:1089-4918 openalex:S4210190737],2005-07,True,False,Outgoing,"['05503213', '18731562']","['05562821', '10894918']",Physics and Astronomy,Nuclear and High Energy Physics (Q2),QC770-798,Science: Physics: Nuclear and particle physics. Atomic energy. Radioactivity,,,,
oci:061202801537-06302832284,omid:br/061202801537,Nuclear Physics B - Proceedings Supplements [omid:br/0614054330 issn:0920-5632 issn:1873-3832 openalex:S4210182546],omid:br/06302832284,Physics Letters B [omid:br/0626059839 issn:0370-2693 openalex:S173952182],2014-08,False,True,Incoming,"['09205632', '18733832']",['03702693'],,,,,Physics and Astronomy,Nuclear and High Energy Physics (Q1),QC1-999,Science: Physics
oci:06310170527-06460124310,omid:br/06310170527,The Astrophysical Journal [omid:br/064040542 issn:0004-637X issn:1538-4357 openalex:S1980519],omid:br/06460124310,Astronomy & Astrophysics [omid:br/064040455 issn:0004-6361 issn:1432-0746 openalex:S205231332],2023-04-01,False,True,Incoming,"['0004637X', '15384357']","['00046361', '14320746']",Earth and Planetary Sciences; Physics and Astronomy,Astronomy and Astrophysics (Q1); Space and Planetary Science (Q1),QB460-466,Science: Astronomy: Astrophysics,Earth and Planetary Sciences; Physics and Astronomy,Astronomy and Astrophysics (Q1); Space and Planetary Science (Q1),QB1-991,Science: Astronomy
oci:062601450077-06302439984,omid:br/062601450077,Physical Review D [omid:br/066033919 issn:1550-2368 issn:1550-7998 openalex:S4210210554],omid:br/06302439984,Physical Review Letters [omid:br/063044243 issn:0031-9007 issn:1079-7114 openalex:S24807848],2006-01-20,False,True,Incoming,"['15502368', '15507998']","['00319007', '10797114']",,,,,Physics and Astronomy,Physics and Astronomy (miscellaneous) (Q1),,
oci:06501843757-06101448432,omid:br/06501843757,Journal Of High Energy Physics [omid:br/062038872 issn:1029-8479 issn:1126-6708 openalex:S187585107],omid:br/06101448432,Physical Review D [omid:br/066033919 issn:1550-2368 issn:1550-7998 openalex:S4210210554],2015-11,False,True,Incoming,"['10298479', '11266708']","['15502368', '15507998']",Physics and Astronomy,Nuclear and High Energy Physics (Q2),QC770-798,Science: Physics: Nuclear and particle physics. Atomic energy. Radioactivity,,,,
oci:06701819535-06301833718,omid:br/06701819535,Journal Of High Energy Physics [omid:br/062038872 issn:1029-8479 issn:1126-6708 openalex:S187585107],omid:br/06301833718,Journal Of High Energy Physics [omid:br/062038872 issn:1029-8479 issn:1126-6708 openalex:S187585107],2021-10,True,False,Outgoing,"['10298479', '11266708']","['10298479', '11266708']",Physics and Astronomy,Nuclear and High Energy Physics (Q2),QC770-798,Science: Physics: Nuclear and particle physics. Atomic energy. Radioactivity,Physics and Astronomy,Nuclear and High Energy Physics (Q2),QC770-798,Science: Physics: Nuclear and particle physics. Atomic energy. Radioactivity
oci:06210828583-062303046508,omid:br/06210828583,Future Medicinal Chemistry [omid:br/0625015498 issn:1756-8919 issn:1756-8927 openalex:S122867665],omid:br/062303046508,ACS Medicinal Chemistry Letters [omid:br/0618061287 issn:1948-5875 openalex:S191852912],2017-10,False,True,Incoming,"['17568919', '17568927']",['19485875'],"Biochemistry, Genetics and Molecular Biology; Pharmacology, Toxicology and Pharmaceutics",Drug Discovery (Q3); Pharmacology (Q3); Molecular Medicine (Q4),,,"Biochemistry, Genetics and Molecular Biology; Chemistry; Pharmacology, Toxicology and Pharmaceutics",Organic Chemistry (Q1); Biochemistry (Q2); Drug Discovery (Q2),,
oci:06330522203-06104291714,omid:br/06330522203,Physical Review D [omid:br/062509685 issn:2470-0010 issn:2470-0029 openalex:S4210238307],omid:br/06104291714,Living Reviews In Relativity [omid:br/06120796634 issn:1433-8351 issn:2367-3613],2024-11-12,False,True,Incoming,"['24700010', '24700029']","['14338351', '23673613']",Physics and Astronomy,Nuclear and High Energy Physics (Q1); Physics and Astronomy (miscellaneous) (Q1),,,Physics and Astronomy,Physics and Astronomy (miscellaneous) (Q1),QC170-197,Science: Physics: Atomic physics. Constitution and properties of matter
oci:061202381378-061702622356,omid:br/061202381378,Future Virology [omid:br/066049753 issn:1746-0794 issn:1746-0808 openalex:S204562989],omid:br/061702622356,Scientific Reports [omid:br/0616055349 issn:2045-2322 openalex:S196734849],2022-05,False,True,Incoming,"['17460794', '17460808']",['20452322'],Immunology and Microbiology,Virology (Q3),,,Multidisciplinary,Multidisciplinary (Q1),R|Q,Medicine | Science
oci:06250240820-0630182617,omid:br/06250240820,Journal Of Medicinal Chemistry [omid:br/061804490 issn:0022-2623 issn:0095-9065 issn:1520-4804],omid:br/0630182617,Expert Opinion On Therapeutic Targets [omid:br/062102796 issn:1472-8222 issn:1744-7631 openalex:S149756942],2012-05-17,True,False,Outgoing,"['00222623', '00959065', '15204804']","['14728222', '17447631']","Biochemistry, Genetics and Molecular Biology; Pharmacology, Toxicology and Pharmaceutics",Drug Discovery (Q1); Molecular Medicine (Q1),,,"Biochemistry, Genetics and Molecular Biology; Pharmacology, Toxicology and Pharmaceutics",Clinical Biochemistry (Q1); Drug Discovery (Q1); Molecular Medicine (Q1); Pharmacology (Q1),,
oci:06104783481-062301171895,omid:br/06104783481,Physical Review A [omid:br/0619043744 issn:2469-9926 issn:2469-9934 openalex:S4210182288],omid:br/062301171895,Npj Quantum Information [omid:br/062301172938 issn:2056-6387 openalex:S2738600312],2024-06-14,True,False,Outgoing,"['24699926', '24699934']",['20566387'],Physics and Astronomy,"Atomic and Molecular Physics, and Optics (Q1)",,,Computer Science; Physics and Astronomy,Computational Theory and Mathematics (Q1); Computer Networks and Communications (Q1); Computer Science (miscellaneous) (Q1); Statistical and Nonlinear Physics (Q1),QC1-999|QA75.5-76.95,Science: Physics | Science: Mathematics: Instruments and machines: Electronic computers. Computer science
oci:061101738189-061801723121,omid:br/061101738189,The Astrophysical Journal [omid:br/064040542 issn:0004-637X issn:1538-4357 openalex:S1980519],omid:br/061801723121,Astronomy & Astrophysics [omid:br/064040455 issn:0004-6361 issn:1432-0746 openalex:S205231332],2022-03-01,True,False,Outgoing,"['0004637X', '15384357']","['00046361', '14320746']",Earth and Planetary Sciences; Physics and Astronomy,Astronomy and Astrophysics (Q1); Space and Planetary Science (Q1),QB460-466,Science: Astronomy: Astrophysics,Earth and Planetary Sciences; Physics and Astronomy,Astronomy and Astrophysics (Q1); Space and Planetary Science (Q1),QB1-991,Science: Astronomy
oci:06160108783-0632049198,omid:br/06160108783,Progress In Neurobiology [omid:br/061801301 issn:0301-0082 openalex:S69289175],omid:br/0632049198,NeuroReport [omid:br/0619023481 issn:0959-4965 issn:1473-558X openalex:S121278948],2018-09,True,False,Outgoing,['03010082'],"['09594965', '1473558X']",Neuroscience,Neuroscience (miscellaneous) (Q1),,,Neuroscience,Neuroscience (miscellaneous) (Q3),,
oci:0639063050-062501744662,omid:br/0639063050,Biomacromolecules [omid:br/065018594 issn:1525-7797 issn:1526-4602 openalex:S11629336],omid:br/062501744662,Langmuir [omid:br/0611041726 issn:0743-7463 issn:1520-5827 openalex:S75741262],2012-07-17,True,False,Outgoing,"['15257797', '15264602']","['07437463', '15205827']",Chemical Engineering; Materials Science,Bioengineering (Q1); Biomaterials (Q1); Materials Chemistry (Q1); Polymers and Plastics (Q1),,,Chemistry; Materials Science; Medicine; Physics and Astronomy,Condensed Matter Physics (Q1); Spectroscopy (Q1); Electrochemistry (Q2); Materials Science (miscellaneous) (Q2); Medicine (miscellaneous) (Q2); Surfaces and Interfaces (Q2),,
oci:06901690793-061702067563,omid:br/06901690793,Zeitschrift Für Physik C Particles And Fields [omid:br/0612035595 issn:0170-9739 issn:1431-5858 issn:1434-6044 issn:1434-6052],omid:br/061702067563,Physical Review Letters [omid:br/063044243 issn:0031-9007 issn:1079-7114 openalex:S24807848],2008-09,True,False,Outgoing,"['01709739', '14315858', '14346044', '14346052']","['00319007', '10797114']",Engineering; Physics and Astronomy,Engineering (miscellaneous) (Q1); Physics and Astronomy (miscellaneous) (Q1),QB460-466|QC770-798,Science: Astronomy: Astrophysics | Science: Physics: Nuclear and particle physics. Atomic energy. Radioactivity,Physics and Astronomy,Physics and Astronomy (miscellaneous) (Q1),,
oci:062301165628-061702622356,omid:br/062301165628,Journal Of Experimental Biology [omid:br/0614023529 issn:0022-0949 issn:1477-9145 openalex:S20257348],omid:br/061702622356,Scientific Reports [omid:br/0616055349 issn:2045-2322 openalex:S196734849],2022-03-08,False,True,Incoming,"['00220949', '14779145']",['20452322'],"Agricultural and Biological Sciences; Biochemistry, Genetics and Molecular Biology; Medicine","Animal Science and Zoology (Q1); Aquatic Science (Q1); Ecology, Evolution, Behavior and Systematics (Q1); Insect Science (Q1); Medicine (miscellaneous) (Q2); Molecular Biology (Q2); Physiology (Q2)",,,Multidisciplinary,Multidisciplinary (Q1),R|Q,Medicine | Science
oci:06702171794-062501013438,omid:br/06702171794,Monthly Notices Of The Royal Astronomical Society [omid:br/067041753 doi:10.1111/(issn)1365-2966 issn:0035-8711 issn:1365-2966 openalex:S195663288],omid:br/062501013438,Publications Of The Astronomical Society Of Australia [omid:br/0615022302 issn:1323-3580 issn:1448-6083 openalex:S126256729],2016-12-09,True,False,Outgoing,"['13652966', '00358711', '13652966']","['13233580', '14486083']",Earth and Planetary Sciences; Physics and Astronomy,Astronomy and Astrophysics (Q1); Space and Planetary Science (Q1),QB1-991,Science: Astronomy,Earth and Planetary Sciences; Physics and Astronomy,Astronomy and Astrophysics (Q1); Space and Planetary Science (Q1),,
oci:06401726591-06210669302,omid:br/06401726591,Frontiers In Neuroscience [omid:br/061041642 issn:1662-453X issn:1662-4548 openalex:S115201632],omid:br/06210669302,Journal Of Neuroscience Research [omid:br/065013372 doi:10.1002/(issn)1097-4547 issn:0360-4012 issn:1097-4547 openalex:S76417895],2019-08-06,True,False,Outgoing,"['1662453X', '16624548']","['10974547', '03604012', '10974547']",Neuroscience,Neuroscience (miscellaneous) (Q2),RC321-571,Medicine: Internal medicine: Neurosciences. Biological psychiatry. Neuropsychiatry,Neuroscience,Cellular and Molecular Neuroscience (Q2),,
oci:0630243568-0621088492,omid:br/0630243568,Journal Of Molecular Biology [omid:br/061905469 issn:0022-2836 issn:1089-8638 openalex:S46058472],omid:br/0621088492,Journal Of Biological Chemistry [omid:br/06903738 doi:10.1074/jbc issn:0021-9258 issn:1083-351X openalex:S140251998],2015-07,True,False,Outgoing,"['00222836', '10898638']","['00219258', '1083351X']","Biochemistry, Genetics and Molecular Biology",Biophysics (Q1); Molecular Biology (Q1); Structural Biology (Q1),,,"Biochemistry, Genetics and Molecular Biology",Biochemistry (Q1); Cell Biology (Q1); Molecular Biology (Q1),QD415-436,Science: Chemistry: Organic chemistry: Biochemistry
oci:061504223707-062401798936,omid:br/061504223707,Astronomy & Astrophysics [omid:br/064040455 issn:0004-6361 issn:1432-0746 openalex:S205231332],omid:br/062401798936,Monthly Notices Of The Royal Astronomical Society [omid:br/067041753 doi:10.1111/(issn)1365-2966 issn:0035-8711 issn:1365-2966 openalex:S195663288],2024-03,True,False,Outgoing,"['00046361', '14320746']","['13652966', '00358711', '13652966']",Earth and Planetary Sciences; Physics and Astronomy,Astronomy and Astrophysics (Q1); Space and Planetary Science (Q1),QB1-991,Science: Astronomy,Earth and Planetary Sciences; Physics and Astronomy,Astronomy and Astrophysics (Q1); Space and Planetary Science (Q1),QB1-991,Science: Astronomy
oci:062402050993-06601834865,omid:br/062402050993,Physical Review Letters [omid:br/063044243 issn:0031-9007 issn:1079-7114 openalex:S24807848],omid:br/06601834865,Journal Of High Energy Physics [omid:br/062038872 issn:1029-8479 issn:1126-6708 openalex:S187585107],2012-02-14,False,True,Incoming,"['00319007', '10797114']","['10298479', '11266708']",Physics and Astronomy,Physics and Astronomy (miscellaneous) (Q1),,,Physics and Astronomy,Nuclear and High Energy Physics (Q2),QC770-798,Science: Physics: Nuclear and particle physics. Atomic energy. Radioactivity
oci:06301834689-06601836063,omid:br/06301834689,Journal Of High Energy Physics [omid:br/062038872 issn:1029-8479 issn:1126-6708 openalex:S187585107],omid:br/06601836063,Journal Of High Energy Physics [omid:br/062038872 issn:1029-8479 issn:1126-6708 openalex:S187585107],2007-08-20,False,True,Incoming,"['10298479', '11266708']","['10298479', '11266708']",Physics and Astronomy,Nuclear and High Energy Physics (Q2),QC770-798,Science: Physics: Nuclear and particle physics. Atomic energy. Radioactivity,Physics and Astronomy,Nuclear and High Energy Physics (Q2),QC770-798,Science: Physics: Nuclear and particle physics. Atomic energy. Radioactivity
oci:06150876769-06150525400,omid:br/06150876769,Journal Of Applied Physics [omid:br/064020743 issn:0021-8979 issn:1089-7550 openalex:S187991544],omid:br/06150525400,Applied Physics Letters [omid:br/067011551 issn:0003-6951 issn:1077-3118 openalex:S105243760],2008-12,False,True,Incoming,"['00218979', '10897550']","['00036951', '10773118']",Physics and Astronomy,"Atomic and Molecular Physics, and Optics (Q2); Condensed Matter Physics (Q2); Physics and Astronomy (miscellaneous) (Q2)",,,Physics and Astronomy,Physics and Astronomy (miscellaneous) (Q1),,
oci:061702020278-06170295891,omid:br/061702020278,Nano Energy [omid:br/0615045214 issn:2211-2855 issn:2211-3282 openalex:S2497301991],omid:br/06170295891,Nature Materials [omid:br/061205501 issn:1476-1122 issn:1476-4660 openalex:S103895331],2018-01,False,True,Incoming,"['22112855', '22113282']","['14761122', '14764660']",Energy; Engineering; Materials Science,"Electrical and Electronic Engineering (Q1); Materials Science (miscellaneous) (Q1); Renewable Energy, Sustainability and the Environment (Q1)",,,Chemistry; Engineering; Materials Science; Physics and Astronomy,Chemistry (miscellaneous) (Q1); Condensed Matter Physics (Q1); Materials Science (miscellaneous) (Q1); Mechanical Engineering (Q1); Mechanics of Materials (Q1),,
oci:062302780418-061802677620,omid:br/062302780418,Analytical Methods [omid:br/0626070472 issn:1759-9660 issn:1759-9679 openalex:S170358085],omid:br/061802677620,ACS Applied Materials & Interfaces [omid:br/0616056688 issn:1944-8244 issn:1944-8252 openalex:S164001016],2015,False,True,Incoming,"['17599660', '17599679']","['19448244', '19448252']",Chemical Engineering; Chemistry; Engineering,Chemical Engineering (miscellaneous) (Q2); Engineering (miscellaneous) (Q2); Analytical Chemistry (Q3),,,Materials Science; Medicine,Materials Science (miscellaneous) (Q1); Medicine (miscellaneous) (Q1); Nanoscience and Nanotechnology (Q1),,
oci:0641080601-06220757715,omid:br/0641080601,Social Media + Society [omid:br/061301937721 issn:2056-3051 openalex:S2764570952],omid:br/06220757715,Public Relations Review [omid:br/0618016648 issn:0363-8111 issn:1873-4537 openalex:S193575162],2023-01,True,False,Outgoing,['20563051'],"['03638111', '18734537']",Computer Science; Social Sciences,Communication (Q1); Computer Science Applications (Q1); Cultural Studies (Q1),P87-96,Language and Literature: Philology. Linguistics: Communication. Mass media,"Business, Management and Accounting; Social Sciences",Communication (Q1); Organizational Behavior and Human Resource Management (Q1); Marketing (Q2),,
oci:06301833876-06202832072,omid:br/06301833876,Journal Of High Energy Physics [omid:br/062038872 issn:1029-8479 issn:1126-6708 openalex:S187585107],omid:br/06202832072,Physics Letters B [omid:br/0626059839 issn:0370-2693 openalex:S173952182],2012-11,False,True,Incoming,"['10298479', '11266708']",['03702693'],Physics and Astronomy,Nuclear and High Energy Physics (Q2),QC770-798,Science: Physics: Nuclear and particle physics. Atomic energy. Radioactivity,Physics and Astronomy,Nuclear and High Energy Physics (Q1),QC1-999,Science: Physics
oci:061902029377-06303917091,omid:br/061902029377,Physical Review X [omid:br/0619047744 issn:2160-3308 openalex:S137042341],omid:br/06303917091,Physical Review [omid:br/062603554045 issn:0031-899X issn:1536-6065 openalex:S54862371],2016-10-21,True,False,Outgoing,['21603308'],"['0031899X', '15366065']",Physics and Astronomy,Physics and Astronomy (miscellaneous) (Q1),QC1-999,Science: Physics,,,,
oci:0680638029-061501330583,omid:br/0680638029,Journal Of Modern Optics [omid:br/0617014221 issn:0950-0340 issn:1362-3044 openalex:S82541167],omid:br/061501330583,Physical Review A [omid:br/061032719 issn:1050-2947 issn:1094-1622 openalex:S164566984],2019-01-03,False,True,Incoming,"['09500340', '13623044']","['10502947', '10941622']",Physics and Astronomy,"Atomic and Molecular Physics, and Optics (Q4)",,,,,,
oci:062402086461-061702622356,omid:br/062402086461,Advanced Fiber Materials [omid:br/062402086874 issn:2524-7921 issn:2524-793X openalex:S4210182575],omid:br/061702622356,Scientific Reports [omid:br/0616055349 issn:2045-2322 openalex:S196734849],2022-03-10,False,True,Incoming,"['25247921', '2524793X']",['20452322'],Materials Science,"Electronic, Optical and Magnetic Materials (Q1); Materials Chemistry (Q1); Materials Science (miscellaneous) (Q1); Polymers and Plastics (Q1)",,,Multidisciplinary,Multidisciplinary (Q1),R|Q,Medicine | Science
oci:06180510693-06240657531,omid:br/06180510693,Neurobiology Of Disease [omid:br/064010628 issn:0969-9961 openalex:S35878148],omid:br/06240657531,Journal Of Neuroscience Research [omid:br/065013372 doi:10.1002/(issn)1097-4547 issn:0360-4012 issn:1097-4547 openalex:S76417895],2020-05,True,False,Outgoing,['09699961'],"['10974547', '03604012', '10974547']",Neuroscience,Neurology (Q1),RC321-571,Medicine: Internal medicine: Neurosciences. Biological psychiatry. Neuropsychiatry,Neuroscience,Cellular and Molecular Neuroscience (Q2),,
oci:062601679465-061202029225,omid:br/062601679465,The Journal Of Chemical Physics [omid:br/067037880 issn:0021-9606 issn:1089-7690 openalex:S77047749],omid:br/061202029225,Journal Of Chemical Theory And Computation [omid:br/0619047782 issn:1549-9618 issn:1549-9626 openalex:S189701308],2012-12-21,False,True,Incoming,"['00219606', '10897690']","['15499618', '15499626']",Chemistry; Medicine; Physics and Astronomy,Physical and Theoretical Chemistry (Q1); Physics and Astronomy (miscellaneous) (Q1); Medicine (miscellaneous) (Q2),,,Chemistry; Computer Science,Computer Science Applications (Q1); Physical and Theoretical Chemistry (Q1),,
oci:062301774011-06401831383,omid:br/062301774011,Physical Review A [omid:br/0619043744 issn:2469-9926 issn:2469-9934 openalex:S4210182288],omid:br/06401831383,New Journal Of Physics [omid:br/0626048721 issn:1367-2630 openalex:S148121101],2018-03-08,False,True,Incoming,"['24699926', '24699934']",['13672630'],Physics and Astronomy,"Atomic and Molecular Physics, and Optics (Q1)",,,Physics and Astronomy,Physics and Astronomy (miscellaneous) (Q1),Q|QC1-999,Science: Physics
oci:061301807297-062301808328,omid:br/061301807297,Monthly Notices Of The Royal Astronomical Society [omid:br/067041753 doi:10.1111/(issn)1365-2966 issn:0035-8711 issn:1365-2966 openalex:S195663288],omid:br/062301808328,Monthly Notices Of The Royal Astronomical Society [omid:br/067041753 doi:10.1111/(issn)1365-2966 issn:0035-8711 issn:1365-2966 openalex:S195663288],2022-02-07,True,True,Internal,"['13652966', '00358711', '13652966']","['13652966', '00358711', '13652966']",Earth and Planetary Sciences; Physics and Astronomy,Astronomy and Astrophysics (Q1); Space and Planetary Science (Q1),QB1-991,Science: Astronomy,Earth and Planetary Sciences; Physics and Astronomy,Astronomy and Astrophysics (Q1); Space and Planetary Science (Q1),QB1-991,Science: Astronomy
oci:0680570979-06202326791,omid:br/0680570979,Physical Review D [omid:br/062509685 issn:2470-0010 issn:2470-0029 openalex:S4210238307],omid:br/06202326791,SoftwareX [omid:br/06202327300 issn:2352-7110 openalex:S2506067282],2021-03-24,False,True,Incoming,"['24700010', '24700029']",['23527110'],Physics and Astronomy,Nuclear and High Energy Physics (Q1); Physics and Astronomy (miscellaneous) (Q1),,,Computer Science,Computer Science Applications (Q2); Software (Q2),QA76.75-76.765,Science: Mathematics: Instruments and machines: Electronic computers. Computer science: Computer software
oci:062301845443-06190411550,omid:br/062301845443,The Journal Of Physical Chemistry A [omid:br/0621041077 issn:1089-5639 issn:1520-5215 openalex:S146709414],omid:br/06190411550,International Journal Of Quantum Chemistry [omid:br/061507360 doi:10.1002/(issn)1097-461x issn:0020-7608 issn:1097-461X openalex:S167203149],2017-10-06,False,True,Incoming,"['10895639', '15205215']","['00207608', '1097461X']",Chemistry; Medicine,Medicine (miscellaneous) (Q2); Physical and Theoretical Chemistry (Q2),,,Chemistry; Physics and Astronomy,"Atomic and Molecular Physics, and Optics (Q3); Condensed Matter Physics (Q3); Physical and Theoretical Chemistry (Q3)",,
oci:062203426888-062401680869,omid:br/062203426888,Astronomy & Astrophysics [omid:br/064040455 issn:0004-6361 issn:1432-0746 openalex:S205231332],omid:br/062401680869,Annual Review Of Astronomy And Astrophysics [omid:br/062401681954 issn:0066-4146 issn:1545-4282 openalex:S29882555],2022-09,True,False,Outgoing,"['00046361', '14320746']","['00664146', '15454282']",Earth and Planetary Sciences; Physics and Astronomy,Astronomy and Astrophysics (Q1); Space and Planetary Science (Q1),QB1-991,Science: Astronomy,Earth and Planetary Sciences; Physics and Astronomy,Astronomy and Astrophysics (Q1); Space and Planetary Science (Q1),,
oci:06101690943-06302832254,omid:br/06101690943,Zeitschrift Für Physik C Particles And Fields [omid:br/0612035595 issn:0170-9739 issn:1431-5858 issn:1434-6044 issn:1434-6052],omid:br/06302832254,Physics Letters B [omid:br/0626059839 issn:0370-2693 openalex:S173952182],2021-01,True,False,Outgoing,"['01709739', '14315858', '14346044', '14346052']",['03702693'],Engineering; Physics and Astronomy,Engineering (miscellaneous) (Q1); Physics and Astronomy (miscellaneous) (Q1),QB460-466|QC770-798,Science: Astronomy: Astrophysics | Science: Physics: Nuclear and particle physics. Atomic energy. Radioactivity,Physics and Astronomy,Nuclear and High Energy Physics (Q1),QC1-999,Science: Physics
oci:06904478720-062603328541,omid:br/06904478720,Physical Review B [omid:br/0619043761 issn:2469-9950 issn:2469-9969 openalex:S4210237713],omid:br/062603328541,Nature Physics [omid:br/0622061045 issn:1745-2473 issn:1745-2481 openalex:S156274416],2024-07-19,True,False,Outgoing,"['24699950', '24699969']","['17452473', '17452481']",Materials Science; Physics and Astronomy,"Condensed Matter Physics (Q1); Electronic, Optical and Magnetic Materials (Q1)",,,Physics and Astronomy,Physics and Astronomy (miscellaneous) (Q1),,
oci:061901855118-06901923887,omid:br/061901855118,Physics Of The Dark Universe [omid:br/061901855462 issn:2212-6864 openalex:S2898356015],omid:br/06901923887,Progress Of Theoretical Physics [omid:br/069049631 issn:0033-068X issn:1347-4081 openalex:S83252788],2016-03,True,False,Outgoing,['22126864'],"['0033068X', '13474081']",Earth and Planetary Sciences; Physics and Astronomy,Astronomy and Astrophysics (Q1); Space and Planetary Science (Q1),,,,,,
oci:061601823447-061501732093,omid:br/061601823447,Monthly Notices Of The Royal Astronomical Society [omid:br/067041753 doi:10.1111/(issn)1365-2966 issn:0035-8711 issn:1365-2966 openalex:S195663288],omid:br/061501732093,The Astrophysical Journal [omid:br/064040542 issn:0004-637X issn:1538-4357 openalex:S1980519],2007-12-17,False,True,Incoming,"['13652966', '00358711', '13652966']","['0004637X', '15384357']",Earth and Planetary Sciences; Physics and Astronomy,Astronomy and Astrophysics (Q1); Space and Planetary Science (Q1),QB1-991,Science: Astronomy,Earth and Planetary Sciences; Physics and Astronomy,Astronomy and Astrophysics (Q1); Space and Planetary Science (Q1),QB460-466,Science: Astronomy: Astrophysics
oci:06801673340-06210508356,omid:br/06801673340,Zeitschrift Für Physik C Particles And Fields [omid:br/0612035595 issn:0170-9739 issn:1431-5858 issn:1434-6044 issn:1434-6052],omid:br/06210508356,Journal Of Instrumentation [omid:br/064010524 doi:10.1088/1748-0221 issn:1748-0221 openalex:S116045149],2013-10,False,True,Incoming,"['01709739', '14315858', '14346044', '14346052']","['17480221', '17480221']",Engineering; Physics and Astronomy,Engineering (miscellaneous) (Q1); Physics and Astronomy (miscellaneous) (Q1),QB460-466|QC770-798,Science: Astronomy: Astrophysics | Science: Physics: Nuclear and particle physics. Atomic energy. Radioactivity,Mathematics; Physics and Astronomy,Instrumentation (Q3); Mathematical Physics (Q3),,
oci:06702217804-0650682020,omid:br/06702217804,G3 Genes|Genomes|Genetics [omid:br/0625039188 doi:10.1534/g3.111.000000 issn:2160-1836 openalex:S109822313],omid:br/0650682020,Cell [omid:br/0611013894 issn:0092-8674 openalex:S110447773],2021-11-15,False,True,Incoming,['21601836'],['00928674'],"Biochemistry, Genetics and Molecular Biology; Medicine",Genetics (Q2); Genetics (clinical) (Q2); Medicine (miscellaneous) (Q2); Molecular Biology (Q2),QH426-470,Science: Biology (General): Genetics,"Biochemistry, Genetics and Molecular Biology","Biochemistry, Genetics and Molecular Biology (miscellaneous) (Q1)",,
oci:06502234391-06150119872,omid:br/06502234391,The Journal Of Physical Chemistry A [omid:br/0621041077 issn:1089-5639 issn:1520-5215 openalex:S146709414],omid:br/06150119872,Chemical Physics Letters [omid:br/062302564 issn:0009-2614 openalex:S44567922],2011-08-18,True,False,Outgoing,"['10895639', '15205215']",['00092614'],Chemistry; Medicine,Medicine (miscellaneous) (Q2); Physical and Theoretical Chemistry (Q2),,,Chemistry; Physics and Astronomy,Physical and Theoretical Chemistry (Q2); Physics and Astronomy (miscellaneous) (Q2),,
oci:06804433664-06170295891,omid:br/06804433664,Journal Of Materiomics [omid:br/06120815179 issn:2352-8478 openalex:S2764607427],omid:br/06170295891,Nature Materials [omid:br/061205501 issn:1476-1122 issn:1476-4660 openalex:S103895331],2023-05,False,True,Incoming,['23528478'],"['14761122', '14764660']",Materials Science,"Electronic, Optical and Magnetic Materials (Q1); Metals and Alloys (Q1); Surfaces, Coatings and Films (Q1)",TA401-492,Technology: Electrical engineering. Electronics. Nuclear engineering: Materials of engineering and construction. Mechanics of materials,Chemistry; Engineering; Materials Science; Physics and Astronomy,Chemistry (miscellaneous) (Q1); Condensed Matter Physics (Q1); Materials Science (miscellaneous) (Q1); Mechanical Engineering (Q1); Mechanics of Materials (Q1),,
oci:06602443157-06404322937,omid:br/06602443157,Physical Review Letters [omid:br/063044243 issn:0031-9007 issn:1079-7114 openalex:S24807848],omid:br/06404322937,Progress Of Theoretical And Experimental Physics [omid:br/0614035189 issn:2050-3911 openalex:S4210202364],2017-04-03,False,True,Incoming,"['00319007', '10797114']",['20503911'],Physics and Astronomy,Physics and Astronomy (miscellaneous) (Q1),,,Physics and Astronomy,Physics and Astronomy (miscellaneous) (Q1),QC1-999,Science: Physics
oci:0690573211-06801673447,omid:br/0690573211,Physical Review D [omid:br/062509685 issn:2470-0010 issn:2470-0029 openalex:S4210238307],omid:br/06801673447,Zeitschrift Für Physik C Particles And Fields [omid:br/0612035595 issn:0170-9739 issn:1431-5858 issn:1434-6044 issn:1434-6052],2020-11-25,False,True,Incoming,"['24700010', '24700029']","['01709739', '14315858', '14346044', '14346052']",Physics and Astronomy,Nuclear and High Energy Physics (Q1); Physics and Astronomy (miscellaneous) (Q1),,,Engineering; Physics and Astronomy,Engineering (miscellaneous) (Q1); Physics and Astronomy (miscellaneous) (Q1),QB460-466|QC770-798,Science: Astronomy: Astrophysics | Science: Physics: Nuclear and particle physics. Atomic energy. Radioactivity
oci:06170520401-06210524438,omid:br/06170520401,Applied Physics Letters [omid:br/067011551 issn:0003-6951 issn:1077-3118 openalex:S105243760],omid:br/06210524438,Applied Physics Letters [omid:br/067011551 issn:0003-6951 issn:1077-3118 openalex:S105243760],2015-09-28,True,False,Outgoing,"['00036951', '10773118']","['00036951', '10773118']",Physics and Astronomy,Physics and Astronomy (miscellaneous) (Q1),,,Physics and Astronomy,Physics and Astronomy (miscellaneous) (Q1),,
oci:06901836886-06402206521,omid:br/06901836886,Monthly Notices Of The Royal Astronomical Society [omid:br/067041753 doi:10.1111/(issn)1365-2966 issn:0035-8711 issn:1365-2966 openalex:S195663288],omid:br/06402206521,Monthly Notices Of The Royal Astronomical Society [omid:br/067041753 doi:10.1111/(issn)1365-2966 issn:0035-8711 issn:1365-2966 openalex:S195663288],2016-04-12,True,False,Outgoing,"['13652966', '00358711', '13652966']","['13652966', '00358711', '13652966']",Earth and Planetary Sciences; Physics and Astronomy,Astronomy and Astrophysics (Q1); Space and Planetary Science (Q1),QB1-991,Science: Astronomy,Earth and Planetary Sciences; Physics and Astronomy,Astronomy and Astrophysics (Q1); Space and Planetary Science (Q1),QB1-991,Science: Astronomy
oci:06502242929-06180799270,omid:br/06502242929,East European Politics [omid:br/06502243984 issn:2159-9165 issn:2159-9173 openalex:S2764536841],omid:br/06180799270,European Journal Of Political Research [omid:br/069021533 issn:0304-4130 issn:1475-6765 openalex:S135158421],2014-03-07,True,False,Outgoing,"['21599165', '21599173']","['03044130', '14756765']",Social Sciences,"Development (Q1); Geography, Planning and Development (Q1); Political Science and International Relations (Q1)",,,Social Sciences,Sociology and Political Science (Q1),,
oci:061502117580-062202101998,omid:br/061502117580,Inorganic Chemistry [omid:br/0618045095 issn:0020-1669 issn:1520-510X openalex:S171072222],omid:br/062202101998,Inorganic Chemistry [omid:br/0618045095 issn:0020-1669 issn:1520-510X openalex:S171072222],2015-05-20,True,False,Outgoing,"['00201669', '1520510X']","['00201669', '1520510X']",Chemistry,Chemistry (miscellaneous) (Q1); Inorganic Chemistry (Q1); Physical and Theoretical Chemistry (Q1),,,Chemistry,Chemistry (miscellaneous) (Q1); Inorganic Chemistry (Q1); Physical and Theoretical Chemistry (Q1),,
oci:06210600751-06601565142,omid:br/06210600751,NeuroImage: Clinical [omid:br/065012097 issn:2213-1582 openalex:S2898194095],omid:br/06601565142,Frontiers In Aging Neuroscience [omid:br/0618035863 doi:10.3389/fnagi issn:1663-4365 openalex:S118428158],2017,False,True,Incoming,['22131582'],['16634365'],Medicine; Neuroscience,"Cognitive Neuroscience (Q1); Neurology (Q1); Neurology (clinical) (Q1); Radiology, Nuclear Medicine and Imaging (Q1)",R858-859.7|RC346-429,Medicine: Medicine (General): Computer applications to medicine. Medical informatics | Medicine: Internal medicine: Neurosciences. Biological psychiatry. Neuropsychiatry: Neurology. Diseases of the nervous system,"Biochemistry, Genetics and Molecular Biology; Neuroscience",Cognitive Neuroscience (Q1); Aging (Q2),RC321-571,Medicine: Internal medicine: Neurosciences. Biological psychiatry. Neuropsychiatry
oci:061401761496-06110493469,omid:br/061401761496,Physical Review A [omid:br/0619043744 issn:2469-9926 issn:2469-9934 openalex:S4210182288],omid:br/06110493469,Science [omid:br/0619015403 doi:10.1126/science issn:0036-8075 issn:1095-9203 openalex:S3880285],2021-04-02,False,True,Incoming,"['24699926', '24699934']","['00368075', '10959203']",Physics and Astronomy,"Atomic and Molecular Physics, and Optics (Q1)",,,Arts and Humanities; Multidisciplinary,History and Philosophy of Science (Q1); Multidisciplinary (Q1),,
oci:0680720168-06180301840,omid:br/0680720168,Nanoscale [omid:br/0626023148 doi:10.1039/2040-3372/2009 issn:2040-3364 issn:2040-3372 openalex:S23181512],omid:br/06180301840,Nature Materials [omid:br/061205501 issn:1476-1122 issn:1476-4660 openalex:S103895331],2018,True,False,Outgoing,"['20403372', '20403364', '20403372']","['14761122', '14764660']",Materials Science,Materials Science (miscellaneous) (Q1); Nanoscience and Nanotechnology (Q2),,,Chemistry; Engineering; Materials Science; Physics and Astronomy,Chemistry (miscellaneous) (Q1); Condensed Matter Physics (Q1); Materials Science (miscellaneous) (Q1); Mechanical Engineering (Q1); Mechanics of Materials (Q1),,
oci:0605312863-061501730841,omid:br/0605312863,The Astrophysical Journal [omid:br/064040542 issn:0004-637X issn:1538-4357 openalex:S1980519],omid:br/061501730841,The Astrophysical Journal [omid:br/064040542 issn:0004-637X issn:1538-4357 openalex:S1980519],2024-12-26,True,False,Outgoing,"['0004637X', '15384357']","['0004637X', '15384357']",Earth and Planetary Sciences; Physics and Astronomy,Astronomy and Astrophysics (Q1); Space and Planetary Science (Q1),QB460-466,Science: Astronomy: Astrophysics,Earth and Planetary Sciences; Physics and Astronomy,Astronomy and Astrophysics (Q1); Space and Planetary Science (Q1),QB460-466,Science: Astronomy: Astrophysics
oci:06101369274-061302444290,omid:br/06101369274,Confluentes Mathematici [omid:br/06101370320 issn:1793-7434 issn:1793-7442],omid:br/061302444290,Journal Of The American Mathematical Society [omid:br/0614048834 issn:0894-0347 issn:1088-6834 openalex:S130224168],2010-12,True,False,Outgoing,"['17937434', '17937442']","['08940347', '10886834']",Mathematics,Applied Mathematics (Q3); Mathematical Physics (Q3); Mathematics (miscellaneous) (Q3),,,Mathematics,Applied Mathematics (Q1); Mathematics (miscellaneous) (Q1),,
oci:06170563638-06101849954,omid:br/06170563638,Physical Review D [omid:br/062509685 issn:2470-0010 issn:2470-0029 openalex:S4210238307],omid:br/06101849954,Journal Of High Energy Physics [omid:br/062038872 issn:1029-8479 issn:1126-6708 openalex:S187585107],2019-02-15,False,True,Incoming,"['24700010', '24700029']","['10298479', '11266708']",Physics and Astronomy,Nuclear and High Energy Physics (Q1); Physics and Astronomy (miscellaneous) (Q1),,,Physics and Astronomy,Nuclear and High Energy Physics (Q2),QC770-798,Science: Physics: Nuclear and particle physics. Atomic energy. Radioactivity
oci:061202667883-0660121097,omid:br/061202667883,Revue Francophone d'Orthoptie [omid:br/06402378997 issn:1876-2204 openalex:S2898222027],omid:br/0660121097,Chemical Physics Letters [omid:br/062302564 issn:0009-2614 openalex:S44567922],2016-07-15,True,False,Outgoing,['18762204'],['00092614'],,,,,Chemistry; Physics and Astronomy,Physical and Theoretical Chemistry (Q2); Physics and Astronomy (miscellaneous) (Q2),,
oci:062501722500-061701735871,omid:br/062501722500,Astronomy & Astrophysics [omid:br/064040455 issn:0004-6361 issn:1432-0746 openalex:S205231332],omid:br/061701735871,The Astrophysical Journal [omid:br/064040542 issn:0004-637X issn:1538-4357 openalex:S1980519],2015-05-22,True,False,Outgoing,"['00046361', '14320746']","['0004637X', '15384357']",Earth and Planetary Sciences; Physics and Astronomy,Astronomy and Astrophysics (Q1); Space and Planetary Science (Q1),QB1-991,Science: Astronomy,Earth and Planetary Sciences; Physics and Astronomy,Astronomy and Astrophysics (Q1); Space and Planetary Science (Q1),QB460-466,Science: Astronomy: Astrophysics
oci:061101825172-06201434963,omid:br/061101825172,Monthly Notices Of The Royal Astronomical Society [omid:br/067041753 doi:10.1111/(issn)1365-2966 issn:0035-8711 issn:1365-2966 openalex:S195663288],omid:br/06201434963,Physical Review D [omid:br/066033919 issn:1550-2368 issn:1550-7998 openalex:S4210210554],2015-11-19,False,True,Incoming,"['13652966', '00358711', '13652966']","['15502368', '15507998']",Earth and Planetary Sciences; Physics and Astronomy,Astronomy and Astrophysics (Q1); Space and Planetary Science (Q1),QB1-991,Science: Astronomy,,,,
oci:062201361986-06190866909,omid:br/062201361986,Journal Of Neurobiology [omid:br/0613030556 doi:10.1002/(issn)1097-4695 issn:0022-3034 issn:1097-4695 openalex:S68990794],omid:br/06190866909,Current Opinion In Neurobiology [omid:br/0619023463 issn:0959-4388 openalex:S120775027],2005,False,True,Incoming,"['10974695', '00223034', '10974695']",['09594388'],,,,,Neuroscience,Neuroscience (miscellaneous) (Q1),,
oci:06330522163-061302056940,omid:br/06330522163,Physical Review D [omid:br/062509685 issn:2470-0010 issn:2470-0029 openalex:S4210238307],omid:br/061302056940,Physical Review Letters [omid:br/063044243 issn:0031-9007 issn:1079-7114 openalex:S24807848],2024-07-24,True,False,Outgoing,"['24700010', '24700029']","['00319007', '10797114']",Physics and Astronomy,Nuclear and High Energy Physics (Q1); Physics and Astronomy (miscellaneous) (Q1),,,Physics and Astronomy,Physics and Astronomy (miscellaneous) (Q1),,
oci:062503919943-061902029377,omid:br/062503919943,Classical And Quantum Gravity [omid:br/061606259 issn:0264-9381 issn:1361-6382 openalex:S171172751],omid:br/061902029377,Physical Review X [omid:br/0619047744 issn:2160-3308 openalex:S137042341],2023-02-20,False,True,Incoming,"['02649381', '13616382']",['21603308'],Physics and Astronomy,Physics and Astronomy (miscellaneous) (Q1),,,Physics and Astronomy,Physics and Astronomy (miscellaneous) (Q1),QC1-999,Science: Physics
oci:06280155258-0630178360,omid:br/06280155258,Brain Communications [omid:br/06150736239 issn:2632-1297 openalex:S4210235363],omid:br/0630178360,Experimental Neurology [omid:br/062102557 issn:0014-4886 openalex:S165592611],2023,True,False,Outgoing,['26321297'],['00144886'],Medicine; Neuroscience,Biological Psychiatry (Q1); Cellular and Molecular Neuroscience (Q1); Neurology (Q1); Psychiatry and Mental Health (Q1),RC321-571,Medicine: Internal medicine: Neurosciences. Biological psychiatry. Neuropsychiatry,Neuroscience,Developmental Neuroscience (Q1); Neurology (Q1),,
oci:06101015231-0647062409,omid:br/06101015231,Analytical Letters [omid:br/066024082 issn:0003-2719 issn:1532-236X openalex:S152476886],omid:br/0647062409,Physica Status Solidi (A) [omid:br/067020109 issn:1862-6300 issn:1862-6319 openalex:S7159504],2012-06,False,True,Incoming,"['00032719', '1532236X']","['18626300', '18626319']","Biochemistry, Genetics and Molecular Biology; Chemistry; Medicine",Analytical Chemistry (Q3); Biochemistry (medical) (Q3); Spectroscopy (Q3); Biochemistry (Q4); Clinical Biochemistry (Q4); Electrochemistry (Q4),,,Engineering; Materials Science; Physics and Astronomy,"Electrical and Electronic Engineering (Q2); Surfaces, Coatings and Films (Q2); Condensed Matter Physics (Q3); Electronic, Optical and Magnetic Materials (Q3); Materials Chemistry (Q3); Surfaces and Interfaces (Q3)",,
oci:0650323390-06801396536,omid:br/0650323390,Biophysical Journal [omid:br/061505620 issn:0006-3495 issn:1542-0086 openalex:S98085912],omid:br/06801396536,Review Of Scientific Instruments [omid:br/0623034124 issn:0034-6748 issn:1089-7623 openalex:S31010182],2018-11,True,False,Outgoing,"['00063495', '15420086']","['00346748', '10897623']","Biochemistry, Genetics and Molecular Biology",Biophysics (Q1),,,Medicine; Physics and Astronomy,Instrumentation (Q2); Medicine (miscellaneous) (Q3),,
oci:06501381142-0631022514,omid:br/06501381142,FEBS Letters [omid:br/068035745 issn:0014-5793 issn:1873-3468 openalex:S104830714],omid:br/0631022514,Journal Of Biomolecular NMR [omid:br/061018235 issn:0925-2738 issn:1573-5001 openalex:S181390377],1996-04-01,True,False,Outgoing,"['00145793', '18733468']","['09252738', '15735001']","Biochemistry, Genetics and Molecular Biology",Biochemistry (Q1); Biophysics (Q1); Cell Biology (Q2); Genetics (Q2); Molecular Biology (Q2); Structural Biology (Q2),,,"Biochemistry, Genetics and Molecular Biology; Chemistry",Spectroscopy (Q1); Biochemistry (Q2),,
oci:062401222049-06160350698,omid:br/062401222049,Comptes Rendus. Physique [omid:br/06103185127 issn:1631-0705 issn:1878-1535],omid:br/06160350698,Nature [omid:br/0626016512 issn:0028-0836 issn:1465-7392 issn:1476-4679 issn:1476-4687 issn:1744-7933],2011-04,False,True,Incoming,"['16310705', '18781535']","['00280836', '14657392', '14764679', '14764687', '17447933']",Physics and Astronomy,Physics and Astronomy (miscellaneous) (Q2),QC1-999,Science: Physics,Multidisciplinary,Multidisciplinary (Q1),,
oci:061201425182-06502448777,omid:br/061201425182,Physical Review D [omid:br/066033919 issn:1550-2368 issn:1550-7998 openalex:S4210210554],omid:br/06502448777,Physical Review Letters [omid:br/063044243 issn:0031-9007 issn:1079-7114 openalex:S24807848],2010-12-01,False,True,Incoming,"['15502368', '15507998']","['00319007', '10797114']",,,,,Physics and Astronomy,Physics and Astronomy (miscellaneous) (Q1),,
oci:061301426868-06801836183,omid:br/061301426868,Physical Review D [omid:br/066033919 issn:1550-2368 issn:1550-7998 openalex:S4210210554],omid:br/06801836183,Journal Of High Energy Physics [omid:br/062038872 issn:1029-8479 issn:1126-6708 openalex:S187585107],2010-08-02,True,False,Outgoing,"['15502368', '15507998']","['10298479', '11266708']",,,,,Physics and Astronomy,Nuclear and High Energy Physics (Q2),QC770-798,Science: Physics: Nuclear and particle physics. Atomic energy. Radioactivity
oci:06601125343-06303930444,omid:br/06601125343,Surface Science [omid:br/0619029451 issn:0039-6028 openalex:S137865625],omid:br/06303930444,Physical Review B [omid:br/0616012786 issn:0163-1829 issn:1095-3795 issn:1098-0121 issn:1550-235X],1987-10,True,True,Internal,['00396028'],"['01631829', '10953795', '10980121', '1550235X']",Materials Science; Physics and Astronomy,"Condensed Matter Physics (Q2); Materials Chemistry (Q2); Surfaces, Coatings and Films (Q2); Surfaces and Interfaces (Q3)",,,,,,
oci:06401848516-06701823193,omid:br/06401848516,Journal Of High Energy Physics [omid:br/062038872 issn:1029-8479 issn:1126-6708 openalex:S187585107],omid:br/06701823193,Journal Of High Energy Physics [omid:br/062038872 issn:1029-8479 issn:1126-6708 openalex:S187585107],2019-10,True,False,Outgoing,"['10298479', '11266708']","['10298479', '11266708']",Physics and Astronomy,Nuclear and High Energy Physics (Q2),QC770-798,Science: Physics: Nuclear and particle physics. Atomic energy. Radioactivity,Physics and Astronomy,Nuclear and High Energy Physics (Q2),QC770-798,Science: Physics: Nuclear and particle physics. Atomic energy. Radioactivity
oci:06502835762-06302832238,omid:br/06502835762,Physics Letters B [omid:br/0626059839 issn:0370-2693 openalex:S173952182],omid:br/06302832238,Physics Letters B [omid:br/0626059839 issn:0370-2693 openalex:S173952182],2020-02,False,True,Incoming,['03702693'],['03702693'],Physics and Astronomy,Nuclear and High Energy Physics (Q1),QC1-999,Science: Physics,Physics and Astronomy,Nuclear and High Energy Physics (Q1),QC1-999,Science: Physics
oci:061201819235-06401555031,omid:br/061201819235,Biomolecules [omid:br/0611043229 issn:2218-273X openalex:S4210236520],omid:br/06401555031,Journal Of The American Chemical Society [omid:br/0611037230 issn:0002-7863 issn:1520-5126 openalex:S111155417],2020-06-18,True,False,Outgoing,['2218273X'],"['00027863', '15205126']","Biochemistry, Genetics and Molecular Biology",Biochemistry (Q1); Molecular Biology (Q2),QR1-502,Science: Microbiology,"Biochemistry, Genetics and Molecular Biology; Chemical Engineering; Chemistry",Biochemistry (Q1); Catalysis (Q1); Chemistry (miscellaneous) (Q1); Colloid and Surface Chemistry (Q1),,
oci:06150897099-062103603640,omid:br/06150897099,Journal Of Investigative Dermatology [omid:br/0613018600 issn:0022-202X issn:1523-1747 openalex:S28607811],omid:br/062103603640,Biochimica Et Biophysica Acta [omid:br/061305713 issn:0006-3002 openalex:S41066938],1993-12,False,True,Incoming,"['0022202X', '15231747']",['00063002'],"Biochemistry, Genetics and Molecular Biology; Medicine",Biochemistry (Q1); Cell Biology (Q1); Dermatology (Q1); Molecular Biology (Q1),,,,,,
oci:062401798831-062501727096,omid:br/062401798831,Monthly Notices Of The Royal Astronomical Society [omid:br/067041753 doi:10.1111/(issn)1365-2966 issn:0035-8711 issn:1365-2966 openalex:S195663288],omid:br/062501727096,The Astrophysical Journal [omid:br/064040542 issn:0004-637X issn:1538-4357 openalex:S1980519],2019-07-01,False,True,Incoming,"['13652966', '00358711', '13652966']","['0004637X', '15384357']",Earth and Planetary Sciences; Physics and Astronomy,Astronomy and Astrophysics (Q1); Space and Planetary Science (Q1),QB1-991,Science: Astronomy,Earth and Planetary Sciences; Physics and Astronomy,Astronomy and Astrophysics (Q1); Space and Planetary Science (Q1),QB460-466,Science: Astronomy: Astrophysics
oci:06201851146-0620327617,omid:br/06201851146,Journal Of Cosmology And Astroparticle Physics [omid:br/062039004 issn:1475-7508 issn:1475-7516 openalex:S120662888],omid:br/0620327617,Classical And Quantum Gravity [omid:br/061606259 issn:0264-9381 issn:1361-6382 openalex:S171172751],2007-02-14,True,False,Outgoing,"['14757508', '14757516']","['02649381', '13616382']",Physics and Astronomy,Astronomy and Astrophysics (Q2),,,Physics and Astronomy,Physics and Astronomy (miscellaneous) (Q1),,
oci:062601228904-06102457349,omid:br/062601228904,Journal Of The Optical Society Of America B [omid:br/0614026245 issn:0740-3224 issn:1520-8540 openalex:S64486668],omid:br/06102457349,Physical Review Letters [omid:br/063044243 issn:0031-9007 issn:1079-7114 openalex:S24807848],2015-04-10,True,False,Outgoing,"['07403224', '15208540']","['00319007', '10797114']",Physics and Astronomy,"Atomic and Molecular Physics, and Optics (Q2); Statistical and Nonlinear Physics (Q3)",,,Physics and Astronomy,Physics and Astronomy (miscellaneous) (Q1),,
oci:0680155103-06170193598,omid:br/0680155103,Molecular Neurodegeneration [omid:br/06402654 issn:1750-1326 openalex:S40861184],omid:br/06170193598,Cerebral Cortex [omid:br/062304345 issn:1047-3211 issn:1460-2199 openalex:S117898428],2020-03-30,True,False,Outgoing,['17501326'],"['10473211', '14602199']","Biochemistry, Genetics and Molecular Biology; Medicine; Neuroscience",Cellular and Molecular Neuroscience (Q1); Molecular Biology (Q1); Neurology (clinical) (Q1),RC346-429|RC952-954.6,Medicine: Internal medicine: Neurosciences. Biological psychiatry. Neuropsychiatry: Neurology. Diseases of the nervous system | Medicine: Internal medicine: Special situations and conditions: Geriatrics,Neuroscience,Cognitive Neuroscience (Q1); Cellular and Molecular Neuroscience (Q2),,
oci:06110438852-06302439901,omid:br/06110438852,Physics Of Atomic Nuclei [omid:br/0626015446 issn:1063-7788 issn:1562-692X openalex:S20255291],omid:br/06302439901,Physical Review Letters [omid:br/063044243 issn:0031-9007 issn:1079-7114 openalex:S24807848],2011-04,False,True,Incoming,"['10637788', '1562692X']","['00319007', '10797114']",Physics and Astronomy,"Nuclear and High Energy Physics (Q3); Atomic and Molecular Physics, and Optics (Q4)",,,Physics and Astronomy,Physics and Astronomy (miscellaneous) (Q1),,
oci:062101320844-06240341805,omid:br/062101320844,Physical Review A [omid:br/061032719 issn:1050-2947 issn:1094-1622 openalex:S164566984],omid:br/06240341805,Nature [omid:br/0626016512 issn:0028-0836 issn:1465-7392 issn:1476-4679 issn:1476-4687 issn:1744-7933],2015-08-19,False,True,Incoming,"['10502947', '10941622']","['00280836', '14657392', '14764679', '14764687', '17447933']",,,,,Multidisciplinary,Multidisciplinary (Q1),,
oci:061702706975-061902057591,omid:br/061702706975,Physical Review E [omid:br/0626063578 issn:1539-3755 issn:1550-2376 openalex:S35412551],omid:br/061902057591,Physical Review Letters [omid:br/063044243 issn:0031-9007 issn:1079-7114 openalex:S24807848],2013-09-23,False,True,Incoming,"['15393755', '15502376']","['00319007', '10797114']",,,,,Physics and Astronomy,Physics and Astronomy (miscellaneous) (Q1),,
oci:06180511327-06130505653,omid:br/06180511327,Physical Chemistry Chemical Physics [omid:br/064010713 issn:1463-9076 issn:1463-9084 openalex:S181332294],omid:br/06130505653,The Journal Of Physical Chemistry Letters [omid:br/065031994 issn:1948-7185 openalex:S123480357],2019,True,True,Internal,"['14639076', '14639084']",['19487185'],Chemistry; Physics and Astronomy,Physical and Theoretical Chemistry (Q2); Physics and Astronomy (miscellaneous) (Q2),,,Chemistry; Materials Science,Materials Science (miscellaneous) (Q1); Nanoscience and Nanotechnology (Q1); Physical and Theoretical Chemistry (Q1),,
oci:06330562340-0630682779,omid:br/06330562340,The Journal Of Biochemistry [omid:br/06903597 issn:0021-924X issn:1756-2651 openalex:S184547178],omid:br/0630682779,Cell [omid:br/0611013894 issn:0092-8674 openalex:S110447773],2024-02-02,False,True,Incoming,"['0021924X', '17562651']",['00928674'],"Biochemistry, Genetics and Molecular Biology; Medicine",Biochemistry (Q2); Medicine (miscellaneous) (Q2); Molecular Biology (Q3),,,"Biochemistry, Genetics and Molecular Biology","Biochemistry, Genetics and Molecular Biology (miscellaneous) (Q1)",,
oci:06320170592-06110498804,omid:br/06320170592,The Astrophysical Journal [omid:br/064040542 issn:0004-637X issn:1538-4357 openalex:S1980519],omid:br/06110498804,The Astrophysical Journal [omid:br/062408625 issn:2041-8205 issn:2041-8213 openalex:S4210175824],2023-06-01,True,False,Outgoing,"['0004637X', '15384357']","['20418205', '20418213']",Earth and Planetary Sciences; Physics and Astronomy,Astronomy and Astrophysics (Q1); Space and Planetary Science (Q1),QB460-466,Science: Astronomy: Astrophysics,Earth and Planetary Sciences; Physics and Astronomy,Astronomy and Astrophysics (Q1); Space and Planetary Science (Q1),QB460-466,Science: Astronomy: Astrophysics
oci:06110499205-06230333058,omid:br/06110499205,The Astrophysical Journal [omid:br/062408625 issn:2041-8205 issn:2041-8213 openalex:S4210175824],omid:br/06230333058,Classical And Quantum Gravity [omid:br/061606259 issn:0264-9381 issn:1361-6382 openalex:S171172751],2018-08-21,False,True,Incoming,"['20418205', '20418213']","['02649381', '13616382']",Earth and Planetary Sciences; Physics and Astronomy,Astronomy and Astrophysics (Q1); Space and Planetary Science (Q1),QB460-466,Science: Astronomy: Astrophysics,Physics and Astronomy,Physics and Astronomy (miscellaneous) (Q1),,
oci:0640328197-06702437646,omid:br/0640328197,Biophysical Journal [omid:br/061505620 issn:0006-3495 issn:1542-0086 openalex:S98085912],omid:br/06702437646,Journal Of The Mechanical Behavior Of Biomedical Materials [omid:br/067047910 issn:1751-6161 issn:1878-0180 openalex:S100249163],2019-05,True,False,Outgoing,"['00063495', '15420086']","['17516161', '18780180']","Biochemistry, Genetics and Molecular Biology",Biophysics (Q1),,,Engineering; Materials Science,Mechanics of Materials (Q1); Biomaterials (Q2); Biomedical Engineering (Q2),,
oci:06701821092-061602074351,omid:br/06701821092,Journal Of High Energy Physics [omid:br/062038872 issn:1029-8479 issn:1126-6708 openalex:S187585107],omid:br/061602074351,Physical Review Letters [omid:br/063044243 issn:0031-9007 issn:1079-7114 openalex:S24807848],2014-12,False,True,Incoming,"['10298479', '11266708']","['00319007', '10797114']",Physics and Astronomy,Nuclear and High Energy Physics (Q2),QC770-798,Science: Physics: Nuclear and particle physics. Atomic energy. Radioactivity,Physics and Astronomy,Physics and Astronomy (miscellaneous) (Q1),,
oci:061201808442-061401711953,omid:br/061201808442,Monthly Notices Of The Royal Astronomical Society [omid:br/067041753 doi:10.1111/(issn)1365-2966 issn:0035-8711 issn:1365-2966 openalex:S195663288],omid:br/061401711953,The Astrophysical Journal [omid:br/064040542 issn:0004-637X issn:1538-4357 openalex:S1980519],2022-04-11,True,False,Outgoing,"['13652966', '00358711', '13652966']","['0004637X', '15384357']",Earth and Planetary Sciences; Physics and Astronomy,Astronomy and Astrophysics (Q1); Space and Planetary Science (Q1),QB1-991,Science: Astronomy,Earth and Planetary Sciences; Physics and Astronomy,Astronomy and Astrophysics (Q1); Space and Planetary Science (Q1),QB460-466,Science: Astronomy: Astrophysics
oci:061104028654-061801843186,omid:br/061104028654,Physical Review Letters [omid:br/063044243 issn:0031-9007 issn:1079-7114 openalex:S24807848],omid:br/061801843186,Nature Photonics [omid:br/0621041052 issn:1749-4885 issn:1749-4893 openalex:S120392215],2023-06-16,False,True,Incoming,"['00319007', '10797114']","['17494885', '17494893']",Physics and Astronomy,Physics and Astronomy (miscellaneous) (Q1),,,Materials Science; Physics and Astronomy,"Atomic and Molecular Physics, and Optics (Q1); Electronic, Optical and Magnetic Materials (Q1)",,
oci:061601661074-061501653845,omid:br/061601661074,The Journal Of Chemical Physics [omid:br/067037880 issn:0021-9606 issn:1089-7690 openalex:S77047749],omid:br/061501653845,The Journal Of Chemical Physics [omid:br/067037880 issn:0021-9606 issn:1089-7690 openalex:S77047749],2007-02-21,False,True,Incoming,"['00219606', '10897690']","['00219606', '10897690']",Chemistry; Medicine; Physics and Astronomy,Physical and Theoretical Chemistry (Q1); Physics and Astronomy (miscellaneous) (Q1); Medicine (miscellaneous) (Q2),,,Chemistry; Medicine; Physics and Astronomy,Physical and Theoretical Chemistry (Q1); Physics and Astronomy (miscellaneous) (Q1); Medicine (miscellaneous) (Q2),,
oci:06102206670-06602192524,omid:br/06102206670,Monthly Notices Of The Royal Astronomical Society [omid:br/067041753 doi:10.1111/(issn)1365-2966 issn:0035-8711 issn:1365-2966 openalex:S195663288],omid:br/06602192524,Monthly Notices Of The Royal Astronomical Society [omid:br/067041753 doi:10.1111/(issn)1365-2966 issn:0035-8711 issn:1365-2966 openalex:S195663288],2002-12-11,False,True,Incoming,"['13652966', '00358711', '13652966']","['13652966', '00358711', '13652966']",Earth and Planetary Sciences; Physics and Astronomy,Astronomy and Astrophysics (Q1); Space and Planetary Science (Q1),QB1-991,Science: Astronomy,Earth and Planetary Sciences; Physics and Astronomy,Astronomy and Astrophysics (Q1); Space and Planetary Science (Q1),QB1-991,Science: Astronomy
oci:06110715668-06140101066,omid:br/06110715668,Tetrahedron [omid:br/0626023199 issn:0040-4020 openalex:S205754296],omid:br/06140101066,Angewandte Chemie International Edition [omid:br/061601945 doi:10.1002/(issn)1521-3773 issn:0570-0833 issn:1433-7851 issn:1521-3773 openalex:S67393510],1989-01,True,False,Outgoing,['00404020'],"['15213773', '05700833', '14337851', '15213773']","Biochemistry, Genetics and Molecular Biology; Chemistry; Pharmacology, Toxicology and Pharmaceutics",Biochemistry (Q3); Drug Discovery (Q3); Organic Chemistry (Q3),,,Chemical Engineering; Chemistry,Catalysis (Q1); Chemistry (miscellaneous) (Q1),,
oci:062603817212-0670143840,omid:br/062603817212,Frontiers In Cellular Neuroscience [omid:br/0624012971 issn:1662-5102 openalex:S36653316],omid:br/0670143840,Stem Cells [omid:br/0603903728 issn:0250-6793 openalex:S4210239343],2022,False,True,Incoming,['16625102'],['02506793'],Neuroscience,Cellular and Molecular Neuroscience (Q2),RC321-571,Medicine: Internal medicine: Neurosciences. Biological psychiatry. Neuropsychiatry,,,,
oci:062604225495-0650567533,omid:br/062604225495,Physical Review Letters [omid:br/063044243 issn:0031-9007 issn:1079-7114 openalex:S24807848],omid:br/0650567533,Physical Review D [omid:br/062509685 issn:2470-0010 issn:2470-0029 openalex:S4210238307],2024-02-08,True,False,Outgoing,"['00319007', '10797114']","['24700010', '24700029']",Physics and Astronomy,Physics and Astronomy (miscellaneous) (Q1),,,Physics and Astronomy,Nuclear and High Energy Physics (Q1); Physics and Astronomy (miscellaneous) (Q1),,
oci:062601449545-06210508356,omid:br/062601449545,Physical Review D [omid:br/066033919 issn:1550-2368 issn:1550-7998 openalex:S4210210554],omid:br/06210508356,Journal Of Instrumentation [omid:br/064010524 doi:10.1088/1748-0221 issn:1748-0221 openalex:S116045149],2014-02-04,False,True,Incoming,"['15502368', '15507998']","['17480221', '17480221']",,,,,Mathematics; Physics and Astronomy,Instrumentation (Q3); Mathematical Physics (Q3),,
oci:06102845791-062602087355,omid:br/06102845791,Physics Letters B [omid:br/0626059839 issn:0370-2693 openalex:S173952182],omid:br/062602087355,Physical Review Letters [omid:br/063044243 issn:0031-9007 issn:1079-7114 openalex:S24807848],2015-06,True,True,Internal,['03702693'],"['00319007', '10797114']",Physics and Astronomy,Nuclear and High Energy Physics (Q1),QC1-999,Science: Physics,Physics and Astronomy,Physics and Astronomy (miscellaneous) (Q1),,
oci:0630570220-061301427607,omid:br/0630570220,Physical Review D [omid:br/062509685 issn:2470-0010 issn:2470-0029 openalex:S4210238307],omid:br/061301427607,Physical Review D [omid:br/066033919 issn:1550-2368 issn:1550-7998 openalex:S4210210554],2022-06-14,True,False,Outgoing,"['24700010', '24700029']","['15502368', '15507998']",Physics and Astronomy,Nuclear and High Energy Physics (Q1); Physics and Astronomy (miscellaneous) (Q1),,,,,,
oci:06210408993-06130119491,omid:br/06210408993,International Journal Of Quantum Chemistry [omid:br/061507360 doi:10.1002/(issn)1097-461x issn:0020-7608 issn:1097-461X openalex:S167203149],omid:br/06130119491,Chemical Physics Letters [omid:br/062302564 issn:0009-2614 openalex:S44567922],2010-09-08,True,False,Outgoing,"['00207608', '1097461X']",['00092614'],Chemistry; Physics and Astronomy,"Atomic and Molecular Physics, and Optics (Q3); Condensed Matter Physics (Q3); Physical and Theoretical Chemistry (Q3)",,,Chemistry; Physics and Astronomy,Physical and Theoretical Chemistry (Q2); Physics and Astronomy (miscellaneous) (Q2),,
oci:06401395119-062202446519,omid:br/06401395119,The Journal Of Organic Chemistry [omid:br/0618033367 issn:0022-3263 issn:1520-6904 openalex:S205050996],omid:br/062202446519,Bioorganic Chemistry [omid:br/0616053136 issn:0045-2068 issn:1090-2120 openalex:S165482960],2013-09-19,True,False,Outgoing,"['00223263', '15206904']","['00452068', '10902120']",Chemistry,Organic Chemistry (Q2),,,"Biochemistry, Genetics and Molecular Biology; Chemistry; Pharmacology, Toxicology and Pharmaceutics",Organic Chemistry (Q1); Biochemistry (Q2); Drug Discovery (Q2); Molecular Biology (Q3),,
oci:06602418219-06902058550,omid:br/06602418219,Journal Of Chemical Theory And Computation [omid:br/0619047782 issn:1549-9618 issn:1549-9626 openalex:S189701308],omid:br/06902058550,Journal Of Chemical Theory And Computation [omid:br/0619047782 issn:1549-9618 issn:1549-9626 openalex:S189701308],2019-06-05,True,False,Outgoing,"['15499618', '15499626']","['15499618', '15499626']",Chemistry; Computer Science,Computer Science Applications (Q1); Physical and Theoretical Chemistry (Q1),,,Chemistry; Computer Science,Computer Science Applications (Q1); Physical and Theoretical Chemistry (Q1),,
oci:06240503279-062101418398,omid:br/06240503279,Physical Chemistry Chemical Physics [omid:br/064010713 issn:1463-9076 issn:1463-9084 openalex:S181332294],omid:br/062101418398,International Journal Of Molecular Sciences [omid:br/066033829 doi:10.3390/ijms issn:1422-0067],2018,True,False,Outgoing,"['14639076', '14639084']",['14220067'],Chemistry; Physics and Astronomy,Physical and Theoretical Chemistry (Q2); Physics and Astronomy (miscellaneous) (Q2),,,"Biochemistry, Genetics and Molecular Biology; Chemical Engineering; Chemistry; Computer Science; Medicine",Catalysis (Q1); Computer Science Applications (Q1); Inorganic Chemistry (Q1); Medicine (miscellaneous) (Q1); Organic Chemistry (Q1); Physical and Theoretical Chemistry (Q1); Spectroscopy (Q1); Molecular Biology (Q2),,
oci:06150342124-06160993414,omid:br/06150342124,AYU (An International Quarterly Journal Of Research In Ayurveda) [omid:br/062202170621 issn:0974-8520 issn:0976-9382 openalex:S4210173036],omid:br/06160993414,South European Society And Politics [omid:br/06160994465 issn:1360-8746 issn:1743-9612 openalex:S38590382],2016-11-07,True,False,Outgoing,"['09748520', '09769382']","['13608746', '17439612']",,,,,Social Sciences,Sociology and Political Science (Q1),,
oci:061401492606-0610723458,omid:br/061401492606,The Journal Of Physical Chemistry Letters [omid:br/065031994 issn:1948-7185 openalex:S123480357],omid:br/0610723458,Tetrahedron [omid:br/0626023199 issn:0040-4020 openalex:S205754296],2009-11-06,False,True,Incoming,['19487185'],['00404020'],Chemistry; Materials Science,Materials Science (miscellaneous) (Q1); Nanoscience and Nanotechnology (Q1); Physical and Theoretical Chemistry (Q1),,,"Biochemistry, Genetics and Molecular Biology; Chemistry; Pharmacology, Toxicology and Pharmaceutics",Biochemistry (Q3); Drug Discovery (Q3); Organic Chemistry (Q3),,
oci:06302832016-06601835082,omid:br/06302832016,Physics Letters B [omid:br/0626059839 issn:0370-2693 openalex:S173952182],omid:br/06601835082,Journal Of High Energy Physics [omid:br/062038872 issn:1029-8479 issn:1126-6708 openalex:S187585107],2013-01,True,True,Internal,['03702693'],"['10298479', '11266708']",Physics and Astronomy,Nuclear and High Energy Physics (Q1),QC1-999,Science: Physics,Physics and Astronomy,Nuclear and High Energy Physics (Q2),QC770-798,Science: Physics: Nuclear and particle physics. Atomic energy. Radioactivity
oci:061101835098-06101772484,omid:br/061101835098,Biomolecules [omid:br/0611043229 issn:2218-273X openalex:S4210236520],omid:br/06101772484,Cell Metabolism [omid:br/0612036980 issn:1550-4131 openalex:S177533077],2021-02-19,True,False,Outgoing,['2218273X'],['15504131'],"Biochemistry, Genetics and Molecular Biology",Biochemistry (Q1); Molecular Biology (Q2),QR1-502,Science: Microbiology,"Biochemistry, Genetics and Molecular Biology",Cell Biology (Q1); Molecular Biology (Q1); Physiology (Q1),,
oci:0630524900-06101405447,omid:br/0630524900,Applied Physics Letters [omid:br/067011551 issn:0003-6951 issn:1077-3118 openalex:S105243760],omid:br/06101405447,Carbon [omid:br/0619036539 issn:0008-6223 openalex:S188605413],2013-04-29,False,True,Incoming,"['00036951', '10773118']",['00086223'],Physics and Astronomy,Physics and Astronomy (miscellaneous) (Q1),,,Chemistry; Materials Science,Chemistry (miscellaneous) (Q1); Materials Science (miscellaneous) (Q1),,
oci:06601661646-0690128702,omid:br/06601661646,The Journal Of Chemical Physics [omid:br/067037880 issn:0021-9606 issn:1089-7690 openalex:S77047749],omid:br/0690128702,Chemical Physics Letters [omid:br/062302564 issn:0009-2614 openalex:S44567922],2010-05-28,True,False,Outgoing,"['00219606', '10897690']",['00092614'],Chemistry; Medicine; Physics and Astronomy,Physical and Theoretical Chemistry (Q1); Physics and Astronomy (miscellaneous) (Q1); Medicine (miscellaneous) (Q2),,,Chemistry; Physics and Astronomy,Physical and Theoretical Chemistry (Q2); Physics and Astronomy (miscellaneous) (Q2),,
oci:06140238718-06140238808,omid:br/06140238718,Journal Of Medicinal Chemistry [omid:br/061804490 issn:0022-2623 issn:0095-9065 issn:1520-4804],omid:br/06140238808,Journal Of Medicinal Chemistry [omid:br/061804490 issn:0022-2623 issn:0095-9065 issn:1520-4804],2000-04-14,True,False,Outgoing,"['00222623', '00959065', '15204804']","['00222623', '00959065', '15204804']","Biochemistry, Genetics and Molecular Biology; Pharmacology, Toxicology and Pharmaceutics",Drug Discovery (Q1); Molecular Medicine (Q1),,,"Biochemistry, Genetics and Molecular Biology; Pharmacology, Toxicology and Pharmaceutics",Drug Discovery (Q1); Molecular Medicine (Q1),,
oci:06240557336-06302832238,omid:br/06240557336,Physical Review D [omid:br/062509685 issn:2470-0010 issn:2470-0029 openalex:S4210238307],omid:br/06302832238,Physics Letters B [omid:br/0626059839 issn:0370-2693 openalex:S173952182],2017-06-06,False,True,Incoming,"['24700010', '24700029']",['03702693'],Physics and Astronomy,Nuclear and High Energy Physics (Q1); Physics and Astronomy (miscellaneous) (Q1),,,Physics and Astronomy,Nuclear and High Energy Physics (Q1),QC1-999,Science: Physics
oci:0620255654-06180736160,omid:br/0620255654,Sociological Spectrum [omid:br/0619027629 issn:0273-2173 issn:1521-0707 openalex:S4138479],omid:br/06180736160,Communication Theory [omid:br/061032789 doi:10.1111/(issn)1468-2885 issn:1050-3293 issn:1468-2885 openalex:S103253184],2022-01-02,False,True,Incoming,"['02732173', '15210707']","['14682885', '10503293', '14682885']",Social Sciences,Sociology and Political Science (Q2),,,Social Sciences,Communication (Q1); Linguistics and Language (Q1),,
oci:06140514340-062601156462,omid:br/06140514340,Applied Physics Letters [omid:br/067011551 issn:0003-6951 issn:1077-3118 openalex:S105243760],omid:br/062601156462,Optics Letters [omid:br/064027496 issn:0146-9592 issn:1539-4794 openalex:S134390580],2000-10-09,True,False,Outgoing,"['00036951', '10773118']","['01469592', '15394794']",Physics and Astronomy,Physics and Astronomy (miscellaneous) (Q1),,,Physics and Astronomy,"Atomic and Molecular Physics, and Optics (Q1)",,
oci:061303900723-06502199586,omid:br/061303900723,Monthly Notices Of The Royal Astronomical Society [omid:br/067041753 doi:10.1111/(issn)1365-2966 issn:0035-8711 issn:1365-2966 openalex:S195663288],omid:br/06502199586,Proceedings Of The International Astronomical Union [omid:br/062038922 issn:1743-9213 issn:1743-9221 openalex:S4210212087],2023-08-31,False,True,Incoming,"['13652966', '00358711', '13652966']","['17439213', '17439221']",Earth and Planetary Sciences; Physics and Astronomy,Astronomy and Astrophysics (Q1); Space and Planetary Science (Q1),QB1-991,Science: Astronomy,Earth and Planetary Sciences; Physics and Astronomy,Astronomy and Astrophysics (Q4); Space and Planetary Science (Q4),,
oci:0649059662-06160997415,omid:br/0649059662,European Journal Of Organic Chemistry [omid:br/066020374 doi:10.1002/(issn)1099-0690 issn:0075-4617 issn:0170-2041 issn:0365-5490 issn:0947-3440 issn:1099-0690 issn:1434-193X],omid:br/06160997415,Analytical Biochemistry [omid:br/064024526 issn:0003-2697 openalex:S7858788],2011-09-02,True,False,Outgoing,"['10990690', '00754617', '01702041', '03655490', '09473440', '10990690', '1434193X']",['00032697'],Chemistry,Organic Chemistry (Q2); Physical and Theoretical Chemistry (Q2),,,"Biochemistry, Genetics and Molecular Biology",Biochemistry (Q3); Biophysics (Q3); Molecular Biology (Q3); Cell Biology (Q4),,
oci:06503931362-062601749988,omid:br/06503931362,Monthly Notices Of The Royal Astronomical Society [omid:br/067041753 doi:10.1111/(issn)1365-2966 issn:0035-8711 issn:1365-2966 openalex:S195663288],omid:br/062601749988,Publications Of The Astronomical Society Of The Pacific [omid:br/063038054 issn:0004-6280 issn:1538-3873 openalex:S82835231],2022-09-27,True,False,Outgoing,"['13652966', '00358711', '13652966']","['00046280', '15383873']",Earth and Planetary Sciences; Physics and Astronomy,Astronomy and Astrophysics (Q1); Space and Planetary Science (Q1),QB1-991,Science: Astronomy,Earth and Planetary Sciences; Physics and Astronomy,Astronomy and Astrophysics (Q1); Space and Planetary Science (Q1),,
oci:062301719236-062401709703,omid:br/062301719236,Publications Of The Astronomical Society Of The Pacific [omid:br/063038054 issn:0004-6280 issn:1538-3873 openalex:S82835231],omid:br/062401709703,Astronomy & Astrophysics [omid:br/064040455 issn:0004-6361 issn:1432-0746 openalex:S205231332],2019-07-03,False,True,Incoming,"['00046280', '15383873']","['00046361', '14320746']",Earth and Planetary Sciences; Physics and Astronomy,Astronomy and Astrophysics (Q1); Space and Planetary Science (Q1),,,Earth and Planetary Sciences; Physics and Astronomy,Astronomy and Astrophysics (Q1); Space and Planetary Science (Q1),QB1-991,Science: Astronomy
oci:06201789793-062601228904,omid:br/06201789793,Physical Review A [omid:br/0619043744 issn:2469-9926 issn:2469-9934 openalex:S4210182288],omid:br/062601228904,Journal Of The Optical Society Of America B [omid:br/0614026245 issn:0740-3224 issn:1520-8540 openalex:S64486668],2016-03-23,False,True,Incoming,"['24699926', '24699934']","['07403224', '15208540']",Physics and Astronomy,"Atomic and Molecular Physics, and Optics (Q1)",,,Physics and Astronomy,"Atomic and Molecular Physics, and Optics (Q2); Statistical and Nonlinear Physics (Q3)",,
oci:0640569798-061803495950,omid:br/0640569798,Physical Review D [omid:br/062509685 issn:2470-0010 issn:2470-0029 openalex:S4210238307],omid:br/061803495950,Physical Review Letters [omid:br/063044243 issn:0031-9007 issn:1079-7114 openalex:S24807848],2022-03-09,True,False,Outgoing,"['24700010', '24700029']","['00319007', '10797114']",Physics and Astronomy,Nuclear and High Energy Physics (Q1); Physics and Astronomy (miscellaneous) (Q1),,,Physics and Astronomy,Physics and Astronomy (miscellaneous) (Q1),,
oci:06330518024-062601236376,omid:br/06330518024,Communications Physics [omid:br/061301655058 issn:2399-3650 openalex:S4210200995],omid:br/062601236376,Journal Of Computational And Graphical Statistics [omid:br/0618030101 issn:1061-8600 issn:1537-2715 openalex:S76159266],2024-09-06,True,False,Outgoing,['23993650'],"['10618600', '15372715']",Physics and Astronomy,Physics and Astronomy (miscellaneous) (Q1),QB460-466|QC1-999,Science: Astronomy: Astrophysics | Science: Physics,Decision Sciences; Mathematics,"Discrete Mathematics and Combinatorics (Q1); Statistics and Probability (Q1); Statistics, Probability and Uncertainty (Q1)",,
oci:0649059662-0640720025,omid:br/0649059662,European Journal Of Organic Chemistry [omid:br/066020374 doi:10.1002/(issn)1099-0690 issn:0075-4617 issn:0170-2041 issn:0365-5490 issn:0947-3440 issn:1099-0690 issn:1434-193X],omid:br/0640720025,Tetrahedron [omid:br/0626023199 issn:0040-4020 openalex:S205754296],2011-09-02,True,False,Outgoing,"['10990690', '00754617', '01702041', '03655490', '09473440', '10990690', '1434193X']",['00404020'],Chemistry,Organic Chemistry (Q2); Physical and Theoretical Chemistry (Q2),,,"Biochemistry, Genetics and Molecular Biology; Chemistry; Pharmacology, Toxicology and Pharmaceutics",Biochemistry (Q3); Drug Discovery (Q3); Organic Chemistry (Q3),,
oci:061401614063-062403011216,omid:br/061401614063,Numerical Algorithms [omid:br/061040248 issn:1017-1398 issn:1572-9265 openalex:S117494069],omid:br/062403011216,Acta Numerica [omid:br/062403012380 issn:0962-4929 issn:1474-0508 openalex:S124973578],2014-02-21,False,True,Incoming,"['10171398', '15729265']","['09624929', '14740508']",Mathematics,Applied Mathematics (Q1),,,Mathematics,Mathematics (miscellaneous) (Q1); Numerical Analysis (Q1),,
oci:06160743196-061201810282,omid:br/06160743196,Experimental Astronomy [omid:br/068016776 issn:0922-6435 issn:1572-9508 openalex:S170977379],omid:br/061201810282,Monthly Notices Of The Royal Astronomical Society [omid:br/067041753 doi:10.1111/(issn)1365-2966 issn:0035-8711 issn:1365-2966 openalex:S195663288],2013-04-27,True,False,Outgoing,"['09226435', '15729508']","['13652966', '00358711', '13652966']",Earth and Planetary Sciences; Physics and Astronomy,Astronomy and Astrophysics (Q2); Space and Planetary Science (Q2),,,Earth and Planetary Sciences; Physics and Astronomy,Astronomy and Astrophysics (Q1); Space and Planetary Science (Q1),QB1-991,Science: Astronomy
oci:061602611146-06803916174,omid:br/061602611146,Applied Sciences [omid:br/068056142 issn:2076-3417 openalex:S4210205812],omid:br/06803916174,Physical Review B [omid:br/0616012786 issn:0163-1829 issn:1095-3795 issn:1098-0121 issn:1550-235X],2021-01-14,True,False,Outgoing,['20763417'],"['01631829', '10953795', '10980121', '1550235X']",Chemical Engineering; Computer Science; Engineering; Materials Science; Physics and Astronomy,Computer Science Applications (Q2); Engineering (miscellaneous) (Q2); Fluid Flow and Transfer Processes (Q2); Instrumentation (Q2); Materials Science (miscellaneous) (Q2); Process Chemistry and Technology (Q3),T|TA1-2040|QH301-705.5|QC1-999|QD1-999,Technology: Engineering (General). Civil engineering (General) | Science: Biology (General) | Science: Physics | Science: Chemistry,,,,
oci:06402836804-061401413974,omid:br/06402836804,Physics Letters B [omid:br/0626059839 issn:0370-2693 openalex:S173952182],omid:br/061401413974,Physical Review D [omid:br/066033919 issn:1550-2368 issn:1550-7998 openalex:S4210210554],2012-06,False,True,Incoming,['03702693'],"['15502368', '15507998']",Physics and Astronomy,Nuclear and High Energy Physics (Q1),QC1-999,Science: Physics,,,,
oci:062601450658-0670397159,omid:br/062601450658,Physical Review D [omid:br/066033919 issn:1550-2368 issn:1550-7998 openalex:S4210210554],omid:br/0670397159,"Nuclear Instruments And Methods In Physics Research Section A: Accelerators, Spectrometers, Detectors And Associated Equipment [omid:br/069011716 issn:0168-9002 openalex:S145630073]",2005-10-13,True,False,Outgoing,"['15502368', '15507998']",['01689002'],,,,,Physics and Astronomy,Instrumentation (Q2); Nuclear and High Energy Physics (Q2),,
oci:061801425417-061803867587,omid:br/061801425417,Physical Review D [omid:br/066033919 issn:1550-2368 issn:1550-7998 openalex:S4210210554],omid:br/061803867587,Physics Letters B [omid:br/0626059839 issn:0370-2693 openalex:S173952182],2008-09-18,False,True,Incoming,"['15502368', '15507998']",['03702693'],,,,,Physics and Astronomy,Nuclear and High Energy Physics (Q1),QC1-999,Science: Physics
oci:06330552262-06330552683,omid:br/06330552262,The Journal Of Physical Chemistry A [omid:br/0621041077 issn:1089-5639 issn:1520-5215 openalex:S146709414],omid:br/06330552683,The Journal Of Physical Chemistry A [omid:br/0621041077 issn:1089-5639 issn:1520-5215 openalex:S146709414],2024-06-07,False,True,Incoming,"['10895639', '15205215']","['10895639', '15205215']",Chemistry; Medicine,Medicine (miscellaneous) (Q2); Physical and Theoretical Chemistry (Q2),,,Chemistry; Medicine,Medicine (miscellaneous) (Q2); Physical and Theoretical Chemistry (Q2),,
oci:062301884227-061202055048,omid:br/062301884227,The European Physical Journal Plus [omid:br/066043517 issn:2190-5444 openalex:S2500088085],omid:br/061202055048,Physical Review Letters [omid:br/063044243 issn:0031-9007 issn:1079-7114 openalex:S24807848],2020-11,False,True,Incoming,['21905444'],"['00319007', '10797114']",Chemical Engineering; Physics and Astronomy,Fluid Flow and Transfer Processes (Q2); Physics and Astronomy (miscellaneous) (Q2),,,Physics and Astronomy,Physics and Astronomy (miscellaneous) (Q1),,
oci:06801831307-062501421201,omid:br/06801831307,Journal Of High Energy Physics [omid:br/062038872 issn:1029-8479 issn:1126-6708 openalex:S187585107],omid:br/062501421201,Physical Review D [omid:br/066033919 issn:1550-2368 issn:1550-7998 openalex:S4210210554],2021-09,False,True,Incoming,"['10298479', '11266708']","['15502368', '15507998']",Physics and Astronomy,Nuclear and High Energy Physics (Q2),QC770-798,Science: Physics: Nuclear and particle physics. Atomic energy. Radioactivity,,,,
oci:06190508749-06220502404,omid:br/06190508749,Journal Of Instrumentation [omid:br/064010524 doi:10.1088/1748-0221 issn:1748-0221 openalex:S116045149],omid:br/06220502404,Journal Of Instrumentation [omid:br/064010524 doi:10.1088/1748-0221 issn:1748-0221 openalex:S116045149],2013-11-04,True,False,Outgoing,"['17480221', '17480221']","['17480221', '17480221']",Mathematics; Physics and Astronomy,Instrumentation (Q3); Mathematical Physics (Q3),,,Mathematics; Physics and Astronomy,Instrumentation (Q3); Mathematical Physics (Q3),,
oci:062103434344-061702622356,omid:br/062103434344,Small [omid:br/061047569 doi:10.1002/(issn)1613-6829 issn:1613-6810 issn:1613-6829 openalex:S94619837],omid:br/061702622356,Scientific Reports [omid:br/0616055349 issn:2045-2322 openalex:S196734849],2022-08-26,False,True,Incoming,"['16136829', '16136810', '16136829']",['20452322'],"Biochemistry, Genetics and Molecular Biology; Chemistry; Engineering; Materials Science; Medicine",Biomaterials (Q1); Biotechnology (Q1); Chemistry (miscellaneous) (Q1); Engineering (miscellaneous) (Q1); Materials Science (miscellaneous) (Q1); Medicine (miscellaneous) (Q1); Nanoscience and Nanotechnology (Q1),,,Multidisciplinary,Multidisciplinary (Q1),R|Q,Medicine | Science
oci:06702811354-06601677769,omid:br/06702811354,Physics Letters B [omid:br/0626059839 issn:0370-2693 openalex:S173952182],omid:br/06601677769,Zeitschrift Für Physik C Particles And Fields [omid:br/0612035595 issn:0170-9739 issn:1431-5858 issn:1434-6044 issn:1434-6052],2018-05,True,True,Internal,['03702693'],"['01709739', '14315858', '14346044', '14346052']",Physics and Astronomy,Nuclear and High Energy Physics (Q1),QC1-999,Science: Physics,Engineering; Physics and Astronomy,Engineering (miscellaneous) (Q1); Physics and Astronomy (miscellaneous) (Q1),QB460-466|QC770-798,Science: Astronomy: Astrophysics | Science: Physics: Nuclear and particle physics. Atomic energy. Radioactivity
oci:06701367966-062201289026,omid:br/06701367966,Journal Of Neurochemistry [omid:br/0614029191 doi:10.1111/(issn)1471-4159 issn:0022-3042 issn:1471-4159 openalex:S135837084],omid:br/062201289026,Current Directions In Psychological Science [omid:br/061708578 doi:10.1111/(issn)1467-8721 issn:0963-7214 issn:1467-8721 openalex:S114020440],2009-09,True,False,Outgoing,"['14714159', '00223042', '14714159']","['14678721', '09637214', '14678721']","Biochemistry, Genetics and Molecular Biology; Neuroscience",Biochemistry (Q1); Cellular and Molecular Neuroscience (Q2),,,Psychology,Developmental and Educational Psychology (Q1); Psychology (miscellaneous) (Q1),,
oci:06801833915-06301834847,omid:br/06801833915,Journal Of High Energy Physics [omid:br/062038872 issn:1029-8479 issn:1126-6708 openalex:S187585107],omid:br/06301834847,Journal Of High Energy Physics [omid:br/062038872 issn:1029-8479 issn:1126-6708 openalex:S187585107],2014-04,True,False,Outgoing,"['10298479', '11266708']","['10298479', '11266708']",Physics and Astronomy,Nuclear and High Energy Physics (Q2),QC770-798,Science: Physics: Nuclear and particle physics. Atomic energy. Radioactivity,Physics and Astronomy,Nuclear and High Energy Physics (Q2),QC770-798,Science: Physics: Nuclear and particle physics. Atomic energy. Radioactivity
oci:06120559429-06101849880,omid:br/06120559429,Physical Review D [omid:br/062509685 issn:2470-0010 issn:2470-0029 openalex:S4210238307],omid:br/06101849880,Journal Of High Energy Physics [omid:br/062038872 issn:1029-8479 issn:1126-6708 openalex:S187585107],2020-05-19,False,True,Incoming,"['24700010', '24700029']","['10298479', '11266708']",Physics and Astronomy,Nuclear and High Energy Physics (Q1); Physics and Astronomy (miscellaneous) (Q1),,,Physics and Astronomy,Nuclear and High Energy Physics (Q2),QC770-798,Science: Physics: Nuclear and particle physics. Atomic energy. Radioactivity
oci:06501688209-06802441909,omid:br/06501688209,Zeitschrift Für Physik C Particles And Fields [omid:br/0612035595 issn:0170-9739 issn:1431-5858 issn:1434-6044 issn:1434-6052],omid:br/06802441909,Physical Review Letters [omid:br/063044243 issn:0031-9007 issn:1079-7114 openalex:S24807848],2017-12,True,False,Outgoing,"['01709739', '14315858', '14346044', '14346052']","['00319007', '10797114']",Engineering; Physics and Astronomy,Engineering (miscellaneous) (Q1); Physics and Astronomy (miscellaneous) (Q1),QB460-466|QC770-798,Science: Astronomy: Astrophysics | Science: Physics: Nuclear and particle physics. Atomic energy. Radioactivity,Physics and Astronomy,Physics and Astronomy (miscellaneous) (Q1),,
oci:0640250095-061403639850,omid:br/0640250095,Journal Of Molecular Biology [omid:br/061905469 issn:0022-2836 issn:1089-8638 openalex:S46058472],omid:br/061403639850,FEBS Letters [omid:br/068035745 issn:0014-5793 issn:1873-3468 openalex:S104830714],2013-04,False,True,Incoming,"['00222836', '10898638']","['00145793', '18733468']","Biochemistry, Genetics and Molecular Biology",Biophysics (Q1); Molecular Biology (Q1); Structural Biology (Q1),,,"Biochemistry, Genetics and Molecular Biology",Biochemistry (Q1); Biophysics (Q1); Cell Biology (Q2); Genetics (Q2); Molecular Biology (Q2); Structural Biology (Q2),,
oci:06204762027-062401303700,omid:br/06204762027,Physical Review A [omid:br/0619043744 issn:2469-9926 issn:2469-9934 openalex:S4210182288],omid:br/062401303700,Physical Review A [omid:br/061032719 issn:1050-2947 issn:1094-1622 openalex:S164566984],2024-06-25,True,False,Outgoing,"['24699926', '24699934']","['10502947', '10941622']",Physics and Astronomy,"Atomic and Molecular Physics, and Optics (Q1)",,,,,,
oci:06602443651-06902085881,omid:br/06602443651,Physical Review Letters [omid:br/063044243 issn:0031-9007 issn:1079-7114 openalex:S24807848],omid:br/06902085881,Physical Review Letters [omid:br/063044243 issn:0031-9007 issn:1079-7114 openalex:S24807848],2017-01-27,False,True,Incoming,"['00319007', '10797114']","['00319007', '10797114']",Physics and Astronomy,Physics and Astronomy (miscellaneous) (Q1),,,Physics and Astronomy,Physics and Astronomy (miscellaneous) (Q1),,
oci:06302437691-06202833374,omid:br/06302437691,Physical Review Letters [omid:br/063044243 issn:0031-9007 issn:1079-7114 openalex:S24807848],omid:br/06202833374,Physics Letters B [omid:br/0626059839 issn:0370-2693 openalex:S173952182],2018-04-02,True,False,Outgoing,"['00319007', '10797114']",['03702693'],Physics and Astronomy,Physics and Astronomy (miscellaneous) (Q1),,,Physics and Astronomy,Nuclear and High Energy Physics (Q1),QC1-999,Science: Physics
oci:06102844881-06802831843,omid:br/06102844881,Physics Letters B [omid:br/0626059839 issn:0370-2693 openalex:S173952182],omid:br/06802831843,Physics Letters B [omid:br/0626059839 issn:0370-2693 openalex:S173952182],1996-06,True,True,Internal,['03702693'],['03702693'],Physics and Astronomy,Nuclear and High Energy Physics (Q1),QC1-999,Science: Physics,Physics and Astronomy,Nuclear and High Energy Physics (Q1),QC1-999,Science: Physics
oci:061401791224-06220382687,omid:br/061401791224,"Community, Work & Family [omid:br/061401791945 issn:1366-8803 issn:1469-3615 openalex:S93028289]",omid:br/06220382687,Journal Of European Social Policy [omid:br/06220383192 issn:0958-9287 issn:1461-7269 openalex:S187013691],2020-08-06,False,True,Incoming,"['13668803', '14693615']","['09589287', '14617269']",Social Sciences,Development (Q1); Social Sciences (miscellaneous) (Q1); Sociology and Political Science (Q1),,,Environmental Science; Social Sciences,"Management, Monitoring, Policy and Law (Q1); Social Sciences (miscellaneous) (Q1)",,
oci:06140557621-061902029376,omid:br/06140557621,Physical Review D [omid:br/062509685 issn:2470-0010 issn:2470-0029 openalex:S4210238307],omid:br/061902029376,Physical Review X [omid:br/0619047744 issn:2160-3308 openalex:S137042341],2019-12-17,False,True,Incoming,"['24700010', '24700029']",['21603308'],Physics and Astronomy,Nuclear and High Energy Physics (Q1); Physics and Astronomy (miscellaneous) (Q1),,,Physics and Astronomy,Physics and Astronomy (miscellaneous) (Q1),QC1-999,Science: Physics
oci:06160650584-06901447860,omid:br/06160650584,Reports On Progress In Physics [omid:br/0626021233 issn:0034-4885 issn:1361-6633 openalex:S105282323],omid:br/06901447860,Physical Review D [omid:br/066033919 issn:1550-2368 issn:1550-7998 openalex:S4210210554],2017-05-02,False,True,Incoming,"['00344885', '13616633']","['15502368', '15507998']",Medicine; Physics and Astronomy,Medicine (miscellaneous) (Q1); Physics and Astronomy (miscellaneous) (Q1),,,,,,
oci:06902833650-06210245178,omid:br/06902833650,"Synthesis And Reactivity In Inorganic, Metal-Organic, And Nano-Metal Chemistry [omid:br/0617057364 issn:0094-5714 issn:1532-2440 issn:1553-3174 issn:1553-3182]",omid:br/06210245178,Journal Of Medicinal Chemistry [omid:br/061804490 issn:0022-2623 issn:0095-9065 issn:1520-4804],2014-06-02,False,True,Incoming,"['00945714', '15322440', '15533174', '15533182']","['00222623', '00959065', '15204804']",,,,,"Biochemistry, Genetics and Molecular Biology; Pharmacology, Toxicology and Pharmaceutics",Drug Discovery (Q1); Molecular Medicine (Q1),,
oci:061803894000-061201948000,omid:br/061803894000,Nature Photonics [omid:br/0621041052 issn:1749-4885 issn:1749-4893 openalex:S120392215],omid:br/061201948000,Electronics Letters [omid:br/0622041035 issn:0013-5194 issn:1350-911X openalex:S149016011],2023-04-06,True,False,Outgoing,"['17494885', '17494893']","['00135194', '1350911X']",Materials Science; Physics and Astronomy,"Atomic and Molecular Physics, and Optics (Q1); Electronic, Optical and Magnetic Materials (Q1)",,,Engineering,Electrical and Electronic Engineering (Q3),TK1-9971,Technology: Electrical engineering. Electronics. Nuclear engineering
oci:0620492582-062301869075,omid:br/0620492582,Communications On Pure And Applied Mathematics [omid:br/062408413 doi:10.1002/(issn)1097-0312 issn:0010-3640 issn:1097-0312 openalex:S134818455],omid:br/062301869075,Revista Matemática Iberoamericana [omid:br/063039787 doi:10.4171/rmi issn:0213-2230 issn:2235-0616 openalex:S16719760],2020-06,True,True,Internal,"['10970312', '00103640', '10970312']","['02132230', '22350616']",Mathematics,Applied Mathematics (Q1); Mathematics (miscellaneous) (Q1),,,Mathematics,Mathematics (miscellaneous) (Q1),QA1-939,Science: Mathematics
oci:062401714113-06402205244,omid:br/062401714113,The Astrophysical Journal [omid:br/064040542 issn:0004-637X issn:1538-4357 openalex:S1980519],omid:br/06402205244,Monthly Notices Of The Royal Astronomical Society [omid:br/067041753 doi:10.1111/(issn)1365-2966 issn:0035-8711 issn:1365-2966 openalex:S195663288],2018-08-06,True,True,Internal,"['0004637X', '15384357']","['13652966', '00358711', '13652966']",Earth and Planetary Sciences; Physics and Astronomy,Astronomy and Astrophysics (Q1); Space and Planetary Science (Q1),QB460-466,Science: Astronomy: Astrophysics,Earth and Planetary Sciences; Physics and Astronomy,Astronomy and Astrophysics (Q1); Space and Planetary Science (Q1),QB1-991,Science: Astronomy
oci:06302439211-06201745642,omid:br/06302439211,Physical Review Letters [omid:br/063044243 issn:0031-9007 issn:1079-7114 openalex:S24807848],omid:br/06201745642,Physical Review D [omid:br/067039535 issn:0556-2821 issn:1089-4918 openalex:S4210190737],2004-06-22,True,False,Outgoing,"['00319007', '10797114']","['05562821', '10894918']",Physics and Astronomy,Physics and Astronomy (miscellaneous) (Q1),,,,,,
oci:06220506779-062401635209,omid:br/06220506779,Physical Chemistry Chemical Physics [omid:br/064010713 issn:1463-9076 issn:1463-9084 openalex:S181332294],omid:br/062401635209,The Journal Of Chemical Physics [omid:br/067037880 issn:0021-9606 issn:1089-7690 openalex:S77047749],2009,False,True,Incoming,"['14639076', '14639084']","['00219606', '10897690']",Chemistry; Physics and Astronomy,Physical and Theoretical Chemistry (Q2); Physics and Astronomy (miscellaneous) (Q2),,,Chemistry; Medicine; Physics and Astronomy,Physical and Theoretical Chemistry (Q1); Physics and Astronomy (miscellaneous) (Q1); Medicine (miscellaneous) (Q2),,
oci:06150241087-06110248992,omid:br/06150241087,Journal Of Medicinal Chemistry [omid:br/061804490 issn:0022-2623 issn:0095-9065 issn:1520-4804],omid:br/06110248992,Journal Of Medicinal Chemistry [omid:br/061804490 issn:0022-2623 issn:0095-9065 issn:1520-4804],2001-11-09,True,False,Outgoing,"['00222623', '00959065', '15204804']","['00222623', '00959065', '15204804']","Biochemistry, Genetics and Molecular Biology; Pharmacology, Toxicology and Pharmaceutics",Drug Discovery (Q1); Molecular Medicine (Q1),,,"Biochemistry, Genetics and Molecular Biology; Pharmacology, Toxicology and Pharmaceutics",Drug Discovery (Q1); Molecular Medicine (Q1),,
oci:06301703204-0660119605,omid:br/06301703204,WIREs Computational Molecular Science [omid:br/06301704115 issn:1759-0876 issn:1759-0884 openalex:S136120998],omid:br/0660119605,Chemical Physics Letters [omid:br/062302564 issn:0009-2614 openalex:S44567922],2013-09-23,True,True,Internal,"['17590876', '17590884']",['00092614'],"Biochemistry, Genetics and Molecular Biology; Chemistry; Computer Science; Materials Science; Mathematics",Biochemistry (Q1); Computational Mathematics (Q1); Computer Science Applications (Q1); Materials Chemistry (Q1); Physical and Theoretical Chemistry (Q1),,,Chemistry; Physics and Astronomy,Physical and Theoretical Chemistry (Q2); Physics and Astronomy (miscellaneous) (Q2),,
oci:062501775238-061602627735,omid:br/062501775238,Physical Review A [omid:br/0619043744 issn:2469-9926 issn:2469-9934 openalex:S4210182288],omid:br/061602627735,Scientific Reports [omid:br/0616055349 issn:2045-2322 openalex:S196734849],2017-05-26,True,False,Outgoing,"['24699926', '24699934']",['20452322'],Physics and Astronomy,"Atomic and Molecular Physics, and Optics (Q1)",,,Multidisciplinary,Multidisciplinary (Q1),R|Q,Medicine | Science
oci:061203913046-062401680774,omid:br/061203913046,Monthly Notices Of The Royal Astronomical Society [omid:br/067041753 doi:10.1111/(issn)1365-2966 issn:0035-8711 issn:1365-2966 openalex:S195663288],omid:br/062401680774,Annual Review Of Astronomy And Astrophysics [omid:br/062401681954 issn:0066-4146 issn:1545-4282 openalex:S29882555],2023-04-03,True,False,Outgoing,"['13652966', '00358711', '13652966']","['00664146', '15454282']",Earth and Planetary Sciences; Physics and Astronomy,Astronomy and Astrophysics (Q1); Space and Planetary Science (Q1),QB1-991,Science: Astronomy,Earth and Planetary Sciences; Physics and Astronomy,Astronomy and Astrophysics (Q1); Space and Planetary Science (Q1),,
oci:06350517508-062604225338,omid:br/06350517508,Physical Review D [omid:br/062509685 issn:2470-0010 issn:2470-0029 openalex:S4210238307],omid:br/062604225338,Physical Review Letters [omid:br/063044243 issn:0031-9007 issn:1079-7114 openalex:S24807848],2024-06-11,False,True,Incoming,"['24700010', '24700029']","['00319007', '10797114']",Physics and Astronomy,Nuclear and High Energy Physics (Q1); Physics and Astronomy (miscellaneous) (Q1),,,Physics and Astronomy,Physics and Astronomy (miscellaneous) (Q1),,
oci:06210662409-062101422324,omid:br/06210662409,Chinese Physics C [omid:br/064014073 issn:1674-1137 issn:2058-6132 openalex:S959143335],omid:br/062101422324,Physical Review D [omid:br/066033919 issn:1550-2368 issn:1550-7998 openalex:S4210210554],2014-08,False,True,Incoming,"['16741137', '20586132']","['15502368', '15507998']",Physics and Astronomy,Instrumentation (Q1); Astronomy and Astrophysics (Q2); Nuclear and High Energy Physics (Q2),,,,,,
oci:06110959385-063085859,omid:br/06110959385,Pharmacological Reviews [omid:br/06110959593 doi:10.1124/pr issn:0031-6997 issn:1521-0081 openalex:S161680845],omid:br/063085859,Journal Of Biological Chemistry [omid:br/06903738 doi:10.1074/jbc issn:0021-9258 issn:1083-351X openalex:S140251998],2021-10,True,False,Outgoing,"['00316997', '15210081']","['00219258', '1083351X']","Biochemistry, Genetics and Molecular Biology; Pharmacology, Toxicology and Pharmaceutics",Molecular Medicine (Q1); Pharmacology (Q1),,,"Biochemistry, Genetics and Molecular Biology",Biochemistry (Q1); Cell Biology (Q1); Molecular Biology (Q1),QD415-436,Science: Chemistry: Organic chemistry: Biochemistry
oci:06250779709-06201711727,omid:br/06250779709,Nature Structural & Molecular Biology [omid:br/062015688 issn:1545-9985 issn:1545-9993],omid:br/06201711727,British Journal Of Pharmacology [omid:br/0625036508 doi:10.1111/(issn)1476-5381 issn:0007-1188 issn:0271-678X issn:1476-5381 issn:1559-7016],2021-08,True,False,Outgoing,"['15459985', '15459993']","['14765381', '00071188', '0271678X', '14765381', '15597016']","Biochemistry, Genetics and Molecular Biology",Molecular Biology (Q1); Structural Biology (Q1),,,"Pharmacology, Toxicology and Pharmaceutics",Pharmacology (Q1),,
oci:0660400360-062102137115,omid:br/0660400360,Applied Numerical Mathematics [omid:br/069012053 issn:0168-9274 issn:1873-5460 openalex:S24251679],omid:br/062102137115,SIAM Journal On Scientific Computing [omid:br/064047205 issn:1064-8275 issn:1095-7197 openalex:S165512578],2009-06,False,True,Incoming,"['01689274', '18735460']","['10648275', '10957197']",Mathematics,Applied Mathematics (Q1); Computational Mathematics (Q1); Numerical Analysis (Q1),,,Mathematics,Applied Mathematics (Q1); Computational Mathematics (Q1),,
oci:061403854564-061203492150,omid:br/061403854564,Zeitschrift Für Physik C Particles And Fields [omid:br/0612035595 issn:0170-9739 issn:1431-5858 issn:1434-6044 issn:1434-6052],omid:br/061203492150,Physical Review Letters [omid:br/063044243 issn:0031-9007 issn:1079-7114 openalex:S24807848],2023-06-27,True,False,Outgoing,"['01709739', '14315858', '14346044', '14346052']","['00319007', '10797114']",Engineering; Physics and Astronomy,Engineering (miscellaneous) (Q1); Physics and Astronomy (miscellaneous) (Q1),QB460-466|QC770-798,Science: Astronomy: Astrophysics | Science: Physics: Nuclear and particle physics. Atomic energy. Radioactivity,Physics and Astronomy,Physics and Astronomy (miscellaneous) (Q1),,
oci:061303531323-0660534667,omid:br/061303531323,Micromachines [omid:br/0624012956 issn:2072-666X openalex:S96702057],omid:br/0660534667,Journal Of Physics: Condensed Matter [omid:br/061209263 doi:10.1088/issn.0953-8984 issn:0953-8984 issn:1361-648X openalex:S190924190],2022-10-03,True,False,Outgoing,['2072666X'],"['09538984', '09538984', '1361648X']",Engineering,Control and Systems Engineering (Q2); Electrical and Electronic Engineering (Q2); Mechanical Engineering (Q2),TJ1-1570,Technology: Mechanical engineering and machinery,Materials Science; Physics and Astronomy,Condensed Matter Physics (Q2); Materials Science (miscellaneous) (Q2),,
oci:0660631642-06250519979,omid:br/0660631642,Physical Review B [omid:br/0616012786 issn:0163-1829 issn:1095-3795 issn:1098-0121 issn:1550-235X],omid:br/06250519979,Applied Physics Letters [omid:br/067011551 issn:0003-6951 issn:1077-3118 openalex:S105243760],2007-05-21,False,True,Incoming,"['01631829', '10953795', '10980121', '1550235X']","['00036951', '10773118']",,,,,Physics and Astronomy,Physics and Astronomy (miscellaneous) (Q1),,
oci:06702847895-062501720680,omid:br/06702847895,Monthly Notices Of The Royal Astronomical Society [omid:br/067041753 doi:10.1111/(issn)1365-2966 issn:0035-8711 issn:1365-2966 openalex:S195663288],omid:br/062501720680,The Astronomical Journal [omid:br/063038009 issn:0004-6256 issn:1538-3881 openalex:S100695177],2014-07-14,True,False,Outgoing,"['13652966', '00358711', '13652966']","['00046256', '15383881']",Earth and Planetary Sciences; Physics and Astronomy,Astronomy and Astrophysics (Q1); Space and Planetary Science (Q1),QB1-991,Science: Astronomy,Earth and Planetary Sciences; Physics and Astronomy,Astronomy and Astrophysics (Q1); Space and Planetary Science (Q1),QB1-991,Science: Astronomy
oci:061601433327-061603338964,omid:br/061601433327,Physical Review D [omid:br/066033919 issn:1550-2368 issn:1550-7998 openalex:S4210210554],omid:br/061603338964,IEEE Transactions On Nuclear Science [omid:br/067066968 doi:10.1109/tns.23 issn:0018-9499 issn:1558-1578 openalex:S14279044],2009-04-16,True,False,Outgoing,"['15502368', '15507998']","['00189499', '15581578']",,,,,Energy; Engineering; Physics and Astronomy,Electrical and Electronic Engineering (Q2); Nuclear and High Energy Physics (Q2); Nuclear Energy and Engineering (Q2),,
oci:06703252292-062601755962,omid:br/06703252292,Space Science Reviews [omid:br/061061872 issn:0038-6308 issn:1572-9672 openalex:S10873449],omid:br/062601755962,The Astrophysical Journal [omid:br/064040542 issn:0004-637X issn:1538-4357 openalex:S1980519],2005-02,True,False,Outgoing,"['00386308', '15729672']","['0004637X', '15384357']",Earth and Planetary Sciences; Physics and Astronomy,Astronomy and Astrophysics (Q1); Space and Planetary Science (Q1),,,Earth and Planetary Sciences; Physics and Astronomy,Astronomy and Astrophysics (Q1); Space and Planetary Science (Q1),QB460-466,Science: Astronomy: Astrophysics
oci:061601383858-061203677949,omid:br/061601383858,The Journal Of Organic Chemistry [omid:br/0618033367 issn:0022-3263 issn:1520-6904 openalex:S205050996],omid:br/061203677949,Mutation Research/Genetic Toxicology And Environmental Mutagenesis [omid:br/0618054787 issn:1383-5718 openalex:S29775604],2002-01-10,True,False,Outgoing,"['00223263', '15206904']",['13835718'],Chemistry,Organic Chemistry (Q2),,,"Biochemistry, Genetics and Molecular Biology; Environmental Science","Health, Toxicology and Mutagenesis (Q2); Genetics (Q3)",,
oci:06701836410-06402837045,omid:br/06701836410,Journal Of Cosmology And Astroparticle Physics [omid:br/062039004 issn:1475-7508 issn:1475-7516 openalex:S120662888],omid:br/06402837045,Physics Letters B [omid:br/0626059839 issn:0370-2693 openalex:S173952182],2014-10-27,False,True,Incoming,"['14757508', '14757516']",['03702693'],Physics and Astronomy,Astronomy and Astrophysics (Q2),,,Physics and Astronomy,Nuclear and High Energy Physics (Q1),QC1-999,Science: Physics
oci:061601823243-061701820730,omid:br/061601823243,Monthly Notices Of The Royal Astronomical Society [omid:br/067041753 doi:10.1111/(issn)1365-2966 issn:0035-8711 issn:1365-2966 openalex:S195663288],omid:br/061701820730,Monthly Notices Of The Royal Astronomical Society [omid:br/067041753 doi:10.1111/(issn)1365-2966 issn:0035-8711 issn:1365-2966 openalex:S195663288],2008-04,True,False,Outgoing,"['13652966', '00358711', '13652966']","['13652966', '00358711', '13652966']",Earth and Planetary Sciences; Physics and Astronomy,Astronomy and Astrophysics (Q1); Space and Planetary Science (Q1),QB1-991,Science: Astronomy,Earth and Planetary Sciences; Physics and Astronomy,Astronomy and Astrophysics (Q1); Space and Planetary Science (Q1),QB1-991,Science: Astronomy
oci:06350518368-06901690039,omid:br/06350518368,Physical Review D [omid:br/062509685 issn:2470-0010 issn:2470-0029 openalex:S4210238307],omid:br/06901690039,Zeitschrift Für Physik C Particles And Fields [omid:br/0612035595 issn:0170-9739 issn:1431-5858 issn:1434-6044 issn:1434-6052],2024-11-18,False,True,Incoming,"['24700010', '24700029']","['01709739', '14315858', '14346044', '14346052']",Physics and Astronomy,Nuclear and High Energy Physics (Q1); Physics and Astronomy (miscellaneous) (Q1),,,Engineering; Physics and Astronomy,Engineering (miscellaneous) (Q1); Physics and Astronomy (miscellaneous) (Q1),QB460-466|QC770-798,Science: Astronomy: Astrophysics | Science: Physics: Nuclear and particle physics. Atomic energy. Radioactivity
oci:06903559133-061702622356,omid:br/06903559133,Physical Chemistry Chemical Physics [omid:br/064010713 issn:1463-9076 issn:1463-9084 openalex:S181332294],omid:br/061702622356,Scientific Reports [omid:br/0616055349 issn:2045-2322 openalex:S196734849],2022,False,True,Incoming,"['14639076', '14639084']",['20452322'],Chemistry; Physics and Astronomy,Physical and Theoretical Chemistry (Q2); Physics and Astronomy (miscellaneous) (Q2),,,Multidisciplinary,Multidisciplinary (Q1),R|Q,Medicine | Science
oci:06120559118-06220502406,omid:br/06120559118,Physical Review D [omid:br/062509685 issn:2470-0010 issn:2470-0029 openalex:S4210238307],omid:br/06220502406,Journal Of Instrumentation [omid:br/064010524 doi:10.1088/1748-0221 issn:1748-0221 openalex:S116045149],2020-06-19,False,True,Incoming,"['24700010', '24700029']","['17480221', '17480221']",Physics and Astronomy,Nuclear and High Energy Physics (Q1); Physics and Astronomy (miscellaneous) (Q1),,,Mathematics; Physics and Astronomy,Instrumentation (Q3); Mathematical Physics (Q3),,
oci:061202029573-06160251296,omid:br/061202029573,Journal Of Chemical Theory And Computation [omid:br/0619047782 issn:1549-9618 issn:1549-9626 openalex:S189701308],omid:br/06160251296,Journal Of Molecular Structure: THEOCHEM [omid:br/062203944 issn:0166-1280 openalex:S207713678],2010-05-04,True,False,Outgoing,"['15499618', '15499626']",['01661280'],Chemistry; Computer Science,Computer Science Applications (Q1); Physical and Theoretical Chemistry (Q1),,,,,,
oci:061203912772-062101722927,omid:br/061203912772,Monthly Notices Of The Royal Astronomical Society [omid:br/067041753 doi:10.1111/(issn)1365-2966 issn:0035-8711 issn:1365-2966 openalex:S195663288],omid:br/062101722927,The Astrophysical Journal [omid:br/064040542 issn:0004-637X issn:1538-4357 openalex:S1980519],2022-12-29,True,False,Outgoing,"['13652966', '00358711', '13652966']","['0004637X', '15384357']",Earth and Planetary Sciences; Physics and Astronomy,Astronomy and Astrophysics (Q1); Space and Planetary Science (Q1),QB1-991,Science: Astronomy,Earth and Planetary Sciences; Physics and Astronomy,Astronomy and Astrophysics (Q1); Space and Planetary Science (Q1),QB460-466,Science: Astronomy: Astrophysics
oci:062301868747-06180457719,omid:br/062301868747,Revista Matemática Iberoamericana [omid:br/063039787 doi:10.4171/rmi issn:0213-2230 issn:2235-0616 openalex:S16719760],omid:br/06180457719,Biotechnology For Biofuels [omid:br/06708698 issn:1754-6834 openalex:S137860580],2019-10-21,True,False,Outgoing,"['02132230', '22350616']",['17546834'],Mathematics,Mathematics (miscellaneous) (Q1),QA1-939,Science: Mathematics,,,TP315-360|TP248.13-248.65,Technology: Chemical technology: Fuel | Technology: Chemical technology: Biotechnology
oci:06301165312-06301165590,omid:br/06301165312,Transfer: European Review Of Labour And Research [omid:br/06301166256 issn:1024-2589 issn:1996-7284 openalex:S111163843],omid:br/06301165590,Transfer: European Review Of Labour And Research [omid:br/06301166256 issn:1024-2589 issn:1996-7284 openalex:S111163843],2021-02,False,True,Incoming,"['10242589', '19967284']","['10242589', '19967284']","Business, Management and Accounting",Industrial Relations (Q1); Organizational Behavior and Human Resource Management (Q1),,,"Business, Management and Accounting",Industrial Relations (Q1); Organizational Behavior and Human Resource Management (Q1),,
oci:061302029526-06190125142,omid:br/061302029526,Journal Of Chemical Theory And Computation [omid:br/0619047782 issn:1549-9618 issn:1549-9626 openalex:S189701308],omid:br/06190125142,Chemical Physics Letters [omid:br/062302564 issn:0009-2614 openalex:S44567922],2009-02-02,False,True,Incoming,"['15499618', '15499626']",['00092614'],Chemistry; Computer Science,Computer Science Applications (Q1); Physical and Theoretical Chemistry (Q1),,,Chemistry; Physics and Astronomy,Physical and Theoretical Chemistry (Q2); Physics and Astronomy (miscellaneous) (Q2),,
oci:06130560075-06901689867,omid:br/06130560075,Physical Review D [omid:br/062509685 issn:2470-0010 issn:2470-0029 openalex:S4210238307],omid:br/06901689867,Zeitschrift Für Physik C Particles And Fields [omid:br/0612035595 issn:0170-9739 issn:1431-5858 issn:1434-6044 issn:1434-6052],2020-01-28,False,True,Incoming,"['24700010', '24700029']","['01709739', '14315858', '14346044', '14346052']",Physics and Astronomy,Nuclear and High Energy Physics (Q1); Physics and Astronomy (miscellaneous) (Q1),,,Engineering; Physics and Astronomy,Engineering (miscellaneous) (Q1); Physics and Astronomy (miscellaneous) (Q1),QB460-466|QC770-798,Science: Astronomy: Astrophysics | Science: Physics: Nuclear and particle physics. Atomic energy. Radioactivity
oci:0630902661-06602417735,omid:br/0630902661,Earthquake Engineering & Structural Dynamics [omid:br/06106017 doi:10.1002/(issn)1096-9845 issn:0098-8847 issn:1096-9845 openalex:S194562448],omid:br/06602417735,Journal Of Chemical Theory And Computation [omid:br/0619047782 issn:1549-9618 issn:1549-9626 openalex:S189701308],2020-08-08,False,True,Incoming,"['10969845', '00988847', '10969845']","['15499618', '15499626']",Earth and Planetary Sciences; Engineering,Civil and Structural Engineering (Q1); Earth and Planetary Sciences (miscellaneous) (Q1); Geotechnical Engineering and Engineering Geology (Q1),,,Chemistry; Computer Science,Computer Science Applications (Q1); Physical and Theoretical Chemistry (Q1),,
oci:06103963990-06202190775,omid:br/06103963990,The Astrophysical Journal [omid:br/064040542 issn:0004-637X issn:1538-4357 openalex:S1980519],omid:br/06202190775,Monthly Notices Of The Royal Astronomical Society [omid:br/067041753 doi:10.1111/(issn)1365-2966 issn:0035-8711 issn:1365-2966 openalex:S195663288],2020-06-17,True,True,Internal,"['0004637X', '15384357']","['13652966', '00358711', '13652966']",Earth and Planetary Sciences; Physics and Astronomy,Astronomy and Astrophysics (Q1); Space and Planetary Science (Q1),QB460-466,Science: Astronomy: Astrophysics,Earth and Planetary Sciences; Physics and Astronomy,Astronomy and Astrophysics (Q1); Space and Planetary Science (Q1),QB1-991,Science: Astronomy
oci:061104416119-06160634191,omid:br/061104416119,Physical Review Research [omid:br/068046277 issn:2643-1564 openalex:S4210240247],omid:br/06160634191,Journal Of Modern Optics [omid:br/0617014221 issn:0950-0340 issn:1362-3044 openalex:S82541167],2024-05-23,True,False,Outgoing,['26431564'],"['09500340', '13623044']",Physics and Astronomy,Physics and Astronomy (miscellaneous) (Q1),QC1-999,Science: Physics,Physics and Astronomy,"Atomic and Molecular Physics, and Optics (Q4)",,
oci:061802434979-06602830304,omid:br/061802434979,Nuclear Physics B [omid:br/069057982 issn:0550-3213 issn:1873-1562 openalex:S4210194812],omid:br/06602830304,Physics Letters B [omid:br/0626059839 issn:0370-2693 openalex:S173952182],2005-02,True,False,Outgoing,"['05503213', '18731562']",['03702693'],Physics and Astronomy,Nuclear and High Energy Physics (Q2),QC770-798,Science: Physics: Nuclear and particle physics. Atomic energy. Radioactivity,Physics and Astronomy,Nuclear and High Energy Physics (Q1),QC1-999,Science: Physics
oci:06102134454-06601018035,omid:br/06102134454,Molecular Pharmaceutics [omid:br/063039194 issn:1543-8384 issn:1543-8392 openalex:S204562082],omid:br/06601018035,Bioelectrochemistry [omid:br/0612021718 issn:1567-5394 openalex:S99498898],2014-06-04,True,False,Outgoing,"['15438384', '15438392']",['15675394'],"Biochemistry, Genetics and Molecular Biology; Pharmacology, Toxicology and Pharmaceutics",Pharmaceutical Science (Q1); Drug Discovery (Q2); Molecular Medicine (Q2),,,"Biochemistry, Genetics and Molecular Biology; Chemistry; Medicine",Biophysics (Q2); Medicine (miscellaneous) (Q2); Physical and Theoretical Chemistry (Q2); Electrochemistry (Q3),,
oci:061501818349-061301717502,omid:br/061501818349,Monthly Notices Of The Royal Astronomical Society [omid:br/067041753 doi:10.1111/(issn)1365-2966 issn:0035-8711 issn:1365-2966 openalex:S195663288],omid:br/061301717502,The Astronomical Journal [omid:br/063038009 issn:0004-6256 issn:1538-3881 openalex:S100695177],2008-12-21,True,False,Outgoing,"['13652966', '00358711', '13652966']","['00046256', '15383881']",Earth and Planetary Sciences; Physics and Astronomy,Astronomy and Astrophysics (Q1); Space and Planetary Science (Q1),QB1-991,Science: Astronomy,Earth and Planetary Sciences; Physics and Astronomy,Astronomy and Astrophysics (Q1); Space and Planetary Science (Q1),QB1-991,Science: Astronomy
oci:06502448547-06190508978,omid:br/06502448547,Physical Review Letters [omid:br/063044243 issn:0031-9007 issn:1079-7114 openalex:S24807848],omid:br/06190508978,Journal Of Instrumentation [omid:br/064010524 doi:10.1088/1748-0221 issn:1748-0221 openalex:S116045149],2017-06-21,True,False,Outgoing,"['00319007', '10797114']","['17480221', '17480221']",Physics and Astronomy,Physics and Astronomy (miscellaneous) (Q1),,,Mathematics; Physics and Astronomy,Instrumentation (Q3); Mathematical Physics (Q3),,
oci:061202628022-06203914396,omid:br/061202628022,Physics Letters A [omid:br/0621051055 issn:0375-9601],omid:br/06203914396,Physical Review Letters [omid:br/063044243 issn:0031-9007 issn:1079-7114 openalex:S24807848],2005-05,True,False,Outgoing,['03759601'],"['00319007', '10797114']",Physics and Astronomy,Physics and Astronomy (miscellaneous) (Q2),,,Physics and Astronomy,Physics and Astronomy (miscellaneous) (Q1),,
oci:06204844914-06902647915,omid:br/06204844914,Environmental Advances [omid:br/06240900963 issn:2666-7657 openalex:S4210181357],omid:br/06902647915,Journal Of The Academy Of Nutrition And Dietetics [omid:br/0618053685 issn:2212-2672 openalex:S18733340],2024-07,False,True,Incoming,['26667657'],['22122672'],Environmental Science,Environmental Chemistry (Q1); Environmental Science (miscellaneous) (Q1); Global and Planetary Change (Q1),GE1-350,Geography. Anthropology. Recreation: Environmental sciences,Agricultural and Biological Sciences; Medicine; Nursing,Food Science (Q1); Medicine (miscellaneous) (Q1); Nutrition and Dietetics (Q1),,
oci:06250240860-06101365054,omid:br/06250240860,Journal Of Medicinal Chemistry [omid:br/061804490 issn:0022-2623 issn:0095-9065 issn:1520-4804],omid:br/06101365054,Nucleic Acids Research [omid:br/061502934 issn:0305-1048 issn:1362-4962 openalex:S134668137],2012-05-01,True,False,Outgoing,"['00222623', '00959065', '15204804']","['03051048', '13624962']","Biochemistry, Genetics and Molecular Biology; Pharmacology, Toxicology and Pharmaceutics",Drug Discovery (Q1); Molecular Medicine (Q1),,,"Biochemistry, Genetics and Molecular Biology",Genetics (Q1),QH426-470,Science: Biology (General): Genetics
oci:06502447715-06801673325,omid:br/06502447715,Physical Review Letters [omid:br/063044243 issn:0031-9007 issn:1079-7114 openalex:S24807848],omid:br/06801673325,Zeitschrift Für Physik C Particles And Fields [omid:br/0612035595 issn:0170-9739 issn:1431-5858 issn:1434-6044 issn:1434-6052],2017-10-11,False,True,Incoming,"['00319007', '10797114']","['01709739', '14315858', '14346044', '14346052']",Physics and Astronomy,Physics and Astronomy (miscellaneous) (Q1),,,Engineering; Physics and Astronomy,Engineering (miscellaneous) (Q1); Physics and Astronomy (miscellaneous) (Q1),QB460-466|QC770-798,Science: Astronomy: Astrophysics | Science: Physics: Nuclear and particle physics. Atomic energy. Radioactivity
oci:061503521160-06302830389,omid:br/061503521160,Physical Review D [omid:br/067039535 issn:0556-2821 issn:1089-4918 openalex:S4210190737],omid:br/06302830389,Physics Letters B [omid:br/0626059839 issn:0370-2693 openalex:S173952182],1998-10-02,False,True,Incoming,"['05562821', '10894918']",['03702693'],,,,,Physics and Astronomy,Nuclear and High Energy Physics (Q1),QC1-999,Science: Physics
oci:062301427449-061803867587,omid:br/062301427449,Physical Review D [omid:br/066033919 issn:1550-2368 issn:1550-7998 openalex:S4210210554],omid:br/061803867587,Physics Letters B [omid:br/0626059839 issn:0370-2693 openalex:S173952182],2015-02-17,False,True,Incoming,"['15502368', '15507998']",['03702693'],,,,,Physics and Astronomy,Nuclear and High Energy Physics (Q1),QC1-999,Science: Physics
oci:06303030358-061102688856,omid:br/06303030358,Scientific Reports [omid:br/0616055349 issn:2045-2322 openalex:S196734849],omid:br/061102688856,Asian Journal Of Neurosurgery [omid:br/0611060712 issn:1793-5482 issn:2248-9614 openalex:S2764996317],2020-11-24,True,False,Outgoing,['20452322'],"['17935482', '22489614']",Multidisciplinary,Multidisciplinary (Q1),R|Q,Medicine | Science,,,,
oci:061501331581-06210354240,omid:br/061501331581,Physical Review A [omid:br/061032719 issn:1050-2947 issn:1094-1622 openalex:S164566984],omid:br/06210354240,Nature [omid:br/0626016512 issn:0028-0836 issn:1465-7392 issn:1476-4679 issn:1476-4687 issn:1744-7933],2008-07-21,True,False,Outgoing,"['10502947', '10941622']","['00280836', '14657392', '14764679', '14764687', '17447933']",,,,,Multidisciplinary,Multidisciplinary (Q1),,
oci:06403859072-06101198103,omid:br/06403859072,Studi Organizzativi [omid:br/061802397812 issn:0391-8769 issn:1972-4969 openalex:S4210174434],omid:br/06101198103,"Work, Employment And Society [omid:br/069033078 issn:0950-0170 issn:1469-8722 openalex:S60510972]",2022-06,False,True,Incoming,"['03918769', '19724969']","['09500170', '14698722']",,,,,"Business, Management and Accounting; Economics, Econometrics and Finance; Social Sciences",Accounting (Q1); Economics and Econometrics (Q1); Organizational Behavior and Human Resource Management (Q1); Sociology and Political Science (Q1),,
oci:061404095634-06201833659,omid:br/061404095634,Physical Review D [omid:br/062509685 issn:2470-0010 issn:2470-0029 openalex:S4210238307],omid:br/06201833659,Journal Of High Energy Physics [omid:br/062038872 issn:1029-8479 issn:1126-6708 openalex:S187585107],2024-02-26,False,True,Incoming,"['24700010', '24700029']","['10298479', '11266708']",Physics and Astronomy,Nuclear and High Energy Physics (Q1); Physics and Astronomy (miscellaneous) (Q1),,,Physics and Astronomy,Nuclear and High Energy Physics (Q2),QC770-798,Science: Physics: Nuclear and particle physics. Atomic energy. Radioactivity
oci:06101414511-062302057932,omid:br/06101414511,Reviews Of Modern Physics [omid:br/0624030091 issn:0034-6861 issn:1539-0756 openalex:S73260565],omid:br/062302057932,Physical Review Letters [omid:br/063044243 issn:0031-9007 issn:1079-7114 openalex:S24807848],2017-10-30,False,True,Incoming,"['00346861', '15390756']","['00319007', '10797114']",Physics and Astronomy,Physics and Astronomy (miscellaneous) (Q1),,,Physics and Astronomy,Physics and Astronomy (miscellaneous) (Q1),,
oci:061902691849-062908818,omid:br/061902691849,Clinical Transplantation [omid:br/066032576 issn:0902-0063 issn:1399-0012 openalex:S4210215907],omid:br/062908818,Pigment Cell & Melanoma Research [omid:br/0618018064 issn:1755-1471 issn:1755-148X openalex:S179442820],2019-10-30,False,True,Incoming,"['09020063', '13990012']","['17551471', '1755148X']",Medicine,Transplantation (Q2),,,"Biochemistry, Genetics and Molecular Biology; Medicine","Biochemistry, Genetics and Molecular Biology (miscellaneous) (Q1); Dermatology (Q1); Oncology (Q2)",,
oci:06350130574-06202438215,omid:br/06350130574,Modern Physics Letters A [omid:br/0614042645 issn:0217-7323 issn:1793-6632 openalex:S45468527],omid:br/06202438215,Physical Review Letters [omid:br/063044243 issn:0031-9007 issn:1079-7114 openalex:S24807848],2022-10-10,False,True,Incoming,"['02177323', '17936632']","['00319007', '10797114']",Physics and Astronomy,Astronomy and Astrophysics (Q3); Nuclear and High Energy Physics (Q3); Physics and Astronomy (miscellaneous) (Q3),,,Physics and Astronomy,Physics and Astronomy (miscellaneous) (Q1),,
oci:062104334755-0610108985,omid:br/062104334755,Molecules [omid:br/065030790 issn:1420-3049 openalex:S108911230],omid:br/0610108985,"Journal Of The Chemical Society, Perkin Transactions 2 [omid:br/061801215 issn:0300-9580 issn:1364-5471 issn:1470-1820 issn:1472-779X]",2024-06-26,True,False,Outgoing,['14203049'],"['03009580', '13645471', '14701820', '1472779X']","Biochemistry, Genetics and Molecular Biology; Chemistry; Medicine; Pharmacology, Toxicology and Pharmaceutics",Analytical Chemistry (Q1); Chemistry (miscellaneous) (Q1); Medicine (miscellaneous) (Q1); Organic Chemistry (Q1); Pharmaceutical Science (Q1); Physical and Theoretical Chemistry (Q1); Drug Discovery (Q2); Molecular Medicine (Q2),QD241-441,Science: Chemistry: Organic chemistry,,,,
oci:0650726900-06220627065,omid:br/0650726900,Tetrahedron Letters [omid:br/061015904 issn:0040-4039 openalex:S133942674],omid:br/06220627065,The Journal Of Physical Chemistry B [omid:br/0617014123 issn:1520-5207 issn:1520-6106 openalex:S185621672],2014-07,False,True,Incoming,['00404039'],"['15205207', '15206106']","Biochemistry, Genetics and Molecular Biology; Chemistry; Pharmacology, Toxicology and Pharmaceutics",Organic Chemistry (Q3); Biochemistry (Q4); Drug Discovery (Q4),,,Chemistry; Materials Science; Medicine,"Physical and Theoretical Chemistry (Q1); Surfaces, Coatings and Films (Q1); Materials Chemistry (Q2); Medicine (miscellaneous) (Q2)",,
oci:061401798608-061701732061,omid:br/061401798608,Monthly Notices Of The Royal Astronomical Society [omid:br/067041753 doi:10.1111/(issn)1365-2966 issn:0035-8711 issn:1365-2966 openalex:S195663288],omid:br/061701732061,The Astrophysical Journal [omid:br/064040542 issn:0004-637X issn:1538-4357 openalex:S1980519],2009-10-11,True,False,Outgoing,"['13652966', '00358711', '13652966']","['0004637X', '15384357']",Earth and Planetary Sciences; Physics and Astronomy,Astronomy and Astrophysics (Q1); Space and Planetary Science (Q1),QB1-991,Science: Astronomy,Earth and Planetary Sciences; Physics and Astronomy,Astronomy and Astrophysics (Q1); Space and Planetary Science (Q1),QB460-466,Science: Astronomy: Astrophysics
oci:0620140642-06402836762,omid:br/0620140642,Physics Of Particles And Nuclei [omid:br/06202533 issn:1063-7796 issn:1531-8559 openalex:S134651815],omid:br/06402836762,Physics Letters B [omid:br/0626059839 issn:0370-2693 openalex:S173952182],2013-03,False,True,Incoming,"['10637796', '15318559']",['03702693'],Physics and Astronomy,Nuclear and High Energy Physics (Q3),,,Physics and Astronomy,Nuclear and High Energy Physics (Q1),QC1-999,Science: Physics
oci:06340513890-06140498651,omid:br/06340513890,Physical Review D [omid:br/062509685 issn:2470-0010 issn:2470-0029 openalex:S4210238307],omid:br/06140498651,Journal Of Instrumentation [omid:br/064010524 doi:10.1088/1748-0221 issn:1748-0221 openalex:S116045149],2024-07-08,True,True,Internal,"['24700010', '24700029']","['17480221', '17480221']",Physics and Astronomy,Nuclear and High Energy Physics (Q1); Physics and Astronomy (miscellaneous) (Q1),,,Mathematics; Physics and Astronomy,Instrumentation (Q3); Mathematical Physics (Q3),,
oci:06401673169-06401670868,omid:br/06401673169,The Journal Of Chemical Physics [omid:br/067037880 issn:0021-9606 issn:1089-7690 openalex:S77047749],omid:br/06401670868,The Journal Of Chemical Physics [omid:br/067037880 issn:0021-9606 issn:1089-7690 openalex:S77047749],2011-04-14,False,True,Incoming,"['00219606', '10897690']","['00219606', '10897690']",Chemistry; Medicine; Physics and Astronomy,Physical and Theoretical Chemistry (Q1); Physics and Astronomy (miscellaneous) (Q1); Medicine (miscellaneous) (Q2),,,Chemistry; Medicine; Physics and Astronomy,Physical and Theoretical Chemistry (Q1); Physics and Astronomy (miscellaneous) (Q1); Medicine (miscellaneous) (Q2),,
oci:061701567646-06170683173,omid:br/061701567646,"Nonlinear Analysis: Theory, Methods & Applications [omid:br/0622033725 issn:0362-546X openalex:S70695507]",omid:br/06170683173,Journal Of Functional Analysis [omid:br/0612012098 issn:0022-1236 openalex:S54953690],2022-07,True,True,Internal,['0362546X'],['00221236'],Mathematics,Analysis (Q1); Applied Mathematics (Q1),,,Mathematics,Analysis (Q1),,
oci:06140996007-062602440700,omid:br/06140996007,Annalen Der Physik [omid:br/068025657 doi:10.1002/(issn)1521-38889 doi:10.1002/(issn)1521-3889 issn:0003-3804 issn:1521-3889 openalex:S194691280],omid:br/062602440700,Physics Letters B [omid:br/0626059839 issn:0370-2693 openalex:S173952182],2021-10-08,False,True,Incoming,"['15213888', '15213889', '00033804', '15213889']",['03702693'],Physics and Astronomy,Physics and Astronomy (miscellaneous) (Q2),,,Physics and Astronomy,Nuclear and High Energy Physics (Q1),QC1-999,Science: Physics
oci:06270168105-06702811984,omid:br/06270168105,Chinese Physics C [omid:br/064014073 issn:1674-1137 issn:2058-6132 openalex:S959143335],omid:br/06702811984,Physics Letters B [omid:br/0626059839 issn:0370-2693 openalex:S173952182],2023-07-01,False,True,Incoming,"['16741137', '20586132']",['03702693'],Physics and Astronomy,Instrumentation (Q1); Astronomy and Astrophysics (Q2); Nuclear and High Energy Physics (Q2),,,Physics and Astronomy,Nuclear and High Energy Physics (Q1),QC1-999,Science: Physics
oci:061203806344-06101405447,omid:br/061203806344,Scientific Reports [omid:br/0616055349 issn:2045-2322 openalex:S196734849],omid:br/06101405447,Carbon [omid:br/0619036539 issn:0008-6223 openalex:S188605413],2023-09-24,False,True,Incoming,['20452322'],['00086223'],Multidisciplinary,Multidisciplinary (Q1),R|Q,Medicine | Science,Chemistry; Materials Science,Chemistry (miscellaneous) (Q1); Materials Science (miscellaneous) (Q1),,
oci:061501729743-06501745412,omid:br/061501729743,The Astrophysical Journal [omid:br/064040542 issn:0004-637X issn:1538-4357 openalex:S1980519],omid:br/06501745412,The Astrophysical Journal [omid:br/064040542 issn:0004-637X issn:1538-4357 openalex:S1980519],2021-03-01,True,False,Outgoing,"['0004637X', '15384357']","['0004637X', '15384357']",Earth and Planetary Sciences; Physics and Astronomy,Astronomy and Astrophysics (Q1); Space and Planetary Science (Q1),QB460-466,Science: Astronomy: Astrophysics,Earth and Planetary Sciences; Physics and Astronomy,Astronomy and Astrophysics (Q1); Space and Planetary Science (Q1),QB460-466,Science: Astronomy: Astrophysics
oci:061103499283-06190625296,omid:br/061103499283,Icarus [omid:br/0611046261 issn:0019-1035 openalex:S172501725],omid:br/06190625296,Monthly Notices Of The Royal Astronomical Society [omid:br/067041753 doi:10.1111/(issn)1365-2966 issn:0035-8711 issn:1365-2966 openalex:S195663288],2023-03,False,True,Incoming,['00191035'],"['13652966', '00358711', '13652966']",Earth and Planetary Sciences; Physics and Astronomy,Astronomy and Astrophysics (Q1); Space and Planetary Science (Q2),,,Earth and Planetary Sciences; Physics and Astronomy,Astronomy and Astrophysics (Q1); Space and Planetary Science (Q1),QB1-991,Science: Astronomy
oci:06701664580-061502837984,omid:br/06701664580,The European Physical Journal B [omid:br/0612035490 issn:0340-224X issn:0722-3277 issn:1431-584X issn:1434-6028 issn:1434-6036],omid:br/061502837984,Physica A: Statistical Mechanics And Its Applications [omid:br/067058972 issn:0378-4371 openalex:S24688465],2015-02,True,False,Outgoing,"['0340224X', '07223277', '1431584X', '14346028', '14346036']",['03784371'],Materials Science; Physics and Astronomy,"Condensed Matter Physics (Q3); Electronic, Optical and Magnetic Materials (Q3)",,,Mathematics; Physics and Astronomy,Condensed Matter Physics (Q2); Statistical and Nonlinear Physics (Q2); Statistics and Probability (Q2),,
oci:06350435821-062601749988,omid:br/06350435821,Nature Astronomy [omid:br/0619046491 issn:2397-3366 openalex:S2764494557],omid:br/062601749988,Publications Of The Astronomical Society Of The Pacific [omid:br/063038054 issn:0004-6280 issn:1538-3873 openalex:S82835231],2024-09-16,True,False,Outgoing,['23973366'],"['00046280', '15383873']",Physics and Astronomy,Astronomy and Astrophysics (Q1),,,Earth and Planetary Sciences; Physics and Astronomy,Astronomy and Astrophysics (Q1); Space and Planetary Science (Q1),,
oci:06120491920-061303486939,omid:br/06120491920,Physiological Reviews [omid:br/0626018303 issn:0031-9333 issn:1522-1210 openalex:S203035050],omid:br/061303486939,Science [omid:br/0619015403 doi:10.1126/science issn:0036-8075 issn:1095-9203 openalex:S3880285],2004-01,False,True,Incoming,"['00319333', '15221210']","['00368075', '10959203']","Biochemistry, Genetics and Molecular Biology; Medicine",Medicine (miscellaneous) (Q1); Molecular Biology (Q1); Physiology (Q1); Physiology (medical) (Q1),,,Arts and Humanities; Multidisciplinary,History and Philosophy of Science (Q1); Multidisciplinary (Q1),,
oci:0660853152-06170197090,omid:br/0660853152,Journal Of Chromatography B [omid:br/068019980 issn:1570-0232 openalex:S103248676],omid:br/06170197090,Chemical Research In Toxicology [omid:br/062402853 issn:0893-228X issn:1520-5010 openalex:S152840809],2021-05,False,True,Incoming,['15700232'],"['0893228X', '15205010']","Biochemistry, Genetics and Molecular Biology; Chemistry; Medicine",Analytical Chemistry (Q2); Biochemistry (Q3); Clinical Biochemistry (Q3); Medicine (miscellaneous) (Q3); Cell Biology (Q4),,,"Medicine; Pharmacology, Toxicology and Pharmaceutics",Medicine (miscellaneous) (Q1); Toxicology (Q1),,
oci:06101350225-06110493469,omid:br/06101350225,Physical Review A [omid:br/061032719 issn:1050-2947 issn:1094-1622 openalex:S164566984],omid:br/06110493469,Science [omid:br/0619015403 doi:10.1126/science issn:0036-8075 issn:1095-9203 openalex:S3880285],2013-04-12,False,True,Incoming,"['10502947', '10941622']","['00368075', '10959203']",,,,,Arts and Humanities; Multidisciplinary,History and Philosophy of Science (Q1); Multidisciplinary (Q1),,
oci:061101938925-06230672565,omid:br/061101938925,Neuroscience [omid:br/0616046686 issn:0306-4522 openalex:S30122339],omid:br/06230672565,Journal Of Neuroscience Research [omid:br/065013372 doi:10.1002/(issn)1097-4547 issn:0360-4012 issn:1097-4547 openalex:S76417895],2014-11,False,True,Incoming,['03064522'],"['10974547', '03604012', '10974547']",Neuroscience,Neuroscience (miscellaneous) (Q2),,,Neuroscience,Cellular and Molecular Neuroscience (Q2),,
oci:061701729785-062201719711,omid:br/061701729785,Astronomy & Astrophysics [omid:br/064040455 issn:0004-6361 issn:1432-0746 openalex:S205231332],omid:br/062201719711,The Astrophysical Journal [omid:br/064040542 issn:0004-637X issn:1538-4357 openalex:S1980519],2019-02,True,False,Outgoing,"['00046361', '14320746']","['0004637X', '15384357']",Earth and Planetary Sciences; Physics and Astronomy,Astronomy and Astrophysics (Q1); Space and Planetary Science (Q1),QB1-991,Science: Astronomy,Earth and Planetary Sciences; Physics and Astronomy,Astronomy and Astrophysics (Q1); Space and Planetary Science (Q1),QB460-466,Science: Astronomy: Astrophysics
oci:061102263700-061601111536,omid:br/061102263700,Clinical Cancer Research [omid:br/0626057150 issn:1078-0432 issn:1557-3265 openalex:S183149254],omid:br/061601111536,The Journal Of Thoracic And Cardiovascular Surgery [omid:br/0616030043 issn:0022-5223 openalex:S127437062],2005-09-15,True,False,Outgoing,"['10780432', '15573265']",['00225223'],"Biochemistry, Genetics and Molecular Biology; Medicine",Cancer Research (Q1); Oncology (Q1),,,Medicine,Cardiology and Cardiovascular Medicine (Q1); Pulmonary and Respiratory Medicine (Q1); Surgery (Q1),,
oci:0690573334-06402455035,omid:br/0690573334,Physical Review D [omid:br/062509685 issn:2470-0010 issn:2470-0029 openalex:S4210238307],omid:br/06402455035,Physical Review Letters [omid:br/063044243 issn:0031-9007 issn:1079-7114 openalex:S24807848],2020-11-12,True,False,Outgoing,"['24700010', '24700029']","['00319007', '10797114']",Physics and Astronomy,Nuclear and High Energy Physics (Q1); Physics and Astronomy (miscellaneous) (Q1),,,Physics and Astronomy,Physics and Astronomy (miscellaneous) (Q1),,
oci:0606171473-061601525518,omid:br/0606171473,GeroScience [omid:br/0606172996 issn:2509-2723],omid:br/061601525518,Plos One [omid:br/068038897 issn:1932-6203 openalex:S202381698],2024-12-30,False,True,Incoming,['25092723'],['19326203'],"Biochemistry, Genetics and Molecular Biology; Medicine; Veterinary",Aging (Q1); Cardiology and Cardiovascular Medicine (Q1); Complementary and Alternative Medicine (Q1); Geriatrics and Gerontology (Q1); Veterinary (miscellaneous) (Q1),,,Multidisciplinary,Multidisciplinary (Q1),R|Q,Medicine | Science
oci:06901804475-06401831388,omid:br/06901804475,Physical Review B [omid:br/0619043761 issn:2469-9950 issn:2469-9969 openalex:S4210237713],omid:br/06401831388,New Journal Of Physics [omid:br/0626048721 issn:1367-2630 openalex:S148121101],2017-11-09,False,True,Incoming,"['24699950', '24699969']",['13672630'],Materials Science; Physics and Astronomy,"Condensed Matter Physics (Q1); Electronic, Optical and Magnetic Materials (Q1)",,,Physics and Astronomy,Physics and Astronomy (miscellaneous) (Q1),Q|QC1-999,Science: Physics
oci:061301718946-06170620538,omid:br/061301718946,Astronomy & Astrophysics [omid:br/064040455 issn:0004-6361 issn:1432-0746 openalex:S205231332],omid:br/06170620538,Monthly Notices Of The Royal Astronomical Society: Letters [omid:br/0616012575 issn:1745-3925 issn:1745-3933 openalex:S2734515570],2021-02,True,True,Internal,"['00046361', '14320746']","['17453925', '17453933']",Earth and Planetary Sciences; Physics and Astronomy,Astronomy and Astrophysics (Q1); Space and Planetary Science (Q1),QB1-991,Science: Astronomy,Earth and Planetary Sciences; Physics and Astronomy,Astronomy and Astrophysics (Q1); Space and Planetary Science (Q1),,
oci:061501070477-061603498642,omid:br/061501070477,New Journal Of Chemistry [omid:br/064026257 issn:1144-0546 issn:1369-9261 openalex:S36793815],omid:br/061603498642,The Journal Of Chemical Physics [omid:br/067037880 issn:0021-9606 issn:1089-7690 openalex:S77047749],2007,False,True,Incoming,"['11440546', '13699261']","['00219606', '10897690']",Chemical Engineering; Chemistry; Materials Science,Chemistry (miscellaneous) (Q2); Materials Chemistry (Q2); Catalysis (Q3),,,Chemistry; Medicine; Physics and Astronomy,Physical and Theoretical Chemistry (Q1); Physics and Astronomy (miscellaneous) (Q1); Medicine (miscellaneous) (Q2),,
oci:06301832962-061202053495,omid:br/06301832962,Journal Of High Energy Physics [omid:br/062038872 issn:1029-8479 issn:1126-6708 openalex:S187585107],omid:br/061202053495,Physical Review Letters [omid:br/063044243 issn:0031-9007 issn:1079-7114 openalex:S24807848],2016-08,True,True,Internal,"['10298479', '11266708']","['00319007', '10797114']",Physics and Astronomy,Nuclear and High Energy Physics (Q2),QC770-798,Science: Physics: Nuclear and particle physics. Atomic energy. Radioactivity,Physics and Astronomy,Physics and Astronomy (miscellaneous) (Q1),,
oci:06502232358-06501232865,omid:br/06502232358,Experimental Gerontology [omid:br/0619045090 issn:0531-5565 openalex:S122591147],omid:br/06501232865,Behaviour [omid:br/0618029949 issn:0005-7959 issn:1568-539X openalex:S158656174],2007-01,True,False,Outgoing,['05315565'],"['00057959', '1568539X']","Biochemistry, Genetics and Molecular Biology",Biochemistry (Q1); Genetics (Q1); Aging (Q2); Cell Biology (Q2); Endocrinology (Q2); Molecular Biology (Q2),,,Agricultural and Biological Sciences; Neuroscience,Animal Science and Zoology (Q2); Behavioral Neuroscience (Q4),,
oci:0680809429-0670950757,omid:br/0680809429,Research In The Mathematical Sciences [omid:br/0680809976 issn:2197-9847 issn:2522-0144 openalex:S2737856571],omid:br/0670950757,"Proceedings Of The Royal Society A: Mathematical, Physical And Engineering Sciences [omid:br/0614019314 doi:10.1098/rspa issn:1364-5021 issn:1471-2946 openalex:S3006183880]",2018-11-09,False,True,Incoming,"['21979847', '25220144']","['13645021', '14712946']",Mathematics,Applied Mathematics (Q2); Computational Mathematics (Q2); Mathematics (miscellaneous) (Q2); Theoretical Computer Science (Q2),,,Engineering; Mathematics; Physics and Astronomy,Engineering (miscellaneous) (Q1); Mathematics (miscellaneous) (Q1); Physics and Astronomy (miscellaneous) (Q1),,
oci:06101690418-061402042025,omid:br/06101690418,Zeitschrift Für Physik C Particles And Fields [omid:br/0612035595 issn:0170-9739 issn:1431-5858 issn:1434-6044 issn:1434-6052],omid:br/061402042025,Physical Review Letters [omid:br/063044243 issn:0031-9007 issn:1079-7114 openalex:S24807848],2021-03,True,True,Internal,"['01709739', '14315858', '14346044', '14346052']","['00319007', '10797114']",Engineering; Physics and Astronomy,Engineering (miscellaneous) (Q1); Physics and Astronomy (miscellaneous) (Q1),QB460-466|QC770-798,Science: Astronomy: Astrophysics | Science: Physics: Nuclear and particle physics. Atomic energy. Radioactivity,Physics and Astronomy,Physics and Astronomy (miscellaneous) (Q1),,
oci:06701356829-062403052572,omid:br/06701356829,FEBS Letters [omid:br/068035745 issn:0014-5793 issn:1873-3468 openalex:S104830714],omid:br/062403052572,Proceedings Of The National Academy Of Sciences [omid:br/0621062545 doi:10.1073/pnas issn:0027-8424 issn:1091-6490 openalex:S125754415],2002-02-01,True,False,Outgoing,"['00145793', '18733468']","['00278424', '10916490']","Biochemistry, Genetics and Molecular Biology",Biochemistry (Q1); Biophysics (Q1); Cell Biology (Q2); Genetics (Q2); Molecular Biology (Q2); Structural Biology (Q2),,,Multidisciplinary,Multidisciplinary (Q1),,
oci:06702399086-061302029807,omid:br/06702399086,Journal Of Chemical Theory And Computation [omid:br/0619047782 issn:1549-9618 issn:1549-9626 openalex:S189701308],omid:br/061302029807,Journal Of Chemical Theory And Computation [omid:br/0619047782 issn:1549-9618 issn:1549-9626 openalex:S189701308],2018-01-31,True,False,Outgoing,"['15499618', '15499626']","['15499618', '15499626']",Chemistry; Computer Science,Computer Science Applications (Q1); Physical and Theoretical Chemistry (Q1),,,Chemistry; Computer Science,Computer Science Applications (Q1); Physical and Theoretical Chemistry (Q1),,
oci:06160121029-062101644599,omid:br/06160121029,Chemical Physics Letters [omid:br/062302564 issn:0009-2614 openalex:S44567922],omid:br/062101644599,The Journal Of Chemical Physics [omid:br/067037880 issn:0021-9606 issn:1089-7690 openalex:S77047749],2004-03,False,True,Incoming,['00092614'],"['00219606', '10897690']",Chemistry; Physics and Astronomy,Physical and Theoretical Chemistry (Q2); Physics and Astronomy (miscellaneous) (Q2),,,Chemistry; Medicine; Physics and Astronomy,Physical and Theoretical Chemistry (Q1); Physics and Astronomy (miscellaneous) (Q1); Medicine (miscellaneous) (Q2),,
oci:0660335453-061602709053,omid:br/0660335453,Bioconjugate Chemistry [omid:br/061805889 issn:1043-1802 issn:1520-4812 openalex:S155115410],omid:br/061602709053,Biochemical And Biophysical Research Communications [omid:br/0624052985 issn:0006-291X issn:1090-2104 openalex:S151589183],2013-10-25,True,False,Outgoing,"['10431802', '15204812']","['0006291X', '10902104']","Biochemistry, Genetics and Molecular Biology; Chemical Engineering; Chemistry; Engineering; Pharmacology, Toxicology and Pharmaceutics",Organic Chemistry (Q1); Pharmaceutical Science (Q1); Bioengineering (Q2); Biomedical Engineering (Q2); Biotechnology (Q2); Pharmacology (Q2),,,"Biochemistry, Genetics and Molecular Biology",Biochemistry (Q2); Biophysics (Q2); Cell Biology (Q3); Molecular Biology (Q3),,
oci:06101690045-06401687990,omid:br/06101690045,Zeitschrift Für Physik C Particles And Fields [omid:br/0612035595 issn:0170-9739 issn:1431-5858 issn:1434-6044 issn:1434-6052],omid:br/06401687990,Zeitschrift Für Physik C Particles And Fields [omid:br/0612035595 issn:0170-9739 issn:1431-5858 issn:1434-6044 issn:1434-6052],2021-07,True,True,Internal,"['01709739', '14315858', '14346044', '14346052']","['01709739', '14315858', '14346044', '14346052']",Engineering; Physics and Astronomy,Engineering (miscellaneous) (Q1); Physics and Astronomy (miscellaneous) (Q1),QB460-466|QC770-798,Science: Astronomy: Astrophysics | Science: Physics: Nuclear and particle physics. Atomic energy. Radioactivity,Engineering; Physics and Astronomy,Engineering (miscellaneous) (Q1); Physics and Astronomy (miscellaneous) (Q1),QB460-466|QC770-798,Science: Astronomy: Astrophysics | Science: Physics: Nuclear and particle physics. Atomic energy. Radioactivity
oci:062503120465-06201435608,omid:br/062503120465,Progress In Particle And Nuclear Physics [omid:br/068066105 issn:0146-6410 issn:1873-2224 openalex:S37308595],omid:br/06201435608,Physical Review D [omid:br/066033919 issn:1550-2368 issn:1550-7998 openalex:S4210210554],2017-07,False,True,Incoming,"['01466410', '18732224']","['15502368', '15507998']",Physics and Astronomy,Nuclear and High Energy Physics (Q1),,,,,,
oci:06501029206-06230359633,omid:br/06501029206,Genome Biology [omid:br/0603903812 issn:1465-6906 issn:1474-7596 issn:1474-760X openalex:S4210206758],omid:br/06230359633,Nature [omid:br/0626016512 issn:0028-0836 issn:1465-7392 issn:1476-4679 issn:1476-4687 issn:1744-7933],2009,True,False,Outgoing,"['14656906', '14747596', '1474760X']","['00280836', '14657392', '14764679', '14764687', '17447933']","Agricultural and Biological Sciences; Biochemistry, Genetics and Molecular Biology","Cell Biology (Q1); Ecology, Evolution, Behavior and Systematics (Q1); Genetics (Q1)",QH301-705.5|QH426-470,Science: Biology (General): Genetics,Multidisciplinary,Multidisciplinary (Q1),,
oci:061301627218-06190125142,omid:br/061301627218,ChemistryOpen [omid:br/062035941 issn:2191-1363 openalex:S2488117985],omid:br/06190125142,Chemical Physics Letters [omid:br/062302564 issn:0009-2614 openalex:S44567922],2018-08,False,True,Incoming,['21911363'],['00092614'],Chemistry,Chemistry (miscellaneous) (Q2),QD1-999,Science: Chemistry,Chemistry; Physics and Astronomy,Physical and Theoretical Chemistry (Q2); Physics and Astronomy (miscellaneous) (Q2),,
oci:061201520324-061601152280,omid:br/061201520324,Plos One [omid:br/068038897 issn:1932-6203 openalex:S202381698],omid:br/061601152280,Journal Of Molecular Neuroscience [omid:br/066027009 issn:0895-8696 issn:1559-1166 openalex:S133939727],2012-05-30,True,False,Outgoing,['19326203'],"['08958696', '15591166']",Multidisciplinary,Multidisciplinary (Q1),R|Q,Medicine | Science,Medicine; Neuroscience,Medicine (miscellaneous) (Q2); Cellular and Molecular Neuroscience (Q3),,
oci:0690219590-061702622356,omid:br/0690219590,Kagaku Tetsugaku [omid:br/06801499211 issn:0289-3428 issn:1883-6461],omid:br/061702622356,Scientific Reports [omid:br/0616055349 issn:2045-2322 openalex:S196734849],2021-05,False,True,Incoming,"['02893428', '18836461']",['20452322'],,,,,Multidisciplinary,Multidisciplinary (Q1),R|Q,Medicine | Science
oci:06240974947-06120706111,omid:br/06240974947,Analytical Chemistry [omid:br/065021405 issn:0003-2700 issn:1520-6882 openalex:S191963794],omid:br/06120706111,Tetrahedron [omid:br/0626023199 issn:0040-4020 openalex:S205754296],2002-12-21,True,False,Outgoing,"['00032700', '15206882']",['00404020'],Chemistry,Analytical Chemistry (Q1),,,"Biochemistry, Genetics and Molecular Biology; Chemistry; Pharmacology, Toxicology and Pharmaceutics",Biochemistry (Q3); Drug Discovery (Q3); Organic Chemistry (Q3),,
oci:062201420170-06130393486,omid:br/062201420170,Physical Review D [omid:br/066033919 issn:1550-2368 issn:1550-7998 openalex:S4210210554],omid:br/06130393486,"Nuclear Instruments And Methods In Physics Research Section A: Accelerators, Spectrometers, Detectors And Associated Equipment [omid:br/069011716 issn:0168-9002 openalex:S145630073]",2007-08-20,True,False,Outgoing,"['15502368', '15507998']",['01689002'],,,,,Physics and Astronomy,Instrumentation (Q2); Nuclear and High Energy Physics (Q2),,
oci:061102045790-06120406167,omid:br/061102045790,Journal Of Chemical Theory And Computation [omid:br/0619047782 issn:1549-9618 issn:1549-9626 openalex:S189701308],omid:br/06120406167,International Journal Of Quantum Chemistry [omid:br/061507360 doi:10.1002/(issn)1097-461x issn:0020-7608 issn:1097-461X openalex:S167203149],2013-12-26,True,False,Outgoing,"['15499618', '15499626']","['00207608', '1097461X']",Chemistry; Computer Science,Computer Science Applications (Q1); Physical and Theoretical Chemistry (Q1),,,Chemistry; Physics and Astronomy,"Atomic and Molecular Physics, and Optics (Q3); Condensed Matter Physics (Q3); Physical and Theoretical Chemistry (Q3)",,
oci:061503467847-061602075728,omid:br/061503467847,Physical Review A [omid:br/0619043744 issn:2469-9926 issn:2469-9934 openalex:S4210182288],omid:br/061602075728,Physical Review Letters [omid:br/063044243 issn:0031-9007 issn:1079-7114 openalex:S24807848],2022-08-26,False,True,Incoming,"['24699926', '24699934']","['00319007', '10797114']",Physics and Astronomy,"Atomic and Molecular Physics, and Optics (Q1)",,,Physics and Astronomy,Physics and Astronomy (miscellaneous) (Q1),,
oci:06230405031-061902058276,omid:br/06230405031,"Nuclear Instruments And Methods In Physics Research Section A: Accelerators, Spectrometers, Detectors And Associated Equipment [omid:br/069011716 issn:0168-9002 openalex:S145630073]",omid:br/061902058276,Physical Review Letters [omid:br/063044243 issn:0031-9007 issn:1079-7114 openalex:S24807848],2013-11,False,True,Incoming,['01689002'],"['00319007', '10797114']",Physics and Astronomy,Instrumentation (Q2); Nuclear and High Energy Physics (Q2),,,Physics and Astronomy,Physics and Astronomy (miscellaneous) (Q1),,
oci:0618096502-06150411789,omid:br/0618096502,Future Neurology [omid:br/0618098057 issn:1479-6708 issn:1748-6971 openalex:S99603113],omid:br/06150411789,Mediators Of Inflammation [omid:br/061708487 doi:10.1155/4792 issn:0962-9351 issn:1466-1861 openalex:S107442880],2015-11,False,True,Incoming,"['14796708', '17486971']","['09629351', '14661861']",Medicine; Neuroscience,Neurology (Q4); Neurology (clinical) (Q4),,,"Biochemistry, Genetics and Molecular Biology; Immunology and Microbiology",Cell Biology (Q2); Immunology (Q2),RB1-214,Medicine: Pathology
oci:06401849888-06402836762,omid:br/06401849888,Journal Of High Energy Physics [omid:br/062038872 issn:1029-8479 issn:1126-6708 openalex:S187585107],omid:br/06402836762,Physics Letters B [omid:br/0626059839 issn:0370-2693 openalex:S173952182],2012-07,False,True,Incoming,"['10298479', '11266708']",['03702693'],Physics and Astronomy,Nuclear and High Energy Physics (Q2),QC770-798,Science: Physics: Nuclear and particle physics. Atomic energy. Radioactivity,Physics and Astronomy,Nuclear and High Energy Physics (Q1),QC1-999,Science: Physics
oci:062301920136-061603507612,omid:br/062301920136,Modern Physics Letters B [omid:br/0614042712 issn:0217-9849 issn:1793-6640 openalex:S88537382],omid:br/061603507612,Physical Review Letters [omid:br/063044243 issn:0031-9007 issn:1079-7114 openalex:S24807848],2003-08-10,True,False,Outgoing,"['02179849', '17936640']","['00319007', '10797114']",Physics and Astronomy,Condensed Matter Physics (Q3); Statistical and Nonlinear Physics (Q3),,,Physics and Astronomy,Physics and Astronomy (miscellaneous) (Q1),,
oci:0610574913-06201834760,omid:br/0610574913,Physical Review C [omid:br/062509678 issn:2469-9985 issn:2469-9993 openalex:S118093565],omid:br/06201834760,Journal Of High Energy Physics [omid:br/062038872 issn:1029-8479 issn:1126-6708 openalex:S187585107],2017-11-03,False,True,Incoming,"['24699985', '24699993']","['10298479', '11266708']",Physics and Astronomy,Nuclear and High Energy Physics (Q1),,,Physics and Astronomy,Nuclear and High Energy Physics (Q2),QC770-798,Science: Physics: Nuclear and particle physics. Atomic energy. Radioactivity
oci:06190667058-06602830982,omid:br/06190667058,Chinese Physics C [omid:br/064014073 issn:1674-1137 issn:2058-6132 openalex:S959143335],omid:br/06602830982,Physics Letters B [omid:br/0626059839 issn:0370-2693 openalex:S173952182],2020-12-01,False,True,Incoming,"['16741137', '20586132']",['03702693'],Physics and Astronomy,Instrumentation (Q1); Astronomy and Astrophysics (Q2); Nuclear and High Energy Physics (Q2),,,Physics and Astronomy,Nuclear and High Energy Physics (Q1),QC1-999,Science: Physics
oci:06360179717-061702622356,omid:br/06360179717,Physical Chemistry Chemical Physics [omid:br/064010713 issn:1463-9076 issn:1463-9084 openalex:S181332294],omid:br/061702622356,Scientific Reports [omid:br/0616055349 issn:2045-2322 openalex:S196734849],2023,False,True,Incoming,"['14639076', '14639084']",['20452322'],Chemistry; Physics and Astronomy,Physical and Theoretical Chemistry (Q2); Physics and Astronomy (miscellaneous) (Q2),,,Multidisciplinary,Multidisciplinary (Q1),R|Q,Medicine | Science
oci:0610443836-061603498642,omid:br/0610443836,Dalton Transactions [omid:br/0626015475 issn:1477-9226 issn:1477-9234 openalex:S166159787],omid:br/061603498642,The Journal Of Chemical Physics [omid:br/067037880 issn:0021-9606 issn:1089-7690 openalex:S77047749],2014,False,True,Incoming,"['14779226', '14779234']","['00219606', '10897690']",Chemistry,Inorganic Chemistry (Q2),,,Chemistry; Medicine; Physics and Astronomy,Physical and Theoretical Chemistry (Q1); Physics and Astronomy (miscellaneous) (Q1); Medicine (miscellaneous) (Q2),,
oci:061801425647-061602075445,omid:br/061801425647,Physical Review D [omid:br/066033919 issn:1550-2368 issn:1550-7998 openalex:S4210210554],omid:br/061602075445,Physical Review Letters [omid:br/063044243 issn:0031-9007 issn:1079-7114 openalex:S24807848],2008-08-21,True,True,Internal,"['15502368', '15507998']","['00319007', '10797114']",,,,,Physics and Astronomy,Physics and Astronomy (miscellaneous) (Q1),,
oci:06902022712-061501331004,omid:br/06902022712,Quantum [omid:br/06902023209 doi:10.22331/q issn:2521-327X openalex:S4210226432],omid:br/061501331004,Physical Review A [omid:br/061032719 issn:1050-2947 issn:1094-1622 openalex:S164566984],2021-07-15,True,False,Outgoing,['2521327X'],"['10502947', '10941622']",Physics and Astronomy,"Atomic and Molecular Physics, and Optics (Q1); Physics and Astronomy (miscellaneous) (Q1)",QC1-999,Science: Physics,,,,
oci:06601660250-061201648488,omid:br/06601660250,The Journal Of Chemical Physics [omid:br/067037880 issn:0021-9606 issn:1089-7690 openalex:S77047749],omid:br/061201648488,The Journal Of Chemical Physics [omid:br/067037880 issn:0021-9606 issn:1089-7690 openalex:S77047749],2020-07-14,False,True,Incoming,"['00219606', '10897690']","['00219606', '10897690']",Chemistry; Medicine; Physics and Astronomy,Physical and Theoretical Chemistry (Q1); Physics and Astronomy (miscellaneous) (Q1); Medicine (miscellaneous) (Q2),,,Chemistry; Medicine; Physics and Astronomy,Physical and Theoretical Chemistry (Q1); Physics and Astronomy (miscellaneous) (Q1); Medicine (miscellaneous) (Q2),,
oci:061301719728-06180622619,omid:br/061301719728,Astronomy & Astrophysics [omid:br/064040455 issn:0004-6361 issn:1432-0746 openalex:S205231332],omid:br/06180622619,Monthly Notices Of The Royal Astronomical Society: Letters [omid:br/0616012575 issn:1745-3925 issn:1745-3933 openalex:S2734515570],2020-09,False,True,Incoming,"['00046361', '14320746']","['17453925', '17453933']",Earth and Planetary Sciences; Physics and Astronomy,Astronomy and Astrophysics (Q1); Space and Planetary Science (Q1),QB1-991,Science: Astronomy,Earth and Planetary Sciences; Physics and Astronomy,Astronomy and Astrophysics (Q1); Space and Planetary Science (Q1),,
oci:06204837583-06470122861,omid:br/06204837583,Monthly Notices Of The Royal Astronomical Society [omid:br/067041753 doi:10.1111/(issn)1365-2966 issn:0035-8711 issn:1365-2966 openalex:S195663288],omid:br/06470122861,Astronomy & Astrophysics [omid:br/064040455 issn:0004-6361 issn:1432-0746 openalex:S205231332],2024-10-24,True,True,Internal,"['13652966', '00358711', '13652966']","['00046361', '14320746']",Earth and Planetary Sciences; Physics and Astronomy,Astronomy and Astrophysics (Q1); Space and Planetary Science (Q1),QB1-991,Science: Astronomy,Earth and Planetary Sciences; Physics and Astronomy,Astronomy and Astrophysics (Q1); Space and Planetary Science (Q1),QB1-991,Science: Astronomy
oci:06270506252-062301730350,omid:br/06270506252,Journal Of High Energy Physics [omid:br/062038872 issn:1029-8479 issn:1126-6708 openalex:S187585107],omid:br/062301730350,Physical Review D [omid:br/067039535 issn:0556-2821 issn:1089-4918 openalex:S4210190737],2024-05-29,True,False,Outgoing,"['10298479', '11266708']","['05562821', '10894918']",Physics and Astronomy,Nuclear and High Energy Physics (Q2),QC770-798,Science: Physics: Nuclear and particle physics. Atomic energy. Radioactivity,,,,
oci:0630569911-061102071278,omid:br/0630569911,Physical Review D [omid:br/062509685 issn:2470-0010 issn:2470-0029 openalex:S4210238307],omid:br/061102071278,Physical Review Letters [omid:br/063044243 issn:0031-9007 issn:1079-7114 openalex:S24807848],2022-07-15,False,True,Incoming,"['24700010', '24700029']","['00319007', '10797114']",Physics and Astronomy,Nuclear and High Energy Physics (Q1); Physics and Astronomy (miscellaneous) (Q1),,,Physics and Astronomy,Physics and Astronomy (miscellaneous) (Q1),,
oci:061902619923-062103049455,omid:br/061902619923,Scientific Reports [omid:br/0616055349 issn:2045-2322 openalex:S196734849],omid:br/062103049455,Proceedings Of The National Academy Of Sciences [omid:br/0621062545 doi:10.1073/pnas issn:0027-8424 issn:1091-6490 openalex:S125754415],2017-10-06,True,False,Outgoing,['20452322'],"['00278424', '10916490']",Multidisciplinary,Multidisciplinary (Q1),R|Q,Medicine | Science,Multidisciplinary,Multidisciplinary (Q1),,
oci:0630180997-062601110189,omid:br/0630180997,Frontiers In Molecular Biosciences [omid:br/062102755 issn:2296-889X openalex:S2595797843],omid:br/062601110189,The FEBS Journal [omid:br/0613023051 issn:1742-464X issn:1742-4658 openalex:S37672443],2022-02-14,True,False,Outgoing,['2296889X'],"['1742464X', '17424658']","Biochemistry, Genetics and Molecular Biology","Biochemistry (Q1); Biochemistry, Genetics and Molecular Biology (miscellaneous) (Q1); Molecular Biology (Q2)",QH301-705.5,Science: Biology (General),"Biochemistry, Genetics and Molecular Biology",Biochemistry (Q1); Cell Biology (Q1); Molecular Biology (Q1),,
oci:06801834416-06201835745,omid:br/06801834416,Journal Of High Energy Physics [omid:br/062038872 issn:1029-8479 issn:1126-6708 openalex:S187585107],omid:br/06201835745,Journal Of High Energy Physics [omid:br/062038872 issn:1029-8479 issn:1126-6708 openalex:S187585107],2010-01,False,True,Incoming,"['10298479', '11266708']","['10298479', '11266708']",Physics and Astronomy,Nuclear and High Energy Physics (Q2),QC770-798,Science: Physics: Nuclear and particle physics. Atomic energy. Radioactivity,Physics and Astronomy,Nuclear and High Energy Physics (Q2),QC770-798,Science: Physics: Nuclear and particle physics. Atomic energy. Radioactivity
oci:061501781937-06102455557,omid:br/061501781937,Physical Review A [omid:br/0619043744 issn:2469-9926 issn:2469-9934 openalex:S4210182288],omid:br/06102455557,Physical Review Letters [omid:br/063044243 issn:0031-9007 issn:1079-7114 openalex:S24807848],2020-11-16,False,True,Incoming,"['24699926', '24699934']","['00319007', '10797114']",Physics and Astronomy,"Atomic and Molecular Physics, and Optics (Q1)",,,Physics and Astronomy,Physics and Astronomy (miscellaneous) (Q1),,
oci:06302775364-061301651662,omid:br/06302775364,EPL (Europhysics Letters) [omid:br/068053019 issn:0295-5075 issn:1286-4854 openalex:S161185981],omid:br/061301651662,The Journal Of Chemical Physics [omid:br/067037880 issn:0021-9606 issn:1089-7690 openalex:S77047749],2007-02,True,False,Outgoing,"['02955075', '12864854']","['00219606', '10897690']",Physics and Astronomy,Physics and Astronomy (miscellaneous) (Q2),,,Chemistry; Medicine; Physics and Astronomy,Physical and Theoretical Chemistry (Q1); Physics and Astronomy (miscellaneous) (Q1); Medicine (miscellaneous) (Q2),,
oci:06501841342-06601836084,omid:br/06501841342,Journal Of High Energy Physics [omid:br/062038872 issn:1029-8479 issn:1126-6708 openalex:S187585107],omid:br/06601836084,Journal Of High Energy Physics [omid:br/062038872 issn:1029-8479 issn:1126-6708 openalex:S187585107],2022-07,True,False,Outgoing,"['10298479', '11266708']","['10298479', '11266708']",Physics and Astronomy,Nuclear and High Energy Physics (Q2),QC770-798,Science: Physics: Nuclear and particle physics. Atomic energy. Radioactivity,Physics and Astronomy,Nuclear and High Energy Physics (Q2),QC770-798,Science: Physics: Nuclear and particle physics. Atomic energy. Radioactivity
oci:06230194206-061602075814,omid:br/06230194206,Journal Of Physics A: Mathematical And Theoretical [omid:br/062202552 issn:1751-8113 issn:1751-8121 openalex:S79244937],omid:br/061602075814,Physical Review Letters [omid:br/063044243 issn:0031-9007 issn:1079-7114 openalex:S24807848],2010-08-26,True,False,Outgoing,"['17518113', '17518121']","['00319007', '10797114']",Mathematics; Physics and Astronomy,Mathematical Physics (Q2); Modeling and Simulation (Q2); Physics and Astronomy (miscellaneous) (Q2); Statistical and Nonlinear Physics (Q2); Statistics and Probability (Q2),,,Physics and Astronomy,Physics and Astronomy (miscellaneous) (Q1),,
oci:06130504947-062501648892,omid:br/06130504947,Physical Chemistry Chemical Physics [omid:br/064010713 issn:1463-9076 issn:1463-9084 openalex:S181332294],omid:br/062501648892,The Journal Of Chemical Physics [omid:br/067037880 issn:0021-9606 issn:1089-7690 openalex:S77047749],2013,False,True,Incoming,"['14639076', '14639084']","['00219606', '10897690']",Chemistry; Physics and Astronomy,Physical and Theoretical Chemistry (Q2); Physics and Astronomy (miscellaneous) (Q2),,,Chemistry; Medicine; Physics and Astronomy,Physical and Theoretical Chemistry (Q1); Physics and Astronomy (miscellaneous) (Q1); Medicine (miscellaneous) (Q2),,
oci:06201834090-061601608929,omid:br/06201834090,Journal Of High Energy Physics [omid:br/062038872 issn:1029-8479 issn:1126-6708 openalex:S187585107],omid:br/061601608929,Computer Physics Communications [omid:br/0615037347 issn:0010-4655 openalex:S142305363],2017-02,True,False,Outgoing,"['10298479', '11266708']",['00104655'],Physics and Astronomy,Nuclear and High Energy Physics (Q2),QC770-798,Science: Physics: Nuclear and particle physics. Atomic energy. Radioactivity,Computer Science; Physics and Astronomy,Hardware and Architecture (Q1); Physics and Astronomy (miscellaneous) (Q1),,
oci:06120237035-061901334118,omid:br/06120237035,Journal Of Mathematical Physics [omid:br/061604863 issn:0022-2488 issn:1089-7658 openalex:S158241587],omid:br/061901334118,Physical Review A [omid:br/061032719 issn:1050-2947 issn:1094-1622 openalex:S164566984],2019-11-01,True,False,Outgoing,"['00222488', '10897658']","['10502947', '10941622']",Mathematics; Physics and Astronomy,Mathematical Physics (Q2); Statistical and Nonlinear Physics (Q3),,,,,,
oci:06201832975-06210327711,omid:br/06201832975,Journal Of High Energy Physics [omid:br/062038872 issn:1029-8479 issn:1126-6708 openalex:S187585107],omid:br/06210327711,Classical And Quantum Gravity [omid:br/061606259 issn:0264-9381 issn:1361-6382 openalex:S171172751],2020-10,False,True,Incoming,"['10298479', '11266708']","['02649381', '13616382']",Physics and Astronomy,Nuclear and High Energy Physics (Q2),QC770-798,Science: Physics: Nuclear and particle physics. Atomic energy. Radioactivity,Physics and Astronomy,Physics and Astronomy (miscellaneous) (Q1),,
oci:06130560154-06601678006,omid:br/06130560154,Physical Review D [omid:br/062509685 issn:2470-0010 issn:2470-0029 openalex:S4210238307],omid:br/06601678006,Zeitschrift Für Physik C Particles And Fields [omid:br/0612035595 issn:0170-9739 issn:1431-5858 issn:1434-6044 issn:1434-6052],2020-01-21,True,False,Outgoing,"['24700010', '24700029']","['01709739', '14315858', '14346044', '14346052']",Physics and Astronomy,Nuclear and High Energy Physics (Q1); Physics and Astronomy (miscellaneous) (Q1),,,Engineering; Physics and Astronomy,Engineering (miscellaneous) (Q1); Physics and Astronomy (miscellaneous) (Q1),QB460-466|QC770-798,Science: Astronomy: Astrophysics | Science: Physics: Nuclear and particle physics. Atomic energy. Radioactivity
oci:061301807417-06302190973,omid:br/061301807417,Monthly Notices Of The Royal Astronomical Society [omid:br/067041753 doi:10.1111/(issn)1365-2966 issn:0035-8711 issn:1365-2966 openalex:S195663288],omid:br/06302190973,Monthly Notices Of The Royal Astronomical Society [omid:br/067041753 doi:10.1111/(issn)1365-2966 issn:0035-8711 issn:1365-2966 openalex:S195663288],2022-01-29,False,True,Incoming,"['13652966', '00358711', '13652966']","['13652966', '00358711', '13652966']",Earth and Planetary Sciences; Physics and Astronomy,Astronomy and Astrophysics (Q1); Space and Planetary Science (Q1),QB1-991,Science: Astronomy,Earth and Planetary Sciences; Physics and Astronomy,Astronomy and Astrophysics (Q1); Space and Planetary Science (Q1),QB1-991,Science: Astronomy
oci:06702848379-06401743443,omid:br/06702848379,Monthly Notices Of The Royal Astronomical Society [omid:br/067041753 doi:10.1111/(issn)1365-2966 issn:0035-8711 issn:1365-2966 openalex:S195663288],omid:br/06401743443,Astronomy & Astrophysics [omid:br/064040455 issn:0004-6361 issn:1432-0746 openalex:S205231332],2014-05-03,True,False,Outgoing,"['13652966', '00358711', '13652966']","['00046361', '14320746']",Earth and Planetary Sciences; Physics and Astronomy,Astronomy and Astrophysics (Q1); Space and Planetary Science (Q1),QB1-991,Science: Astronomy,Earth and Planetary Sciences; Physics and Astronomy,Astronomy and Astrophysics (Q1); Space and Planetary Science (Q1),QB1-991,Science: Astronomy
oci:061101659978-062401638863,omid:br/061101659978,The Journal Of Chemical Physics [omid:br/067037880 issn:0021-9606 issn:1089-7690 openalex:S77047749],omid:br/062401638863,The Journal Of Chemical Physics [omid:br/067037880 issn:0021-9606 issn:1089-7690 openalex:S77047749],2018-06-28,False,True,Incoming,"['00219606', '10897690']","['00219606', '10897690']",Chemistry; Medicine; Physics and Astronomy,Physical and Theoretical Chemistry (Q1); Physics and Astronomy (miscellaneous) (Q1); Medicine (miscellaneous) (Q2),,,Chemistry; Medicine; Physics and Astronomy,Physical and Theoretical Chemistry (Q1); Physics and Astronomy (miscellaneous) (Q1); Medicine (miscellaneous) (Q2),,
oci:06901690793-061103510477,omid:br/06901690793,Zeitschrift Für Physik C Particles And Fields [omid:br/0612035595 issn:0170-9739 issn:1431-5858 issn:1434-6044 issn:1434-6052],omid:br/061103510477,Physical Review Letters [omid:br/063044243 issn:0031-9007 issn:1079-7114 openalex:S24807848],2008-09,True,False,Outgoing,"['01709739', '14315858', '14346044', '14346052']","['00319007', '10797114']",Engineering; Physics and Astronomy,Engineering (miscellaneous) (Q1); Physics and Astronomy (miscellaneous) (Q1),QB460-466|QC770-798,Science: Astronomy: Astrophysics | Science: Physics: Nuclear and particle physics. Atomic energy. Radioactivity,Physics and Astronomy,Physics and Astronomy (miscellaneous) (Q1),,
oci:06801739286-06302833102,omid:br/06801739286,Physical Review C [omid:br/067039453 issn:0556-2813 issn:1089-490X openalex:S4210168441],omid:br/06302833102,Physics Letters B [omid:br/0626059839 issn:0370-2693 openalex:S173952182],2007-10-05,False,True,Incoming,"['05562813', '1089490X']",['03702693'],,,,,Physics and Astronomy,Nuclear and High Energy Physics (Q1),QC1-999,Science: Physics
oci:06402837488-06201436403,omid:br/06402837488,Physics Letters B [omid:br/0626059839 issn:0370-2693 openalex:S173952182],omid:br/06201436403,Physical Review D [omid:br/066033919 issn:1550-2368 issn:1550-7998 openalex:S4210210554],2011-10,False,True,Incoming,['03702693'],"['15502368', '15507998']",Physics and Astronomy,Nuclear and High Energy Physics (Q1),QC1-999,Science: Physics,,,,
oci:06701663912-061802057799,omid:br/06701663912,The European Physical Journal A [omid:br/0611040250 issn:0340-2193 issn:0930-1151 issn:0939-7922 issn:1431-5831 issn:1434-6001 issn:1434-601X],omid:br/061802057799,Physical Review Letters [omid:br/063044243 issn:0031-9007 issn:1079-7114 openalex:S24807848],2012-07,False,True,Incoming,"['03402193', '09301151', '09397922', '14315831', '14346001', '1434601X']","['00319007', '10797114']",Physics and Astronomy,Nuclear and High Energy Physics (Q1),,,Physics and Astronomy,Physics and Astronomy (miscellaneous) (Q1),,
oci:06340513782-06904030623,omid:br/06340513782,Physical Review D [omid:br/062509685 issn:2470-0010 issn:2470-0029 openalex:S4210238307],omid:br/06904030623,Physical Review Letters [omid:br/063044243 issn:0031-9007 issn:1079-7114 openalex:S24807848],2024-06-10,False,True,Incoming,"['24700010', '24700029']","['00319007', '10797114']",Physics and Astronomy,Nuclear and High Energy Physics (Q1); Physics and Astronomy (miscellaneous) (Q1),,,Physics and Astronomy,Physics and Astronomy (miscellaneous) (Q1),,
oci:06804357187-06702496293,omid:br/06804357187,ACM Transactions On Knowledge Discovery From Data [omid:br/0690311169 issn:1556-4681 issn:1556-472X openalex:S41523882],omid:br/06702496293,Journal Of The Association For Information Science And Technology [omid:br/0626055737 doi:10.1002/(issn)2330-1643 issn:2330-1635 issn:2330-1643 openalex:S4210197613],2023-09-06,True,True,Internal,"['15564681', '1556472X']","['23301643', '23301635', '23301643']",Computer Science,Computer Science (miscellaneous) (Q1),,,Computer Science; Decision Sciences; Social Sciences,Computer Networks and Communications (Q1); Information Systems (Q1); Information Systems and Management (Q1); Library and Information Sciences (Q1),,
oci:06902085095-06404322937,omid:br/06902085095,Physical Review Letters [omid:br/063044243 issn:0031-9007 issn:1079-7114 openalex:S24807848],omid:br/06404322937,Progress Of Theoretical And Experimental Physics [omid:br/0614035189 issn:2050-3911 openalex:S4210202364],2016-01-05,False,True,Incoming,"['00319007', '10797114']",['20503911'],Physics and Astronomy,Physics and Astronomy (miscellaneous) (Q1),,,Physics and Astronomy,Physics and Astronomy (miscellaneous) (Q1),QC1-999,Science: Physics
oci:06350517927-062304322957,omid:br/06350517927,Physical Review D [omid:br/062509685 issn:2470-0010 issn:2470-0029 openalex:S4210238307],omid:br/062304322957,Physical Review Letters [omid:br/063044243 issn:0031-9007 issn:1079-7114 openalex:S24807848],2024-09-23,False,True,Incoming,"['24700010', '24700029']","['00319007', '10797114']",Physics and Astronomy,Nuclear and High Energy Physics (Q1); Physics and Astronomy (miscellaneous) (Q1),,,Physics and Astronomy,Physics and Astronomy (miscellaneous) (Q1),,
oci:062104205453-061801842692,omid:br/062104205453,"SCIENTIA SINICA Physica, Mechanica & Astronomica [omid:br/06302443624 issn:1674-7275 openalex:S4210187434]",omid:br/061801842692,Nature Photonics [omid:br/0621041052 issn:1749-4885 issn:1749-4893 openalex:S120392215],2024,False,True,Incoming,['16747275'],"['17494885', '17494893']",Physics and Astronomy,Physics and Astronomy (miscellaneous) (Q4),,,Materials Science; Physics and Astronomy,"Atomic and Molecular Physics, and Optics (Q1); Electronic, Optical and Magnetic Materials (Q1)",,
oci:06110473594-0690146962,omid:br/06110473594,Quantitative Finance [omid:br/061108042 issn:1469-7688 issn:1469-7696 openalex:S182689569],omid:br/0690146962,Journal Of Financial Engineering [omid:br/0690147883 issn:2345-7686 issn:2382-5596 openalex:S4210222250],2017-07-21,True,False,Outgoing,"['14697688', '14697696']","['23457686', '23825596']","Economics, Econometrics and Finance","Economics, Econometrics and Finance (miscellaneous) (Q1); Finance (Q2)",,,,,,
oci:061504223505-061701730406,omid:br/061504223505,Astronomy & Astrophysics [omid:br/064040455 issn:0004-6361 issn:1432-0746 openalex:S205231332],omid:br/061701730406,Astronomy & Astrophysics [omid:br/064040455 issn:0004-6361 issn:1432-0746 openalex:S205231332],2024-09,False,True,Incoming,"['00046361', '14320746']","['00046361', '14320746']",Earth and Planetary Sciences; Physics and Astronomy,Astronomy and Astrophysics (Q1); Space and Planetary Science (Q1),QB1-991,Science: Astronomy,Earth and Planetary Sciences; Physics and Astronomy,Astronomy and Astrophysics (Q1); Space and Planetary Science (Q1),QB1-991,Science: Astronomy
oci:061303848396-06130705853,omid:br/061303848396,ACS Photonics [omid:br/0619043714 issn:2330-4022 openalex:S135184319],omid:br/06130705853,Nanoscale [omid:br/0626023148 doi:10.1039/2040-3372/2009 issn:2040-3364 issn:2040-3372 openalex:S23181512],2023-01-12,True,False,Outgoing,['23304022'],"['20403372', '20403364', '20403372']","Biochemistry, Genetics and Molecular Biology; Engineering; Materials Science; Physics and Astronomy","Atomic and Molecular Physics, and Optics (Q1); Biotechnology (Q1); Electrical and Electronic Engineering (Q1); Electronic, Optical and Magnetic Materials (Q1)",,,Materials Science,Materials Science (miscellaneous) (Q1); Nanoscience and Nanotechnology (Q2),,
oci:06302832061-06130393486,omid:br/06302832061,Physics Letters B [omid:br/0626059839 issn:0370-2693 openalex:S173952182],omid:br/06130393486,"Nuclear Instruments And Methods In Physics Research Section A: Accelerators, Spectrometers, Detectors And Associated Equipment [omid:br/069011716 issn:0168-9002 openalex:S145630073]",2013-01,True,False,Outgoing,['03702693'],['01689002'],Physics and Astronomy,Nuclear and High Energy Physics (Q1),QC1-999,Science: Physics,Physics and Astronomy,Instrumentation (Q2); Nuclear and High Energy Physics (Q2),,
oci:061201721728-06501747960,omid:br/061201721728,The Astrophysical Journal [omid:br/064040542 issn:0004-637X issn:1538-4357 openalex:S1980519],omid:br/06501747960,The Astrophysical Journal [omid:br/064040542 issn:0004-637X issn:1538-4357 openalex:S1980519],2022,False,True,Incoming,"['0004637X', '15384357']","['0004637X', '15384357']",Earth and Planetary Sciences; Physics and Astronomy,Astronomy and Astrophysics (Q1); Space and Planetary Science (Q1),QB460-466,Science: Astronomy: Astrophysics,Earth and Planetary Sciences; Physics and Astronomy,Astronomy and Astrophysics (Q1); Space and Planetary Science (Q1),QB460-466,Science: Astronomy: Astrophysics
oci:061201902958-06102225234,omid:br/061201902958,Manuscripta Mathematica [omid:br/0612039969 issn:0025-2611 issn:1432-1785 openalex:S40116370],omid:br/06102225234,American Journal Of Mathematics [omid:br/0614039670 issn:1080-6377],2020-09-20,False,True,Incoming,"['00252611', '14321785']",['10806377'],Mathematics,Mathematics (miscellaneous) (Q1),,,Mathematics,Mathematics (miscellaneous) (Q1),,
oci:06220621629-06503929610,omid:br/06220621629,Physical Review B [omid:br/0616012786 issn:0163-1829 issn:1095-3795 issn:1098-0121 issn:1550-235X],omid:br/06503929610,Physical Review Letters [omid:br/063044243 issn:0031-9007 issn:1079-7114 openalex:S24807848],2013-02-25,True,False,Outgoing,"['01631829', '10953795', '10980121', '1550235X']","['00319007', '10797114']",,,,,Physics and Astronomy,Physics and Astronomy (miscellaneous) (Q1),,
oci:06601832682-061403309397,omid:br/06601832682,Journal Of High Energy Physics [omid:br/062038872 issn:1029-8479 issn:1126-6708 openalex:S187585107],omid:br/061403309397,IEEE Transactions On Nuclear Science [omid:br/067066968 doi:10.1109/tns.23 issn:0018-9499 issn:1558-1578 openalex:S14279044],2022-03,True,False,Outgoing,"['10298479', '11266708']","['00189499', '15581578']",Physics and Astronomy,Nuclear and High Energy Physics (Q2),QC770-798,Science: Physics: Nuclear and particle physics. Atomic energy. Radioactivity,Energy; Engineering; Physics and Astronomy,Electrical and Electronic Engineering (Q2); Nuclear and High Energy Physics (Q2); Nuclear Energy and Engineering (Q2),,
oci:061601734697-06302190616,omid:br/061601734697,The Astrophysical Journal [omid:br/064040542 issn:0004-637X issn:1538-4357 openalex:S1980519],omid:br/06302190616,Monthly Notices Of The Royal Astronomical Society [omid:br/067041753 doi:10.1111/(issn)1365-2966 issn:0035-8711 issn:1365-2966 openalex:S195663288],2020-10-30,True,True,Internal,"['0004637X', '15384357']","['13652966', '00358711', '13652966']",Earth and Planetary Sciences; Physics and Astronomy,Astronomy and Astrophysics (Q1); Space and Planetary Science (Q1),QB460-466,Science: Astronomy: Astrophysics,Earth and Planetary Sciences; Physics and Astronomy,Astronomy and Astrophysics (Q1); Space and Planetary Science (Q1),QB1-991,Science: Astronomy
oci:06340514096-061301665924,omid:br/06340514096,Physical Review D [omid:br/062509685 issn:2470-0010 issn:2470-0029 openalex:S4210238307],omid:br/061301665924,Zeitschrift Für Physik C Particles And Fields [omid:br/0612035595 issn:0170-9739 issn:1431-5858 issn:1434-6044 issn:1434-6052],2024-06-07,False,True,Incoming,"['24700010', '24700029']","['01709739', '14315858', '14346044', '14346052']",Physics and Astronomy,Nuclear and High Energy Physics (Q1); Physics and Astronomy (miscellaneous) (Q1),,,Engineering; Physics and Astronomy,Engineering (miscellaneous) (Q1); Physics and Astronomy (miscellaneous) (Q1),QB460-466|QC770-798,Science: Astronomy: Astrophysics | Science: Physics: Nuclear and particle physics. Atomic energy. Radioactivity
oci:06301315870-061503048774,omid:br/06301315870,Molecular Cell [omid:br/0623032125 issn:1097-2765 openalex:S156208185],omid:br/061503048774,Biochemical Journal [omid:br/0615062436 issn:0264-6021 issn:1470-8728 openalex:S44425019],2009-07,False,True,Incoming,['10972765'],"['02646021', '14708728']","Biochemistry, Genetics and Molecular Biology",Cell Biology (Q1); Molecular Biology (Q1),,,"Biochemistry, Genetics and Molecular Biology",Biochemistry (Q1); Molecular Biology (Q1); Cell Biology (Q2),,
oci:06803943617-06502256563,omid:br/06803943617,Revista De Sociologia E Política [omid:br/06160647702 issn:0104-4478 issn:1678-9873 openalex:S2738819186],omid:br/06502256563,Studies In Comparative International Development [omid:br/062040390 issn:0039-3606 issn:1936-6167 openalex:S76061110],2022,True,False,Outgoing,"['01044478', '16789873']","['00393606', '19366167']",Social Sciences,Sociology and Political Science (Q3),,,Social Sciences,Political Science and International Relations (Q1); Sociology and Political Science (Q1); Development (Q2),,
oci:06160682841-06902232062,omid:br/06160682841,Journal Of Functional Analysis [omid:br/0612012098 issn:0022-1236 openalex:S54953690],omid:br/06902232062,Rendiconti Lincei - Matematica E Applicazioni [omid:br/06902232220 doi:10.4171/rlm issn:1120-6330 issn:1720-0768 openalex:S4210215524],2019-01,False,True,Incoming,['00221236'],"['11206330', '17200768']",Mathematics,Analysis (Q1),,,Mathematics,Mathematics (miscellaneous) (Q1),QA1-939,Science: Mathematics
oci:061801358598-061302160055,omid:br/061801358598,Ferroelectrics [omid:br/069039360 issn:0015-0193 issn:1563-5112 openalex:S154037165],omid:br/061302160055,Materials Science And Engineering: A [omid:br/068048986 issn:0921-5093 openalex:S154732359],2006-10,False,True,Incoming,"['00150193', '15635112']",['09215093'],Materials Science; Physics and Astronomy,"Condensed Matter Physics (Q4); Electronic, Optical and Magnetic Materials (Q4)",,,Engineering; Materials Science; Physics and Astronomy,Condensed Matter Physics (Q1); Materials Science (miscellaneous) (Q1); Mechanical Engineering (Q1); Mechanics of Materials (Q1); Nanoscience and Nanotechnology (Q1),,
oci:062102619083-0620241246,omid:br/062102619083,Organic Process Research & Development [omid:br/0617052754 issn:1083-6160 issn:1520-586X openalex:S107255770],omid:br/0620241246,Journal Of Medicinal Chemistry [omid:br/061804490 issn:0022-2623 issn:0095-9065 issn:1520-4804],2010-08-16,False,True,Incoming,"['10836160', '1520586X']","['00222623', '00959065', '15204804']",Chemistry,Organic Chemistry (Q1); Physical and Theoretical Chemistry (Q1),,,"Biochemistry, Genetics and Molecular Biology; Pharmacology, Toxicology and Pharmaceutics",Drug Discovery (Q1); Molecular Medicine (Q1),,
oci:0690498897-062601268652,omid:br/0690498897,Communications In Mathematical Physics [omid:br/0623011170 issn:0010-3616 issn:1432-0916 openalex:S100601982],omid:br/062601268652,Advances In Theoretical And Mathematical Physics [omid:br/062601269606 issn:1095-0753 issn:1095-0761 openalex:S207372152],2009-07-17,True,False,Outgoing,"['00103616', '14320916']","['10950753', '10950761']",Mathematics; Physics and Astronomy,Mathematical Physics (Q1); Statistical and Nonlinear Physics (Q1),,,Mathematics; Physics and Astronomy,Mathematics (miscellaneous) (Q1); Physics and Astronomy (miscellaneous) (Q2),,
oci:06120795523-06250325688,omid:br/06120795523,Living Reviews In Relativity [omid:br/06120796634 issn:1433-8351 issn:2367-3613],omid:br/06250325688,Classical And Quantum Gravity [omid:br/061606259 issn:0264-9381 issn:1361-6382 openalex:S171172751],2012-07-04,False,True,Incoming,"['14338351', '23673613']","['02649381', '13616382']",Physics and Astronomy,Physics and Astronomy (miscellaneous) (Q1),QC170-197,Science: Physics: Atomic physics. Constitution and properties of matter,Physics and Astronomy,Physics and Astronomy (miscellaneous) (Q1),,
oci:061701927803-062101422324,omid:br/061701927803,International Journal Of Modern Physics A [omid:br/0614042662 issn:0217-751X issn:1793-656X],omid:br/062101422324,Physical Review D [omid:br/066033919 issn:1550-2368 issn:1550-7998 openalex:S4210210554],2009-06-10,False,True,Incoming,"['0217751X', '1793656X']","['15502368', '15507998']",Physics and Astronomy,"Astronomy and Astrophysics (Q3); Atomic and Molecular Physics, and Optics (Q3); Nuclear and High Energy Physics (Q3)",,,,,,
oci:062601759862-06101850168,omid:br/062601759862,Physical Review C [omid:br/067039453 issn:0556-2813 issn:1089-490X openalex:S4210168441],omid:br/06101850168,Journal Of High Energy Physics [omid:br/062038872 issn:1029-8479 issn:1126-6708 openalex:S187585107],2015-09-14,False,True,Incoming,"['05562813', '1089490X']","['10298479', '11266708']",,,,,Physics and Astronomy,Nuclear and High Energy Physics (Q2),QC770-798,Science: Physics: Nuclear and particle physics. Atomic energy. Radioactivity
oci:0607917084-0630787026,omid:br/0607917084,Urban Research & Practice [omid:br/0607919132 issn:1753-5069 issn:1753-5077],omid:br/0630787026,Perspectives On Politics [omid:br/0625014029 issn:1537-5927 issn:1541-0986 openalex:S173657377],2024-12-09,False,True,Incoming,"['17535069', '17535077']","['15375927', '15410986']",Social Sciences,"Geography, Planning and Development (Q1); Urban Studies (Q1)",,,Social Sciences,Political Science and International Relations (Q1),,
oci:062102436624-062202434267,omid:br/062102436624,Nuclear Physics B [omid:br/069057982 issn:0550-3213 issn:1873-1562 openalex:S4210194812],omid:br/062202434267,Nuclear Physics B [omid:br/069057982 issn:0550-3213 issn:1873-1562 openalex:S4210194812],1999-07,True,False,Outgoing,"['05503213', '18731562']","['05503213', '18731562']",Physics and Astronomy,Nuclear and High Energy Physics (Q2),QC770-798,Science: Physics: Nuclear and particle physics. Atomic energy. Radioactivity,Physics and Astronomy,Nuclear and High Energy Physics (Q2),QC770-798,Science: Physics: Nuclear and particle physics. Atomic energy. Radioactivity
oci:0680499431-062202048731,omid:br/0680499431,The Astrophysical Journal [omid:br/062408625 issn:2041-8205 issn:2041-8213 openalex:S4210175824],omid:br/062202048731,Physical Review Letters [omid:br/063044243 issn:0031-9007 issn:1079-7114 openalex:S24807848],2020-12-17,False,True,Incoming,"['20418205', '20418213']","['00319007', '10797114']",Earth and Planetary Sciences; Physics and Astronomy,Astronomy and Astrophysics (Q1); Space and Planetary Science (Q1),QB460-466,Science: Astronomy: Astrophysics,Physics and Astronomy,Physics and Astronomy (miscellaneous) (Q1),,
oci:061104050613-06190625005,omid:br/061104050613,Monthly Notices Of The Royal Astronomical Society [omid:br/067041753 doi:10.1111/(issn)1365-2966 issn:0035-8711 issn:1365-2966 openalex:S195663288],omid:br/06190625005,Monthly Notices Of The Royal Astronomical Society: Letters [omid:br/0616012575 issn:1745-3925 issn:1745-3933 openalex:S2734515570],2022-11-16,False,True,Incoming,"['13652966', '00358711', '13652966']","['17453925', '17453933']",Earth and Planetary Sciences; Physics and Astronomy,Astronomy and Astrophysics (Q1); Space and Planetary Science (Q1),QB1-991,Science: Astronomy,Earth and Planetary Sciences; Physics and Astronomy,Astronomy and Astrophysics (Q1); Space and Planetary Science (Q1),,
