ror,legal_name,country_code,country_name,count,italian_institution,year_block,direction
https://ror.org/000063q30,Techniques of Informatics and Microelectronics for Integrated Systems Architecture,FR,France,1,UPO,2006-2010,incoming
https://ror.org/00013q465,Pontificia Universidad Católica del Perú,PE,Peru,335,UPO,2006-2010,incoming
https://ror.org/0001fmy77,University of Macerata,IT,Italy,1,UPO,2006-2010,incoming
https://ror.org/0001h1y25,Mary Lyon Centre at MRC Harwell,GB,United Kingdom,1,UPO,2006-2010,incoming
https://ror.org/0001ke483,St George's Hospital,GB,United Kingdom,21,UPO,2006-2010,incoming
https://ror.org/0002pcv65,Universidad Nacional de Río Cuarto,AR,Argentina,5,UPO,2006-2010,incoming
https://ror.org/0003e4m70,Hull York Medical School,GB,United Kingdom,4,UPO,2006-2010,incoming
https://ror.org/0003ege03,Centre de Recherches sur les Macromolécules Végétales,FR,France,1,UPO,2006-2010,incoming
https://ror.org/0003ewr82,Bundelkhand University,IN,India,1,UPO,2006-2010,incoming
https://ror.org/0005w8d69,Università di Camerino,IT,Italy,26,UPO,2006-2010,incoming
https://ror.org/0006swh35,First Affiliated Hospital of Xiamen University,CN,China,2,UPO,2006-2010,incoming
https://ror.org/00073tb80,State Key Laboratory of Pollution Control and Resource Reuse,CN,China,6,UPO,2006-2010,incoming
https://ror.org/000849h34,Liverpool Heart and Chest Hospital,GB,United Kingdom,3,UPO,2006-2010,incoming
https://ror.org/00088z429,Kobe Pharmaceutical University,JP,Japan,4,UPO,2006-2010,incoming
https://ror.org/0008s4w86,Piedmont Atlanta Hospital,US,United States,1,UPO,2006-2010,incoming
https://ror.org/0008wzh48,Royal Marsden NHS Foundation Trust,GB,United Kingdom,41,UPO,2006-2010,incoming
https://ror.org/0008xqs48,Institut d'Investigació Biomédica de Bellvitge,ES,Spain,22,UPO,2006-2010,incoming
https://ror.org/000917t60,Autonomous University of San Luis Potosí,MX,Mexico,850,UPO,2006-2010,incoming
https://ror.org/00097mb19,Japan Science and Technology Agency,JP,Japan,67,UPO,2006-2010,incoming
https://ror.org/0009s9p66,BioMed Central (United Kingdom),GB,United Kingdom,1,UPO,2006-2010,incoming
https://ror.org/0009t4v78,Anglia Ruskin University,GB,United Kingdom,3,UPO,2006-2010,incoming
https://ror.org/0009wsb17,A N Bach Institute of Biochemistry,RU,Russia,2,UPO,2006-2010,incoming
https://ror.org/000bxzc63,Max Planck Institute for Medical Research,DE,Germany,3,UPO,2006-2010,incoming
https://ror.org/000c2p832,South London Healthcare NHS Trust,GB,United Kingdom,1,UPO,2006-2010,incoming
https://ror.org/000c39f30,Al Ain Hospital,AE,United Arab Emirates,1,UPO,2006-2010,incoming
https://ror.org/000ch3x42,United States Olympic & Paralympic Committee,US,United States,2,UPO,2006-2010,incoming
https://ror.org/000cyem11,Donald Danforth Plant Science Center,US,United States,3,UPO,2006-2010,incoming
https://ror.org/000d5zy28,Institut de Chimie Radicalaire,FR,France,5,UPO,2006-2010,incoming
https://ror.org/000ed3w25,St Vincent's Hospital Sydney,AU,Australia,6,UPO,2006-2010,incoming
https://ror.org/000ep5m48,Instituto de Salud Pública de Navarra,ES,Spain,1,UPO,2006-2010,incoming
https://ror.org/000fxgx19,SUNY Polytechnic Institute,US,United States,2,UPO,2006-2010,incoming
https://ror.org/000gm1k91,John Wiley & Sons (Germany),DE,Germany,3,UPO,2006-2010,incoming
https://ror.org/000h6jb29,Helmholtz Centre for Environmental Research,DE,Germany,8,UPO,2006-2010,incoming
https://ror.org/000hdh770,Dalarna University,SE,Sweden,1,UPO,2006-2010,incoming
https://ror.org/000jzpp78,International University in Germany,DE,Germany,1,UPO,2006-2010,incoming
https://ror.org/000k1q888,Netherlands Institute for Radio Astronomy,NL,The Netherlands,2,UPO,2006-2010,incoming
https://ror.org/000ke5995,Western Galilee Hospital,IL,Israel,3,UPO,2006-2010,incoming
https://ror.org/000n9zg48,Groupe de Recherche sur le Handicap Ventilatoire et Neurologique,FR,France,1,UPO,2006-2010,incoming
https://ror.org/000nhpy59,Instituto de Neurociencias,ES,Spain,12,UPO,2006-2010,incoming
https://ror.org/000p4dw82,Hospital Universitario del Valle ESE,CO,Colombia,1,UPO,2006-2010,incoming
https://ror.org/000pfrh90,Baptist Hospital of Miami,US,United States,1,UPO,2006-2010,incoming
https://ror.org/000ph9k36,Universitäts-Kinderklinik Würzburg,DE,Germany,1,UPO,2006-2010,incoming
https://ror.org/000psgr90,Volodymyr Vynnychenko Central Ukrainian State University,UA,Ukraine,1,UPO,2006-2010,incoming
https://ror.org/000psz759,Marymount Manhattan College,US,United States,1,UPO,2006-2010,incoming
https://ror.org/000pvc513,Institut de Chimie de Nice,FR,France,1,UPO,2006-2010,incoming
https://ror.org/000q4gm66,Instituto de Biocomputación y Física de Sistemas Complejos,ES,Spain,14,UPO,2006-2010,incoming
https://ror.org/000q75d75,Nagano Matsushiro General Hospital,JP,Japan,1,UPO,2006-2010,incoming
https://ror.org/000qjjz95,Park Centre for Mental Health,AU,Australia,1,UPO,2006-2010,incoming
https://ror.org/000qzf213,Korea University of Science and Technology,KR,South Korea,2,UPO,2006-2010,incoming
https://ror.org/000rgm762,VA Connecticut Healthcare System,US,United States,2,UPO,2006-2010,incoming
https://ror.org/000sfad56,Institute of Physics,PL,Poland,73,UPO,2006-2010,incoming
https://ror.org/000t0f062,Education University of Hong Kong,HK,Hong Kong,1,UPO,2006-2010,incoming
https://ror.org/000tm9s39,Centre Hospitalier Saint-Charles,FR,France,3,UPO,2006-2010,incoming
https://ror.org/000vjzq57,Memphis VA Medical Center,US,United States,1,UPO,2006-2010,incoming
https://ror.org/000wh6t45,Welsh Government,GB,United Kingdom,10,UPO,2006-2010,incoming
https://ror.org/000xsnr85,University of the Basque Country,ES,Spain,88,UPO,2006-2010,incoming
https://ror.org/000yct867,Bridgeport Hospital,US,United States,1,UPO,2006-2010,incoming
https://ror.org/000ywep40,NHS Tayside,GB,United Kingdom,19,UPO,2006-2010,incoming
https://ror.org/000z46s85,Lille’s Cardiology Hospital,FR,France,11,UPO,2006-2010,incoming
https://ror.org/0010c1z81,Deutsche Klinik für Diagnostik,DE,Germany,1,UPO,2006-2010,incoming
https://ror.org/0011azt19,Saint Agnes Hospital,US,United States,2,UPO,2006-2010,incoming
https://ror.org/0011qv509,University of Tennessee Health Science Center,US,United States,77,UPO,2006-2010,incoming
https://ror.org/0013shd50,Novartis (Germany),DE,Germany,1,UPO,2006-2010,incoming
https://ror.org/0013zhk30,Institute of Food Science,IT,Italy,16,UPO,2006-2010,incoming
https://ror.org/0014n6t23,Centre Hospitalier de Roubaix,FR,France,2,UPO,2006-2010,incoming
https://ror.org/0015ws592,Institut de génétique et de biologie moléculaire et cellulaire,FR,France,14,UPO,2006-2010,incoming
https://ror.org/001695n52,Institut des Maladies Neurodégénératives,FR,France,1,UPO,2006-2010,incoming
https://ror.org/00174r125,Foundation for Blood Research,US,United States,1,UPO,2006-2010,incoming
https://ror.org/00183pc12,Kharkiv Institute of Physics and Technology,UA,Ukraine,1016,UPO,2006-2010,incoming
https://ror.org/0018xw886,Azienda Unita' Sanitaria Locale Di Modena,IT,Italy,1,UPO,2006-2010,incoming
https://ror.org/00190t495,National Center for Complementary and Integrative Health,US,United States,4,UPO,2006-2010,incoming
https://ror.org/0019bf448,University of Pittsburgh at Bradford,US,United States,33,UPO,2006-2010,incoming
https://ror.org/0019x5d05,Institut de Biologie et de Chimie des Protéines,FR,France,9,UPO,2006-2010,incoming
https://ror.org/001a7dw94,Krankenhaus der Barmherzigen Brüder Trier,DE,Germany,2,UPO,2006-2010,incoming
https://ror.org/001aevc89,Laboratoire d'Acoustique de l'Université du Mans,FR,France,1,UPO,2006-2010,incoming
https://ror.org/001c2sn75,London Business School,GB,United Kingdom,1,UPO,2006-2010,incoming
https://ror.org/001c8pb03,Laboratoire de Biologie Intégrative des Modèles Marins,FR,France,1,UPO,2006-2010,incoming
https://ror.org/001e43z98,Freie Hochschule Stuttgart,DE,Germany,1,UPO,2006-2010,incoming
https://ror.org/001f9e125,Jiangsu Academy of Agricultural Sciences,CN,China,2,UPO,2006-2010,incoming
https://ror.org/001g2fj96,American University of Sharjah,AE,United Arab Emirates,2,UPO,2006-2010,incoming
https://ror.org/001ggbx22,National Institute of Infectious Diseases,JP,Japan,66,UPO,2006-2010,incoming
https://ror.org/001gpfp45,California Polytechnic State University,US,United States,361,UPO,2006-2010,incoming
https://ror.org/001hz0050,Capital Regional District,CA,Canada,2,UPO,2006-2010,incoming
https://ror.org/001hz7s79,Emory University School of Medicine,US,United States,8,UPO,2006-2010,incoming
https://ror.org/001jx2139,Hospital Sant Joan de Déu Barcelona,ES,Spain,2,UPO,2006-2010,incoming
https://ror.org/001kjn539,St Vincent's Hospital Melbourne,AU,Australia,24,UPO,2006-2010,incoming
https://ror.org/001m9wh67,Taiyo Yuden (Japan),JP,Japan,1,UPO,2006-2010,incoming
https://ror.org/001mm6w73,MRC Clinical Trials Unit at UCL,GB,United Kingdom,1,UPO,2006-2010,incoming
https://ror.org/001nta019,Institut National des Sciences Appliquées de Strasbourg,FR,France,1,UPO,2006-2010,incoming
https://ror.org/001nzxd62,Nagoya Women's University,JP,Japan,1,UPO,2006-2010,incoming
https://ror.org/001p3jz28,"Birla Institute of Technology and Science, Pilani",IN,India,5,UPO,2006-2010,incoming
https://ror.org/001r32c80,Biologie du chloroplaste et perception de la lumière chez les micro-algues,FR,France,1,UPO,2006-2010,incoming
https://ror.org/001rahr89,Affiliated Hospital of Nantong University,CN,China,1,UPO,2006-2010,incoming
https://ror.org/001s05659,Blood Transfusion Centre of Slovenia,SI,Slovenia,3,UPO,2006-2010,incoming
https://ror.org/001sfpp23,Relay Graduate School of Education,US,United States,1,UPO,2006-2010,incoming
https://ror.org/001t02e86,University Foundation,BE,Belgium,1,UPO,2006-2010,incoming
https://ror.org/001tdwk28,Gansu Academy of Agricultural Sciences,CN,China,1,UPO,2006-2010,incoming
https://ror.org/001tmjg57,University of Kansas,US,United States,944,UPO,2006-2010,incoming
https://ror.org/001v19997,Eskişehir Osmangazi Üniversitesi Tıp Fakültesi Hastanesi,TR,Turkey,1,UPO,2006-2010,incoming
https://ror.org/001w7jn25,Charité - Universitätsmedizin Berlin,DE,Germany,294,UPO,2006-2010,incoming
https://ror.org/001wpa366,HIA du Val-de-Grâce à Paris,FR,France,3,UPO,2006-2010,incoming
https://ror.org/001xhss06,Directorate for Biological Sciences,US,United States,1,UPO,2006-2010,incoming
https://ror.org/001xjdh50,Kansai Medical University,JP,Japan,8,UPO,2006-2010,incoming
https://ror.org/001xkv632,Southern Cross University,AU,Australia,7,UPO,2006-2010,incoming
https://ror.org/001yc7927,Hyogo Medical University,JP,Japan,23,UPO,2006-2010,incoming
https://ror.org/001ycj259,China Astronaut Research and Training Center,CN,China,3,UPO,2006-2010,incoming
https://ror.org/001ykb961,National Evolutionary Synthesis Center,US,United States,2,UPO,2006-2010,incoming
https://ror.org/0020snb74,École de Technologie Supérieure,CA,Canada,1,UPO,2006-2010,incoming
https://ror.org/0020x6414,Hunter Medical Research Institute,AU,Australia,10,UPO,2006-2010,incoming
https://ror.org/00222yk13,Institut des Sciences Analytiques et de Physico-Chimie pour l'Environnement et les Matériaux,FR,France,1,UPO,2006-2010,incoming
https://ror.org/0022b3c04,Nottingham City Hospital,GB,United Kingdom,2,UPO,2006-2010,incoming
https://ror.org/0022nd079,Indian Institute of Technology Guwahati,IN,India,7,UPO,2006-2010,incoming
https://ror.org/0022qva30,Ponce Health Sciences University,PR,Puerto Rico,7,UPO,2006-2010,incoming
https://ror.org/00240q980,University of Padua,IT,Italy,2599,UPO,2006-2010,incoming
https://ror.org/0024aa414,National Institute of Public Health,JP,Japan,4,UPO,2006-2010,incoming
https://ror.org/0025g8755,Luigi Sacco Hospital,IT,Italy,9,UPO,2006-2010,incoming
https://ror.org/0026m8b31,Ospedale San Paolo,IT,Italy,13,UPO,2006-2010,incoming
https://ror.org/0027frf26,Kaiser Permanente Washington Health Research Institute,US,United States,2,UPO,2006-2010,incoming
https://ror.org/0027p4q12,AIMM Therapeutics (Netherlands),NL,The Netherlands,2,UPO,2006-2010,incoming
https://ror.org/0028v3876,National Chung Cheng University,TW,Taiwan,4,UPO,2006-2010,incoming
https://ror.org/002atrf55,Centre Hospitalier Chrétien,BE,Belgium,1,UPO,2006-2010,incoming
https://ror.org/002b7nr53,Dalian Maritime University,CN,China,3,UPO,2006-2010,incoming
https://ror.org/002c9p632,Institut für Geschichtliche Landeskunde Rheinland-Pfalz e.V.,DE,Germany,175,UPO,2006-2010,incoming
https://ror.org/002cp4060,Assistance Publique Hôpitaux de Marseille,FR,France,37,UPO,2006-2010,incoming
https://ror.org/002degh13,Fatih University Medical Faculty Hospital,TR,Turkey,1,UPO,2006-2010,incoming
https://ror.org/002epp671,Center for NanoScience,DE,Germany,3,UPO,2006-2010,incoming
https://ror.org/002g3cb31,Queen Margaret University,GB,United Kingdom,3,UPO,2006-2010,incoming
https://ror.org/002g9dc27,Inoue Hospital,JP,Japan,1,UPO,2006-2010,incoming
https://ror.org/002ghjd91,National Institute of Materials Physics,RO,Romania,2,UPO,2006-2010,incoming
https://ror.org/002h8g185,University of Bath,GB,United Kingdom,39,UPO,2006-2010,incoming
https://ror.org/002hsbm82,Tufts Medical Center,US,United States,56,UPO,2006-2010,incoming
https://ror.org/002jby155,Centre Bourgogne-Franche-Comté,FR,France,1,UPO,2006-2010,incoming
https://ror.org/002jdaq33,Division of Molecular & Cellular Biosciences,US,United States,1,UPO,2006-2010,incoming
https://ror.org/002ksg449,Mary Crowley Cancer Research Center,US,United States,1,UPO,2006-2010,incoming
https://ror.org/002mmyt85,"Genomics Research Center, Academia Sinica",TW,Taiwan,1,UPO,2006-2010,incoming
https://ror.org/002n09z45,SIB Swiss Institute of Bioinformatics,CH,Switzerland,17,UPO,2006-2010,incoming
https://ror.org/002pa9318,East Lancashire Hospitals NHS Trust,GB,United Kingdom,1,UPO,2006-2010,incoming
https://ror.org/002pd6e78,Massachusetts General Hospital,US,United States,290,UPO,2006-2010,incoming
https://ror.org/002rjbv21,Université du Québec à Montréal,CA,Canada,61,UPO,2006-2010,incoming
https://ror.org/002rw7y37,Aoyama Gakuin University,JP,Japan,1,UPO,2006-2010,incoming
https://ror.org/002shna07,OHSU Knight Cancer Institute,US,United States,1,UPO,2006-2010,incoming
https://ror.org/002t25c44,Université Paris 1 Panthéon-Sorbonne,FR,France,17,UPO,2006-2010,incoming
https://ror.org/002tx1f22,Cleveland State University,US,United States,4,UPO,2006-2010,incoming
https://ror.org/002v2kq79,Universidade Tecnológica Federal do Paraná,BR,Brazil,1,UPO,2006-2010,incoming
https://ror.org/002w4zy91,University of West Florida,US,United States,1,UPO,2006-2010,incoming
https://ror.org/002w9k038,Brooklyn Law School,US,United States,1,UPO,2006-2010,incoming
https://ror.org/002wfgr58,Seoul Metropolitan Government,KR,South Korea,1,UPO,2006-2010,incoming
https://ror.org/002wydw38,St. Luke's International Hospital,JP,Japan,1,UPO,2006-2010,incoming
https://ror.org/002yp7f20,Thammasat University,TH,Thailand,5,UPO,2006-2010,incoming
https://ror.org/002yzpx87,BASF (United States),US,United States,5,UPO,2006-2010,incoming
https://ror.org/002zf4a56,Waikato Hospital,NZ,New Zealand,2,UPO,2006-2010,incoming
https://ror.org/0030f2a11,Universitätsklinikum Erlangen,DE,Germany,53,UPO,2006-2010,incoming
https://ror.org/0030qkm60,National Academy of Sciences,KR,South Korea,1,UPO,2006-2010,incoming
https://ror.org/003109y17,University of Cagliari,IT,Italy,1196,UPO,2006-2010,incoming
https://ror.org/00315pw02,Universidade Potiguar,BR,Brazil,1,UPO,2006-2010,incoming
https://ror.org/00319zh75,Advanced Light Source,US,United States,1,UPO,2006-2010,incoming
https://ror.org/0031nsg68,Hankyong National University,KR,South Korea,2,UPO,2006-2010,incoming
https://ror.org/0031wrj91,European University Institute,IT,Italy,1,UPO,2006-2010,incoming
https://ror.org/00325dg83,State Key Laboratory of Diagnosis and Treatment of Infectious Diseases,CN,China,2,UPO,2006-2010,incoming
https://ror.org/0033vhx30,Université Paris-Seine,FR,France,1,UPO,2006-2010,incoming
https://ror.org/00340yn33,Keele University,GB,United Kingdom,40,UPO,2006-2010,incoming
https://ror.org/003412r28,Centre de Recherche en Cancérologie de Toulouse,FR,France,3,UPO,2006-2010,incoming
https://ror.org/0034eay46,Texas A&M University System,US,United States,18,UPO,2006-2010,incoming
https://ror.org/0034eez47,Utkal University,IN,India,5,UPO,2006-2010,incoming
https://ror.org/0034me914,Saveetha University,IN,India,1,UPO,2006-2010,incoming
https://ror.org/0036ate90,Nuffield Orthopaedic Centre,GB,United Kingdom,1,UPO,2006-2010,incoming
https://ror.org/0036p5w23,Indian Institute of Technology Gandhinagar,IN,India,4,UPO,2006-2010,incoming
https://ror.org/0036rpn28,Michigan Technological University,US,United States,10,UPO,2006-2010,incoming
https://ror.org/0036wpk65,Institute for Transfusion Medicine,US,United States,2,UPO,2006-2010,incoming
https://ror.org/003709a13,National Research Centre for Grapes,IN,India,1,UPO,2006-2010,incoming
https://ror.org/00372qc85,National Institute of Biomedical Imaging and Bioengineering,US,United States,4,UPO,2006-2010,incoming
https://ror.org/0037qsh65,University of Detroit Mercy,US,United States,2,UPO,2006-2010,incoming
https://ror.org/00390t168,College of Charleston,US,United States,2,UPO,2006-2010,incoming
https://ror.org/0039d5757,Universidade Federal de Goiás,BR,Brazil,9,UPO,2006-2010,incoming
https://ror.org/003d3xx08,University of Almería,ES,Spain,8,UPO,2006-2010,incoming
https://ror.org/003dfhs04,Institut de Physique Nucléaire d’Orsay,FR,France,31,UPO,2006-2010,incoming
https://ror.org/003dkgb76,Kresge Eye Institute,US,United States,1,UPO,2006-2010,incoming
https://ror.org/003dqcp70,Fujirebio (Belgium),BE,Belgium,1,UPO,2006-2010,incoming
https://ror.org/003eyrc02,Instituto de Geología,MX,Mexico,1,UPO,2006-2010,incoming
https://ror.org/003ez4w63,Hospital Son Llatzer,ES,Spain,1,UPO,2006-2010,incoming
https://ror.org/003f21n80,Institute of Geosciences,AL,Albania,1,UPO,2006-2010,incoming
https://ror.org/003fvp964,Institute of Computer Science,PL,Poland,6,UPO,2006-2010,incoming
https://ror.org/003g1aw90,Centre de Recherche en Cancérologie et Immunologie Intégrée Nantes Angers,FR,France,3,UPO,2006-2010,incoming
https://ror.org/003g6b432,Bernstein Center for Computational Neuroscience Göttingen,DE,Germany,3,UPO,2006-2010,incoming
https://ror.org/003gx4r22,University of Georgia Press,US,United States,41,UPO,2006-2010,incoming
https://ror.org/003hsr719,Sefako Makgatho Health Sciences University,ZA,South Africa,1,UPO,2006-2010,incoming
https://ror.org/003j5cv40,Haskins Laboratories,US,United States,1,UPO,2006-2010,incoming
https://ror.org/003jnac13,Laboratoire de Génie Chimique,FR,France,2,UPO,2006-2010,incoming
https://ror.org/003jtsa97,St. Joseph's Hospital,US,United States,1,UPO,2006-2010,incoming
https://ror.org/003k75717,Advocate Health Care,US,United States,3,UPO,2006-2010,incoming
https://ror.org/003kgv736,University of the West Indies,TT,Trinidad and Tobago,1,UPO,2006-2010,incoming
https://ror.org/003kv9x13,HSE Science and Research Centre,GB,United Kingdom,3,UPO,2006-2010,incoming
https://ror.org/003mpgw14,St. Elisabeth Hospital,CW,Curaçao,2,UPO,2006-2010,incoming
https://ror.org/003ncxf91,China University of Mining and Technology - Beijing,CN,China,3,UPO,2006-2010,incoming
https://ror.org/003ngne20,Ochsner Health System,US,United States,6,UPO,2006-2010,incoming
https://ror.org/003nvpm64,Christchurch Hospital,NZ,New Zealand,2,UPO,2006-2010,incoming
https://ror.org/003qdfg20,Soka University,JP,Japan,1129,UPO,2006-2010,incoming
https://ror.org/003qeh975,Chinese Academy of Tropical Agricultural Sciences,CN,China,6,UPO,2006-2010,incoming
https://ror.org/003qhrc72,Unité de Nutrition Humaine,FR,France,9,UPO,2006-2010,incoming
https://ror.org/003qr7703,Peijas Hospital,FI,Finland,1,UPO,2006-2010,incoming
https://ror.org/003qt4p19,Universidade Federal do Pampa,BR,Brazil,21,UPO,2006-2010,incoming
https://ror.org/003rfsp33,Nationwide Children's Hospital,US,United States,19,UPO,2006-2010,incoming
https://ror.org/003s3dn82,Shenkar College of Engineering and Design,IL,Israel,1,UPO,2006-2010,incoming
https://ror.org/003sav189,Oldenburger Institut für Informatik,DE,Germany,1,UPO,2006-2010,incoming
https://ror.org/003sav965,Tianjin Medical University General Hospital,CN,China,4,UPO,2006-2010,incoming
https://ror.org/003sphj24,Soroka Medical Center,IL,Israel,1,UPO,2006-2010,incoming
https://ror.org/003tmp461,Schiller International University,FR,France,11,UPO,2006-2010,incoming
https://ror.org/003v3fz65,Centro de Astropartículas y Física de Altas Energías,ES,Spain,9,UPO,2006-2010,incoming
https://ror.org/003v6nj12,State Key Laboratory of Environmental Chemistry and Ecotoxicology,CN,China,6,UPO,2006-2010,incoming
https://ror.org/003vet424,Centro Científico Tecnológico - Santa Fe,AR,Argentina,3,UPO,2006-2010,incoming
https://ror.org/003vg9w96,"Institut National de Recherche pour l'Agriculture, l'Alimentation et l'Environnement",FR,France,178,UPO,2006-2010,incoming
https://ror.org/003vkcj31,University of Teacher Education Fukuoka,JP,Japan,1,UPO,2006-2010,incoming
https://ror.org/003xdw211,National Yang Ming University Hospital,TW,Taiwan,4,UPO,2006-2010,incoming
https://ror.org/003xyzq10,Henan University,CN,China,5,UPO,2006-2010,incoming
https://ror.org/003yn7c76,Bates College,US,United States,1,UPO,2006-2010,incoming
https://ror.org/003zecf96,Hospital Universitario San Agustín,ES,Spain,1,UPO,2006-2010,incoming
https://ror.org/0040axw97,Yunnan University,CN,China,6,UPO,2006-2010,incoming
https://ror.org/0040r6f76,Victoria University of Wellington,NZ,New Zealand,6,UPO,2006-2010,incoming
https://ror.org/00412ts95,Children's Hospital of Los Angeles,US,United States,14,UPO,2006-2010,incoming
https://ror.org/00414dg76,Rady Children's Hospital-San Diego,US,United States,3,UPO,2006-2010,incoming
https://ror.org/0041qmd21,SUNY Downstate Health Sciences University,US,United States,10,UPO,2006-2010,incoming
https://ror.org/0042e5975,Istituto Nanoscienze,IT,Italy,9,UPO,2006-2010,incoming
https://ror.org/0042ytd14,Shizuoka Cancer Center,JP,Japan,1,UPO,2006-2010,incoming
https://ror.org/004350h06,Saint Vincent Hospital,US,United States,1,UPO,2006-2010,incoming
https://ror.org/0043h8f16,University of South Dakota,US,United States,24,UPO,2006-2010,incoming
https://ror.org/0044b0b76,HealthCare Partners Medical Group,US,United States,4,UPO,2006-2010,incoming
https://ror.org/0044e2g62,Minzu University of China,CN,China,1,UPO,2006-2010,incoming
https://ror.org/00453a208,City University of New York,US,United States,48,UPO,2006-2010,incoming
https://ror.org/00458wv14,Tianjin Beichen Hospital,CN,China,1,UPO,2006-2010,incoming
https://ror.org/00467td76,Mallinckrodt (Ireland),IE,Ireland,1,UPO,2006-2010,incoming
https://ror.org/0046gcs23,Max Planck Institute for Infection Biology,DE,Germany,3,UPO,2006-2010,incoming
https://ror.org/0046mja08,An-Najah National University,PS,Palestine,1,UPO,2006-2010,incoming
https://ror.org/0046rz373,Institute of Experimental Physics of the Slovak Academy of Sciences,SK,Slovakia,1195,UPO,2006-2010,incoming
https://ror.org/0048jxt15,Veneto Institute of Molecular Medicine,IT,Italy,40,UPO,2006-2010,incoming
https://ror.org/0049erg63,Kookmin University,KR,South Korea,2,UPO,2006-2010,incoming
https://ror.org/004a2wv92,National Institute of Dental and Craniofacial Research,US,United States,17,UPO,2006-2010,incoming
https://ror.org/004af2v94,Braude College of Engineering Karmiel,IL,Israel,5,UPO,2006-2010,incoming
https://ror.org/004ah3r71,Sinop University,TR,Turkey,2,UPO,2006-2010,incoming
https://ror.org/004amc442,Orthopaedic Center,US,United States,1,UPO,2006-2010,incoming
https://ror.org/004b7qy98,Friends of the National Library of Medicine,US,United States,7,UPO,2006-2010,incoming
https://ror.org/004cah429,Toyama Prefectural Central Hospital,JP,Japan,1,UPO,2006-2010,incoming
https://ror.org/004dan487,Centre Hospitalier Universitaire de La Réunion,FR,France,6,UPO,2006-2010,incoming
https://ror.org/004dg2369,Maltepe University,TR,Turkey,2,UPO,2006-2010,incoming
https://ror.org/004dzkd51,Frumkin Institute of Physical Chemistry and Electrochemistry,RU,Russia,1,UPO,2006-2010,incoming
https://ror.org/004fze387,Scuola Internazionale Superiore di Studi Avanzati,IT,Italy,165,UPO,2006-2010,incoming
https://ror.org/004g03602,CIC biomaGUNE,ES,Spain,1,UPO,2006-2010,incoming
https://ror.org/004gfgx38,Eszterhazy Karoly Catholic University,HU,Hungary,1,UPO,2006-2010,incoming
https://ror.org/004gk0w56,Gordon State College,US,United States,2,UPO,2006-2010,incoming
https://ror.org/004gzqz66,Institut de physique du globe de Paris,FR,France,1,UPO,2006-2010,incoming
https://ror.org/004h6mc53,Universitätsklinik Marien Hospital Herne,DE,Germany,3,UPO,2006-2010,incoming
https://ror.org/004hxna20,Overlake Hospital Medical Center,US,United States,2,UPO,2006-2010,incoming
https://ror.org/004je0088,Wuhan Sports University,CN,China,2,UPO,2006-2010,incoming
https://ror.org/004jktf35,Swedish Medical Center,US,United States,2,UPO,2006-2010,incoming
https://ror.org/004kvma63,Lismore Base Hospital,AU,Australia,1,UPO,2006-2010,incoming
https://ror.org/004mbaj56,Yarmouk University,JO,Jordan,1,UPO,2006-2010,incoming
https://ror.org/004nnf780,Hôpital Louis-Mourier,FR,France,1,UPO,2006-2010,incoming
https://ror.org/004pedq54,Katholisches Kinderkrankenhaus Wilhelmstift,DE,Germany,2,UPO,2006-2010,incoming
https://ror.org/004qj2391,Hospital General De Segovia,ES,Spain,3,UPO,2006-2010,incoming
https://ror.org/004r9h172,University College Copenhagen,DK,Denmark,1,UPO,2006-2010,incoming
https://ror.org/004raaa70,Université Fédérale de Toulouse Midi-Pyrénées,FR,France,124,UPO,2006-2010,incoming
https://ror.org/004rbbw49,Hebei Normal University,CN,China,14,UPO,2006-2010,incoming
https://ror.org/004rej139,Centre National de Recherches Météorologiques,FR,France,1,UPO,2006-2010,incoming
https://ror.org/004rs4477,Masonic Medical Research Laboratory,US,United States,5,UPO,2006-2010,incoming
https://ror.org/004srrf86,Abilene Christian University,US,United States,26,UPO,2006-2010,incoming
https://ror.org/004srxn73,Shanghai Institute for Science of Science,CN,China,1,UPO,2006-2010,incoming
https://ror.org/004swtw80,Instituto de Catálisis y Petroleoquímica,ES,Spain,12,UPO,2006-2010,incoming
https://ror.org/004sxt390,North Park University,US,United States,2,UPO,2006-2010,incoming
https://ror.org/004vn8r55,Centro Médico Nacional La Raza,MX,Mexico,1,UPO,2006-2010,incoming
https://ror.org/004we6052,Holy Family Hospital,IN,India,1,UPO,2006-2010,incoming
https://ror.org/004wefe19,Centre de RMN à Très Hauts Champs de Lyon,FR,France,2,UPO,2006-2010,incoming
https://ror.org/004x58208,St. John Medical Center,US,United States,2,UPO,2006-2010,incoming
https://ror.org/004y8wk30,QIMR Berghofer Medical Research Institute,AU,Australia,26,UPO,2006-2010,incoming
https://ror.org/004yvsb77,Centre National de Recherche en Génomique Humaine,FR,France,7,UPO,2006-2010,incoming
https://ror.org/004znty77,Joint Replacement Institute,US,United States,1,UPO,2006-2010,incoming
https://ror.org/0050r1b65,Third Affiliated Hospital of Southern Medical University,CN,China,1,UPO,2006-2010,incoming
https://ror.org/0050vmv35,German Institute for Economic Research,DE,Germany,5,UPO,2006-2010,incoming
https://ror.org/0051w2v06,University of Engineering and Technology Lahore,PK,Pakistan,6,UPO,2006-2010,incoming
https://ror.org/00520ze08,South Carolina State University,US,United States,5,UPO,2006-2010,incoming
https://ror.org/0052kfx70,KMT Hepatech (Canada),CA,Canada,1,UPO,2006-2010,incoming
https://ror.org/0052svj16,Abbott (United States),US,United States,4,UPO,2006-2010,incoming
https://ror.org/0053ctp29,Ospedale Maggiore,IT,Italy,29,UPO,2006-2010,incoming
https://ror.org/0053fb273,Faculty of Medicine of Sfax,TN,Tunisia,1,UPO,2006-2010,incoming
https://ror.org/0053n5071,West Chester University,US,United States,1,UPO,2006-2010,incoming
https://ror.org/0053xaw54,Ludwig Boltzmann Institute for Cardiovascular Research,AT,Austria,1,UPO,2006-2010,incoming
https://ror.org/005506478,Institut für Chirurgische Forschung,DE,Germany,2,UPO,2006-2010,incoming
https://ror.org/00560h931,Tio Business School,NL,The Netherlands,3,UPO,2006-2010,incoming
https://ror.org/00568z619,Instituto Interdisciplinario de Ciencias Básicas,AR,Argentina,1,UPO,2006-2010,incoming
https://ror.org/0056x7z10,Philander Smith College,US,United States,2,UPO,2006-2010,incoming
https://ror.org/005781934,Baylor University,US,United States,90,UPO,2006-2010,incoming
https://ror.org/0057s8s52,John D. Dingell VA Medical Center,US,United States,2,UPO,2006-2010,incoming
https://ror.org/00582g326,Indian Institute of Technology Roorkee,IN,India,5,UPO,2006-2010,incoming
https://ror.org/0058wy590,Universidade Católica de Brasília,BR,Brazil,3,UPO,2006-2010,incoming
https://ror.org/0059h1f24,Prefectural University of Hiroshima,JP,Japan,1,UPO,2006-2010,incoming
https://ror.org/0059hys23,Hôpital Farhat Hached,TN,Tunisia,3,UPO,2006-2010,incoming
https://ror.org/005bk2339,Max Planck Institute for Solid State Research,DE,Germany,1,UPO,2006-2010,incoming
https://ror.org/005bty106,Eulji University,KR,South Korea,4,UPO,2006-2010,incoming
https://ror.org/005bvs909,The Royal Melbourne Hospital,AU,Australia,26,UPO,2006-2010,incoming
https://ror.org/005bw2d06,University of Port Harcourt,NG,Nigeria,4,UPO,2006-2010,incoming
https://ror.org/005dkht93,Instituto de Biologia Molecular e Celular,PT,Portugal,10,UPO,2006-2010,incoming
https://ror.org/005dknr06,Servicio Navarro de Salud,ES,Spain,1,UPO,2006-2010,incoming
https://ror.org/005dvqh91,NYU Langone Health,US,United States,11,UPO,2006-2010,incoming
https://ror.org/005e2bj09,St.Petersburg V.M.Bekhterev Psychoneurological Research Institute,RU,Russia,2,UPO,2006-2010,incoming
https://ror.org/005e8tf31,Centro de Desenvolvimento da Tecnologia Nuclear,BR,Brazil,1,UPO,2006-2010,incoming
https://ror.org/005edt527,Capital Normal University,CN,China,4,UPO,2006-2010,incoming
https://ror.org/005f5hv41,"California State University, Northridge",US,United States,2,UPO,2006-2010,incoming
https://ror.org/005fgpm31,Dayanand Medical College & Hospital,IN,India,1,UPO,2006-2010,incoming
https://ror.org/005gkfa10,National Changhua University of Education,TW,Taiwan,6,UPO,2006-2010,incoming
https://ror.org/005k7hp45,Medical University of Silesia,PL,Poland,23,UPO,2006-2010,incoming
https://ror.org/005m2at17,Harvard Affiliated Emergency Medicine Residency,US,United States,1,UPO,2006-2010,incoming
https://ror.org/005mgvs97,Shenyang Center for Disease Control and Prevention,CN,China,1,UPO,2006-2010,incoming
https://ror.org/005mpbw70,Universidade Nove de Julho,BR,Brazil,2,UPO,2006-2010,incoming
https://ror.org/005p0t446,Oeko Institut,DE,Germany,5,UPO,2006-2010,incoming
https://ror.org/005p9kw61,New Mexico Institute of Mining and Technology,US,United States,3,UPO,2006-2010,incoming
https://ror.org/005pe1772,Sixth Affiliated Hospital of Sun Yat-sen University,CN,China,6,UPO,2006-2010,incoming
https://ror.org/005qv5373,Wakayama Medical University,JP,Japan,17,UPO,2006-2010,incoming
https://ror.org/005r9p256,Royal Derby Hospital,GB,United Kingdom,3,UPO,2006-2010,incoming
https://ror.org/005rpmt10,Korea Institute of Oriental Medicine,KR,South Korea,5,UPO,2006-2010,incoming
https://ror.org/005t9n460,Saxion,NL,The Netherlands,1,UPO,2006-2010,incoming
https://ror.org/005ta0471,Istituto Nazionale di Fisica Nucleare,IT,Italy,1953,UPO,2006-2010,incoming
https://ror.org/005teat46,Institut de Recerca Sant Pau,ES,Spain,1,UPO,2006-2010,incoming
https://ror.org/005tw0h26,University Clinical Center of Kosovo,XK,Kosovo,1,UPO,2006-2010,incoming
https://ror.org/005w9jb47,Lawrence University,US,United States,1,UPO,2006-2010,incoming
https://ror.org/005x56091,Tezpur University,IN,India,11,UPO,2006-2010,incoming
https://ror.org/005x9g035,Colorado School of Public Health,US,United States,5,UPO,2006-2010,incoming
https://ror.org/005yfhm28,Institut de Biosciences et biotechnologies d'Aix-Marseille,FR,France,6,UPO,2006-2010,incoming
https://ror.org/005ypkf75,University of Reunion Island,RE,Réunion,2,UPO,2006-2010,incoming
https://ror.org/005zah758,Southern Nazarene University,US,United States,1,UPO,2006-2010,incoming
https://ror.org/00602gv86,Polonia University,PL,Poland,1,UPO,2006-2010,incoming
https://ror.org/0060avh92,Sutter Health,US,United States,25,UPO,2006-2010,incoming
https://ror.org/0060pja03,Institute for Chemistry and Biology of the Marine Environment,DE,Germany,4,UPO,2006-2010,incoming
https://ror.org/0060t0j89,United States National Library of Medicine,US,United States,10,UPO,2006-2010,incoming
https://ror.org/0060x3y55,Rutgers Cancer Institute,US,United States,4,UPO,2006-2010,incoming
https://ror.org/00613ak93,University of Wuppertal,DE,Germany,221,UPO,2006-2010,incoming
https://ror.org/00615jn62,Walgreens (United States),US,United States,1,UPO,2006-2010,incoming
https://ror.org/0061msm67,Max Planck Digital Library,DE,Germany,11,UPO,2006-2010,incoming
https://ror.org/0061x0487,University System of New Hampshire,US,United States,1,UPO,2006-2010,incoming
https://ror.org/0062dz060,Norwich Research Park,GB,United Kingdom,4,UPO,2006-2010,incoming
https://ror.org/00635kd98,Queen Elizabeth Hospital Birmingham Charity,GB,United Kingdom,3,UPO,2006-2010,incoming
https://ror.org/0064kty71,Sun Yat-sen University,CN,China,156,UPO,2006-2010,incoming
https://ror.org/0064m4q05,Huntington's Disease Society of America,US,United States,3,UPO,2006-2010,incoming
https://ror.org/0064zg438,Izaak Walton Killam Health Centre,CA,Canada,3,UPO,2006-2010,incoming
https://ror.org/0065kgn45,Center for Studying Health System Change,US,United States,1,UPO,2006-2010,incoming
https://ror.org/0065mvt73,Hospital Costa del Sol,ES,Spain,2,UPO,2006-2010,incoming
https://ror.org/0065vkd37,Brookdale University Hospital and Medical Center,US,United States,4,UPO,2006-2010,incoming
https://ror.org/0066fxv63,British University in Egypt,EG,Egypt,1,UPO,2006-2010,incoming
https://ror.org/0066qbn28,Inter-University Accelerator Centre,IN,India,2,UPO,2006-2010,incoming
https://ror.org/0066xvx18,Lucile Packard Foundation for Childrens Health,US,United States,1,UPO,2006-2010,incoming
https://ror.org/00675rp98,Centre National pour la Recherche Scientifique et Technique (CNRST),MA,Morocco,10,UPO,2006-2010,incoming
https://ror.org/006776986,Wonkwang University,KR,South Korea,625,UPO,2006-2010,incoming
https://ror.org/0067dvq63,Government of New South Wales,AU,Australia,3,UPO,2006-2010,incoming
https://ror.org/0068m0j38,Cancer Research UK Cambridge Center,GB,United Kingdom,5,UPO,2006-2010,incoming
https://ror.org/0068n3903,Guangzhou Xinhua University,CN,China,9,UPO,2006-2010,incoming
https://ror.org/0068xq694,Hospital of Southern Norway,NO,Norway,1,UPO,2006-2010,incoming
https://ror.org/0069bkg23,Lithuanian University of Health Sciences,LT,Lithuania,2,UPO,2006-2010,incoming
https://ror.org/006arvw77,Landseed Hospital,TW,Taiwan,1,UPO,2006-2010,incoming
https://ror.org/006bwjz47,490 BioTech (United States),US,United States,2,UPO,2006-2010,incoming
https://ror.org/006c8a128,Ruhrlandklinik,DE,Germany,1,UPO,2006-2010,incoming
https://ror.org/006cymg18,University of Maryland Eastern Shore,US,United States,2,UPO,2006-2010,incoming
https://ror.org/006d11e04,Agricultural Development Advisory Service (United Kingdom),GB,United Kingdom,1,UPO,2006-2010,incoming
https://ror.org/006e5kg04,Vrije Universiteit Brussel,BE,Belgium,1022,UPO,2006-2010,incoming
https://ror.org/006evg656,Hôpital de la Croix-Rousse,FR,France,15,UPO,2006-2010,incoming
https://ror.org/006gksa02,Universidad de Oviedo,ES,Spain,934,UPO,2006-2010,incoming
https://ror.org/006hbbw23,Ohio University Eastern,US,United States,1,UPO,2006-2010,incoming
https://ror.org/006hf6230,University of Twente,NL,The Netherlands,42,UPO,2006-2010,incoming
https://ror.org/006hksj32,North China Coal Medical University,CN,China,2,UPO,2006-2010,incoming
https://ror.org/006jb1a24,Bangor University,GB,United Kingdom,13,UPO,2006-2010,incoming
https://ror.org/006je8v76,Institut de Biochimie et Biophysique Moléculaire et Cellulaire,FR,France,2,UPO,2006-2010,incoming
https://ror.org/006jjmw19,University of Colorado Hospital,US,United States,16,UPO,2006-2010,incoming
https://ror.org/006jxzx88,Bond University,AU,Australia,17,UPO,2006-2010,incoming
https://ror.org/006k05x61,Complexo Hospitalar Universitário Professor Edgard Santos,BR,Brazil,3,UPO,2006-2010,incoming
https://ror.org/006k2kk72,Düsseldorf University Hospital,DE,Germany,12,UPO,2006-2010,incoming
https://ror.org/006kxhp52,United Nations,US,United States,1,UPO,2006-2010,incoming
https://ror.org/006m4q736,Azerbaijan National Academy of Sciences,AZ,Azerbaijan,26,UPO,2006-2010,incoming
https://ror.org/006maft66,Università degli Studi eCampus,IT,Italy,1,UPO,2006-2010,incoming
https://ror.org/006mbby82,Menzies School of Health Research,AU,Australia,1,UPO,2006-2010,incoming
https://ror.org/006nc8n95,Universidade Presbiteriana Mackenzie,BR,Brazil,6,UPO,2006-2010,incoming
https://ror.org/006pq9r08,Centro Cardiologico Monzino,IT,Italy,20,UPO,2006-2010,incoming
https://ror.org/006pyvd89,Arkansas State University,US,United States,5,UPO,2006-2010,incoming
https://ror.org/006qkqr45,Institute for Coastal Marine Environment,IT,Italy,1,UPO,2006-2010,incoming
https://ror.org/006rwj939,State Key Laboratory of Heavy Oil,CN,China,1,UPO,2006-2010,incoming
https://ror.org/006shqv80,Centre d'Économie de la Sorbonne,FR,France,4,UPO,2006-2010,incoming
https://ror.org/006teas31,Shanghai University,CN,China,37,UPO,2006-2010,incoming
https://ror.org/006thab72,MSH Medical School Hamburg – University of Applied Sciences and Medical University,DE,Germany,1,UPO,2006-2010,incoming
https://ror.org/006v7bf86,Harvard University Press,US,United States,1137,UPO,2006-2010,incoming
https://ror.org/006vs7897,National University of San Marcos,PE,Peru,1,UPO,2006-2010,incoming
https://ror.org/006vxbq87,HUN-REN Institute for Nuclear Research,HU,Hungary,702,UPO,2006-2010,incoming
https://ror.org/006vyay97,Lions Eye Institute,AU,Australia,1,UPO,2006-2010,incoming
https://ror.org/006w34k90,Howard Hughes Medical Institute,US,United States,115,UPO,2006-2010,incoming
https://ror.org/006x48140,Istituto di Ricovero e Cura a Carattere Scientifico San Raffaele,IT,Italy,143,UPO,2006-2010,incoming
https://ror.org/006x4sc24,Gdańsk University of Technology,PL,Poland,20,UPO,2006-2010,incoming
https://ror.org/006xrph64,Central Hospital Affiliated to Shenyang Medical College,CN,China,1,UPO,2006-2010,incoming
https://ror.org/006xyf785,James A. Haley Veterans' Hospital,US,United States,1,UPO,2006-2010,incoming
https://ror.org/006y27614,Keesler Medical Center,US,United States,1,UPO,2006-2010,incoming
https://ror.org/006yqdy38,Min Sheng General Hospital,TW,Taiwan,1,UPO,2006-2010,incoming
https://ror.org/006yspz11,Hôpital Femme Mère Enfant,FR,France,1,UPO,2006-2010,incoming
https://ror.org/006z80t96,Trinity Health,US,United States,16,UPO,2006-2010,incoming
https://ror.org/006zjws59,Universitat de Vic - Universitat Central de Catalunya,ES,Spain,5,UPO,2006-2010,incoming
https://ror.org/006zn3t30,National Institute of Arthritis and Musculoskeletal and Skin Diseases,US,United States,16,UPO,2006-2010,incoming
https://ror.org/0070wyz29,Secretaría de Salud de Jalisco,MX,Mexico,1,UPO,2006-2010,incoming
https://ror.org/0071a2k97,Queen Elizabeth II Medical Centre,AU,Australia,6,UPO,2006-2010,incoming
https://ror.org/0071qz696,Can Tho University,VN,Vietnam,1,UPO,2006-2010,incoming
https://ror.org/00726et14,West China Second University Hospital of Sichuan University,CN,China,2,UPO,2006-2010,incoming
https://ror.org/0072zz521,University of Massachusetts Amherst,US,United States,84,UPO,2006-2010,incoming
https://ror.org/0074grg94,Pomona College,US,United States,2,UPO,2006-2010,incoming
https://ror.org/0075gfd51,Universidad Loyola Andalucía,ES,Spain,5,UPO,2006-2010,incoming
https://ror.org/0076kfe04,University of Chicago Medical Center,US,United States,19,UPO,2006-2010,incoming
https://ror.org/00789fa95,Ministero della Salute,IT,Italy,2,UPO,2006-2010,incoming
https://ror.org/0078bd381,University College London Qatar,QA,Qatar,9,UPO,2006-2010,incoming
https://ror.org/0078xmk34,University of Montana,US,United States,30,UPO,2006-2010,incoming
https://ror.org/0079jjr10,Max Planck Institute for Physics,DE,Germany,365,UPO,2006-2010,incoming
https://ror.org/007a5h107,Tawam Hospital,AE,United Arab Emirates,1,UPO,2006-2010,incoming
https://ror.org/007b9cn27,National Polytechnic University of Armenia,AM,Armenia,1,UPO,2006-2010,incoming
https://ror.org/007bjx395,Cereal Research Centre,IT,Italy,1,UPO,2006-2010,incoming
https://ror.org/007bkwj81,Oktal (France),FR,France,1,UPO,2006-2010,incoming
https://ror.org/007c88108,Tokyo Institute of Psychiatry,JP,Japan,3,UPO,2006-2010,incoming
https://ror.org/007cnf143,Western New England University,US,United States,1,UPO,2006-2010,incoming
https://ror.org/007cx7r28,Chizhou University,CN,China,1,UPO,2006-2010,incoming
https://ror.org/007czgh25,CT University,IN,India,4,UPO,2006-2010,incoming
https://ror.org/007dga614,Bloomsburg University,US,United States,2,UPO,2006-2010,incoming
https://ror.org/007ecwd34,Tyndall National Institute,IE,Ireland,7,UPO,2006-2010,incoming
https://ror.org/007f1da21,University of Baghdad,IQ,Iraq,2,UPO,2006-2010,incoming
https://ror.org/007ffzr57,Lanzhou Institute of Chemical Physics,CN,China,9,UPO,2006-2010,incoming
https://ror.org/007ge8322,Kumamoto City Hospital,JP,Japan,1,UPO,2006-2010,incoming
https://ror.org/007gf6e19,Huanggang Normal University,CN,China,1,UPO,2006-2010,incoming
https://ror.org/007gfwn20,HES-SO Genève,CH,Switzerland,5,UPO,2006-2010,incoming
https://ror.org/007gj5v75,Kanagawa Institute of Technology,JP,Japan,1,UPO,2006-2010,incoming
https://ror.org/007h1qz76,Phramongkutklao Hospital,TH,Thailand,1,UPO,2006-2010,incoming
https://ror.org/007h4qe29,Tri-Service General Hospital,TW,Taiwan,18,UPO,2006-2010,incoming
https://ror.org/007hwje16,Kihara Institute for Biological Research,JP,Japan,1,UPO,2006-2010,incoming
https://ror.org/007kp6q87,Family Health International 360,US,United States,1,UPO,2006-2010,incoming
https://ror.org/007mntk44,Changchun University of Science and Technology,CN,China,1,UPO,2006-2010,incoming
https://ror.org/007mrxy13,West China Hospital of Sichuan University,CN,China,12,UPO,2006-2010,incoming
https://ror.org/007n45g27,Wellington Hospital,NZ,New Zealand,1,UPO,2006-2010,incoming
https://ror.org/007phxq15,N.D. Zelinsky Institute of Organic Chemistry,RU,Russia,7,UPO,2006-2010,incoming
https://ror.org/007ps6h72,Fred Hutch Cancer Center,US,United States,53,UPO,2006-2010,incoming
https://ror.org/007q04248,Mayo Clinic Comprehensive Cancer Center (Florida),US,United States,2,UPO,2006-2010,incoming
https://ror.org/007q4yk54,Gustavus Adolphus College,US,United States,6,UPO,2006-2010,incoming
https://ror.org/007sts724,New Mexico State University Alamogordo,US,United States,9,UPO,2006-2010,incoming
https://ror.org/007t1w466,Orthopaedic Research Laboratories,US,United States,2,UPO,2006-2010,incoming
https://ror.org/007tn5k56,Seton Hall University,US,United States,4,UPO,2006-2010,incoming
https://ror.org/007v4hf75,VIT-AP University,IN,India,3,UPO,2006-2010,incoming
https://ror.org/007vkej58,Isaac Newton Institute for Mathematical Sciences,GB,United Kingdom,2,UPO,2006-2010,incoming
https://ror.org/007wwmx82,National Institute for Communicable Diseases,ZA,South Africa,2,UPO,2006-2010,incoming
https://ror.org/007x5wz81,Ospedale Santa Chiara,IT,Italy,11,UPO,2006-2010,incoming
https://ror.org/007x9se63,Center for Devices and Radiological Health,US,United States,3,UPO,2006-2010,incoming
https://ror.org/007xckb65,Institute for Neurodegenerative Diseases,US,United States,1,UPO,2006-2010,incoming
https://ror.org/007y6q934,Université TÉLUQ,CA,Canada,1,UPO,2006-2010,incoming
https://ror.org/007zpd132,Islamic Azad University of Hamedan,IR,Iran,1,UPO,2006-2010,incoming
https://ror.org/0080acb59,John Radcliffe Hospital,GB,United Kingdom,68,UPO,2006-2010,incoming
https://ror.org/0080fxk18,"California State University, Long Beach",US,United States,7,UPO,2006-2010,incoming
https://ror.org/0080yzn09,Institute of Technical Chemistry,RU,Russia,1,UPO,2006-2010,incoming
https://ror.org/0081fs513,Universidad de Buenos Aires,AR,Argentina,114,UPO,2006-2010,incoming
https://ror.org/00822yn93,Instituto de Física de Buenos Aires,AR,Argentina,7,UPO,2006-2010,incoming
https://ror.org/0082wq496,Secretaria de Salud,MX,Mexico,12,UPO,2006-2010,incoming
https://ror.org/0082ybm03,Texas Tech University System,US,United States,1346,UPO,2006-2010,incoming
https://ror.org/0082yr561,Gubkin Russian State University of Oil and Gas,RU,Russia,4,UPO,2006-2010,incoming
https://ror.org/00839we02,Acadia University,CA,Canada,1,UPO,2006-2010,incoming
https://ror.org/0083hz885,Health Services Research & Development,US,United States,9,UPO,2006-2010,incoming
https://ror.org/0083mf965,Hudson Institute of Medical Research,AU,Australia,1,UPO,2006-2010,incoming
https://ror.org/00840ea57,University of Basrah,IQ,Iraq,2,UPO,2006-2010,incoming
https://ror.org/0084njv03,Texas A&M University – San Antonio,US,United States,1,UPO,2006-2010,incoming
https://ror.org/0084rd854,Institute for Sports Medicine,DE,Germany,1,UPO,2006-2010,incoming
https://ror.org/0084te143,Centre Hospitalier Universitaire de Besançon,FR,France,15,UPO,2006-2010,incoming
https://ror.org/0085wxm22,Seijoh University,JP,Japan,2,UPO,2006-2010,incoming
https://ror.org/0086b8v72,International Neuroscience Institute,DE,Germany,1,UPO,2006-2010,incoming
https://ror.org/0086ms749,Arnold Palmer Hospital for Children,US,United States,1,UPO,2006-2010,incoming
https://ror.org/00874hx02,National Oceanography Centre,GB,United Kingdom,1,UPO,2006-2010,incoming
https://ror.org/0087djs12,Max Planck Institute for Dynamics and Self-Organization,DE,Germany,3,UPO,2006-2010,incoming
https://ror.org/0089bg420,Daresbury Laboratory,GB,United Kingdom,39,UPO,2006-2010,incoming
https://ror.org/008cfmj78,Wyss Institute for Biologically Inspired Engineering,US,United States,1,UPO,2006-2010,incoming
https://ror.org/008ebms37,Institute of Theoretical and Experimental Biophysics,RU,Russia,42,UPO,2006-2010,incoming
https://ror.org/008fjbg42,Institute for Sustainable Plant Protection,IT,Italy,3,UPO,2006-2010,incoming
https://ror.org/008fyn775,Wrocław University of Science and Technology,PL,Poland,41,UPO,2006-2010,incoming
https://ror.org/008g9ns82,Mutah University,JO,Jordan,1,UPO,2006-2010,incoming
https://ror.org/008g9p546,United States Postal Service,US,United States,12,UPO,2006-2010,incoming
https://ror.org/008gjgb19,Department of Agriculture Food and the Marine,IE,Ireland,4,UPO,2006-2010,incoming
https://ror.org/008j59125,Aintree University Hospital,GB,United Kingdom,12,UPO,2006-2010,incoming
https://ror.org/008jvv944,Héma-Québec,CA,Canada,2,UPO,2006-2010,incoming
https://ror.org/008kev776,World Health Organization Regional Office for the Americas,US,United States,1,UPO,2006-2010,incoming
https://ror.org/008kn4z11,Délégation Ile-de-France Villejuif,FR,France,5,UPO,2006-2010,incoming
https://ror.org/008kt5750,Symphogen (Denmark),DK,Denmark,1,UPO,2006-2010,incoming
https://ror.org/008ms5s18,Lamar University,US,United States,1,UPO,2006-2010,incoming
https://ror.org/008mx9f83,Institute for Particle and Nuclear Physics,HU,Hungary,1071,UPO,2006-2010,incoming
https://ror.org/008n78156,Laboratoire de neurosciences fonctionnelles et pathologies,FR,France,1,UPO,2006-2010,incoming
https://ror.org/008n7pv89,University of Plymouth,GB,United Kingdom,26,UPO,2006-2010,incoming
https://ror.org/008q4kt04,The Royal Victorian Eye & Ear Hospital,AU,Australia,1,UPO,2006-2010,incoming
https://ror.org/008rmbt77,Binghamton University,US,United States,5,UPO,2006-2010,incoming
https://ror.org/008rqvc37,Lata Medical Research Foundation,IN,India,2,UPO,2006-2010,incoming
https://ror.org/008s83205,University of Alabama at Birmingham,US,United States,113,UPO,2006-2010,incoming
https://ror.org/008sqe405,Children's Hospital Srebrnjak,HR,Croatia,1,UPO,2006-2010,incoming
https://ror.org/008stv805,University of the South Pacific,FJ,Fiji,1,UPO,2006-2010,incoming
https://ror.org/008tcyj69,Ospedale di Sanremo,IT,Italy,1,UPO,2006-2010,incoming
https://ror.org/008td3p62,Institute for Cosmic Ray Research,JP,Japan,16,UPO,2006-2010,incoming
https://ror.org/008te2062,St Michael’s Hospital,IE,Ireland,1,UPO,2006-2010,incoming
https://ror.org/008w1vb37,Binzhou Medical University,CN,China,1,UPO,2006-2010,incoming
https://ror.org/008x57b05,University of Antwerp,BE,Belgium,1104,UPO,2006-2010,incoming
https://ror.org/008xxew50,Vrije Universiteit Amsterdam,NL,The Netherlands,196,UPO,2006-2010,incoming
https://ror.org/008zj0x80,Hackensack University Medical Center,US,United States,16,UPO,2006-2010,incoming
https://ror.org/008zs3103,Rice University,US,United States,931,UPO,2006-2010,incoming
https://ror.org/008zyts17,Mito Saiseikai General Hospital,JP,Japan,1,UPO,2006-2010,incoming
https://ror.org/008zz8m46,Nagoya University Hospital,JP,Japan,4,UPO,2006-2010,incoming
https://ror.org/0090r4d87,Institute of Computing Technology,CN,China,1,UPO,2006-2010,incoming
https://ror.org/00911j719,Tianjin Third Central Hospital,CN,China,1,UPO,2006-2010,incoming
https://ror.org/0091vmj44,Shahid Beheshti University,IR,Iran,5,UPO,2006-2010,incoming
https://ror.org/0092p0v85,Breast International Group,BE,Belgium,1,UPO,2006-2010,incoming
https://ror.org/0093a8w51,Blekinge Institute of Technology,SE,Sweden,2,UPO,2006-2010,incoming
https://ror.org/0093xcb35,Ashikaga Red Cross Hospital,JP,Japan,1,UPO,2006-2010,incoming
https://ror.org/00944ve71,National Central University,TW,Taiwan,876,UPO,2006-2010,incoming
https://ror.org/0094tm228,Wellcome Centre for Cell-Matrix Research,GB,United Kingdom,6,UPO,2006-2010,incoming
https://ror.org/009543z50,Northwestern Memorial Hospital,US,United States,6,UPO,2006-2010,incoming
https://ror.org/0095xwr23,Max Planck Institute of Microstructure Physics,DE,Germany,1,UPO,2006-2010,incoming
https://ror.org/00965ax52,Kyoto Institute of Technology,JP,Japan,6,UPO,2006-2010,incoming
https://ror.org/00965bg92,University of Nis,RS,Serbia,13,UPO,2006-2010,incoming
https://ror.org/0097e1k27,Wright-Patterson Air Force Base,US,United States,6,UPO,2006-2010,incoming
https://ror.org/00987cb86,Universidade Estadual Paulista (Unesp),BR,Brazil,932,UPO,2006-2010,incoming
https://ror.org/0098gnz32,Norwegian Defence Research Establishment,NO,Norway,4,UPO,2006-2010,incoming
https://ror.org/0099d6q96,Beijing Institute of Optoelectronic Technology,CN,China,1,UPO,2006-2010,incoming
https://ror.org/009avj582,Oregon Health & Science University,US,United States,188,UPO,2006-2010,incoming
https://ror.org/009bsy196,Edinburgh Royal Infirmary,GB,United Kingdom,8,UPO,2006-2010,incoming
https://ror.org/009byq155,Centro de Investigación Biomédica en Red de Salud Mental,ES,Spain,2,UPO,2006-2010,incoming
https://ror.org/009c06z12,Intermountain Medical Center,US,United States,2,UPO,2006-2010,incoming
https://ror.org/009cpej84,Dallas Surgical Group,US,United States,1,UPO,2006-2010,incoming
https://ror.org/009dch554,Missouri Valley Cancer Consortium,US,United States,1,UPO,2006-2010,incoming
https://ror.org/009djsq06,King Abdulaziz Medical City,SA,Saudi Arabia,2,UPO,2006-2010,incoming
https://ror.org/009eqmr18,Centro de Investigación y de Estudios Avanzados del Instituto Politécnico Nacional,MX,Mexico,324,UPO,2006-2010,incoming
https://ror.org/009ey6w22,Texas State University System,US,United States,1,UPO,2006-2010,incoming
https://ror.org/009fk3b63,Portsmouth Hospitals NHS Trust,GB,United Kingdom,19,UPO,2006-2010,incoming
https://ror.org/009fw8j44,Hebei Agricultural University,CN,China,6,UPO,2006-2010,incoming
https://ror.org/009g8rq41,"Ministry of Agriculture, Food and Rural Affairs",KR,South Korea,2,UPO,2006-2010,incoming
https://ror.org/009gmrj52,École de management de Lyon,FR,France,2,UPO,2006-2010,incoming
https://ror.org/009gyvm78,The Abdus Salam International Centre for Theoretical Physics (ICTP),IT,Italy,154,UPO,2006-2010,incoming
https://ror.org/009h0v784,Fondazione Istituto Neurologico Nazionale Casimiro Mondino,IT,Italy,3,UPO,2006-2010,incoming
https://ror.org/009h5ks85,National Yang Ming University,TW,Taiwan,65,UPO,2006-2010,incoming
https://ror.org/009j32424,Institute of Livestock and Grassland Science,JP,Japan,4,UPO,2006-2010,incoming
https://ror.org/009k7c907,Northern Health,AU,Australia,2,UPO,2006-2010,incoming
https://ror.org/009kb8w74,Hôpital Rothschild,FR,France,2,UPO,2006-2010,incoming
https://ror.org/009kef261,Instituto Universitário de Pesquisas do Rio de Janeiro,BR,Brazil,1,UPO,2006-2010,incoming
https://ror.org/009kr6r15,Western General Hospital,GB,United Kingdom,21,UPO,2006-2010,incoming
https://ror.org/009kx9832,University of Jos,NG,Nigeria,3,UPO,2006-2010,incoming
https://ror.org/009mk5659,American College of Surgeons,US,United States,1,UPO,2006-2010,incoming
https://ror.org/009nfym65,Post Graduate Institute of Medical Education and Research,IN,India,17,UPO,2006-2010,incoming
https://ror.org/009raxq57,Mercy Medical Center,US,United States,10,UPO,2006-2010,incoming
https://ror.org/009s53a61,IMDEA Materials,ES,Spain,1,UPO,2006-2010,incoming
https://ror.org/009s7a550,Pamela Youde Nethersole Eastern Hospital,HK,Hong Kong,3,UPO,2006-2010,incoming
https://ror.org/009sa0g06,Royal Liverpool and Broadgreen University Hospital NHS Trust,GB,United Kingdom,8,UPO,2006-2010,incoming
https://ror.org/009st3569,Tel Hai Academic College,IL,Israel,5,UPO,2006-2010,incoming
https://ror.org/009vheq40,Churchill Hospital,GB,United Kingdom,14,UPO,2006-2010,incoming
https://ror.org/009wnjh50,"Istituto Nazionale di Fisica Nucleare, Sezione di Roma Tre",IT,Italy,3,UPO,2006-2010,incoming
https://ror.org/009wseg80,Instituto de Física Fundamental,ES,Spain,3,UPO,2006-2010,incoming
https://ror.org/009wx7055,USA Mitchell Cancer Institute,US,United States,3,UPO,2006-2010,incoming
https://ror.org/009x65438,Mukogawa Women's University,JP,Japan,1,UPO,2006-2010,incoming
https://ror.org/009xwd568,University of the Free State,ZA,South Africa,8,UPO,2006-2010,incoming
https://ror.org/009ywjj88,Clinical Research Institute,US,United States,6,UPO,2006-2010,incoming
https://ror.org/009z39p97,St. Joseph’s Healthcare Hamilton,CA,Canada,2,UPO,2006-2010,incoming
https://ror.org/009ztd224,Re-shaping Development Institute,KR,South Korea,1,UPO,2006-2010,incoming
https://ror.org/00a06kx42,La Porte Hospital,US,United States,1,UPO,2006-2010,incoming
https://ror.org/00a0jsq62,London School of Hygiene & Tropical Medicine,GB,United Kingdom,65,UPO,2006-2010,incoming
https://ror.org/00a0n9e72,University of Limerick,IE,Ireland,6,UPO,2006-2010,incoming
https://ror.org/00a1c5n07,VA Western New York Healthcare System,US,United States,3,UPO,2006-2010,incoming
https://ror.org/00a208s56,Chemnitz University of Technology,DE,Germany,14,UPO,2006-2010,incoming
https://ror.org/00a2pr463,National Agricultural Genotyping Center,US,United States,1,UPO,2006-2010,incoming
https://ror.org/00a2syk23,Ludwig Boltzmann Institute for Digital Health and Prevention,AT,Austria,1,UPO,2006-2010,incoming
https://ror.org/00a2xv884,Zhejiang University,CN,China,3,UPO,2006-2010,incoming
https://ror.org/00a3sq030,Franklin University,US,United States,1,UPO,2006-2010,incoming
https://ror.org/00a4kqq17,Cochin University of Science and Technology,IN,India,1,UPO,2006-2010,incoming
https://ror.org/00a56am39,Philippine General Hospital,PH,Philippines,3,UPO,2006-2010,incoming
https://ror.org/00a5pe906,University of Western Macedonia,GR,Greece,1,UPO,2006-2010,incoming
https://ror.org/00a6cxf28,OU Health,US,United States,1,UPO,2006-2010,incoming
https://ror.org/00a7vgh58,Max-Planck-Institut für Kohlenforschung,DE,Germany,11,UPO,2006-2010,incoming
https://ror.org/00a7wgt63,Winterthur Museum Garden and Library,US,United States,2,UPO,2006-2010,incoming
https://ror.org/00a858n67,Royal United Hospital,GB,United Kingdom,1,UPO,2006-2010,incoming
https://ror.org/00a8p0m24,Centre de sociologie de l'innovation,FR,France,12,UPO,2006-2010,incoming
https://ror.org/00a8tg325,Korea Institute of Radiological and Medical Sciences,KR,South Korea,12,UPO,2006-2010,incoming
https://ror.org/00a8zdv13,"Ludwig Boltzmann Institute for Traumatology, The Research Center in Cooperation with AUVA",AT,Austria,4,UPO,2006-2010,incoming
https://ror.org/00a9eka65,University of Science and Technologies,UZ,Uzbekistan,1,UPO,2006-2010,incoming
https://ror.org/00aapa202,Kanagawa Cancer Center,JP,Japan,2,UPO,2006-2010,incoming
https://ror.org/00ab9fg88,Russian Cancer Research Center NN Blokhin,RU,Russia,4,UPO,2006-2010,incoming
https://ror.org/00abj3t43,Somerset NHS Foundation Trust,GB,United Kingdom,1,UPO,2006-2010,incoming
https://ror.org/00acv8d41,Chalmers Industriteknik,SE,Sweden,1,UPO,2006-2010,incoming
https://ror.org/00ad27c73,A. Alikhanyan National Laboratory,AM,Armenia,1382,UPO,2006-2010,incoming
https://ror.org/00adh9b73,National Institute of Diabetes and Digestive and Kidney Diseases,US,United States,17,UPO,2006-2010,incoming
https://ror.org/00adwkx90,Institut des Sciences Chimiques de Rennes,FR,France,33,UPO,2006-2010,incoming
https://ror.org/00ae33288,London Metropolitan University,GB,United Kingdom,3,UPO,2006-2010,incoming
https://ror.org/00aeyav11,Foundation for Biomedical Research,US,United States,9,UPO,2006-2010,incoming
https://ror.org/00af3sa43,Isfahan University of Technology,IR,Iran,14,UPO,2006-2010,incoming
https://ror.org/00afdp487,Victor Babeș University of Medicine and Pharmacy Timișoara,RO,Romania,3,UPO,2006-2010,incoming
https://ror.org/00afp2z80,University of Liège,BE,Belgium,128,UPO,2006-2010,incoming
https://ror.org/00aft1q37,Sejong University,KR,South Korea,509,UPO,2006-2010,incoming
https://ror.org/00ag0rb94,Children's Hospital Research Institute of Manitoba,CA,Canada,3,UPO,2006-2010,incoming
https://ror.org/00ah3j950,Fountain University,NG,Nigeria,1,UPO,2006-2010,incoming
https://ror.org/00ajckn66,European Central Bank,DE,Germany,1,UPO,2006-2010,incoming
https://ror.org/00anb1726,Vertex Pharmaceuticals (United States),US,United States,2,UPO,2006-2010,incoming
https://ror.org/00apj8t60,Bandung Institute of Technology,ID,Indonesia,1,UPO,2006-2010,incoming
https://ror.org/00aps1a34,NIHR Oxford Musculoskeletal Biomedical Research Centre,GB,United Kingdom,1,UPO,2006-2010,incoming
https://ror.org/00aqfrr40,Hospital Universitário de Santa Maria,BR,Brazil,1,UPO,2006-2010,incoming
https://ror.org/00arwy491,Royal Victoria Hospital,CA,Canada,8,UPO,2006-2010,incoming
https://ror.org/00av3hs56,Chubu Rosai Hospital,JP,Japan,1,UPO,2006-2010,incoming
https://ror.org/00av5yz18,Health and Safety Executive,GB,United Kingdom,1,UPO,2006-2010,incoming
https://ror.org/00avmbz91,Georgia Tech-CNRS Laboratory,FR,France,1,UPO,2006-2010,incoming
https://ror.org/00awbw743,Swedish Veterinary Agency,SE,Sweden,2,UPO,2006-2010,incoming
https://ror.org/00awd9g61,"The Graduate Center, CUNY",US,United States,4,UPO,2006-2010,incoming
https://ror.org/00ax83b61,Triangle Universities Nuclear Laboratory,US,United States,4,UPO,2006-2010,incoming
https://ror.org/00ay43505,Institut de Virologie,FR,France,6,UPO,2006-2010,incoming
https://ror.org/00ay7va13,Bowling Green State University,US,United States,18,UPO,2006-2010,incoming
https://ror.org/00ay9v204,University of Shanghai for Science and Technology,CN,China,1,UPO,2006-2010,incoming
https://ror.org/00aycez97,Laboratoire HydroSciences Montpellier,FR,France,1,UPO,2006-2010,incoming
https://ror.org/00aygzx54,Niigata University of Health and Welfare,JP,Japan,2,UPO,2006-2010,incoming
https://ror.org/00ayhx656,University of Sussex,GB,United Kingdom,73,UPO,2006-2010,incoming
https://ror.org/00ayvpa66,Institute of Botany of the Slovak Academy of Sciences,SK,Slovakia,3,UPO,2006-2010,incoming
https://ror.org/00az5dt38,Carnegie Mellon University Qatar,QA,Qatar,1,UPO,2006-2010,incoming
https://ror.org/00b06cz11,Kinderkrankenhaus auf der Bult,DE,Germany,11,UPO,2006-2010,incoming
https://ror.org/00b0abc98,Sigmund Freud Privatuniversität - Standort Paris,FR,France,2,UPO,2006-2010,incoming
https://ror.org/00b0jb681,Krasnoyarsk State Medical University,RU,Russia,4,UPO,2006-2010,incoming
https://ror.org/00b0mey76,Defence Institute of High Altitude Research,IN,India,1,UPO,2006-2010,incoming
https://ror.org/00b1c9541,University of Hohenheim,DE,Germany,10,UPO,2006-2010,incoming
https://ror.org/00b1drk46,Asper Biotech (Estonia),EE,Estonia,1,UPO,2006-2010,incoming
https://ror.org/00b25kb57,EDP Sciences,FR,France,1,UPO,2006-2010,incoming
https://ror.org/00b31g692,Barts Health NHS Trust,GB,United Kingdom,113,UPO,2006-2010,incoming
https://ror.org/00b45dj41,Ishikawa Prefectural University,JP,Japan,1,UPO,2006-2010,incoming
https://ror.org/00b4mx203,Institute of Hydrobiology,CN,China,8,UPO,2006-2010,incoming
https://ror.org/00b5m4j81,Shell (Netherlands),NL,The Netherlands,4,UPO,2006-2010,incoming
https://ror.org/00b6s9f18,Osaka National Hospital,JP,Japan,1,UPO,2006-2010,incoming
https://ror.org/00b747122,Kantonsspital Baselland,CH,Switzerland,1,UPO,2006-2010,incoming
https://ror.org/00b7ckn36,Bellevue University,US,United States,1,UPO,2006-2010,incoming
https://ror.org/00b7dkt53,Centro Ricerche FIAT,IT,Italy,2,UPO,2006-2010,incoming
https://ror.org/00b9ahn78,Sir Charles Gairdner Osborne Park Health Care Group,AU,Australia,9,UPO,2006-2010,incoming
https://ror.org/00b9ktm87,Amazon (Germany),DE,Germany,1,UPO,2006-2010,incoming
https://ror.org/00baak391,National Human Genome Research Institute,US,United States,36,UPO,2006-2010,incoming
https://ror.org/00baer621,Bon Secours Health System,US,United States,1,UPO,2006-2010,incoming
https://ror.org/00bas1c41,AGH University of Krakow,PL,Poland,175,UPO,2006-2010,incoming
https://ror.org/00bb55562,Kobe University Hospital,JP,Japan,1,UPO,2006-2010,incoming
https://ror.org/00bbkr059,Signal and Information Processing Laboratory,CH,Switzerland,1,UPO,2006-2010,incoming
https://ror.org/00bbtde36,Laboratoire Univers et Théories,FR,France,3,UPO,2006-2010,incoming
https://ror.org/00bc51d88,Istituto di Nanotecnologia,IT,Italy,11,UPO,2006-2010,incoming
https://ror.org/00bcwc583,Molina Center for Energy and the Environment,US,United States,1,UPO,2006-2010,incoming
https://ror.org/00bdqav06,Cooperative Institute for Research in Environmental Sciences,US,United States,1,UPO,2006-2010,incoming
https://ror.org/00be3zh53,Institute of Applied Science and Intelligent Systems,IT,Italy,15,UPO,2006-2010,incoming
https://ror.org/00bea5h57,Institute Mutualiste Montsouris,FR,France,9,UPO,2006-2010,incoming
https://ror.org/00berct97,NTT (Japan),JP,Japan,2,UPO,2006-2010,incoming
https://ror.org/00bg9m975,Astro Space Center,RU,Russia,324,UPO,2006-2010,incoming
https://ror.org/00bgk9508,Politecnico di Torino,IT,Italy,209,UPO,2006-2010,incoming
https://ror.org/00bgtad15,St. John's University,US,United States,8,UPO,2006-2010,incoming
https://ror.org/00bhv3b03,Institute of Circulatory and Respiratory Health,CA,Canada,2,UPO,2006-2010,incoming
https://ror.org/00bjck208,Glasgow Royal Infirmary,GB,United Kingdom,15,UPO,2006-2010,incoming
https://ror.org/00bjjqs38,Délégation Rhône Auvergne,FR,France,4,UPO,2006-2010,incoming
https://ror.org/00bky6e07,"Kohnodai Hospital, National Center for Global Health and Medicine",JP,Japan,2,UPO,2006-2010,incoming
https://ror.org/00bmj0a71,University of Greenwich,GB,United Kingdom,6,UPO,2006-2010,incoming
https://ror.org/00bmv4102,Emma Kinderziekenhuis,NL,The Netherlands,15,UPO,2006-2010,incoming
https://ror.org/00bnagp43,Instituto de Productos Lácteos de Asturias,ES,Spain,3,UPO,2006-2010,incoming
https://ror.org/00bpmmc63,"National Institute of Astrophysics, Optics and Electronics",MX,Mexico,1,UPO,2006-2010,incoming
https://ror.org/00bq4rw46,Hospital Italiano de Buenos Aires,AR,Argentina,5,UPO,2006-2010,incoming
https://ror.org/00bqrh472,Universidad Autónoma de Ica,PE,Peru,1,UPO,2006-2010,incoming
https://ror.org/00bqvf857,Cardiff Metropolitan University,GB,United Kingdom,1,UPO,2006-2010,incoming
https://ror.org/00brc6r59,National University of Engineering,NI,Nicaragua,2,UPO,2006-2010,incoming
https://ror.org/00bs3zm56,Nagasaki Municipal Hospital,JP,Japan,1,UPO,2006-2010,incoming
https://ror.org/00btvqy64,Pohang Iron and Steel (South Korea),KR,South Korea,2,UPO,2006-2010,incoming
https://ror.org/00bv27459,Instituto Superior de Investigaciones Biológicas,AR,Argentina,1,UPO,2006-2010,incoming
https://ror.org/00bv64a69,Japanese Foundation For Cancer Research,JP,Japan,2,UPO,2006-2010,incoming
https://ror.org/00bvhmc43,Spanish National Cancer Research Centre,ES,Spain,90,UPO,2006-2010,incoming
https://ror.org/00bw5n526,Délégation Paris 7,FR,France,3,UPO,2006-2010,incoming
https://ror.org/00bw8d226,National University of Malaysia,MY,Malaysia,8,UPO,2006-2010,incoming
https://ror.org/00bwhj131,Newark Beth Israel Medical Center,US,United States,5,UPO,2006-2010,incoming
https://ror.org/00bx71042,Coombe Women & Infants University Hospital,IE,Ireland,1,UPO,2006-2010,incoming
https://ror.org/00by1q217,Roche (Switzerland),CH,Switzerland,44,UPO,2006-2010,incoming
https://ror.org/00by9f077,Food Research Institute,JP,Japan,1,UPO,2006-2010,incoming
https://ror.org/00byxdz40,Institut de Recherche Interdisciplinaire de Grenoble,FR,France,16,UPO,2006-2010,incoming
https://ror.org/00bzgd159,Instituto de Ciencia y Tecnología de Polímeros,ES,Spain,3,UPO,2006-2010,incoming
https://ror.org/00c00ys31,Centre de Bio-Informatique,FR,France,2,UPO,2006-2010,incoming
https://ror.org/00c01js51,The Ohio State University Wexner Medical Center,US,United States,13,UPO,2006-2010,incoming
https://ror.org/00c1dt378,Queensland Health,AU,Australia,22,UPO,2006-2010,incoming
https://ror.org/00c2tyx86,ARUP Laboratories (United States),US,United States,6,UPO,2006-2010,incoming
https://ror.org/00c32gy34,Universidad de Sonora,MX,Mexico,1,UPO,2006-2010,incoming
https://ror.org/00c489v88,Academy of Medical Sciences,GB,United Kingdom,8,UPO,2006-2010,incoming
https://ror.org/00c4e7y75,Wichita State University,US,United States,14,UPO,2006-2010,incoming
https://ror.org/00c5zkt18,D&P (United States),US,United States,3,UPO,2006-2010,incoming
https://ror.org/00c66jq56,South Shore Hospital,US,United States,2,UPO,2006-2010,incoming
https://ror.org/00c7fav87,Syarif Hidayatullah State Islamic University Jakarta,ID,Indonesia,1,UPO,2006-2010,incoming
https://ror.org/00c7kvd80,"Christian Medical College, Vellore",IN,India,5,UPO,2006-2010,incoming
https://ror.org/00c879s84,Groote Schuur Hospital,ZA,South Africa,3,UPO,2006-2010,incoming
https://ror.org/00c8gax70,Queen Elizabeth II Jubilee Hospital,AU,Australia,1,UPO,2006-2010,incoming
https://ror.org/00c8n3h65,European Respiratory Society,CH,Switzerland,15,UPO,2006-2010,incoming
https://ror.org/00c8rjz37,Mansoura University Hospital,EG,Egypt,1,UPO,2006-2010,incoming
https://ror.org/00c8v4891,Long Island Jewish Medical Center,US,United States,36,UPO,2006-2010,incoming
https://ror.org/00ca2c886,Instituto de Salud Carlos III,ES,Spain,116,UPO,2006-2010,incoming
https://ror.org/00ca6fy54,National Kaohsiung Marine University,TW,Taiwan,1,UPO,2006-2010,incoming
https://ror.org/00cagf561,State Key Laboratory of Reproductive Medicine,CN,China,4,UPO,2006-2010,incoming
https://ror.org/00caq9197,Euskadiko Parke Teknologikoa,ES,Spain,7,UPO,2006-2010,incoming
https://ror.org/00carf720,Royal Adelaide Hospital,AU,Australia,19,UPO,2006-2010,incoming
https://ror.org/00cb23x68,Kwame Nkrumah University of Science and Technology,GH,Ghana,1,UPO,2006-2010,incoming
https://ror.org/00cb3km46,Seoul National University Bundang Hospital,KR,South Korea,9,UPO,2006-2010,incoming
https://ror.org/00cb9w016,Ain Shams University,EG,Egypt,14,UPO,2006-2010,incoming
https://ror.org/00cbhey71,Changchun Normal University,CN,China,1,UPO,2006-2010,incoming
https://ror.org/00cch2r34,Institut Rayonnement-Matière de Saclay,FR,France,5,UPO,2006-2010,incoming
https://ror.org/00cde8652,Laureate Psychiatric Clinic and Hospital,US,United States,1,UPO,2006-2010,incoming
https://ror.org/00cdrtq48,Alfaisal University,SA,Saudi Arabia,4,UPO,2006-2010,incoming
https://ror.org/00cdwy346,Freeman Hospital,GB,United Kingdom,4,UPO,2006-2010,incoming
https://ror.org/00cdz3124,Hospital General Universitario Santa María del Rosell,ES,Spain,1,UPO,2006-2010,incoming
https://ror.org/00cea8r21,Montefiore Einstein Comprehensive Cancer Center,US,United States,4,UPO,2006-2010,incoming
https://ror.org/00cepxd71,Institute for Biomechanics,CH,Switzerland,1,UPO,2006-2010,incoming
https://ror.org/00cfam450,Helmholtz Zentrum München,DE,Germany,56,UPO,2006-2010,incoming
https://ror.org/00cfdk448,Royal Cornwall Hospital,GB,United Kingdom,2,UPO,2006-2010,incoming
https://ror.org/00cfm3y81,Hospital General Universitario Morales Meseguer,ES,Spain,1,UPO,2006-2010,incoming
https://ror.org/00chfja07,Seoul National University of Science and Technology,KR,South Korea,2,UPO,2006-2010,incoming
https://ror.org/00cjeg736,Birmingham and Solihull Mental Health NHS Foundation Trust,GB,United Kingdom,3,UPO,2006-2010,incoming
https://ror.org/00cm2cb35,Virginia Mason Medical Center,US,United States,16,UPO,2006-2010,incoming
https://ror.org/00cm8nm15,"University of California, Irvine Medical Center",US,United States,7,UPO,2006-2010,incoming
https://ror.org/00cmk4n56,Ospedale di Bolzano,IT,Italy,1,UPO,2006-2010,incoming
https://ror.org/00cn3vx82,Novartis Institute For Tropical Diseases,SG,Singapore,3,UPO,2006-2010,incoming
https://ror.org/00cn92c09,National Taipei University of Technology,TW,Taiwan,2,UPO,2006-2010,incoming
https://ror.org/00cpb6264,Istituto Neurologico Mediterraneo,IT,Italy,38,UPO,2006-2010,incoming
https://ror.org/00cqv5s75,Sri Venkateswara Medical College and Ruia Hospital,IN,India,1,UPO,2006-2010,incoming
https://ror.org/00cr15z55,St. Elizabeth's Medical Center,US,United States,4,UPO,2006-2010,incoming
https://ror.org/00cr96696,Center for Clinical Research and Prevention,DK,Denmark,1,UPO,2006-2010,incoming
https://ror.org/00crteh33,Université Rennes 1,FR,France,1,UPO,2006-2010,incoming
https://ror.org/00cv4n034,Royal Brompton Hospital,GB,United Kingdom,19,UPO,2006-2010,incoming
https://ror.org/00cv9y106,Ghent University,BE,Belgium,948,UPO,2006-2010,incoming
https://ror.org/00cvxb145,University of Washington,US,United States,271,UPO,2006-2010,incoming
https://ror.org/00cvzzg84,Incyte (United States),US,United States,1,UPO,2006-2010,incoming
https://ror.org/00cwqg982,Biotechnology and Biological Sciences Research Council,GB,United Kingdom,37,UPO,2006-2010,incoming
https://ror.org/00cwrhn79,Saint Vincent's Catholic Medical Center,US,United States,1,UPO,2006-2010,incoming
https://ror.org/00cxy0s05,Hôpital Charles-Nicolle,FR,France,12,UPO,2006-2010,incoming
https://ror.org/00cy2ef80,Centro Universitário Metodista IPA,BR,Brazil,1,UPO,2006-2010,incoming
https://ror.org/00cyydd11,University of Eastern Finland,FI,Finland,74,UPO,2006-2010,incoming
https://ror.org/00cz47042,National Museum of Natural History,US,United States,2,UPO,2006-2010,incoming
https://ror.org/00d0nc645,Microsoft (United States),US,United States,2,UPO,2006-2010,incoming
https://ror.org/00d0r9b26,Heim Pál Országos Gyermekgyógyászati Intézet,HU,Hungary,15,UPO,2006-2010,incoming
https://ror.org/00d1dhh09,Dartmouth–Hitchcock Medical Center,US,United States,18,UPO,2006-2010,incoming
https://ror.org/00d264c35,Frederiksberg Hospital,DK,Denmark,2,UPO,2006-2010,incoming
https://ror.org/00d2v4e22,Barnet Enfield and Haringey Mental Health Trust,GB,United Kingdom,1,UPO,2006-2010,incoming
https://ror.org/00d2wxy31,Jinan Maternity And Care Hospital,CN,China,1,UPO,2006-2010,incoming
https://ror.org/00d2y1254,Misericordia University,US,United States,2,UPO,2006-2010,incoming
https://ror.org/00d3mr981,Fukuoka University Hospital,JP,Japan,1,UPO,2006-2010,incoming
https://ror.org/00d3pnh21,Horia Hulubei National Institute for R and D in Physics and Nuclear Engineering,RO,Romania,1,UPO,2006-2010,incoming
https://ror.org/00d3w5v70,Prairie Education and Research Cooperative,US,United States,1,UPO,2006-2010,incoming
https://ror.org/00d4h7g98,Research Institute for Astronomy and Astrophysics of Maragh,IR,Iran,3,UPO,2006-2010,incoming
https://ror.org/00d4pqn65,Vaccine and Gene Therapy Institute,US,United States,18,UPO,2006-2010,incoming
https://ror.org/00d6k8y35,University of Staffordshire,GB,United Kingdom,1,UPO,2006-2010,incoming
https://ror.org/00d7xrm67,Graz University of Technology,AT,Austria,11,UPO,2006-2010,incoming
https://ror.org/00d80zx46,Chang Gung University,TW,Taiwan,46,UPO,2006-2010,incoming
https://ror.org/00d8n5w16,Bioscientifica (United Kingdom),GB,United Kingdom,1,UPO,2006-2010,incoming
https://ror.org/00d973h41,Södertörn University,SE,Sweden,7,UPO,2006-2010,incoming
https://ror.org/00d9ah105,"University of California, Merced",US,United States,18,UPO,2006-2010,incoming
https://ror.org/00da1gf19,Hasanuddin University,ID,Indonesia,1,UPO,2006-2010,incoming
https://ror.org/00dbkrq51,Cochrane,GB,United Kingdom,6,UPO,2006-2010,incoming
https://ror.org/00dcrfk74,ARMINES,FR,France,13,UPO,2006-2010,incoming
https://ror.org/00dcv1019,Allen Institute for Brain Science,US,United States,3,UPO,2006-2010,incoming
https://ror.org/00devjr72,Universidade Federal do Vale do São Francisco,BR,Brazil,1,UPO,2006-2010,incoming
https://ror.org/00df5yc52,Beijing University of Chemical Technology,CN,China,33,UPO,2006-2010,incoming
https://ror.org/00dj4dg56,Instituto do Mar,PT,Portugal,7,UPO,2006-2010,incoming
https://ror.org/00djv2c17,Indian Institute of Science Education and Research Kolkata,IN,India,2,UPO,2006-2010,incoming
https://ror.org/00djwmt25,University Grants Committee,HK,Hong Kong,3,UPO,2006-2010,incoming
https://ror.org/00dkye506,Boehringer Ingelheim Fonds,DE,Germany,12,UPO,2006-2010,incoming
https://ror.org/00dmfq477,University of California Office of the President,US,United States,1,UPO,2006-2010,incoming
https://ror.org/00dmms154,Centre de Recherche des Cordeliers,FR,France,8,UPO,2006-2010,incoming
https://ror.org/00dmrtm29,New York City Health and Hospitals Corporation,US,United States,3,UPO,2006-2010,incoming
https://ror.org/00dn43547,King Faisal University,SA,Saudi Arabia,4,UPO,2006-2010,incoming
https://ror.org/00dn4t376,Brunel University of London,GB,United Kingdom,880,UPO,2006-2010,incoming
https://ror.org/00dna7t83,Universidade Federal de Alagoas,BR,Brazil,4,UPO,2006-2010,incoming
https://ror.org/00dnbtf70,Niigata University of Pharmacy and Medical and Life Sciences,JP,Japan,4,UPO,2006-2010,incoming
https://ror.org/00dqega85,Nello Carrara Institute of Applied Physics,IT,Italy,2,UPO,2006-2010,incoming
https://ror.org/00dqsbj20,Texas Medical Center,US,United States,9,UPO,2006-2010,incoming
https://ror.org/00dr28g20,University of Crete,GR,Greece,61,UPO,2006-2010,incoming
https://ror.org/00drynx17,Fukuoka Institute of Health and Environmental Sciences,JP,Japan,2,UPO,2006-2010,incoming
https://ror.org/00dt2y198,Malta Information Technology Agency,MT,Malta,9,UPO,2006-2010,incoming
https://ror.org/00dt6a694,Centre Hospitalier de Perpignan,FR,France,1,UPO,2006-2010,incoming
https://ror.org/00dvg7y05,Boston Children's Hospital,US,United States,384,UPO,2006-2010,incoming
https://ror.org/00dwgct76,Centro de Investigación Biomédica en Red Diabetes y Enfermedades Metabólicas Asociadas,ES,Spain,3,UPO,2006-2010,incoming
https://ror.org/00dwz8y55,Sheppard Pratt Health System,US,United States,1,UPO,2006-2010,incoming
https://ror.org/00dx35m16,Western Human Nutrition Research Center,US,United States,1,UPO,2006-2010,incoming
https://ror.org/00dzfx204,Bilecik Şeyh Edebali Üniversitesi,TR,Turkey,2,UPO,2006-2010,incoming
https://ror.org/00e18hs98,Niigata Cancer Center Hospital,JP,Japan,1,UPO,2006-2010,incoming
https://ror.org/00e1nmf62,Saskatchewan Cancer Agency,CA,Canada,3,UPO,2006-2010,incoming
https://ror.org/00e4bwe12,Max Planck Institute for Extraterrestrial Physics,DE,Germany,2,UPO,2006-2010,incoming
https://ror.org/00e4hrk88,Wuhan University of Science and Technology,CN,China,1,UPO,2006-2010,incoming
https://ror.org/00e7cvg05,Rajiv Gandhi Cancer Institute and Research Centre,IN,India,1,UPO,2006-2010,incoming
https://ror.org/00e7dfm13,Centre for Medical Systems Biology,NL,The Netherlands,2,UPO,2006-2010,incoming
https://ror.org/00e7ez509,Daegu Fatima Hospital,KR,South Korea,1,UPO,2006-2010,incoming
https://ror.org/00e87hq62,Taichung Veterans General Hospital,TW,Taiwan,11,UPO,2006-2010,incoming
https://ror.org/00e8ar137,Vejle Sygehus,DK,Denmark,7,UPO,2006-2010,incoming
https://ror.org/00e8qrd29,Center for Clinical Studies,US,United States,9,UPO,2006-2010,incoming
https://ror.org/00e96v939,Université d'Évry Val-d'Essonne,FR,France,9,UPO,2006-2010,incoming
https://ror.org/00eae9z71,University of Newcastle Australia,AU,Australia,75,UPO,2006-2010,incoming
https://ror.org/00earpg61,Centre Paul Broca,FR,France,1,UPO,2006-2010,incoming
https://ror.org/00edrn755,Hvidovre Hospital,DK,Denmark,2,UPO,2006-2010,incoming
https://ror.org/00edt5124,Ospedale degli Infermi,IT,Italy,5,UPO,2006-2010,incoming
https://ror.org/00edvg943,Hochschule Bielefeld,DE,Germany,3,UPO,2006-2010,incoming
https://ror.org/00edzht24,Laboratoire de génétique et biologie cellulaire,FR,France,9,UPO,2006-2010,incoming
https://ror.org/00ee40h97,The Barbara Ann Karmanos Cancer Institute,US,United States,38,UPO,2006-2010,incoming
https://ror.org/00eeef580,State Key Laboratory of Stem Cell and Reproductive Biology,CN,China,6,UPO,2006-2010,incoming
https://ror.org/00eekd641,Robert Wood Johnson University Hospital,US,United States,1,UPO,2006-2010,incoming
https://ror.org/00eftnx64,Universidade Federal de Campina Grande,BR,Brazil,4,UPO,2006-2010,incoming
https://ror.org/00eg2e012,American Economic Association,US,United States,53,UPO,2006-2010,incoming
https://ror.org/00egdv862,Hongik University,KR,South Korea,1,UPO,2006-2010,incoming
https://ror.org/00eh7f421,E-Da Hospital,TW,Taiwan,2,UPO,2006-2010,incoming
https://ror.org/00ej70p06,Orygen Youth Health,AU,Australia,1,UPO,2006-2010,incoming
https://ror.org/00ek9j693,Bloodworks Northwest,US,United States,1,UPO,2006-2010,incoming
https://ror.org/00em27a94,Instituto de Infectologia Emílio Ribas,BR,Brazil,2,UPO,2006-2010,incoming
https://ror.org/00emz0366,Woosuk University,KR,South Korea,1,UPO,2006-2010,incoming
https://ror.org/00en6p903,Jackson Health System,US,United States,2,UPO,2006-2010,incoming
https://ror.org/00epner96,Bellvitge University Hospital,ES,Spain,44,UPO,2006-2010,incoming
https://ror.org/00eqp4438,Systems Planning and Analysis (United States),US,United States,4,UPO,2006-2010,incoming
https://ror.org/00er56532,Trinity Health Ann Arbor Hospital,US,United States,1,UPO,2006-2010,incoming
https://ror.org/00erq7915,Sichuan University of Arts and Science,CN,China,2,UPO,2006-2010,incoming
https://ror.org/00evjd729,Australian Red Cross Lifeblood,AU,Australia,3,UPO,2006-2010,incoming
https://ror.org/00ew7rg06,MorphoSys (Germany),DE,Germany,2,UPO,2006-2010,incoming
https://ror.org/00ex29c91,Atago Hospital,JP,Japan,1,UPO,2006-2010,incoming
https://ror.org/00ex2fc97,Kyushu University Hospital,JP,Japan,15,UPO,2006-2010,incoming
https://ror.org/00excyz84,Eastern Mediterranean University,CY,Cyprus,3,UPO,2006-2010,incoming
https://ror.org/00ey0ed83,Odense University Hospital,DK,Denmark,32,UPO,2006-2010,incoming
https://ror.org/00ey54k21,Universidade de Ribeirão Preto,BR,Brazil,4,UPO,2006-2010,incoming
https://ror.org/00eysw063,Liverpool Women's Hospital,GB,United Kingdom,1,UPO,2006-2010,incoming
https://ror.org/00ez2he07,Max Planck Institute for Mathematics in the Sciences,DE,Germany,7,UPO,2006-2010,incoming
https://ror.org/00ez32163,GeoScienceWorld,US,United States,2,UPO,2006-2010,incoming
https://ror.org/00f1zfq44,Central South University,CN,China,33,UPO,2006-2010,incoming
https://ror.org/00f200z37,Chonnam National University Hospital,KR,South Korea,19,UPO,2006-2010,incoming
https://ror.org/00f266q65,Xavier University,US,United States,1,UPO,2006-2010,incoming
https://ror.org/00f2kew86,Hospital de Câncer de Barretos,BR,Brazil,1,UPO,2006-2010,incoming
https://ror.org/00f2txz25,Kitasato University,JP,Japan,14,UPO,2006-2010,incoming
https://ror.org/00f2yqf98,Medizinische Hochschule Hannover,DE,Germany,103,UPO,2006-2010,incoming
https://ror.org/00f2z7n96,RAND Corporation,US,United States,4,UPO,2006-2010,incoming
https://ror.org/00f378f80,Akademiska Barnsjukhuset,SE,Sweden,61,UPO,2006-2010,incoming
https://ror.org/00f3x4340,Instituto Español de Oceanografía,ES,Spain,10,UPO,2006-2010,incoming
https://ror.org/00f44np30,Singapore Institute of Manufacturing Technology,SG,Singapore,1,UPO,2006-2010,incoming
https://ror.org/00f4jdp82,Keck Graduate Institute,US,United States,1,UPO,2006-2010,incoming
https://ror.org/00f54p054,Stanford University,US,United States,339,UPO,2006-2010,incoming
https://ror.org/00f6kbf47,Hospital Universitari Sant Joan D'Alacant,ES,Spain,1,UPO,2006-2010,incoming
https://ror.org/00f70np64,Pain and Rehabilitation Medicine,US,United States,1,UPO,2006-2010,incoming
https://ror.org/00f7hpc57,Friedrich-Alexander-Universität Erlangen-Nürnberg,DE,Germany,519,UPO,2006-2010,incoming
https://ror.org/00f7kfd14,Dulbecco Telethon Institute,IT,Italy,76,UPO,2006-2010,incoming
https://ror.org/00f809463,Institute for Advanced Study,US,United States,17,UPO,2006-2010,incoming
https://ror.org/00f9tz983,National Institute for Subatomic Physics,NL,The Netherlands,245,UPO,2006-2010,incoming
https://ror.org/00fadxs59,National Institute of Aerospace,US,United States,2,UPO,2006-2010,incoming
https://ror.org/00fbnyb24,University of Würzburg,DE,Germany,154,UPO,2006-2010,incoming
https://ror.org/00fbx7096,LGC,GB,United Kingdom,4,UPO,2006-2010,incoming
https://ror.org/00fc1qt65,Bucknell University,US,United States,9,UPO,2006-2010,incoming
https://ror.org/00fd4q681,Krishna Institute of Medical Sciences,IN,India,1,UPO,2006-2010,incoming
https://ror.org/00fer7583,CARE Fertility,US,United States,1,UPO,2006-2010,incoming
https://ror.org/00fj8a872,Office of the Director,US,United States,2,UPO,2006-2010,incoming
https://ror.org/00fjzqj15,Shanghai Institute of Technology,CN,China,3,UPO,2006-2010,incoming
https://ror.org/00fn7gb05,Wilfrid Laurier University,CA,Canada,1,UPO,2006-2010,incoming
https://ror.org/00fp3ce15,The Gurdon Institute,GB,United Kingdom,1,UPO,2006-2010,incoming
https://ror.org/00fpjq451,Case Comprehensive Cancer Center,US,United States,18,UPO,2006-2010,incoming
https://ror.org/00fpn0e94,Klinički centar Vojvodine,RS,Serbia,6,UPO,2006-2010,incoming
https://ror.org/00fq5cm18,National Institute on Drug Abuse,US,United States,15,UPO,2006-2010,incoming
https://ror.org/00fq5ev96,John B. Pierce Laboratory,US,United States,2,UPO,2006-2010,incoming
https://ror.org/00fqdfs68,Kuopio University Hospital,FI,Finland,59,UPO,2006-2010,incoming
https://ror.org/00frst980,University of British Columbia Hospital,CA,Canada,4,UPO,2006-2010,incoming
https://ror.org/00ftg6h50,European Graduate School of Neuroscience,NL,The Netherlands,2,UPO,2006-2010,incoming
https://ror.org/00fthae95,Daping Hospital,CN,China,7,UPO,2006-2010,incoming
https://ror.org/00ftrxq20,Asahikawa Medical College Hospital,JP,Japan,10,UPO,2006-2010,incoming
https://ror.org/00ftv8552,Center for Research in Environmental Epidemiology,ES,Spain,14,UPO,2006-2010,incoming
https://ror.org/00fv61j67,MRC Laboratory for Molecular Cell Biology,GB,United Kingdom,2,UPO,2006-2010,incoming
https://ror.org/00fvyjk73,Colby College,US,United States,1,UPO,2006-2010,incoming
https://ror.org/00fw8bp86,Centre de physique des particules de Marseille,FR,France,233,UPO,2006-2010,incoming
https://ror.org/00fwhek95,Laboratory of Molecular Genetics,PL,Poland,8,UPO,2006-2010,incoming
https://ror.org/00fwv2w85,Micro Resist Technology (Germany),DE,Germany,1,UPO,2006-2010,incoming
https://ror.org/00fzmm222,University of Massachusetts Dartmouth,US,United States,4,UPO,2006-2010,incoming
https://ror.org/00g0aq541,Cancer Research Malaysia,MY,Malaysia,1,UPO,2006-2010,incoming
https://ror.org/00g0p6g84,University of Pretoria,ZA,South Africa,30,UPO,2006-2010,incoming
https://ror.org/00g2qdz89,Universidad de la Ciudad de Buenos Aires,AR,Argentina,3,UPO,2006-2010,incoming
https://ror.org/00g2rqs52,Southwest Medical University,CN,China,2,UPO,2006-2010,incoming
https://ror.org/00g2tkw06,Ford Motor Company (United States),US,United States,2,UPO,2006-2010,incoming
https://ror.org/00g2xk477,Hunter College,US,United States,3,UPO,2006-2010,incoming
https://ror.org/00g2ypp58,Dalian University,CN,China,3,UPO,2006-2010,incoming
https://ror.org/00g30e956,Universität Hamburg,DE,Germany,1400,UPO,2006-2010,incoming
https://ror.org/00g325k81,University of Veterinary and Animal Sciences,PK,Pakistan,4,UPO,2006-2010,incoming
https://ror.org/00g4bcb66,Kazan Scientific Center,RU,Russia,5,UPO,2006-2010,incoming
https://ror.org/00g51j712,Saga Medical School Hospital,JP,Japan,2,UPO,2006-2010,incoming
https://ror.org/00g5sqv46,Universitat Rovira i Virgili,ES,Spain,57,UPO,2006-2010,incoming
https://ror.org/00g635h87,Methodist Hospital,US,United States,68,UPO,2006-2010,incoming
https://ror.org/00g651r29,Maimonides Medical Center,US,United States,3,UPO,2006-2010,incoming
https://ror.org/00g656d67,Leibniz-Institute for New Materials,DE,Germany,2,UPO,2006-2010,incoming
https://ror.org/00g6ka752,Ferdowsi University of Mashhad,IR,Iran,5,UPO,2006-2010,incoming
https://ror.org/00g6ztp19,Calgary Laboratory Services,CA,Canada,5,UPO,2006-2010,incoming
https://ror.org/00g700j37,Université Bourgogne Europe,FR,France,44,UPO,2006-2010,incoming
https://ror.org/00g7xqw85,Universitatea Ecologica din Bucuresti,RO,Romania,80,UPO,2006-2010,incoming
https://ror.org/00g86hk06,Escuela Nacional de Medicina del Trabajo,ES,Spain,2,UPO,2006-2010,incoming
https://ror.org/00g8nr938,Barnes-Jewish West County Hospital,US,United States,4,UPO,2006-2010,incoming
https://ror.org/00gahk913,Sendai Nishitaga National Hospital,JP,Japan,1,UPO,2006-2010,incoming
https://ror.org/00garhy75,National Epilepsy Center,JP,Japan,1,UPO,2006-2010,incoming
https://ror.org/00gban551,Biomedical Research Foundation of the Academy of Athens,GR,Greece,12,UPO,2006-2010,incoming
https://ror.org/00gbcc509,Gyeongsang National University Hospital,KR,South Korea,5,UPO,2006-2010,incoming
https://ror.org/00gdrb321,Research Center for Chronic Inflammatory Diseases,IR,Iran,1,UPO,2006-2010,incoming
https://ror.org/00gffbx54,Hôpital La Rabta,TN,Tunisia,4,UPO,2006-2010,incoming
https://ror.org/00gfym921,Klinik und Poliklinik für Urologie,DE,Germany,1,UPO,2006-2010,incoming
https://ror.org/00gfzq956,The McMinn Centre,GB,United Kingdom,2,UPO,2006-2010,incoming
https://ror.org/00ggmjy78,Hualien Armed Forces General Hospital,TW,Taiwan,2,UPO,2006-2010,incoming
https://ror.org/00ggpsq73,Otto-von-Guericke-Universität Magdeburg,DE,Germany,46,UPO,2006-2010,incoming
https://ror.org/00gj33s30,Institut de Chimie et Biochimie Moléculaires et Supramoléculaires,FR,France,11,UPO,2006-2010,incoming
https://ror.org/00gmz2d02,Institute of Chemical Biology and Fundamental Medicine,RU,Russia,2,UPO,2006-2010,incoming
https://ror.org/00gnnx384,kassel university press,DE,Germany,1,UPO,2006-2010,incoming
https://ror.org/00gpmb873,Kantonsspital St. Gallen,CH,Switzerland,4,UPO,2006-2010,incoming
https://ror.org/00gpt9p27,Korea Institute of Sport Science,KR,South Korea,1,UPO,2006-2010,incoming
https://ror.org/00gqsp710,Osservatorio di Astrofisica e Scienza dello Spazio,IT,Italy,1,UPO,2006-2010,incoming
https://ror.org/00grd1h17,Medtronic (United States),US,United States,13,UPO,2006-2010,incoming
https://ror.org/00gt5xe03,Hartford Hospital,US,United States,17,UPO,2006-2010,incoming
https://ror.org/00gtcbp88,Universidade de Pernambuco,BR,Brazil,3,UPO,2006-2010,incoming
https://ror.org/00gtmwv55,Bristol-Myers Squibb (United States),US,United States,13,UPO,2006-2010,incoming
https://ror.org/00gvw5y42,Amgen (Canada),CA,Canada,1,UPO,2006-2010,incoming
https://ror.org/00gvw6327,King George's Medical University,IN,India,3,UPO,2006-2010,incoming
https://ror.org/00gw6hy83,Rotherham General Hospital,GB,United Kingdom,1,UPO,2006-2010,incoming
https://ror.org/00gx3j908,Northwest Normal University,CN,China,14,UPO,2006-2010,incoming
https://ror.org/00h1aq868,Pauls Stradiņš Clinical University Hospital,LV,Latvia,1,UPO,2006-2010,incoming
https://ror.org/00h25w961,"University of Puerto Rico, Medical Sciences Campus",PR,Puerto Rico,3,UPO,2006-2010,incoming
https://ror.org/00h2vm590,University of the Western Cape,ZA,South Africa,22,UPO,2006-2010,incoming
https://ror.org/00h3d0p13,King’s University College,CA,Canada,1,UPO,2006-2010,incoming
https://ror.org/00h4bkt10,GALAB Laboratories (Germany),DE,Germany,1,UPO,2006-2010,incoming
https://ror.org/00h4fkb86,Hrvatski zavod za javno zdravstvo,HR,Croatia,8,UPO,2006-2010,incoming
https://ror.org/00h4spn88,Mahatma Gandhi University,IN,India,4,UPO,2006-2010,incoming
https://ror.org/00h52n341,Changchun Institute of Applied Chemistry,CN,China,34,UPO,2006-2010,incoming
https://ror.org/00h533452,Ottawa Heart Institute,CA,Canada,30,UPO,2006-2010,incoming
https://ror.org/00h55v928,Helwan University,EG,Egypt,2,UPO,2006-2010,incoming
https://ror.org/00h5ck659,Nippon Medical School Musashi Kosugi Hospital,JP,Japan,1,UPO,2006-2010,incoming
https://ror.org/00h6set76,Utah State University,US,United States,18,UPO,2006-2010,incoming
https://ror.org/00h9jx107,Institute of Applied Mathematics,RU,Russia,1,UPO,2006-2010,incoming
https://ror.org/00ha1f767,Instituto de Investigaciones Biomédicas Sols-Morreale,ES,Spain,2,UPO,2006-2010,incoming
https://ror.org/00hcz6468,Toyota Memorial Hospital,JP,Japan,2,UPO,2006-2010,incoming
https://ror.org/00he80998,Manchester University NHS Foundation Trust,GB,United Kingdom,37,UPO,2006-2010,incoming
https://ror.org/00hfbva78,General Hospital of Guangzhou Military Command,CN,China,1,UPO,2006-2010,incoming
https://ror.org/00hfj7g70,National Kaohsiung University of Science and Technology,TW,Taiwan,1,UPO,2006-2010,incoming
https://ror.org/00hgmwb30,Institute of Macromolecular Compounds,RU,Russia,4,UPO,2006-2010,incoming
https://ror.org/00hgy8d33,Defence Research and Development Canada,CA,Canada,2,UPO,2006-2010,incoming
https://ror.org/00hh6j532,National Institute of Child Health,HU,Hungary,1,UPO,2006-2010,incoming
https://ror.org/00hhkn466,Japan Society for the Promotion of Science,JP,Japan,6,UPO,2006-2010,incoming
https://ror.org/00hj54h04,The University of Texas at Austin,US,United States,244,UPO,2006-2010,incoming
https://ror.org/00hj8s172,Columbia University,US,United States,590,UPO,2006-2010,incoming
https://ror.org/00hjz7x27,Georgetown University Medical Center,US,United States,17,UPO,2006-2010,incoming
https://ror.org/00hmeez77,Barzilai Medical Center,IL,Israel,2,UPO,2006-2010,incoming
https://ror.org/00hn7w693,Southwest Jiaotong University,CN,China,5,UPO,2006-2010,incoming
https://ror.org/00hn92440,Broomfield Hospital,GB,United Kingdom,1,UPO,2006-2010,incoming
https://ror.org/00hpnj894,Hospital Clínico Universitario de Valencia,ES,Spain,13,UPO,2006-2010,incoming
https://ror.org/00hpz7z43,New Mexico State University,US,United States,50,UPO,2006-2010,incoming
https://ror.org/00hq79z10,Tianjin Nankai Hospital,CN,China,1,UPO,2006-2010,incoming
https://ror.org/00hr1eg19,Kangnam Sacred Heart Hospital,KR,South Korea,3,UPO,2006-2010,incoming
https://ror.org/00hrmgq26,Hospital Universitário Pedro Ernesto,BR,Brazil,1,UPO,2006-2010,incoming
https://ror.org/00hswnk62,Queen's University Belfast,GB,United Kingdom,119,UPO,2006-2010,incoming
https://ror.org/00htrxv69,Azienda Socio Sanitaria Territoriale Grande Ospedale Metropolitano Niguarda,IT,Italy,85,UPO,2006-2010,incoming
https://ror.org/00htwgm11,National University of Salta,AR,Argentina,1,UPO,2006-2010,incoming
https://ror.org/00hwfrn96,Laboratory for Solid State Physics,CH,Switzerland,1,UPO,2006-2010,incoming
https://ror.org/00hx26749,Q Therapeutics (United States),US,United States,7,UPO,2006-2010,incoming
https://ror.org/00hx57361,Princeton University,US,United States,20,UPO,2006-2010,incoming
https://ror.org/00hx6zz33,École Normale Supérieure Paris-Saclay,FR,France,13,UPO,2006-2010,incoming
https://ror.org/00hx9k210,Sasebo City General Hospital,JP,Japan,1,UPO,2006-2010,incoming
https://ror.org/00hy22508,Délégation Paris Michel-Ange,FR,France,12,UPO,2006-2010,incoming
https://ror.org/00j09zy03,Universidade Católica Portuguesa - Braga,PT,Portugal,1,UPO,2006-2010,incoming
https://ror.org/00j0rk173,Marconi University,IT,Italy,3,UPO,2006-2010,incoming
https://ror.org/00j0xy635,Institut für Radiobiologie der Bundeswehr,DE,Germany,4,UPO,2006-2010,incoming
https://ror.org/00j15sg62,Finnish Cancer Registry,FI,Finland,22,UPO,2006-2010,incoming
https://ror.org/00j161312,Guy's and St Thomas' NHS Foundation Trust,GB,United Kingdom,58,UPO,2006-2010,incoming
https://ror.org/00j1y9t40,Laboratoire d'Enzymologie et Biochimie Structurales,FR,France,3,UPO,2006-2010,incoming
https://ror.org/00j2a7k55,Jiaxing University,CN,China,2,UPO,2006-2010,incoming
https://ror.org/00j4k1h63,National Institute of Environmental Health Sciences,US,United States,36,UPO,2006-2010,incoming
https://ror.org/00j4pze04,Hospital de Basurto,ES,Spain,3,UPO,2006-2010,incoming
https://ror.org/00j5bwe91,Clínica Las Condes,CL,Chile,5,UPO,2006-2010,incoming
https://ror.org/00j62qv07,Royal Swedish Academy of Sciences,SE,Sweden,1,UPO,2006-2010,incoming
https://ror.org/00j8x3x80,FSU Coastal and Marine Laboratory,US,United States,2,UPO,2006-2010,incoming
https://ror.org/00j9b6f88,Instituto Maimónides de Investigación Biomédica de Córdoba,ES,Spain,3,UPO,2006-2010,incoming
https://ror.org/00j9c2840,Oslo University Hospital,NO,Norway,36,UPO,2006-2010,incoming
https://ror.org/00j9f7w81,Hospital Terrassa,ES,Spain,2,UPO,2006-2010,incoming
https://ror.org/00j9qag85,Linnaeus University,SE,Sweden,5,UPO,2006-2010,incoming
https://ror.org/00ja2ye75,Salisbury NHS Foundation Trust,GB,United Kingdom,2,UPO,2006-2010,incoming
https://ror.org/00jb20a14,Laboratoire Interfaces et Systèmes Électrochimiques,FR,France,3,UPO,2006-2010,incoming
https://ror.org/00jb9vg53,Universidad del Valle,CO,Colombia,2,UPO,2006-2010,incoming
https://ror.org/00jbkk316,Buffalo VA Medical Center,US,United States,1,UPO,2006-2010,incoming
https://ror.org/00jbx2e92,Institute of Organic Chemistry with Centre of Phytochemistry,BG,Bulgaria,9,UPO,2006-2010,incoming
https://ror.org/00jc20583,University of Colorado System,US,United States,119,UPO,2006-2010,incoming
https://ror.org/00jc2kw33,National Center for Environmental Health,US,United States,3,UPO,2006-2010,incoming
https://ror.org/00jcx1769,Konkuk University Medical Center,KR,South Korea,3,UPO,2006-2010,incoming
https://ror.org/00je4t102,National Academy of Sciences of Ukraine,UA,Ukraine,589,UPO,2006-2010,incoming
https://ror.org/00je6d832,Scientific Research Engineering Institute,RU,Russia,1,UPO,2006-2010,incoming
https://ror.org/00jeqjx33,Kennesaw State University,US,United States,1,UPO,2006-2010,incoming
https://ror.org/00jfeg660,Center for the Neural Basis of Cognition,US,United States,3,UPO,2006-2010,incoming
https://ror.org/00jfs8131,Reliance Industries (United States),US,United States,2,UPO,2006-2010,incoming
https://ror.org/00jhh5t96,Institute of Environmental Biology and Biotechnology,FR,France,3,UPO,2006-2010,incoming
https://ror.org/00jjeh629,Harvard–MIT Division of Health Sciences and Technology,US,United States,11,UPO,2006-2010,incoming
https://ror.org/00jjvav84,The Hamner Institutes for Health Sciences,US,United States,2,UPO,2006-2010,incoming
https://ror.org/00jjx8s55,Commissariat à l'Énergie Atomique et aux Énergies Alternatives,FR,France,16,UPO,2006-2010,incoming
https://ror.org/00jk0vn85,Institute of Rheumatology,CZ,Czechia,10,UPO,2006-2010,incoming
https://ror.org/00jkprj19,John Paul the Great Catholic University,US,United States,1,UPO,2006-2010,incoming
https://ror.org/00jkz9152,Hospital Universitario de Guadalajara,ES,Spain,1,UPO,2006-2010,incoming
https://ror.org/00jmfr291,University of Michigan,US,United States,327,UPO,2006-2010,incoming
https://ror.org/00jmxvy70,Délégation Régionale Nord Ouest,FR,France,1,UPO,2006-2010,incoming
https://ror.org/00jp83f12,Bochum University of Applied Sciences Health Campus,DE,Germany,20,UPO,2006-2010,incoming
https://ror.org/00jpq0w62,Centre Hospitalier Universitaire de Tours,FR,France,9,UPO,2006-2010,incoming
https://ror.org/00jr9ks41,Techniserv (Czechia),CZ,Czechia,11,UPO,2006-2010,incoming
https://ror.org/00jrmky87,Puglia Salute,IT,Italy,6,UPO,2006-2010,incoming
https://ror.org/00jrtvk29,Wilmington University,US,United States,5,UPO,2006-2010,incoming
https://ror.org/00js3aw79,Jilin University,CN,China,137,UPO,2006-2010,incoming
https://ror.org/00js7yw33,Holston Valley Medical Center,US,United States,2,UPO,2006-2010,incoming
https://ror.org/00jshg714,Klinikum Aschaffenburg,DE,Germany,3,UPO,2006-2010,incoming
https://ror.org/00jsjm362,University of Abou Bekr Belkaïd,DZ,Algeria,7,UPO,2006-2010,incoming
https://ror.org/00jsr1632,University of Providence,US,United States,5,UPO,2006-2010,incoming
https://ror.org/00jtmb277,University of Wollongong,AU,Australia,33,UPO,2006-2010,incoming
https://ror.org/00jtwsb29,Suburban Hospital,US,United States,1,UPO,2006-2010,incoming
https://ror.org/00jxe7243,Laboratoire Physiologie Cellulaire & Végétale,FR,France,4,UPO,2006-2010,incoming
https://ror.org/00jxshx33,South Valley University,EG,Egypt,1,UPO,2006-2010,incoming
https://ror.org/00jy2zq62,Gifu Prefectural Tajimi Hospital,JP,Japan,3,UPO,2006-2010,incoming
https://ror.org/00jy9e726,Capital University,US,United States,3,UPO,2006-2010,incoming
https://ror.org/00jyx0v10,Alfred I. duPont Hospital for Children,US,United States,4,UPO,2006-2010,incoming
https://ror.org/00jzv1t04,Université catholique de l'ouest,FR,France,4,UPO,2006-2010,incoming
https://ror.org/00jzwgz36,Koç University,TR,Turkey,6,UPO,2006-2010,incoming
https://ror.org/00k01kt20,DSM (Netherlands),NL,The Netherlands,470,UPO,2006-2010,incoming
https://ror.org/00k194y12,Kaohsiung Chang Gung Memorial Hospital,TW,Taiwan,1,UPO,2006-2010,incoming
https://ror.org/00k1qja49,Institut Català de Nanociència i Nanotecnologia,ES,Spain,6,UPO,2006-2010,incoming
https://ror.org/00k206f19,École Nationale de la Statistique et de l'Analyse de l'Information,FR,France,1,UPO,2006-2010,incoming
https://ror.org/00k3ph542,"Complexité, Innovation et Activités Motrices et Sportives",FR,France,1,UPO,2006-2010,incoming
https://ror.org/00k3smk02,Instituto de Fisiología Vegetal,AR,Argentina,2,UPO,2006-2010,incoming
https://ror.org/00k49k182,Hospital Virgen de la Luz,ES,Spain,1,UPO,2006-2010,incoming
https://ror.org/00k4e5n71,"Laboratoire des Sciences de l'Ingénieur, de l'Informatique et de l'Imagerie",FR,France,1,UPO,2006-2010,incoming
https://ror.org/00k4h2615,Schloss Dagstuhl – Leibniz Center for Informatics,DE,Germany,3,UPO,2006-2010,incoming
https://ror.org/00k4n6c32,European Commission,BE,Belgium,2,UPO,2006-2010,incoming
https://ror.org/00k4v9x79,Universidad Mayor de San Andrés,BO,Bolivia,16,UPO,2006-2010,incoming
https://ror.org/00k575643,National Synchrotron Radiation Research Center,TW,Taiwan,2,UPO,2006-2010,incoming
https://ror.org/00k5j5c86,Tokyo Medical University,JP,Japan,9,UPO,2006-2010,incoming
https://ror.org/00k63dq23,Meharry Medical College,US,United States,5,UPO,2006-2010,incoming
https://ror.org/00k6r3f30,Unidade Local de Saúde de São José,PT,Portugal,2,UPO,2006-2010,incoming
https://ror.org/00k6tx165,Ball State University,US,United States,12,UPO,2006-2010,incoming
https://ror.org/00k7h5c65,Instituto Nacional de Investigaciones Nucleares,MX,Mexico,4,UPO,2006-2010,incoming
https://ror.org/00k7r7f88,Xuan Wu Hospital of the Capital Medical University,CN,China,2,UPO,2006-2010,incoming
https://ror.org/00k852a29,West Virginia Division of Natural Resources,US,United States,1,UPO,2006-2010,incoming
https://ror.org/00ka6rp58,Sir Run Run Shaw Hospital,CN,China,7,UPO,2006-2010,incoming
https://ror.org/00kays408,University Gama Filho,BR,Brazil,1,UPO,2006-2010,incoming
https://ror.org/00kcd6x60,Tohoku University Hospital,JP,Japan,2,UPO,2006-2010,incoming
https://ror.org/00kde4z41,Universidade Luterana do Brasil,BR,Brazil,6,UPO,2006-2010,incoming
https://ror.org/00kewvc41,Laboratoire D'étude des Résidus et Contaminants Dans les Aliments,FR,France,1,UPO,2006-2010,incoming
https://ror.org/00kf4vm79,"National Institute of Technology, Ichinoseki College",JP,Japan,1,UPO,2006-2010,incoming
https://ror.org/00kftxm09,Boreskov Institute of Catalysis,RU,Russia,20,UPO,2006-2010,incoming
https://ror.org/00kg66g91,Women & Children's Hospital of Buffalo,US,United States,4,UPO,2006-2010,incoming
https://ror.org/00khh5r84,Tokyo Gakugei University,JP,Japan,2,UPO,2006-2010,incoming
https://ror.org/00kj4ev13,Servicio de Salud del Principado de Asturias,ES,Spain,10,UPO,2006-2010,incoming
https://ror.org/00kjr3917,Ideon Science Park,SE,Sweden,3,UPO,2006-2010,incoming
https://ror.org/00kk89y84,"Ecologie, Société, Evolution",FR,France,2,UPO,2006-2010,incoming
https://ror.org/00kkwkq76,Pfizer (Sweden),SE,Sweden,5,UPO,2006-2010,incoming
https://ror.org/00km40770,Office of Environmental Management,US,United States,2,UPO,2006-2010,incoming
https://ror.org/00kmde975,"Instituto de Ciências Ambientais, Químicas e Farmacêuticas",BR,Brazil,14,UPO,2006-2010,incoming
https://ror.org/00kmnqa46,Institute of Measurement Science of the Slovak Academy of Sciences,SK,Slovakia,1,UPO,2006-2010,incoming
https://ror.org/00kmz4377,HealthEast Care System,US,United States,1,UPO,2006-2010,incoming
https://ror.org/00kqjn528,Taiwan Textile Research Institute,TW,Taiwan,2,UPO,2006-2010,incoming
https://ror.org/00krab219,Nippon Medical School,JP,Japan,22,UPO,2006-2010,incoming
https://ror.org/00krbh354,Jan Kochanowski University,PL,Poland,140,UPO,2006-2010,incoming
https://ror.org/00ks66431,University of Surrey,GB,United Kingdom,31,UPO,2006-2010,incoming
https://ror.org/00kt3nk56,University of Hawaii Cancer Center,US,United States,1,UPO,2006-2010,incoming
https://ror.org/00ktqrd38,Kyoto Prefectural University,JP,Japan,3,UPO,2006-2010,incoming
https://ror.org/00kv87w35,Istituto Nazionale per le Malattie Infettive Lazzaro Spallanzani,IT,Italy,14,UPO,2006-2010,incoming
https://ror.org/00kwnx126,Universidade Federal do Piauí,BR,Brazil,4,UPO,2006-2010,incoming
https://ror.org/00kx1jb78,Temple University,US,United States,88,UPO,2006-2010,incoming
https://ror.org/00kx7fe64,Fukui Red Cross Hospital,JP,Japan,1,UPO,2006-2010,incoming
https://ror.org/00ky3az31,VA Puget Sound Health Care System,US,United States,8,UPO,2006-2010,incoming
https://ror.org/00kybxq39,Université de Sherbrooke,CA,Canada,35,UPO,2006-2010,incoming
https://ror.org/00kz6qq24,S.N. Bose National Centre for Basic Sciences,IN,India,19,UPO,2006-2010,incoming
https://ror.org/00kzych23,Nippon Sport Science University,JP,Japan,3,UPO,2006-2010,incoming
https://ror.org/00kzzgw26,Kennedy Center,DK,Denmark,3,UPO,2006-2010,incoming
https://ror.org/00m02ap37,CT Group Of Institutions,IN,India,4,UPO,2006-2010,incoming
https://ror.org/00m129932,Center for Research and Technology Thessaly,GR,Greece,3,UPO,2006-2010,incoming
https://ror.org/00m1mwc36,Brooke Army Medical Center,US,United States,8,UPO,2006-2010,incoming
https://ror.org/00m2ag473,Archbold Biological Station,US,United States,2,UPO,2006-2010,incoming
https://ror.org/00m2s0z68,Pennsylvania State System of Higher Education,US,United States,8,UPO,2006-2010,incoming
https://ror.org/00m31ft63,University of Split,HR,Croatia,1343,UPO,2006-2010,incoming
https://ror.org/00m3k3802,Cross Cancer Institute,CA,Canada,12,UPO,2006-2010,incoming
https://ror.org/00m4gxn44,Government Medical College,IN,India,4,UPO,2006-2010,incoming
https://ror.org/00m4pvq34,"Czech Academy of Sciences, Institute of Rock Structure and Mechanics",CZ,Czechia,1,UPO,2006-2010,incoming
https://ror.org/00m4rwq02,Christopher Newport University,US,United States,28,UPO,2006-2010,incoming
https://ror.org/00m72p590,Saint Joseph's Hospital,US,United States,5,UPO,2006-2010,incoming
https://ror.org/00m7gmp97,Los Rios Community College District,US,United States,1,UPO,2006-2010,incoming
https://ror.org/00m7w8s72,Wellcome Centre for Molecular Parasitology,GB,United Kingdom,1,UPO,2006-2010,incoming
https://ror.org/00m8d6786,Karolinska University Hospital,SE,Sweden,128,UPO,2006-2010,incoming
https://ror.org/00m9c2804,Philadelphia College of Osteopathic Medicine,US,United States,1,UPO,2006-2010,incoming
https://ror.org/00m9dbm09,Public Health Department,IN,India,7,UPO,2006-2010,incoming
https://ror.org/00ma0mg56,NHS Grampian,GB,United Kingdom,16,UPO,2006-2010,incoming
https://ror.org/00ma6s786,Westpfalz Klinikum,DE,Germany,2,UPO,2006-2010,incoming
https://ror.org/00mbsbt95,Ospedale San Giovanni Bellinzona,CH,Switzerland,4,UPO,2006-2010,incoming
https://ror.org/00mc5wj35,Mudanjiang Medical University,CN,China,1,UPO,2006-2010,incoming
https://ror.org/00mc77d93,Istituti Clinici Scientifici Maugeri,IT,Italy,28,UPO,2006-2010,incoming
https://ror.org/00mc91w09,Ospedale Cisanello,IT,Italy,2,UPO,2006-2010,incoming
https://ror.org/00mcjh785,Xiamen University,CN,China,71,UPO,2006-2010,incoming
https://ror.org/00mczdx43,National University of San Luis,AR,Argentina,7,UPO,2006-2010,incoming
https://ror.org/00md77g41,Casa Sollievo della Sofferenza,IT,Italy,79,UPO,2006-2010,incoming
https://ror.org/00me37y22,Centro de Ciências do Mar do Algarve,PT,Portugal,4,UPO,2006-2010,incoming
https://ror.org/00menq219,Naruto University of Education,JP,Japan,3,UPO,2006-2010,incoming
https://ror.org/00mfpxb84,Université d'Avignon et des Pays de Vaucluse,FR,France,19,UPO,2006-2010,incoming
https://ror.org/00mgfdc89,University Hospital Dubrava,HR,Croatia,4,UPO,2006-2010,incoming
https://ror.org/00mj4n083,St. Francis Hospital,US,United States,2,UPO,2006-2010,incoming
https://ror.org/00mjaaf25,National School of Public Health,GR,Greece,8,UPO,2006-2010,incoming
https://ror.org/00mjawt10,National Sun Yat-sen University,TW,Taiwan,14,UPO,2006-2010,incoming
https://ror.org/00mjfew53,David Geffen School of Medicine at UCLA,US,United States,3,UPO,2006-2010,incoming
https://ror.org/00mjs6x71,Advanced Technology and Research Corporation (United States),US,United States,1,UPO,2006-2010,incoming
https://ror.org/00mjzz278,Unimed Medical Institute,HK,Hong Kong,1,UPO,2006-2010,incoming
https://ror.org/00mkad321,Agroécologie,FR,France,1,UPO,2006-2010,incoming
https://ror.org/00mkhxb43,University of Notre Dame,US,United States,929,UPO,2006-2010,incoming
https://ror.org/00mmgvh45,Institut de Droit Européen des Droits de l'Homme,FR,France,2,UPO,2006-2010,incoming
https://ror.org/00mmn6b08,Office of Science,US,United States,7,UPO,2006-2010,incoming
https://ror.org/00mng9617,National Dong Hwa University,TW,Taiwan,5,UPO,2006-2010,incoming
https://ror.org/00mpdg388,Complejo Hospitalario Universitario de Santiago,ES,Spain,15,UPO,2006-2010,incoming
https://ror.org/00mpz5a50,Quinnipiac University,US,United States,3,UPO,2006-2010,incoming
https://ror.org/00mr84n67,Johann Heinrich von Thünen-Institut,DE,Germany,9,UPO,2006-2010,incoming
https://ror.org/00mrdc589,Institute of Clinical Research,GB,United Kingdom,3,UPO,2006-2010,incoming
https://ror.org/00mre2126,Toho University Ohashi Medical Center,JP,Japan,2,UPO,2006-2010,incoming
https://ror.org/00mrjbj15,Fukuyama University,JP,Japan,1,UPO,2006-2010,incoming
https://ror.org/00mrq3p58,Frimley Health NHS Foundation Trust,GB,United Kingdom,2,UPO,2006-2010,incoming
https://ror.org/00ms48f15,Air Force Medical University,CN,China,40,UPO,2006-2010,incoming
https://ror.org/00msb1w96,The Catholic University of Korea St. Vincent's Hospital,KR,South Korea,3,UPO,2006-2010,incoming
https://ror.org/00msqp585,University of Fukui,JP,Japan,8,UPO,2006-2010,incoming
https://ror.org/00msr5x28,Aut Even Hospital,IE,Ireland,1,UPO,2006-2010,incoming
https://ror.org/00mthsf17,Centre Hospitalier Universitaire de Montpellier,FR,France,30,UPO,2006-2010,incoming
https://ror.org/00mtny680,Riyadh Armed Forces Hospital,SA,Saudi Arabia,1,UPO,2006-2010,incoming
https://ror.org/00mtrzx11,Hospital Nacional Cayetano Heredia,PE,Peru,1,UPO,2006-2010,incoming
https://ror.org/00mv6sv71,University of Zagreb,HR,Croatia,136,UPO,2006-2010,incoming
https://ror.org/00mvp1q86,Hemwati Nandan Bahuguna Garhwal University,IN,India,4,UPO,2006-2010,incoming
https://ror.org/00mvwb842,Neuropsychiatric Research Institute,US,United States,1,UPO,2006-2010,incoming
https://ror.org/00mw0tw28,University of Nova Gorica,SI,Slovenia,11,UPO,2006-2010,incoming
https://ror.org/00mwdv335,New York Academy of Medicine,US,United States,10,UPO,2006-2010,incoming
https://ror.org/00mwp5989,Amyotrophic Lateral Sclerosis Association,US,United States,1,UPO,2006-2010,incoming
https://ror.org/00mx91s63,Catholic University of Eichstätt-Ingolstadt,DE,Germany,1,UPO,2006-2010,incoming
https://ror.org/00mxe0976,Toronto Rehabilitation Institute,CA,Canada,3,UPO,2006-2010,incoming
https://ror.org/00my0hg66,Barwon Health,AU,Australia,1,UPO,2006-2010,incoming
https://ror.org/00my25942,Fudan University Shanghai Cancer Center,CN,China,2,UPO,2006-2010,incoming
https://ror.org/00myn0z94,Institut de Recherche en Informatique et Systèmes Aléatoires,FR,France,485,UPO,2006-2010,incoming
https://ror.org/00mz6ad23,University of Jiroft,IR,Iran,3,UPO,2006-2010,incoming
https://ror.org/00mz87608,Institut Interdisciplinaire de l'Innovation,FR,France,14,UPO,2006-2010,incoming
https://ror.org/00mzj5z57,Technological Center of Nutrition and Health,ES,Spain,1,UPO,2006-2010,incoming
https://ror.org/00mzz1w90,Alexandria University,EG,Egypt,17,UPO,2006-2010,incoming
https://ror.org/00n14a494,Korea Polar Research Institute,KR,South Korea,8,UPO,2006-2010,incoming
https://ror.org/00n1e1p60,Institute of Oceanology. PP Shirshov Russian Academy of Sciences,RU,Russia,1,UPO,2006-2010,incoming
https://ror.org/00n1nz186,Kurchatov Institute,RU,Russia,617,UPO,2006-2010,incoming
https://ror.org/00n1w4965,MedStar Union Memorial Hospital,US,United States,3,UPO,2006-2010,incoming
https://ror.org/00n2kc060,Weinan Normal University,CN,China,2,UPO,2006-2010,incoming
https://ror.org/00n2w1t65,Presbyterian Hospital,US,United States,9,UPO,2006-2010,incoming
https://ror.org/00n3e1d98,Takasaki University of Health and Welfare,JP,Japan,2,UPO,2006-2010,incoming
https://ror.org/00n3pea85,GlaxoSmithKline (Belgium),BE,Belgium,2,UPO,2006-2010,incoming
https://ror.org/00n3w3b69,University of Strathclyde,GB,United Kingdom,55,UPO,2006-2010,incoming
https://ror.org/00n4k4n97,Providence Health & Services,US,United States,9,UPO,2006-2010,incoming
https://ror.org/00n6jcj93,Centro di Riferimento Oncologico della Basilicata,IT,Italy,20,UPO,2006-2010,incoming
https://ror.org/00n6rde07,Institute of Haematology and Blood Transfusion,CZ,Czechia,1,UPO,2006-2010,incoming
https://ror.org/00n6tay20,École nationale d'Ingénieurs de Sfax,TN,Tunisia,7,UPO,2006-2010,incoming
https://ror.org/00n7gwn90,Supélec,FR,France,2,UPO,2006-2010,incoming
https://ror.org/00n82gt57,Centre for Australian National Biodiversity Research,AU,Australia,1,UPO,2006-2010,incoming
https://ror.org/00n87rr37,Danish Technological Institute,DK,Denmark,1,UPO,2006-2010,incoming
https://ror.org/00n8d6z93,Centre Inria de l'Université Grenoble Alpes,FR,France,11,UPO,2006-2010,incoming
https://ror.org/00n8pjn35,National Bernstein Network Computational Neuroscience,DE,Germany,3,UPO,2006-2010,incoming
https://ror.org/00n8ttd98,Institute of Atmospheric Sciences and Climate,IT,Italy,10,UPO,2006-2010,incoming
https://ror.org/00nb5xj61,St. Andrews University,US,United States,157,UPO,2006-2010,incoming
https://ror.org/00nb6mq69,Chulabhorn Research Institute,TH,Thailand,3,UPO,2006-2010,incoming
https://ror.org/00ncfk576,Stockholm South General Hospital,SE,Sweden,1,UPO,2006-2010,incoming
https://ror.org/00nddb461,Hakkari University,TR,Turkey,1,UPO,2006-2010,incoming
https://ror.org/00ndrvk93,Xinjiang Normal University,CN,China,1,UPO,2006-2010,incoming
https://ror.org/00ndx3g44,Hamamatsu University School of Medicine,JP,Japan,9,UPO,2006-2010,incoming
https://ror.org/00ngrq502,Arak University,IR,Iran,3,UPO,2006-2010,incoming
https://ror.org/00ngv8j44,Information Technology University,PK,Pakistan,2,UPO,2006-2010,incoming
https://ror.org/00nh9x179,St Bartholomew's Hospital,GB,United Kingdom,36,UPO,2006-2010,incoming
https://ror.org/00nhtcg76,University of Monastir,TN,Tunisia,12,UPO,2006-2010,incoming
https://ror.org/00njsd438,Google (United States),US,United States,10,UPO,2006-2010,incoming
https://ror.org/00njt2653,Hallym University Kangnam Sacred Heart Hospital,KR,South Korea,6,UPO,2006-2010,incoming
https://ror.org/00nn53y54,State Key Laboratory of Medical Neurobiology,CN,China,3,UPO,2006-2010,incoming
https://ror.org/00nnh8h94,Red Cross Hospital,GR,Greece,3,UPO,2006-2010,incoming
https://ror.org/00nnyvd56,National Research Institute of Chinese Medicine,TW,Taiwan,2,UPO,2006-2010,incoming
https://ror.org/00nqqvk19,COMSATS University Islamabad,PK,Pakistan,33,UPO,2006-2010,incoming
https://ror.org/00nr17z89,VA Palo Alto Health Care System,US,United States,6,UPO,2006-2010,incoming
https://ror.org/00nrbsf87,Institute of Oncology Prof. Dr. Ion Chiricuta,RO,Romania,5,UPO,2006-2010,incoming
https://ror.org/00nrgkr20,Ospedale di Cattinara,IT,Italy,6,UPO,2006-2010,incoming
https://ror.org/00nrtez23,Azienda Ospedaliero Universitaria San Giovanni Battista,IT,Italy,20,UPO,2006-2010,incoming
https://ror.org/00ns3e792,King Edward Memorial Hospital,AU,Australia,1,UPO,2006-2010,incoming
https://ror.org/00ns93f55,Erwin L. Hahn Institute for Magnetic Resonance Imaging,DE,Germany,1,UPO,2006-2010,incoming
https://ror.org/00ns9pc83,Physical Sciences Division,RU,Russia,1909,UPO,2006-2010,incoming
https://ror.org/00nsz0a92,Omaha VA Medical Center,US,United States,2,UPO,2006-2010,incoming
https://ror.org/00nt41z93,University of Aveiro,PT,Portugal,108,UPO,2006-2010,incoming
https://ror.org/00nt6ka44,Çağ University,TR,Turkey,1,UPO,2006-2010,incoming
https://ror.org/00ntfnx83,Waseda University,JP,Japan,59,UPO,2006-2010,incoming
https://ror.org/00nthx533,Geological Survey of India,IN,India,1,UPO,2006-2010,incoming
https://ror.org/00ntrnw83,General Department of Preventive Medicine,VN,Vietnam,6,UPO,2006-2010,incoming
https://ror.org/00nts2374,Institut für Infektions- und Tropenmedizin,DE,Germany,1,UPO,2006-2010,incoming
https://ror.org/00nvxt968,Universitätsklinikum des Saarlandes,DE,Germany,28,UPO,2006-2010,incoming
https://ror.org/00nwp9g54,Institute of Particle and Nuclear Studies,JP,Japan,114,UPO,2006-2010,incoming
https://ror.org/00nx7n658,Osaka Women's and Children's Hospital,JP,Japan,1,UPO,2006-2010,incoming
https://ror.org/00nyrjc53,Departament de Salut,ES,Spain,2,UPO,2006-2010,incoming
https://ror.org/00nyxxr91,Peking University Cancer Hospital,CN,China,5,UPO,2006-2010,incoming
https://ror.org/00nz9t738,Ferrarotto Hospital,IT,Italy,6,UPO,2006-2010,incoming
https://ror.org/00nzavp26,Hospital Infantil de México Federico Gómez,MX,Mexico,1,UPO,2006-2010,incoming
https://ror.org/00nzsxq20,National Centre for Nuclear Research,PL,Poland,2,UPO,2006-2010,incoming
https://ror.org/00p03yg71,Superconducting and other Innovative Materials and Devices Institute,IT,Italy,2,UPO,2006-2010,incoming
https://ror.org/00p0n9a62,Minhang District Central Hospital,CN,China,1,UPO,2006-2010,incoming
https://ror.org/00p18zw56,Alder Hey Children's NHS Foundation Trust,GB,United Kingdom,2,UPO,2006-2010,incoming
https://ror.org/00p2tmy87,Instituto Superior de Espinho,PT,Portugal,178,UPO,2006-2010,incoming
https://ror.org/00p4k0j84,Kyushu University,JP,Japan,172,UPO,2006-2010,incoming
https://ror.org/00p59qs14,Ain Shams University Hospital,EG,Egypt,1,UPO,2006-2010,incoming
https://ror.org/00p5prq49,Advanced Institute of Materials Science,JP,Japan,3,UPO,2006-2010,incoming
https://ror.org/00p7wry37,Centre Hospitalier de Béziers,FR,France,1,UPO,2006-2010,incoming
https://ror.org/00p8b0t20,Belarusian State Medical University,BY,Belarus,4,UPO,2006-2010,incoming
https://ror.org/00p8xqj61,Karpov Institute of Physical Chemistry,RU,Russia,3,UPO,2006-2010,incoming
https://ror.org/00p991c53,Huazhong University of Science and Technology,CN,China,267,UPO,2006-2010,incoming
https://ror.org/00p9vpz11,Universidade Federal da Paraíba,BR,Brazil,7,UPO,2006-2010,incoming
https://ror.org/00pafka32,Wayo Women's University,JP,Japan,2,UPO,2006-2010,incoming
https://ror.org/00pamm417,Centre intégré universitaire de santé et de services sociaux de la Capitale-Nationale,CA,Canada,1,UPO,2006-2010,incoming
https://ror.org/00pap0267,Azienda Universitaria Ospedaliera Consorziale - Policlinico Bari,IT,Italy,3,UPO,2006-2010,incoming
https://ror.org/00pc48d59,Swiss Federal Institute of Aquatic Science and Technology,CH,Switzerland,1,UPO,2006-2010,incoming
https://ror.org/00pcqj134,"Biologie Computationnelle, Quantitative et Synthétique",FR,France,2,UPO,2006-2010,incoming
https://ror.org/00pd74e08,University of Münster,DE,Germany,721,UPO,2006-2010,incoming
https://ror.org/00pdd0432,Centre de Recherche en Neurosciences de Lyon,FR,France,1,UPO,2006-2010,incoming
https://ror.org/00pdej676,Cracow University of Technology,PL,Poland,9,UPO,2006-2010,incoming
https://ror.org/00pdx2849,Conselleria de Sanitat Universal i Salut Pública,ES,Spain,3,UPO,2006-2010,incoming
https://ror.org/00pft3n23,City of Scientific Research and Technological Applications,EG,Egypt,1,UPO,2006-2010,incoming
https://ror.org/00pfxsh56,Institute for Cross-Disciplinary Physics and Complex Systems,ES,Spain,3,UPO,2006-2010,incoming
https://ror.org/00pg5jh14,Assistance Publique – Hôpitaux de Paris,FR,France,378,UPO,2006-2010,incoming
https://ror.org/00pg6eq24,Université de Strasbourg,FR,France,1549,UPO,2006-2010,incoming
https://ror.org/00pggkr55,UK Centre for Ecology & Hydrology,GB,United Kingdom,19,UPO,2006-2010,incoming
https://ror.org/00ph04139,Poole Hospital,GB,United Kingdom,1,UPO,2006-2010,incoming
https://ror.org/00ph8tk69,Hôpital Cochin,FR,France,30,UPO,2006-2010,incoming
https://ror.org/00phd3t88,Northwest Clinical Research Center,US,United States,1,UPO,2006-2010,incoming
https://ror.org/00pjgxh97,Universitätsklinikum Tübingen,DE,Germany,14,UPO,2006-2010,incoming
https://ror.org/00pjqzf38,Centre Georges François Leclerc,FR,France,9,UPO,2006-2010,incoming
https://ror.org/00pkvys92,Ministry of Health,TR,Turkey,9,UPO,2006-2010,incoming
https://ror.org/00pm7rm97,IBM (Germany),DE,Germany,2,UPO,2006-2010,incoming
https://ror.org/00pn44t17,Universidad Mayor,CL,Chile,5,UPO,2006-2010,incoming
https://ror.org/00pnhhv55,Jamia Millia Islamia,IN,India,4,UPO,2006-2010,incoming
https://ror.org/00pq96s96,UMass Memorial Health Care,US,United States,5,UPO,2006-2010,incoming
https://ror.org/00prgcp98,Hospital do Câncer III,BR,Brazil,2,UPO,2006-2010,incoming
https://ror.org/00prkya54,Dalian Institute of Chemical Physics,CN,China,35,UPO,2006-2010,incoming
https://ror.org/00pspca89,University Hospital Bratislava,SK,Slovakia,2,UPO,2006-2010,incoming
https://ror.org/00pt5by23,Xi'an Physical Education University,CN,China,1,UPO,2006-2010,incoming
https://ror.org/00pt8r998,Universidad Nacional del Litoral,AR,Argentina,5,UPO,2006-2010,incoming
https://ror.org/00pthr413,Hôpital Fleurimont,CA,Canada,1,UPO,2006-2010,incoming
https://ror.org/00pv45a02,FH Münster,DE,Germany,1,UPO,2006-2010,incoming
https://ror.org/00pvqk557,State Key Laboratory of Oral Diseases,CN,China,9,UPO,2006-2010,incoming
https://ror.org/00pw0pp06,Graz University Hospital,AT,Austria,2,UPO,2006-2010,incoming
https://ror.org/00pwgnh47,Max Planck Institute of Colloids and Interfaces,DE,Germany,4,UPO,2006-2010,incoming
https://ror.org/00pwqz914,Kavli Institute for Particle Astrophysics and Cosmology,US,United States,3,UPO,2006-2010,incoming
https://ror.org/00py81415,Duke University,US,United States,294,UPO,2006-2010,incoming
https://ror.org/00pz2fp31,Basque Government,ES,Spain,10,UPO,2006-2010,incoming
https://ror.org/00q09pe49,National Taiwan University of Science and Technology,TW,Taiwan,7,UPO,2006-2010,incoming
https://ror.org/00q16t150,University of Texas Health Science Center at Dallas,US,United States,1,UPO,2006-2010,incoming
https://ror.org/00q1fsf04,University Medical Center of the Johannes Gutenberg University Mainz,DE,Germany,25,UPO,2006-2010,incoming
https://ror.org/00q2w1j53,Indian Statistical Institute,IN,India,7,UPO,2006-2010,incoming
https://ror.org/00q3jak84,Instituto do Coração - HCFMUSP,BR,Brazil,12,UPO,2006-2010,incoming
https://ror.org/00q3psk33,Institute of Biophysics and Cell Engineering,BY,Belarus,1,UPO,2006-2010,incoming
https://ror.org/00q4vv597,Hong Kong University of Science and Technology,HK,Hong Kong,110,UPO,2006-2010,incoming
https://ror.org/00q67qp92,Fundación Cardiovascular de Colombia,CO,Colombia,1,UPO,2006-2010,incoming
https://ror.org/00q6h8f30,Amsterdam UMC Location Vrije Universiteit Amsterdam,NL,The Netherlands,133,UPO,2006-2010,incoming
https://ror.org/00q7d9z06,NILU,NO,Norway,1,UPO,2006-2010,incoming
https://ror.org/00q9sa398,Instituto Argentino de Diagnóstico y Tratamiento,AR,Argentina,2,UPO,2006-2010,incoming
https://ror.org/00qa6r925,Kyoto University of Advanced Science,JP,Japan,1,UPO,2006-2010,incoming
https://ror.org/00qa9vw67,Combat Capabilities Development Command Soldier Center,US,United States,1,UPO,2006-2010,incoming
https://ror.org/00qcsrr17,Wilhelminen Hospital,AT,Austria,22,UPO,2006-2010,incoming
https://ror.org/00qdc6m37,Universidade Federal de São Carlos,BR,Brazil,27,UPO,2006-2010,incoming
https://ror.org/00qed5764,Plant Biotechnology Institute,CA,Canada,1,UPO,2006-2010,incoming
https://ror.org/00qedmt22,Al-Balqa Applied University,JO,Jordan,4,UPO,2006-2010,incoming
https://ror.org/00qejsx81,Seattle Reproductive Medicine,US,United States,2,UPO,2006-2010,incoming
https://ror.org/00qerpb33,National Superconducting Cyclotron Laboratory,US,United States,2,UPO,2006-2010,incoming
https://ror.org/00qf0yp70,Toho University Omori Medical Center,JP,Japan,1,UPO,2006-2010,incoming
https://ror.org/00qfke340,Institute of Molecular Functional Materials,HK,Hong Kong,4,UPO,2006-2010,incoming
https://ror.org/00qfnf017,Colegio de Postgraduados,MX,Mexico,1,UPO,2006-2010,incoming
https://ror.org/00qg0kr10,Tokyo University of Agriculture and Technology,JP,Japan,12,UPO,2006-2010,incoming
https://ror.org/00qgpp207,Kumasi Technical University,GH,Ghana,1,UPO,2006-2010,incoming
https://ror.org/00qjgza05,University of Chieti-Pescara,IT,Italy,157,UPO,2006-2010,incoming
https://ror.org/00qk1f078,Oles Honchar Dnipro National University,UA,Ukraine,1,UPO,2006-2010,incoming
https://ror.org/00qkhxq50,Jessa Hospital,BE,Belgium,2,UPO,2006-2010,incoming
https://ror.org/00qmnd673,Kindai University Hospital,JP,Japan,1,UPO,2006-2010,incoming
https://ror.org/00qn2rd91,National Institute of Applied Science and Technology,TN,Tunisia,2,UPO,2006-2010,incoming
https://ror.org/00qnfvz68,Open Society Foundations,US,United States,2,UPO,2006-2010,incoming
https://ror.org/00qps9a02,Istituto Nazionale di Geofisica e Vulcanologia,IT,Italy,1,UPO,2006-2010,incoming
https://ror.org/00qq1fp34,University Hospital Brno,CZ,Czechia,16,UPO,2006-2010,incoming
https://ror.org/00qqv6244,Medical College of Wisconsin,US,United States,57,UPO,2006-2010,incoming
https://ror.org/00qrc8a81,Agenzia Regionale per la Protezione Ambientale del Piemonte,IT,Italy,19,UPO,2006-2010,incoming
https://ror.org/00qrf6g60,"Istituto Nazionale di Fisica Nucleare, Sezione di Lecce",IT,Italy,7,UPO,2006-2010,incoming
https://ror.org/00qryer39,International Institute of Information Technology,IN,India,4,UPO,2006-2010,incoming
https://ror.org/00qsdn986,Academy of Athens,GR,Greece,25,UPO,2006-2010,incoming
https://ror.org/00qsm3z32,B.I. Stepanov Institute of Physics,BY,Belarus,3,UPO,2006-2010,incoming
https://ror.org/00qt4k071,Ospedale San Filippo Neri,IT,Italy,1,UPO,2006-2010,incoming
https://ror.org/00qv0tw17,SUNY College of Environmental Science and Forestry,US,United States,1,UPO,2006-2010,incoming
https://ror.org/00qv2zm13,Agricultural Research Service - Pacific West Area,US,United States,5,UPO,2006-2010,incoming
https://ror.org/00qvg6x21,Molecular Medicine Ireland,IE,Ireland,2,UPO,2006-2010,incoming
https://ror.org/00qvx5329,Doheny Eye Institute,US,United States,2,UPO,2006-2010,incoming
https://ror.org/00qw1qw03,St. Louis Children's Hospital,US,United States,3,UPO,2006-2010,incoming
https://ror.org/00qwnam72,Chiba Institute of Technology,JP,Japan,1,UPO,2006-2010,incoming
https://ror.org/00qy6se24,Asociación de Amigos de la Universidad de Navarra,ES,Spain,3,UPO,2006-2010,incoming
https://ror.org/00qyh5r35,Hospital Universitario 12 De Octubre,ES,Spain,18,UPO,2006-2010,incoming
https://ror.org/00qzypv28,Vellore Institute of Technology University,IN,India,9,UPO,2006-2010,incoming
https://ror.org/00r0xhf81,Petroleum University of Technology,IR,Iran,2,UPO,2006-2010,incoming
https://ror.org/00r1edq15,Universität Greifswald,DE,Germany,47,UPO,2006-2010,incoming
https://ror.org/00r348449,Office of the Assistant Secretary for Health,US,United States,2,UPO,2006-2010,incoming
https://ror.org/00r4sry34,Murdoch University,AU,Australia,35,UPO,2006-2010,incoming
https://ror.org/00r4vsg44,Texas Heart Institute,US,United States,29,UPO,2006-2010,incoming
https://ror.org/00r54sf44,Universidad de Morón,AR,Argentina,1,UPO,2006-2010,incoming
https://ror.org/00r5kgd36,Nenagh Hospital,IE,Ireland,1,UPO,2006-2010,incoming
https://ror.org/00r5mc782,Music and Health Research Institute,CA,Canada,1,UPO,2006-2010,incoming
https://ror.org/00r664k32,University Hospital,CA,Canada,5,UPO,2006-2010,incoming
https://ror.org/00r67fz39,Second Affiliated Hospital of Chongqing Medical University,CN,China,3,UPO,2006-2010,incoming
https://ror.org/00r71zw23,Institute of Materials and Environmental Chemistry,HU,Hungary,5,UPO,2006-2010,incoming
https://ror.org/00r7b5b77,Instituto Português de Oncologia Francisco Gentil,PT,Portugal,7,UPO,2006-2010,incoming
https://ror.org/00r8jkk54,Institut des Sciences Moléculaires,FR,France,12,UPO,2006-2010,incoming
https://ror.org/00r8w8f84,Mohammed V University,MA,Morocco,17,UPO,2006-2010,incoming
https://ror.org/00r9vb833,University Hospital Centre Zagreb,HR,Croatia,18,UPO,2006-2010,incoming
https://ror.org/00r9w3j27,National Center for Global Health and Medicine,JP,Japan,2,UPO,2006-2010,incoming
https://ror.org/00rafd796,Instituto de Ciencia de Materiales de Sevilla,ES,Spain,2,UPO,2006-2010,incoming
https://ror.org/00ramkd50,Southern Connecticut State University,US,United States,1,UPO,2006-2010,incoming
https://ror.org/00rcxh774,University of Cologne,DE,Germany,129,UPO,2006-2010,incoming
https://ror.org/00rd5t069,Wenzhou Medical University,CN,China,4,UPO,2006-2010,incoming
https://ror.org/00rg6zq05,U.S. Army Research Institute of Environmental Medicine,US,United States,2,UPO,2006-2010,incoming
https://ror.org/00rg70c39,Agostino Gemelli University Polyclinic,IT,Italy,12,UPO,2006-2010,incoming
https://ror.org/00rh8m666,Institute For Defense Analyses,US,United States,1,UPO,2006-2010,incoming
https://ror.org/00rkhrg48,Synta Pharmaceuticals (United States),US,United States,1,UPO,2006-2010,incoming
https://ror.org/00rkrv905,La Ligue Contre le Cancer,FR,France,1,UPO,2006-2010,incoming
https://ror.org/00rkxs190,TDA Research (United States),US,United States,1,UPO,2006-2010,incoming
https://ror.org/00rmv5n97,Direction des Sciences de la Matière,FR,France,32,UPO,2006-2010,incoming
https://ror.org/00rncr820,International Institute for Nanotechnology,US,United States,1,UPO,2006-2010,incoming
https://ror.org/00rnw4e09,Magee-Womens Research Institute,US,United States,1,UPO,2006-2010,incoming
https://ror.org/00rqy9422,The University of Queensland,AU,Australia,379,UPO,2006-2010,incoming
https://ror.org/00rs45z86,University College Ghent,BE,Belgium,1,UPO,2006-2010,incoming
https://ror.org/00rs6vg23,The Ohio State University,US,United States,1863,UPO,2006-2010,incoming
https://ror.org/00rt8gn18,Institute of Technology Tralee,IE,Ireland,1,UPO,2006-2010,incoming
https://ror.org/00rwpbm87,Augenklinik Universitätsklinikum Würzburg,DE,Germany,1,UPO,2006-2010,incoming
https://ror.org/00rxpqe74,Providence College,US,United States,3,UPO,2006-2010,incoming
https://ror.org/00rydyx93,Institut des Sciences Biologiques,FR,France,295,UPO,2006-2010,incoming
https://ror.org/00rytkh49,Shanghai Institute of Nutrition and Health,CN,China,25,UPO,2006-2010,incoming
https://ror.org/00rz5xc38,Mississippi Valley State University,US,United States,18,UPO,2006-2010,incoming
https://ror.org/00rzeqe23,Institute for Postgraduate Medical Education,CZ,Czechia,1,UPO,2006-2010,incoming
https://ror.org/00rzr5v92,Centre for Catalysis Research and Innovation,CA,Canada,1,UPO,2006-2010,incoming
https://ror.org/00rzspn62,University of Malaya,MY,Malaysia,122,UPO,2006-2010,incoming
https://ror.org/00s0wpd42,State Key Laboratory of Materials-Oriented Chemical Engineering,CN,China,1,UPO,2006-2010,incoming
https://ror.org/00s13br28,Henan Normal University,CN,China,17,UPO,2006-2010,incoming
https://ror.org/00s19x989,CNRS Ingénierie,FR,France,574,UPO,2006-2010,incoming
https://ror.org/00s1jty20,Biotechnology Institute,US,United States,4,UPO,2006-2010,incoming
https://ror.org/00s1szh94,Ascension,US,United States,1,UPO,2006-2010,incoming
https://ror.org/00s2j5046,Institute of Molecular Bioimaging and Physiology,IT,Italy,4,UPO,2006-2010,incoming
https://ror.org/00s3z8519,Johnson C. Smith University,US,United States,2,UPO,2006-2010,incoming
https://ror.org/00s409261,University of Insubria,IT,Italy,353,UPO,2006-2010,incoming
https://ror.org/00s426w44,St Joseph's Health Centre,CA,Canada,1,UPO,2006-2010,incoming
https://ror.org/00s4mzv66,Johns Hopkins University Press,US,United States,1,UPO,2006-2010,incoming
https://ror.org/00s4vhs88,Hospital Universitario de Gran Canaria Doctor Negrín,ES,Spain,1,UPO,2006-2010,incoming
https://ror.org/00s5a4h94,University City Science Center,US,United States,1,UPO,2006-2010,incoming
https://ror.org/00s61s029,VA New England Healthcare System,US,United States,11,UPO,2006-2010,incoming
https://ror.org/00s67c790,Estonian University of Life Sciences,EE,Estonia,1,UPO,2006-2010,incoming
https://ror.org/00s6t1f81,University of Pavia,IT,Italy,1598,UPO,2006-2010,incoming
https://ror.org/00s7tkw17,Minjiang University,CN,China,1,UPO,2006-2010,incoming
https://ror.org/00s7v8q53,Hôpital de la Conception,FR,France,7,UPO,2006-2010,incoming
https://ror.org/00s8fpf52,Lodz University of Technology,PL,Poland,43,UPO,2006-2010,incoming
https://ror.org/00s8hq550,Centre d'Etudes Biologiques de Chizé,FR,France,9,UPO,2006-2010,incoming
https://ror.org/00s8p6c75,Agência Paulista de Tecnologia dos Agronegócios,BR,Brazil,1,UPO,2006-2010,incoming
https://ror.org/00s8vne50,Yerevan State University,AM,Armenia,3,UPO,2006-2010,incoming
https://ror.org/00s9dpb54,Myongji University,KR,South Korea,24,UPO,2006-2010,incoming
https://ror.org/00saxze38,Loma Linda University Health Care,US,United States,1,UPO,2006-2010,incoming
https://ror.org/00saywf64,Gyeongsang National University,KR,South Korea,37,UPO,2006-2010,incoming
https://ror.org/00sb1nr29,Islamic Azad University North Tehran Branch,IR,Iran,2,UPO,2006-2010,incoming
https://ror.org/00sb7hc59,Max Planck Institute for Polymer Research,DE,Germany,8,UPO,2006-2010,incoming
https://ror.org/00sbbhq57,Jilin Business and Technology College,CN,China,2,UPO,2006-2010,incoming
https://ror.org/00sbx0y13,Amasya Üniversitesi,TR,Turkey,2,UPO,2006-2010,incoming
https://ror.org/00sc9n023,Yunnan Normal University,CN,China,2,UPO,2006-2010,incoming
https://ror.org/00scfzf83,Hospital Universitario Dexeus,ES,Spain,4,UPO,2006-2010,incoming
https://ror.org/00scwqd12,Missouri University of Science and Technology,US,United States,8,UPO,2006-2010,incoming
https://ror.org/00sda2672,Edward Via College of Osteopathic Medicine,US,United States,1,UPO,2006-2010,incoming
https://ror.org/00sde4n60,University of Maryland Medical Center,US,United States,5,UPO,2006-2010,incoming
https://ror.org/00sdj7q88,Showa University Fujigaoka Rehabilitation Hospital,JP,Japan,1,UPO,2006-2010,incoming
https://ror.org/00se2k293,National Yang Ming Chiao Tung University,TW,Taiwan,69,UPO,2006-2010,incoming
https://ror.org/00se7bf12,Institut de Chimie de Strasbourg,FR,France,6,UPO,2006-2010,incoming
https://ror.org/00sec1m50,Universidade Estadual do Ceará,BR,Brazil,1,UPO,2006-2010,incoming
https://ror.org/00sef7t37,Center for Alcohol Studies,TH,Thailand,1,UPO,2006-2010,incoming
https://ror.org/00sf92s91,Lehigh Valley Health Network,US,United States,4,UPO,2006-2010,incoming
https://ror.org/00sfmx060,Pontifícia Universidade Católica de São Paulo,BR,Brazil,121,UPO,2006-2010,incoming
https://ror.org/00sh19a92,Ente Ospedaliero Cantonale,CH,Switzerland,168,UPO,2006-2010,incoming
https://ror.org/00shc0s02,Sobolev Institute of Mathematics,RU,Russia,15,UPO,2006-2010,incoming
https://ror.org/00shsf120,National University of Ireland,IE,Ireland,13,UPO,2006-2010,incoming
https://ror.org/00shv0x82,German Rheumatism Research Centre,DE,Germany,4,UPO,2006-2010,incoming
https://ror.org/00shzgx32,Methodist University of Piracicaba,BR,Brazil,2,UPO,2006-2010,incoming
https://ror.org/00sjd5653,Ibaraki University,JP,Japan,9,UPO,2006-2010,incoming
https://ror.org/00sm8k518,Azienda Ospedaliera Universitaria Integrata Verona,IT,Italy,2,UPO,2006-2010,incoming
https://ror.org/00smdp487,Munich Leukemia Laboratory (Germany),DE,Germany,3,UPO,2006-2010,incoming
https://ror.org/00smwky98,Tokushima Bunri University,JP,Japan,11,UPO,2006-2010,incoming
https://ror.org/00sn9ab77,Samara State University,RU,Russia,7,UPO,2006-2010,incoming
https://ror.org/00snfqn58,Fundação para a Ciência e Tecnologia,PT,Portugal,102,UPO,2006-2010,incoming
https://ror.org/00spys463,Los Angeles Medical Center,US,United States,5,UPO,2006-2010,incoming
https://ror.org/00ss42h10,Riga East University Hospital,LV,Latvia,1,UPO,2006-2010,incoming
https://ror.org/00sv7ks13,Unilabs (Norway),NO,Norway,1,UPO,2006-2010,incoming
https://ror.org/00swmft88,Centro Oncológico de Galicia,ES,Spain,3,UPO,2006-2010,incoming
https://ror.org/00swv7d52,Penn Presbyterian Medical Center,US,United States,1,UPO,2006-2010,incoming
https://ror.org/00sx0cd23,Balseiro Institute,AR,Argentina,1,UPO,2006-2010,incoming
https://ror.org/00sx29x36,Alberta Children's Hospital,CA,Canada,2,UPO,2006-2010,incoming
https://ror.org/00sx97n88,Centre for International Relations,PL,Poland,2,UPO,2006-2010,incoming
https://ror.org/00sxe0e68,Harper University Hospital,US,United States,1,UPO,2006-2010,incoming
https://ror.org/00syhrg42,Zentral und Hochschulbibliothek Luzern,CH,Switzerland,1,UPO,2006-2010,incoming
https://ror.org/00syjsq54,Bezalel Academy of Arts and Design,IL,Israel,1,UPO,2006-2010,incoming
https://ror.org/00syyqa87,Orthopaedic University Hospital Friedrichsheim,DE,Germany,2,UPO,2006-2010,incoming
https://ror.org/00t0n9020,Kaplan Medical Center,IL,Israel,13,UPO,2006-2010,incoming
https://ror.org/00t0z3q71,Instituto Nacional del Tórax,CL,Chile,1,UPO,2006-2010,incoming
https://ror.org/00t2n7611,Roskilde Sygehus,DK,Denmark,3,UPO,2006-2010,incoming
https://ror.org/00t33hh48,Chinese University of Hong Kong,HK,Hong Kong,66,UPO,2006-2010,incoming
https://ror.org/00t3r8h32,University of Lübeck,DE,Germany,34,UPO,2006-2010,incoming
https://ror.org/00t4db855,Alstom (France),FR,France,607,UPO,2006-2010,incoming
https://ror.org/00t4vnv68,IRCCS Azienda Ospedliero-Universitaria di Bologna Policlinico di Sant'Orsola,IT,Italy,22,UPO,2006-2010,incoming
https://ror.org/00t4w1v80,Hospital de Viladecans,ES,Spain,22,UPO,2006-2010,incoming
https://ror.org/00t5sva18,Center for Agricultural Resources Research,CN,China,1,UPO,2006-2010,incoming
https://ror.org/00t60zh31,Kaiser Permanente,US,United States,28,UPO,2006-2010,incoming
https://ror.org/00t67pt25,Birmingham City University,GB,United Kingdom,3,UPO,2006-2010,incoming
https://ror.org/00t7c0489,Institute for Biological Sciences,CA,Canada,5,UPO,2006-2010,incoming
https://ror.org/00t7c6f62,Institute of Molecular Biology,BG,Bulgaria,1,UPO,2006-2010,incoming
https://ror.org/00t89kj24,Mackay Medical University,TW,Taiwan,3,UPO,2006-2010,incoming
https://ror.org/00t8gz605,Trinity University,US,United States,1,UPO,2006-2010,incoming
https://ror.org/00t8xfq63,Centro de Estudios Científicos,CL,Chile,4,UPO,2006-2010,incoming
https://ror.org/00t954r14,University Hospital St. Marina,BG,Bulgaria,1,UPO,2006-2010,incoming
https://ror.org/00t9n0h58,Instituto Politécnico de Beja,PT,Portugal,2,UPO,2006-2010,incoming
https://ror.org/00tcb9k97,New York Eye and Ear Infirmary,US,United States,1,UPO,2006-2010,incoming
https://ror.org/00td68a17,Bispebjerg Hospital,DK,Denmark,6,UPO,2006-2010,incoming
https://ror.org/00td6v066,Helios Klinikum Emil von Behring,DE,Germany,1,UPO,2006-2010,incoming
https://ror.org/00tdrjp82,Arizona Heart Institute,US,United States,5,UPO,2006-2010,incoming
https://ror.org/00te2x188,Institute for Scientific Interchange,IT,Italy,73,UPO,2006-2010,incoming
https://ror.org/00te3t702,University of Georgia,US,United States,1,UPO,2006-2010,incoming
https://ror.org/00tgps059,Novosibirsk Institute of Organic Chemistry,RU,Russia,2,UPO,2006-2010,incoming
https://ror.org/00tgr2h49,Computer Equipment and Technologies,RU,Russia,6,UPO,2006-2010,incoming
https://ror.org/00thqtb16,University of Nebraska Medical Center,US,United States,109,UPO,2006-2010,incoming
https://ror.org/00thwk687,Western Research Institute,US,United States,1,UPO,2006-2010,incoming
https://ror.org/00tjv0s33,Keimyung University,KR,South Korea,13,UPO,2006-2010,incoming
https://ror.org/00tk6s776,"Institute of Biomedical Sciences, Academia Sinica",TW,Taiwan,1,UPO,2006-2010,incoming
https://ror.org/00tkrft03,Kristianstad University,SE,Sweden,3,UPO,2006-2010,incoming
https://ror.org/00tmb7y09,Laboratoire de Chimie Théorique,FR,France,31,UPO,2006-2010,incoming
https://ror.org/00tncsy16,Universidad EAN,CO,Colombia,1,UPO,2006-2010,incoming
https://ror.org/00tnppw48,Department for Environment Food and Rural Affairs,GB,United Kingdom,27,UPO,2006-2010,incoming
https://ror.org/00tnqka34,State Key Laboratory of Solid Lubrication,CN,China,1,UPO,2006-2010,incoming
https://ror.org/00tp8bz22,State Key Laboratory of Nuclear Physics and Technology,CN,China,43,UPO,2006-2010,incoming
https://ror.org/00tqkxb21,Forest Research Institute,IN,India,1,UPO,2006-2010,incoming
https://ror.org/00trqv719,University of Rochester Medical Center,US,United States,30,UPO,2006-2010,incoming
https://ror.org/00tse2b39,Universitat Internacional de Catalunya,ES,Spain,2,UPO,2006-2010,incoming
https://ror.org/00tvate34,Universidad San Pablo CEU,ES,Spain,1,UPO,2006-2010,incoming
https://ror.org/00tw3jy02,MRC Laboratory of Molecular Biology,GB,United Kingdom,25,UPO,2006-2010,incoming
https://ror.org/00tw8zf26,Centre For Human Genetics,IN,India,1,UPO,2006-2010,incoming
https://ror.org/00twdhr48,Korea Hydro and Nuclear Power (Korea),KR,South Korea,1,UPO,2006-2010,incoming
https://ror.org/00tx98v53,École Nationale Supérieure d’Informatique pour l’Industrie et l’Entreprise,FR,France,1,UPO,2006-2010,incoming
https://ror.org/00ty2a548,Idaho National Laboratory,US,United States,9,UPO,2006-2010,incoming
https://ror.org/00tyjp878,Jiangsu University of Science and Technology,CN,China,2,UPO,2006-2010,incoming
https://ror.org/00tz4k675,Harlem Hospital Center,US,United States,1,UPO,2006-2010,incoming
https://ror.org/00tze5d69,Teikyo University Hospital,JP,Japan,1,UPO,2006-2010,incoming
https://ror.org/00v0y5771,École Centrale Paris,FR,France,2,UPO,2006-2010,incoming
https://ror.org/00v0z9322,Moscow Institute of Physics and Technology,RU,Russia,21,UPO,2006-2010,incoming
https://ror.org/00v171g37,Laboratory of Physical Chemistry,CH,Switzerland,15,UPO,2006-2010,incoming
https://ror.org/00v1y6t69,Techno India University,IN,India,1,UPO,2006-2010,incoming
https://ror.org/00v29jp57,National University of General San Martín,AR,Argentina,4,UPO,2006-2010,incoming
https://ror.org/00v2tx290,Medisch Centrum Haaglanden,NL,The Netherlands,3,UPO,2006-2010,incoming
https://ror.org/00v3cq569,Okazaki Institute for Integrative Bioscience,JP,Japan,3,UPO,2006-2010,incoming
https://ror.org/00v408z34,China Medical University,TW,Taiwan,34,UPO,2006-2010,incoming
https://ror.org/00v452281,Centre international de recherche sur le cancer,FR,France,168,UPO,2006-2010,incoming
https://ror.org/00v47pv90,Baptist Health South Florida,US,United States,1,UPO,2006-2010,incoming
https://ror.org/00v4dac24,Leeds Teaching Hospitals NHS Trust,GB,United Kingdom,88,UPO,2006-2010,incoming
https://ror.org/00v4pk551,Ecoplan (Switzerland),CH,Switzerland,1,UPO,2006-2010,incoming
https://ror.org/00v5gqm66,China Institute of Atomic Energy,CN,China,373,UPO,2006-2010,incoming
https://ror.org/00v5h4y49,Derriford Hospital,GB,United Kingdom,4,UPO,2006-2010,incoming
https://ror.org/00v6g9845,Siemens (China),CN,China,1,UPO,2006-2010,incoming
https://ror.org/00v807439,Translational Research Institute,AU,Australia,1,UPO,2006-2010,incoming
https://ror.org/00v8kcx92,Physiologisches Institut,DE,Germany,23,UPO,2006-2010,incoming
https://ror.org/00v8ry163,European Centre for Ecotoxicology and Toxicology of Chemicals,BE,Belgium,1,UPO,2006-2010,incoming
https://ror.org/00v97ad02,University of North Texas,US,United States,206,UPO,2006-2010,incoming
https://ror.org/00vasag41,University of Neuchâtel,CH,Switzerland,43,UPO,2006-2010,incoming
https://ror.org/00vbvha87,Public Health England,GB,United Kingdom,6,UPO,2006-2010,incoming
https://ror.org/00vcb6036,Osaka Prefectural Medical Center,JP,Japan,1,UPO,2006-2010,incoming
https://ror.org/00vcyhn10,Universidade Católica de Santos,BR,Brazil,1,UPO,2006-2010,incoming
https://ror.org/00verxq29,A.E. Favorsky Irkutsk Institute of Chemistry,RU,Russia,6,UPO,2006-2010,incoming
https://ror.org/00vgj0470,American World University,US,United States,3,UPO,2006-2010,incoming
https://ror.org/00vgscq55,University of Belgrade – Faculty of Pharmacy,RS,Serbia,1,UPO,2006-2010,incoming
https://ror.org/00vh6r649,Centro interuniversitario per la ricerca sull'influenza e le altre infezioni trasmissibili,IT,Italy,2,UPO,2006-2010,incoming
https://ror.org/00vkrxq08,University Malaya Medical Centre,MY,Malaysia,2,UPO,2006-2010,incoming
https://ror.org/00vkwep27,Division of Cancer Epidemiology and Genetics,US,United States,84,UPO,2006-2010,incoming
https://ror.org/00vmr1p37,Seacroft Hospital,GB,United Kingdom,1,UPO,2006-2010,incoming
https://ror.org/00vn06n10,Simula Research Laboratory,NO,Norway,3,UPO,2006-2010,incoming
https://ror.org/00vn23s59,Instituto de Estudios de Ciencias de la Salud de Castilla y León,ES,Spain,1,UPO,2006-2010,incoming
https://ror.org/00vna7491,Handan Polytechnic College,CN,China,1,UPO,2006-2010,incoming
https://ror.org/00vp5ry21,Iranshahr University,IR,Iran,1,UPO,2006-2010,incoming
https://ror.org/00vs8d940,University of Bradford,GB,United Kingdom,14,UPO,2006-2010,incoming
https://ror.org/00vtgdb53,University of Glasgow,GB,United Kingdom,370,UPO,2006-2010,incoming
https://ror.org/00vvs5b96,Leo Pharma (Australia),AU,Australia,2,UPO,2006-2010,incoming
https://ror.org/00vvvt117,Sookmyung Women's University,KR,South Korea,6,UPO,2006-2010,incoming
https://ror.org/00vwfb160,Darlington Memorial Hospital,GB,United Kingdom,1,UPO,2006-2010,incoming
https://ror.org/00vxgjw72,Ministry of Health and Welfare,KR,South Korea,4,UPO,2006-2010,incoming
https://ror.org/00vy7ed73,Turku Centre for Computer Science,FI,Finland,1,UPO,2006-2010,incoming
https://ror.org/00vya8493,Tokyo Metropolitan Institute of Medical Science,JP,Japan,8,UPO,2006-2010,incoming
https://ror.org/00vyyx863,Eastern Health,AU,Australia,7,UPO,2006-2010,incoming
https://ror.org/00w0f8567,Kyushu Tokai University,JP,Japan,3,UPO,2006-2010,incoming
https://ror.org/00w0k4e67,Texas A&M University at Galveston,US,United States,2,UPO,2006-2010,incoming
https://ror.org/00w1zvy92,Tokyo Metropolitan Institute of Public Health,JP,Japan,1,UPO,2006-2010,incoming
https://ror.org/00w33ze35,Registered Nurses' Association of Ontario,CA,Canada,1,UPO,2006-2010,incoming
https://ror.org/00w3hap50,Instytut Chemii i Techniki Jądrowej,PL,Poland,9,UPO,2006-2010,incoming
https://ror.org/00w52vt71,MUSC Hollings Cancer Center,US,United States,5,UPO,2006-2010,incoming
https://ror.org/00w67e447,Laboratoire de Physique Théorique et Modèles Statistiques,FR,France,1,UPO,2006-2010,incoming
https://ror.org/00w6g5w60,City Of Hope National Medical Center,US,United States,51,UPO,2006-2010,incoming
https://ror.org/00w6r1881,Institute of Nanostructured Materials,IT,Italy,9,UPO,2006-2010,incoming
https://ror.org/00w78qy64,Institut Pasteur of Shanghai,CN,China,3,UPO,2006-2010,incoming
https://ror.org/00w7fxv12,University Hospital Dr. Georgi Stranski,BG,Bulgaria,1,UPO,2006-2010,incoming
https://ror.org/00w7whj55,Berliner Hochschule für Technik,DE,Germany,1,UPO,2006-2010,incoming
https://ror.org/00w81q081,Hôpital Albert Calmette,FR,France,1,UPO,2006-2010,incoming
https://ror.org/00w93dg44,Na Homolce Hospital,CZ,Czechia,1,UPO,2006-2010,incoming
https://ror.org/00w9a2z18,Jiwaji University,IN,India,1,UPO,2006-2010,incoming
https://ror.org/00w9dm031,Institute on Taxation and Economic Policy,US,United States,69,UPO,2006-2010,incoming
https://ror.org/00waaqh38,Vietnam National University Ho Chi Minh City,VN,Vietnam,2,UPO,2006-2010,incoming
https://ror.org/00wadf468,Polymer Institute of the Slovak Academy of Sciences,SK,Slovakia,1,UPO,2006-2010,incoming
https://ror.org/00wbskb04,Texas Biomedical Research Institute,US,United States,6,UPO,2006-2010,incoming
https://ror.org/00wbzw723,University of Washington Medical Center,US,United States,23,UPO,2006-2010,incoming
https://ror.org/00wdq3744,Thapar Institute of Engineering & Technology,IN,India,1,UPO,2006-2010,incoming
https://ror.org/00wdsp051,Cape Town HVTN Immunology Laboratory / Hutchinson Centre Research Institute of South Africa,ZA,South Africa,51,UPO,2006-2010,incoming
https://ror.org/00we5be91,German Centre of Gerontology,DE,Germany,1,UPO,2006-2010,incoming
https://ror.org/00wek6x04,University of Puerto Rico-Mayaguez,PR,Puerto Rico,284,UPO,2006-2010,incoming
https://ror.org/00wekhx15,Institute of General and Inorganic Chemistry,BG,Bulgaria,16,UPO,2006-2010,incoming
https://ror.org/00wemg618,Youjiang Medical College for Nationalities,CN,China,3,UPO,2006-2010,incoming
https://ror.org/00wfvh315,Charles Sturt University,AU,Australia,2,UPO,2006-2010,incoming
https://ror.org/00wg2b048,Royal University Hospital,CA,Canada,4,UPO,2006-2010,incoming
https://ror.org/00wg9xe54,Chemical Diversity Research Institute,RU,Russia,4,UPO,2006-2010,incoming
https://ror.org/00wge5k78,UiT The Arctic University of Norway,NO,Norway,46,UPO,2006-2010,incoming
https://ror.org/00wgjpw02,Mount Sinai Medical Center,US,United States,24,UPO,2006-2010,incoming
https://ror.org/00wh4bp03,Université Montpellier 2,FR,France,7,UPO,2006-2010,incoming
https://ror.org/00whhby07,Centre Henri Becquerel,FR,France,13,UPO,2006-2010,incoming
https://ror.org/00wj6x496,Institute for Research in Immunology and Cancer,CA,Canada,4,UPO,2006-2010,incoming
https://ror.org/00wjc7c48,University of Milan,IT,Italy,2652,UPO,2006-2010,incoming
https://ror.org/00wjdp131,Institute for Food Safety and Health,US,United States,1,UPO,2006-2010,incoming
https://ror.org/00wk05f95,CeNTech,DE,Germany,1,UPO,2006-2010,incoming
https://ror.org/00wk2mp56,Beihang University,CN,China,4,UPO,2006-2010,incoming
https://ror.org/00wk9vd23,Skive Hospital,DK,Denmark,3,UPO,2006-2010,incoming
https://ror.org/00wkhef66,Reinier de Graaf Hospital,NL,The Netherlands,2,UPO,2006-2010,incoming
https://ror.org/00wksha49,"National Institute of Biological Sciences, Beijing",CN,China,2,UPO,2006-2010,incoming
https://ror.org/00wm07d60,Van Andel Institute,US,United States,7,UPO,2006-2010,incoming
https://ror.org/00wm3b005,STMicroelectronics (Switzerland),CH,Switzerland,2,UPO,2006-2010,incoming
https://ror.org/00wm7p047,Meiji Pharmaceutical University,JP,Japan,1,UPO,2006-2010,incoming
https://ror.org/00wmhkr98,City College of New York,US,United States,11,UPO,2006-2010,incoming
https://ror.org/00wmm6v75,American University of Beirut Medical Center,LB,Lebanon,7,UPO,2006-2010,incoming
https://ror.org/00wn7d965,University of Virginia Health System,US,United States,37,UPO,2006-2010,incoming
https://ror.org/00wqczk30,Pasteur Institute of Iran,IR,Iran,8,UPO,2006-2010,incoming
https://ror.org/00wrevg56,University College Hospital,GB,United Kingdom,22,UPO,2006-2010,incoming
https://ror.org/00ws30h19,Tokyo Metropolitan University,JP,Japan,144,UPO,2006-2010,incoming
https://ror.org/00wt7xg39,Westat (United States),US,United States,2,UPO,2006-2010,incoming
https://ror.org/00wtgx181,Highland Hospital,US,United States,3,UPO,2006-2010,incoming
https://ror.org/00wthd003,Allergan (Ireland),IE,Ireland,5,UPO,2006-2010,incoming
https://ror.org/00wtrxf04,Osher Center for Integrative Medicine,US,United States,2,UPO,2006-2010,incoming
https://ror.org/00wwxk695,Laboratoire Analyse et Modélisation pour la Biologie et l'Environnement,FR,France,5,UPO,2006-2010,incoming
https://ror.org/00wxgxz56,Hospital Universitario de Toledo,ES,Spain,5,UPO,2006-2010,incoming
https://ror.org/00wxjqb77,Klinikum Mittelbaden,DE,Germany,1,UPO,2006-2010,incoming
https://ror.org/00wy14q17,National Taiwan University of Arts,TW,Taiwan,994,UPO,2006-2010,incoming
https://ror.org/00wys9y90,Herlev Hospital,DK,Denmark,8,UPO,2006-2010,incoming
https://ror.org/00wz2vk41,Center for Mathematical Modeling,CL,Chile,4,UPO,2006-2010,incoming
https://ror.org/00wzdr059,St. Paul's Hospital,CA,Canada,8,UPO,2006-2010,incoming
https://ror.org/00wztsq19,Qilu Normal University,CN,China,1,UPO,2006-2010,incoming
https://ror.org/00x0nkm13,Universidade Federal de Ciências da Saúde de Porto Alegre,BR,Brazil,5,UPO,2006-2010,incoming
https://ror.org/00x0vxx91,Institute of Physics and Technology,RU,Russia,1,UPO,2006-2010,incoming
https://ror.org/00x194q47,Rikkyo University,JP,Japan,20,UPO,2006-2010,incoming
https://ror.org/00x1cgf82,Centro de Espectrometria de Massa,PT,Portugal,7,UPO,2006-2010,incoming
https://ror.org/00x27da85,University of Perugia,IT,Italy,1282,UPO,2006-2010,incoming
https://ror.org/00x362k69,Queen Elizabeth Hospital,AU,Australia,8,UPO,2006-2010,incoming
https://ror.org/00x3jrk87,Centro de Física Teórica de Partículas,PT,Portugal,8,UPO,2006-2010,incoming
https://ror.org/00x3rpv59,Tomsk State Pedagogical University,RU,Russia,4,UPO,2006-2010,incoming
https://ror.org/00x43yy22,State Key Laboratory of Biotherapy,CN,China,16,UPO,2006-2010,incoming
https://ror.org/00x514t95,Hanbat National University,KR,South Korea,1,UPO,2006-2010,incoming
https://ror.org/00x5b2p37,Carroll College,US,United States,6,UPO,2006-2010,incoming
https://ror.org/00x69rs40,Marche Polytechnic University,IT,Italy,157,UPO,2006-2010,incoming
https://ror.org/00x6vsv29,Qatar Orthopaedic and Sports Medicine Hospital,QA,Qatar,2,UPO,2006-2010,incoming
https://ror.org/00x8ccz20,University of Wisconsin–La Crosse,US,United States,1,UPO,2006-2010,incoming
https://ror.org/00x9ewr78,National Council for Scientific Research,LB,Lebanon,1,UPO,2006-2010,incoming
https://ror.org/00xa0xn82,Trakya University,TR,Turkey,10,UPO,2006-2010,incoming
https://ror.org/00xa57a59,University of Novi Sad,RS,Serbia,10,UPO,2006-2010,incoming
https://ror.org/00xbas612,Rabindranath Tagore International Institute of Cardiac Sciences,IN,India,1,UPO,2006-2010,incoming
https://ror.org/00xbsaf62,Czech Hydrometeorological Institute,CZ,Czechia,1,UPO,2006-2010,incoming
https://ror.org/00xc0ma20,"City University of Hong Kong, Shenzhen Research Institute",CN,China,1,UPO,2006-2010,incoming
https://ror.org/00xc1d948,Industrial University of Santander,CO,Colombia,2,UPO,2006-2010,incoming
https://ror.org/00xcryt71,University of Arkansas for Medical Sciences,US,United States,76,UPO,2006-2010,incoming
https://ror.org/00xdn8y92,Punjabi University,IN,India,8,UPO,2006-2010,incoming
https://ror.org/00xe5zs60,Birmingham Women's Hospital,GB,United Kingdom,5,UPO,2006-2010,incoming
https://ror.org/00xgvev73,Instituto Nacional de Ciencias Médicas y Nutrición Salvador Zubirán,MX,Mexico,13,UPO,2006-2010,incoming
https://ror.org/00xhj8c72,Loyola Marymount University,US,United States,3,UPO,2006-2010,incoming
https://ror.org/00xhz2q61,Veterans Health Service Medical Center,KR,South Korea,2,UPO,2006-2010,incoming
https://ror.org/00xjwyj62,Eighth Affiliated Hospital of Sun Yat-sen University,CN,China,2,UPO,2006-2010,incoming
https://ror.org/00xk8t981,Instituto de Acuicultura Torre de la Sal,ES,Spain,1,UPO,2006-2010,incoming
https://ror.org/00xkeyj56,University of Kent,GB,United Kingdom,7,UPO,2006-2010,incoming
https://ror.org/00xkqe770,Epsom and St Helier University Hospitals NHS Trust,GB,United Kingdom,1,UPO,2006-2010,incoming
https://ror.org/00xmkp704,Ghent University Hospital,BE,Belgium,36,UPO,2006-2010,incoming
https://ror.org/00xmn3c34,Monmouth Medical Center,US,United States,1,UPO,2006-2010,incoming
https://ror.org/00xmzb398,Hospital Alemão Oswaldo Cruz,BR,Brazil,2,UPO,2006-2010,incoming
https://ror.org/00xpsqk75,Iceland University of the Arts,IS,Iceland,9,UPO,2006-2010,incoming
https://ror.org/00xqebk56,West Los Angeles College,US,United States,1,UPO,2006-2010,incoming
https://ror.org/00xsdn005,Kanazawa University Hospital,JP,Japan,4,UPO,2006-2010,incoming
https://ror.org/00xsfaz62,Xiangtan University,CN,China,3,UPO,2006-2010,incoming
https://ror.org/00xsr9m91,Tiangong University,CN,China,5,UPO,2006-2010,incoming
https://ror.org/00xts7d02,Institut de Science et d'Ingénierie Supramoléculaires,FR,France,2,UPO,2006-2010,incoming
https://ror.org/00xtsag93,Jilin Normal University,CN,China,1,UPO,2006-2010,incoming
https://ror.org/00xwg5y60,Shiga University of Medical Science Hospital,JP,Japan,17,UPO,2006-2010,incoming
https://ror.org/00xwgyp12,Universidade Federal Rural do Rio de Janeiro,BR,Brazil,1,UPO,2006-2010,incoming
https://ror.org/00xwqff48,Ave Maria University,US,United States,4,UPO,2006-2010,incoming
https://ror.org/00xwvfm64,Australian Centre for Plant Functional Genomics,AU,Australia,9,UPO,2006-2010,incoming
https://ror.org/00xy44n04,Yamagata University,JP,Japan,109,UPO,2006-2010,incoming
https://ror.org/00xyeez13,Kunming University of Science and Technology,CN,China,2,UPO,2006-2010,incoming
https://ror.org/00xz1cn67,Saiseikai Kumamoto Hospital,JP,Japan,1,UPO,2006-2010,incoming
https://ror.org/00xz7ma09,Hôpital régional,CH,Switzerland,2,UPO,2006-2010,incoming
https://ror.org/00xzqjh13,University of Tennessee System,US,United States,1459,UPO,2006-2010,incoming
https://ror.org/00y0xnp53,Warsaw University of Technology,PL,Poland,1440,UPO,2006-2010,incoming
https://ror.org/00y0zf565,Institute for Basic Science,KR,South Korea,7,UPO,2006-2010,incoming
https://ror.org/00y1ekh28,"University of Education, Winneba",GH,Ghana,26,UPO,2006-2010,incoming
https://ror.org/00y30az25,Sparrow Health System,US,United States,1,UPO,2006-2010,incoming
https://ror.org/00y3hzd62,Université du Québec à Chicoutimi,CA,Canada,1,UPO,2006-2010,incoming
https://ror.org/00y48xj05,Hospital Roberto del Rio,CL,Chile,1,UPO,2006-2010,incoming
https://ror.org/00y4ya841,Medical University of Białystok,PL,Poland,16,UPO,2006-2010,incoming
https://ror.org/00y4zzh67,George Washington University,US,United States,69,UPO,2006-2010,incoming
https://ror.org/00y518s84,Instituto de Fermentaciones Industriales,ES,Spain,3,UPO,2006-2010,incoming
https://ror.org/00y5zsg21,Institute of Oncology Ljubljana,SI,Slovenia,12,UPO,2006-2010,incoming
https://ror.org/00y64dx33,Monroe Carell Jr. Children's Hospital,US,United States,2,UPO,2006-2010,incoming
https://ror.org/00y6khe77,Ministry of Health,CZ,Czechia,2,UPO,2006-2010,incoming
https://ror.org/00y6q9n79,Ministry of Health,ES,Spain,5,UPO,2006-2010,incoming
https://ror.org/00y7snj24,Northwest University,US,United States,3,UPO,2006-2010,incoming
https://ror.org/00y9yvy68,State Key Laboratory of Food Nutrition and Safety,CN,China,2,UPO,2006-2010,incoming
https://ror.org/00yae6e25,University of Wrocław,PL,Poland,118,UPO,2006-2010,incoming
https://ror.org/00yd0qf44,Research Institute for Analytical Instrumentation,RO,Romania,1,UPO,2006-2010,incoming
https://ror.org/00ydy7x73,University of the Southwest,US,United States,6,UPO,2006-2010,incoming
https://ror.org/00yf3tm42,Center for Drug Evaluation and Research,US,United States,2,UPO,2006-2010,incoming
https://ror.org/00yfbr841,Hôpital Armand-Trousseau,FR,France,11,UPO,2006-2010,incoming
https://ror.org/00yfw2296,Istituto Officina dei Materiali,IT,Italy,22,UPO,2006-2010,incoming
https://ror.org/00ygy3d85,Istituto per le Applicazioni del Calcolo Mauro Picone,IT,Italy,27,UPO,2006-2010,incoming
https://ror.org/00yhmjd28,Research Institute for Chromatography,BE,Belgium,1,UPO,2006-2010,incoming
https://ror.org/00yhnba62,Qatar University,QA,Qatar,1,UPO,2006-2010,incoming
https://ror.org/00yjd3n13,Swiss National Science Foundation,CH,Switzerland,29,UPO,2006-2010,incoming
https://ror.org/00ykac431,Institute of Chemical Technology,IN,India,4,UPO,2006-2010,incoming
https://ror.org/00yksxf10,Emory Healthcare,US,United States,13,UPO,2006-2010,incoming
https://ror.org/00ym4dr28,Hospital Militar Principal,PT,Portugal,1,UPO,2006-2010,incoming
https://ror.org/00yn2fy02,Portland State University,US,United States,66,UPO,2006-2010,incoming
https://ror.org/00yn60108,Australian Mathematical Sciences Institute,AU,Australia,1,UPO,2006-2010,incoming
https://ror.org/00yncr324,Monash University Malaysia,MY,Malaysia,1,UPO,2006-2010,incoming
https://ror.org/00ypgyy34,State University of Malang,ID,Indonesia,3,UPO,2006-2010,incoming
https://ror.org/00yphhr71,Institut de Cancérologie de Lorraine,FR,France,6,UPO,2006-2010,incoming
https://ror.org/00ypk0v12,Ewha Womans University Mokdong Hospital,KR,South Korea,1,UPO,2006-2010,incoming
https://ror.org/00ypx0z29,Institute of Physics and Technology,MN,Mongolia,13,UPO,2006-2010,incoming
https://ror.org/00yq55g44,Witten/Herdecke University,DE,Germany,29,UPO,2006-2010,incoming
https://ror.org/00yqvtm78,University of Shahrood,IR,Iran,3,UPO,2006-2010,incoming
https://ror.org/00ysfqy60,Oregon State University,US,United States,19,UPO,2006-2010,incoming
https://ror.org/00ysqcn41,Thomas Jefferson University,US,United States,45,UPO,2006-2010,incoming
https://ror.org/00ysy1705,Ministerio de Educación y Cultura,UY,Uruguay,1,UPO,2006-2010,incoming
https://ror.org/00ysy8y40,Cleveland FES Center,US,United States,1,UPO,2006-2010,incoming
https://ror.org/00yx29a03,SRH Fernhochschule – The Mobile University,DE,Germany,1,UPO,2006-2010,incoming
https://ror.org/00yydx071,Osaka Seikei University,JP,Japan,2,UPO,2006-2010,incoming
https://ror.org/00yzb1d91,Wyckoff Heights Medical Center,US,United States,1,UPO,2006-2010,incoming
https://ror.org/00z0kq074,Universidad Michoacana de San Nicolás de Hidalgo,MX,Mexico,8,UPO,2006-2010,incoming
https://ror.org/00z0vcr53,Columbia-Greene Community College,US,United States,3,UPO,2006-2010,incoming
https://ror.org/00z1f6y87,Institute for Seri-Biotechnological Research,IN,India,3,UPO,2006-2010,incoming
https://ror.org/00z27jk27,Shanghai University of Traditional Chinese Medicine,CN,China,6,UPO,2006-2010,incoming
https://ror.org/00z2tp793,Center for Neuro-Oncology,US,United States,2,UPO,2006-2010,incoming
https://ror.org/00z34yn88,"Istituto Nazionale di Fisica Nucleare, Sezione di Padova",IT,Italy,7,UPO,2006-2010,incoming
https://ror.org/00z3td547,Northwest University,CN,China,21,UPO,2006-2010,incoming
https://ror.org/00z4t3785,The Rotherham NHS Foundation Trust,GB,United Kingdom,1,UPO,2006-2010,incoming
https://ror.org/00z54nq84,Institut de Physique,FR,France,220,UPO,2006-2010,incoming
https://ror.org/00z65ng94,Landau Institute for Theoretical Physics,RU,Russia,22,UPO,2006-2010,incoming
https://ror.org/00z72fs19,Department of Health Research,IN,India,2,UPO,2006-2010,incoming
https://ror.org/00z8ws214,Institute of Materials for Electronics and Magnetism,IT,Italy,8,UPO,2006-2010,incoming
https://ror.org/00za53h95,Johns Hopkins University,US,United States,1166,UPO,2006-2010,incoming
https://ror.org/00za68765,Centro Universitário Estácio de Santa Catarina,BR,Brazil,1,UPO,2006-2010,incoming
https://ror.org/00zam0e96,Institute of Pathology and Genetics,BE,Belgium,1,UPO,2006-2010,incoming
https://ror.org/00zbe0w13,Tianjin University of Technology,CN,China,1,UPO,2006-2010,incoming
https://ror.org/00zbfm828,Cambridge Crystallographic Data Centre,GB,United Kingdom,3,UPO,2006-2010,incoming
https://ror.org/00zbht122,Hospital Xeral Calde,ES,Spain,8,UPO,2006-2010,incoming
https://ror.org/00zbnzw74,Stratford University,US,United States,2,UPO,2006-2010,incoming
https://ror.org/00zc2xc51,Royal Perth Hospital,AU,Australia,14,UPO,2006-2010,incoming
https://ror.org/00zca7903,Biomedical Research Networking Center on Neurodegenerative Diseases,ES,Spain,12,UPO,2006-2010,incoming
https://ror.org/00zcy2665,Vestfold University College,NO,Norway,1,UPO,2006-2010,incoming
https://ror.org/00zdnkx70,National Tsing Hua University,TW,Taiwan,48,UPO,2006-2010,incoming
https://ror.org/00zerva91,St. Patrick Hospital,US,United States,1,UPO,2006-2010,incoming
https://ror.org/00zfe1b87,Zentralklinik Bad Berka,DE,Germany,2,UPO,2006-2010,incoming
https://ror.org/00zfzef50,National Development and Research Institutes,US,United States,2,UPO,2006-2010,incoming
https://ror.org/00zg31r41,Centre INRAE Grand-Est - Colmar,FR,France,1,UPO,2006-2010,incoming
https://ror.org/00zgdb249,Science and Engineering Research Council,SG,Singapore,18,UPO,2006-2010,incoming
https://ror.org/00zhvdn11,Tunghai University,TW,Taiwan,2,UPO,2006-2010,incoming
https://ror.org/00zj9v924,Instituto Murciano de Investigación y Desarrollo Agrario y Medioambiental,ES,Spain,1,UPO,2006-2010,incoming
https://ror.org/00zkpmz33,National Institute of Medical Statistics,IN,India,2,UPO,2006-2010,incoming
https://ror.org/00zm8bs36,Laboratoire de Physique Statistique,FR,France,2,UPO,2006-2010,incoming
https://ror.org/00zn2c847,Great Ormond Street Hospital,GB,United Kingdom,16,UPO,2006-2010,incoming
https://ror.org/00znex860,United States Naval Academy,US,United States,9,UPO,2006-2010,incoming
https://ror.org/00znqwq11,VA San Diego Healthcare System,US,United States,2,UPO,2006-2010,incoming
https://ror.org/00znvbk37,National Health Laboratory Service,ZA,South Africa,14,UPO,2006-2010,incoming
https://ror.org/00znyv691,Danish National Research Foundation,DK,Denmark,11,UPO,2006-2010,incoming
https://ror.org/00zq17821,General Hospital of Athens G. Genimatas,GR,Greece,5,UPO,2006-2010,incoming
https://ror.org/00zq17y52,Hospital Universitario del Tajo,ES,Spain,1,UPO,2006-2010,incoming
https://ror.org/00zrfhe30,Onze Lieve Vrouwziekenhuis Hospital,BE,Belgium,15,UPO,2006-2010,incoming
https://ror.org/00zs3y046,"Istituto Nazionale di Fisica Nucleare, Sezione di Ferrara",IT,Italy,3,UPO,2006-2010,incoming
https://ror.org/00zs80j25,Polaris Industries (United States),US,United States,3,UPO,2006-2010,incoming
https://ror.org/00ztar512,Aichi Medical University Hospital,JP,Japan,2,UPO,2006-2010,incoming
https://ror.org/00zw6et16,Capital Institute of Pediatrics,CN,China,1,UPO,2006-2010,incoming
https://ror.org/00zw9nc64,University of Miami Health System,US,United States,17,UPO,2006-2010,incoming
https://ror.org/00zywfh80,Sherbrooke Research and Development Centre,CA,Canada,1,UPO,2006-2010,incoming
https://ror.org/0101aa973,Hollywood Private Hospital,AU,Australia,1,UPO,2006-2010,incoming
https://ror.org/0101cd070,Women's Cancer Center of Nevada,US,United States,1,UPO,2006-2010,incoming
https://ror.org/0101kry21,Allegheny Health Network,US,United States,13,UPO,2006-2010,incoming
https://ror.org/0101we292,National Centre of Excellence in Analytical Chemistry,PK,Pakistan,2,UPO,2006-2010,incoming
https://ror.org/0102aw075,Valley Health System,US,United States,3,UPO,2006-2010,incoming
https://ror.org/0102mm775,Nicolaus Copernicus University,PL,Poland,28,UPO,2006-2010,incoming
https://ror.org/0103jbm17,Golden Jubilee National Hospital,GB,United Kingdom,2,UPO,2006-2010,incoming
https://ror.org/0103jrh39,BMI The London Independent Hospital,GB,United Kingdom,1,UPO,2006-2010,incoming
https://ror.org/010408w50,Language Center of UZH and ETH Zürich,CH,Switzerland,2,UPO,2006-2010,incoming
https://ror.org/0104cy831,Community College of Rhode Island,US,United States,2,UPO,2006-2010,incoming
https://ror.org/0104rcc94,University of Silesia in Katowice,PL,Poland,64,UPO,2006-2010,incoming
https://ror.org/0104w4x66,Institute of Engineering Physics,RU,Russia,2,UPO,2006-2010,incoming
https://ror.org/010567a58,Centre Hospitalier Universitaire Amiens-Picardie,FR,France,11,UPO,2006-2010,incoming
https://ror.org/01056ge55,Canisius College,US,United States,7,UPO,2006-2010,incoming
https://ror.org/0106ccb15,École Nationale Supérieure de Techniques Avancées Paris,FR,France,3,UPO,2006-2010,incoming
https://ror.org/01070mq45,Wayne State University,US,United States,926,UPO,2006-2010,incoming
https://ror.org/0107c5v14,University of Genoa,IT,Italy,1650,UPO,2006-2010,incoming
https://ror.org/0107w4315,University of Colorado Health,US,United States,60,UPO,2006-2010,incoming
https://ror.org/010826a91,Shanghai Ninth People's Hospital,CN,China,1,UPO,2006-2010,incoming
https://ror.org/010842375,Tata Memorial Hospital,IN,India,12,UPO,2006-2010,incoming
https://ror.org/0108gdg43,Sri Ramachandra Institute of Higher Education and Research,IN,India,3,UPO,2006-2010,incoming
https://ror.org/0108mwc04,Universidad del Rosario,CO,Colombia,4,UPO,2006-2010,incoming
https://ror.org/0109nma88,Min-Hwei College of Health Care Management,TW,Taiwan,2,UPO,2006-2010,incoming
https://ror.org/010azec62,Deborah Heart and Lung Center,US,United States,2,UPO,2006-2010,incoming
https://ror.org/010b9wj87,Boston Medical Center,US,United States,23,UPO,2006-2010,incoming
https://ror.org/010bdvy81,Omsk State Pedagogical University,RU,Russia,1,UPO,2006-2010,incoming
https://ror.org/010bsbc18,Hospital Prof. Dr. Fernando Fonseca,PT,Portugal,1,UPO,2006-2010,incoming
https://ror.org/010dvvh94,Instituto Politécnico de Leiria,PT,Portugal,3,UPO,2006-2010,incoming
https://ror.org/010f1sq29,North-West University,ZA,South Africa,4,UPO,2006-2010,incoming
https://ror.org/010fbpe82,Tianjin Economic-Technological Development Area,CN,China,1,UPO,2006-2010,incoming
https://ror.org/010fszt18,State Key Laboratory of Optoelectronic Materials and Technology,CN,China,21,UPO,2006-2010,incoming
https://ror.org/010gbda42,Government Medical College and Hospital,IN,India,1,UPO,2006-2010,incoming
https://ror.org/010gckf65,Sikkim Manipal University,IN,India,1,UPO,2006-2010,incoming
https://ror.org/010h6g454,Sidney Kimmel Cancer Center,US,United States,13,UPO,2006-2010,incoming
https://ror.org/010h78f45,Western Carolina University,US,United States,1,UPO,2006-2010,incoming
https://ror.org/010hfy465,Yokohama City University Hospital,JP,Japan,1,UPO,2006-2010,incoming
https://ror.org/010hq5p48,Ospedale Sacro Cuore Don Calabria,IT,Italy,1,UPO,2006-2010,incoming
https://ror.org/010hz0g26,Jichi Medical University,JP,Japan,26,UPO,2006-2010,incoming
https://ror.org/010hz2d37,Laboratoire d'Annecy de Physique Théorique,FR,France,588,UPO,2006-2010,incoming
https://ror.org/010jskt71,Embry–Riddle Aeronautical University,US,United States,2,UPO,2006-2010,incoming
https://ror.org/010md9d18,Oklahoma City VA Medical Center,US,United States,1,UPO,2006-2010,incoming
https://ror.org/010mjn423,Hong Kong Sanatorium and Hospital,HK,Hong Kong,2,UPO,2006-2010,incoming
https://ror.org/010mv7n52,Austin Hospital,AU,Australia,12,UPO,2006-2010,incoming
https://ror.org/010n41y16,Southeast Missouri State University,US,United States,1,UPO,2006-2010,incoming
https://ror.org/010ns0q29,North Memorial Medical Center,US,United States,2,UPO,2006-2010,incoming
https://ror.org/010nsgg66,Technische Universität Braunschweig,DE,Germany,30,UPO,2006-2010,incoming
https://ror.org/010pmpe69,Lomonosov Moscow State University,RU,Russia,1330,UPO,2006-2010,incoming
https://ror.org/010qwhr53,Nuremberg Hospital,DE,Germany,5,UPO,2006-2010,incoming
https://ror.org/010t7sr36,Taighde Éireann - Research Ireland,IE,Ireland,1,UPO,2006-2010,incoming
https://ror.org/010we4y38,Hospital de Clínicas de Porto Alegre,BR,Brazil,9,UPO,2006-2010,incoming
https://ror.org/010wgh593,Consorzio Interuniversitario per lo Sviluppo dei Sistemi a Grande Interfase,IT,Italy,2,UPO,2006-2010,incoming
https://ror.org/010wj6161,Saint Anthony College of Nursing,US,United States,1,UPO,2006-2010,incoming
https://ror.org/010x8gc63,University of Saskatchewan,CA,Canada,31,UPO,2006-2010,incoming
https://ror.org/010ypq317,NHS Highland,GB,United Kingdom,1,UPO,2006-2010,incoming
https://ror.org/010z8j306,Daqing City People's Hospital,CN,China,1,UPO,2006-2010,incoming
https://ror.org/01107ae84,Des Moines University Osteopathic Medical Center,US,United States,3,UPO,2006-2010,incoming
https://ror.org/01111rn36,University of Bologna,IT,Italy,2781,UPO,2006-2010,incoming
https://ror.org/0111es613,Hospital General Universitario Gregorio Marañón,ES,Spain,24,UPO,2006-2010,incoming
https://ror.org/0111f7045,Institute of Plant Protection,CN,China,1,UPO,2006-2010,incoming
https://ror.org/01136x372,Institute of Nuclear Physics,UZ,Uzbekistan,493,UPO,2006-2010,incoming
https://ror.org/0113yba25,Waitemata District Health Board,NZ,New Zealand,1,UPO,2006-2010,incoming
https://ror.org/011408310,State Scientific Institution “Institute for Single Crystals” of National Academy of Sciences of Ukraine,UA,Ukraine,6,UPO,2006-2010,incoming
https://ror.org/011647w73,National University of Uzbekistan,UZ,Uzbekistan,3,UPO,2006-2010,incoming
https://ror.org/0116zj450,University of Indonesia,ID,Indonesia,1,UPO,2006-2010,incoming
https://ror.org/0119hgk08,Université Blaise Pascal,FR,France,2,UPO,2006-2010,incoming
https://ror.org/0119pby33,Centro de Investigación Biomédica en Red de Enfermedades Respiratorias,ES,Spain,3,UPO,2006-2010,incoming
https://ror.org/011apjk30,Centre Hospitalier Universitaire Brugmann,BE,Belgium,1,UPO,2006-2010,incoming
https://ror.org/011ashp19,Sichuan University,CN,China,128,UPO,2006-2010,incoming
https://ror.org/011at3t25,European University of Rome,IT,Italy,1,UPO,2006-2010,incoming
https://ror.org/011bwkg92,Industrial Research Limited,NZ,New Zealand,2,UPO,2006-2010,incoming
https://ror.org/011cabk38,Policlinico Umberto I,IT,Italy,29,UPO,2006-2010,incoming
https://ror.org/011dv8m48,University of Gdańsk,PL,Poland,11,UPO,2006-2010,incoming
https://ror.org/011dvr318,Spaulding Rehabilitation Hospital,US,United States,3,UPO,2006-2010,incoming
https://ror.org/011e9bt93,United States Air Force Office of Scientific Research,US,United States,1,UPO,2006-2010,incoming
https://ror.org/011fdmv87,InSysBio (Russia),RU,Russia,2,UPO,2006-2010,incoming
https://ror.org/011gh0524,Chinese People's Armed Police Force,CN,China,2,UPO,2006-2010,incoming
https://ror.org/011hc8f90,DEVCOM Army Research Laboratory,US,United States,4,UPO,2006-2010,incoming
https://ror.org/011hecd67,National Center for Gene Research,CN,China,3,UPO,2006-2010,incoming
https://ror.org/011hxwn54,Asia Pacific Center for Theoretical Physics,KR,South Korea,3,UPO,2006-2010,incoming
https://ror.org/011hz4254,CRUK/MRC Oxford Institute for Radiation Oncology,GB,United Kingdom,15,UPO,2006-2010,incoming
https://ror.org/011jsc803,MRC Human Genetics Unit,GB,United Kingdom,4,UPO,2006-2010,incoming
https://ror.org/011k7k191,National University Hospital of Iceland,IS,Iceland,32,UPO,2006-2010,incoming
https://ror.org/011kf5r70,National Health and Medical Research Council,AU,Australia,3,UPO,2006-2010,incoming
https://ror.org/011maz450,University of the Punjab,PK,Pakistan,14,UPO,2006-2010,incoming
https://ror.org/011p0ty46,Institute for Theoretical Physics Amsterdam,NL,The Netherlands,7,UPO,2006-2010,incoming
https://ror.org/011pd5k86,Institute of Materials Science,VN,Vietnam,3,UPO,2006-2010,incoming
https://ror.org/011pqxa69,Université du Québec en Outaouais,CA,Canada,2,UPO,2006-2010,incoming
https://ror.org/011q66e29,Instituto Nacional de Investigación y Tecnología Agraria y Alimentaria,ES,Spain,5,UPO,2006-2010,incoming
https://ror.org/011qgx996,Mitsubishi Chemical Group Science and Technology Research Center (Japan),JP,Japan,1,UPO,2006-2010,incoming
https://ror.org/011qkaj49,Roche (United States),US,United States,13,UPO,2006-2010,incoming
https://ror.org/011qyt180,VA Office of Research and Development,US,United States,7,UPO,2006-2010,incoming
https://ror.org/011rf9d86,Shanghai Institutes for Biological Sciences,CN,China,49,UPO,2006-2010,incoming
https://ror.org/011rp3b19,National Institute of Crop Science,KR,South Korea,2,UPO,2006-2010,incoming
https://ror.org/011rw2y56,"Fundação de Apoio ao Ensino, Pesquisa e Assistência do Hospital das Clínicas da Faculdade de Medicina de Ribeirão Preto da Universidade de São Paulo",BR,Brazil,3,UPO,2006-2010,incoming
https://ror.org/011ssy811,International Prevention Research Institute,FR,France,22,UPO,2006-2010,incoming
https://ror.org/011t2cn48,St. Luke's-Roosevelt Hospital Center,US,United States,16,UPO,2006-2010,incoming
https://ror.org/011ts7939,Berufsgenossenschaft Rohstoffe und chemische Industrie,DE,Germany,2,UPO,2006-2010,incoming
https://ror.org/011vxgd24,West Virginia University,US,United States,26,UPO,2006-2010,incoming
https://ror.org/011wa8w96,Yunnan Institute For Drug Abuse,CN,China,1,UPO,2006-2010,incoming
https://ror.org/011x7hd11,München Klinik Bogenhausen,DE,Germany,2,UPO,2006-2010,incoming
https://ror.org/011xca688,Himeji Dokkyo University,JP,Japan,3,UPO,2006-2010,incoming
https://ror.org/011xvna82,Fuzhou University,CN,China,6,UPO,2006-2010,incoming
https://ror.org/011y67d23,Novo Nordisk (United States),US,United States,1,UPO,2006-2010,incoming
https://ror.org/011ygpb73,Institut de Chimie Moléculaire de l'Université de Bourgogne,FR,France,7,UPO,2006-2010,incoming
https://ror.org/011zjcv36,Unfallkrankenhaus Berlin,DE,Germany,1,UPO,2006-2010,incoming
https://ror.org/01220jp31,IRCCS Policlinico San Donato,IT,Italy,9,UPO,2006-2010,incoming
https://ror.org/012221e05,"Département économie et sciences sociales pour l'agriculture, l'alimentation, l'environnement",FR,France,138,UPO,2006-2010,incoming
https://ror.org/01226dv09,University Hospital Regensburg,DE,Germany,19,UPO,2006-2010,incoming
https://ror.org/0122bmm03,Universidade Federal de Lavras,BR,Brazil,5,UPO,2006-2010,incoming
https://ror.org/0122p5f64,Universidad de Jaén,ES,Spain,9,UPO,2006-2010,incoming
https://ror.org/01239b432,Consorci Sanitari de Terrassa,ES,Spain,2,UPO,2006-2010,incoming
https://ror.org/0123zff28,EMO GVM Centro Cuore Columbus,IT,Italy,5,UPO,2006-2010,incoming
https://ror.org/0124gwh94,AgResearch,NZ,New Zealand,8,UPO,2006-2010,incoming
https://ror.org/0125csy75,Klinikum Region Hannover,DE,Germany,15,UPO,2006-2010,incoming
https://ror.org/0125wpx05,UNSW Canberra,AU,Australia,5,UPO,2006-2010,incoming
https://ror.org/0125yxn03,University Hospital in Motol,CZ,Czechia,10,UPO,2006-2010,incoming
https://ror.org/0126qma51,University of Illinois at Springfield,US,United States,1,UPO,2006-2010,incoming
https://ror.org/0126xah18,Chiba University Hospital,JP,Japan,8,UPO,2006-2010,incoming
https://ror.org/0126z4b94,"Academic Center for Education, Culture and Research",IR,Iran,2,UPO,2006-2010,incoming
https://ror.org/0127fwn18,Institute of Bioinformatics and Systems Biology,DE,Germany,3,UPO,2006-2010,incoming
https://ror.org/0127mpp72,University of Uyo,NG,Nigeria,1,UPO,2006-2010,incoming
https://ror.org/0127qs140,Saint Luke's Health System,US,United States,2,UPO,2006-2010,incoming
https://ror.org/012a41834,National Institute of Biological Resources,KR,South Korea,3,UPO,2006-2010,incoming
https://ror.org/012a77v79,Lund University,SE,Sweden,1092,UPO,2006-2010,incoming
https://ror.org/012a91z28,Universidad de Zaragoza,ES,Spain,122,UPO,2006-2010,incoming
https://ror.org/012afjb06,Lehigh University,US,United States,1,UPO,2006-2010,incoming
https://ror.org/012ajp527,Free University of Bozen-Bolzano,IT,Italy,6,UPO,2006-2010,incoming
https://ror.org/012bxv356,University of Mysore,IN,India,1,UPO,2006-2010,incoming
https://ror.org/012cvds63,Leidos (United States),US,United States,27,UPO,2006-2010,incoming
https://ror.org/012dayg05,Centro de Cirugía de Mínima Invasión Jesús Usón,ES,Spain,1,UPO,2006-2010,incoming
https://ror.org/012dg8a96,Swarthmore College,US,United States,2,UPO,2006-2010,incoming
https://ror.org/012dxyr07,University of Agriculture in Krakow,PL,Poland,7,UPO,2006-2010,incoming
https://ror.org/012e6rh19,Tokyo Medical University Hospital,JP,Japan,1,UPO,2006-2010,incoming
https://ror.org/012eh0r35,Fukushima Medical University,JP,Japan,20,UPO,2006-2010,incoming
https://ror.org/012f2cn18,Second Affiliated Hospital of Dalian Medical University,CN,China,1,UPO,2006-2010,incoming
https://ror.org/012habm93,Hospital de Egas Moniz,PT,Portugal,1,UPO,2006-2010,incoming
https://ror.org/012jban78,Medical University of South Carolina,US,United States,92,UPO,2006-2010,incoming
https://ror.org/012k1v959,Munich University of Applied Sciences,DE,Germany,2,UPO,2006-2010,incoming
https://ror.org/012k96e85,University Hospital of Umeå,SE,Sweden,22,UPO,2006-2010,incoming
https://ror.org/012kjw534,Affymetrix (United States),US,United States,11,UPO,2006-2010,incoming
https://ror.org/012mef835,Augusta University,US,United States,3,UPO,2006-2010,incoming
https://ror.org/012nkbb42,St Vincent's Health,AU,Australia,24,UPO,2006-2010,incoming
https://ror.org/012p63287,University of Groningen,NL,The Netherlands,314,UPO,2006-2010,incoming
https://ror.org/012pb6c26,National Heart Lung and Blood Institute,US,United States,10,UPO,2006-2010,incoming
https://ror.org/012qr1y49,Ministry of Health,JO,Jordan,1,UPO,2006-2010,incoming
https://ror.org/012s3r374,"Ministry of Science, Technology and Innovation",MY,Malaysia,1,UPO,2006-2010,incoming
https://ror.org/012sh1702,"Danish Ministry of Climate, Energy and Utilities",DK,Denmark,2,UPO,2006-2010,incoming
https://ror.org/012tb2g32,Tianjin University,CN,China,12,UPO,2006-2010,incoming
https://ror.org/012wp4251,Blueprint for Neuroscience Research,US,United States,801,UPO,2006-2010,incoming
https://ror.org/012wxa772,Northern Illinois University,US,United States,21,UPO,2006-2010,incoming
https://ror.org/012wxdw12,Institut de Sciences des Matériaux de Mulhouse,FR,France,1,UPO,2006-2010,incoming
https://ror.org/012wxv498,Mayo Clinic Comprehensive Cancer Center (Minnesota),US,United States,4,UPO,2006-2010,incoming
https://ror.org/012x5xb44,Unity Health Toronto,CA,Canada,84,UPO,2006-2010,incoming
https://ror.org/012xks909,Eastern Kentucky University,US,United States,2,UPO,2006-2010,incoming
https://ror.org/012yc1x46,Institute of Botany,AZ,Azerbaijan,1,UPO,2006-2010,incoming
https://ror.org/012zbs470,Maryland Medical Research Institute,US,United States,4,UPO,2006-2010,incoming
https://ror.org/012zh9h13,Institute of Agrifood Research and Technology,ES,Spain,1,UPO,2006-2010,incoming
https://ror.org/012zpbg81,Kakatiya University,IN,India,2,UPO,2006-2010,incoming
https://ror.org/012zs8222,"University at Albany, State University of New York",US,United States,24,UPO,2006-2010,incoming
https://ror.org/0130a6s10,Foundation University Islamabad,PK,Pakistan,3,UPO,2006-2010,incoming
https://ror.org/0130d0563,Vaccine Research Institute of San Diego,US,United States,1,UPO,2006-2010,incoming
https://ror.org/0130jk839,University Hospitals of Cleveland,US,United States,35,UPO,2006-2010,incoming
https://ror.org/0131d6623,Algoma University,CA,Canada,1,UPO,2006-2010,incoming
https://ror.org/0131dra29,Fraunhofer Institute for Interfacial Engineering and Biotechnology,DE,Germany,1,UPO,2006-2010,incoming
https://ror.org/0131gn249,Chosun University Hospital,KR,South Korea,1,UPO,2006-2010,incoming
https://ror.org/013355g38,Dalle Molle Institute for Artificial Intelligence Research,CH,Switzerland,74,UPO,2006-2010,incoming
https://ror.org/0135d1r83,Yokohama City University,JP,Japan,26,UPO,2006-2010,incoming
https://ror.org/0137n4m74,Tuskegee University,US,United States,1,UPO,2006-2010,incoming
https://ror.org/0137q5a72,"University Clinic for Nephrology and Hypertension, Diabetology and Endocrinology",DE,Germany,1,UPO,2006-2010,incoming
https://ror.org/0138ysz16,Gifu Municipal Hospital,JP,Japan,1,UPO,2006-2010,incoming
https://ror.org/01394d192,Magyar Agrár- és Élettudományi Egyetem,HU,Hungary,2,UPO,2006-2010,incoming
https://ror.org/013a5fa56,Jinshan Hospital of Fudan University,CN,China,2,UPO,2006-2010,incoming
https://ror.org/013aa1717,Isle of Wight NHS Trust,GB,United Kingdom,2,UPO,2006-2010,incoming
https://ror.org/013aysd81,National Research Foundation of Korea,KR,South Korea,2,UPO,2006-2010,incoming
https://ror.org/013bkhk48,Université Paris Nanterre,FR,France,9,UPO,2006-2010,incoming
https://ror.org/013cdqc34,Alzahra University,IR,Iran,3,UPO,2006-2010,incoming
https://ror.org/013cjyk83,Université Paris Sciences et Lettres,FR,France,128,UPO,2006-2010,incoming
https://ror.org/013ckk937,University of Rhode Island,US,United States,10,UPO,2006-2010,incoming
https://ror.org/013cs1q72,Hospital de Santo André,PT,Portugal,1,UPO,2006-2010,incoming
https://ror.org/013czdx64,University Hospital Heidelberg,DE,Germany,48,UPO,2006-2010,incoming
https://ror.org/013e0zm98,Beijing Technology and Business University,CN,China,1,UPO,2006-2010,incoming
https://ror.org/013e76m06,Kangbuk Samsung Hospital,KR,South Korea,5,UPO,2006-2010,incoming
https://ror.org/013e81n30,University of Alberta Hospital,CA,Canada,7,UPO,2006-2010,incoming
https://ror.org/013eh0c53,American Institute for Psychoanalysis,US,United States,1,UPO,2006-2010,incoming
https://ror.org/013fsnh78,University of Waikato,NZ,New Zealand,6,UPO,2006-2010,incoming
https://ror.org/013hg1t45,Government of Tamil Nadu,IN,India,1,UPO,2006-2010,incoming
https://ror.org/013j2zh96,Institut Català d'Investigació Química,ES,Spain,31,UPO,2006-2010,incoming
https://ror.org/013jjp941,Beihua University,CN,China,4,UPO,2006-2010,incoming
https://ror.org/013js5t03,Roche (Estonia),EE,Estonia,1,UPO,2006-2010,incoming
https://ror.org/013kbs677,Thunder Bay Regional Research Institute,CA,Canada,1,UPO,2006-2010,incoming
https://ror.org/013m0ej23,Perimeter Institute,CA,Canada,9,UPO,2006-2010,incoming
https://ror.org/013meh722,University of Cambridge,GB,United Kingdom,525,UPO,2006-2010,incoming
https://ror.org/013msgt25,General Electric (United States),US,United States,3,UPO,2006-2010,incoming
https://ror.org/013mz8190,Laureate Education,US,United States,1,UPO,2006-2010,incoming
https://ror.org/013pk4y14,Kazan State Medical University,RU,Russia,1,UPO,2006-2010,incoming
https://ror.org/013pz1582,Lewis & Clark College,US,United States,1,UPO,2006-2010,incoming
https://ror.org/013q1eq08,Fudan University,CN,China,144,UPO,2006-2010,incoming
https://ror.org/013q9v540,Institute of Theoretical Computer Science,CH,Switzerland,2,UPO,2006-2010,incoming
https://ror.org/013rnrt24,Institute of Physics,AZ,Azerbaijan,6,UPO,2006-2010,incoming
https://ror.org/013rvtk45,Kochi Medical School Hospital,JP,Japan,3,UPO,2006-2010,incoming
https://ror.org/013s89d74,St James's University Hospital,GB,United Kingdom,64,UPO,2006-2010,incoming
https://ror.org/013sk6x84,Janelia Research Campus,US,United States,1,UPO,2006-2010,incoming
https://ror.org/013v3cc28,Indian Institute of Technology Dhanbad,IN,India,2,UPO,2006-2010,incoming
https://ror.org/013w2d378,Institute for Information Transmission Problems,RU,Russia,3,UPO,2006-2010,incoming
https://ror.org/013wkc921,Istituto Scientifico Romagnolo per lo Studio e la Cura dei Tumori,IT,Italy,7,UPO,2006-2010,incoming
https://ror.org/013x0ky90,Alexander Fleming Biomedical Sciences Research Center,GR,Greece,3,UPO,2006-2010,incoming
https://ror.org/013x4kb81,Hebei GEO University,CN,China,1,UPO,2006-2010,incoming
https://ror.org/013xs5b60,Capital Medical University,CN,China,50,UPO,2006-2010,incoming
https://ror.org/0141vn777,Institute of Chemistry of Molecular Recognition,IT,Italy,4,UPO,2006-2010,incoming
https://ror.org/01435q086,Hospital Universitario Fundación Alcorcón,ES,Spain,1,UPO,2006-2010,incoming
https://ror.org/01442sk86,Bayer (Netherlands),NL,The Netherlands,1,UPO,2006-2010,incoming
https://ror.org/014579w63,Fraser Health,CA,Canada,1,UPO,2006-2010,incoming
https://ror.org/0145fw131,Hong Kong Baptist University,HK,Hong Kong,21,UPO,2006-2010,incoming
https://ror.org/0145znz58,Walter Reed Army Institute of Research,US,United States,5,UPO,2006-2010,incoming
https://ror.org/01460j859,Universitat Politècnica de València,ES,Spain,42,UPO,2006-2010,incoming
https://ror.org/01462r250,University Hospital of Zurich,CH,Switzerland,97,UPO,2006-2010,incoming
https://ror.org/0146pps37,Hôpital Bretonneau,FR,France,7,UPO,2006-2010,incoming
https://ror.org/01479r334,Henan Provincial Center for Disease Control and Prevention,CN,China,2,UPO,2006-2010,incoming
https://ror.org/014837179,Iscte – Instituto Universitário de Lisboa,PT,Portugal,1,UPO,2006-2010,incoming
https://ror.org/01485tq96,University of Wyoming,US,United States,17,UPO,2006-2010,incoming
https://ror.org/0149jvn88,King Saud bin Abdulaziz University for Health Sciences,SA,Saudi Arabia,3,UPO,2006-2010,incoming
https://ror.org/0149xpj56,Midwest Cardiovascular Research Foundation,US,United States,2,UPO,2006-2010,incoming
https://ror.org/014apwk83,Instituto de Estudios Avanzados,VE,Venezuela,1,UPO,2006-2010,incoming
https://ror.org/014arsg56,Kuvempu University,IN,India,1,UPO,2006-2010,incoming
https://ror.org/014axpa37,Roskilde University,DK,Denmark,4,UPO,2006-2010,incoming
https://ror.org/014bj9a17,Hikone Municipal Hospital,JP,Japan,1,UPO,2006-2010,incoming
https://ror.org/014cycx13,Istituto Centrale per la Ricerca Scientifica e Tecnologica Applicata al Mare,IT,Italy,4,UPO,2006-2010,incoming
https://ror.org/014er3x17,Institute of Particle Physics,CA,Canada,26,UPO,2006-2010,incoming
https://ror.org/014f6m860,Yelets State University named after Ivan Bunin,RU,Russia,1,UPO,2006-2010,incoming
https://ror.org/014f9c269,Google (Switzerland),CH,Switzerland,1,UPO,2006-2010,incoming
https://ror.org/014fc7457,PerkinElmer (United Kingdom),GB,United Kingdom,1,UPO,2006-2010,incoming
https://ror.org/014ft7z36,Office of Disease Prevention and Health Promotion,US,United States,3,UPO,2006-2010,incoming
https://ror.org/014fz7968,Sojo University,JP,Japan,1,UPO,2006-2010,incoming
https://ror.org/014g34x36,University of Algarve,PT,Portugal,44,UPO,2006-2010,incoming
https://ror.org/014gzk937,Langley Porter Psychiatric Hospital and Clinics,US,United States,1,UPO,2006-2010,incoming
https://ror.org/014h2x849,Anahuac Mayab University,MX,Mexico,1,UPO,2006-2010,incoming
https://ror.org/014hfaw95,Albany College of Pharmacy and Health Sciences,US,United States,1,UPO,2006-2010,incoming
https://ror.org/014hpw227,Universidad Antonio Nariño,CO,Colombia,3,UPO,2006-2010,incoming
https://ror.org/014hxhm89,Institut universitaire du cancer de Toulouse Oncopole,FR,France,2,UPO,2006-2010,incoming
https://ror.org/014ja3n03,University Hospitals Birmingham NHS Foundation Trust,GB,United Kingdom,18,UPO,2006-2010,incoming
https://ror.org/014ktry78,NIHR Biomedical Research Centre at The Royal Marsden and the ICR,GB,United Kingdom,1,UPO,2006-2010,incoming
https://ror.org/014n3ck53,Hudson Institute,US,United States,1,UPO,2006-2010,incoming
https://ror.org/014net767,Laboratoire de Physico-Chimie de l'Atmosphère,FR,France,1,UPO,2006-2010,incoming
https://ror.org/014nnvj65,TH Köln - University of Applied Sciences,DE,Germany,190,UPO,2006-2010,incoming
https://ror.org/014pw6s10,Public Health Institute Ostrava,CZ,Czechia,1,UPO,2006-2010,incoming
https://ror.org/014qf4206,Gradient (United States),US,United States,1,UPO,2006-2010,incoming
https://ror.org/014qpa824,Minnesota State Colleges and Universities System,US,United States,2,UPO,2006-2010,incoming
https://ror.org/014rks409,Finland University,FI,Finland,2,UPO,2006-2010,incoming
https://ror.org/014rqt829,Rakuno Gakuen University,JP,Japan,6,UPO,2006-2010,incoming
https://ror.org/014tda213,Hospital Dr Arturo Oñativia,AR,Argentina,1,UPO,2006-2010,incoming
https://ror.org/014v1mr15,Hangzhou Normal University,CN,China,7,UPO,2006-2010,incoming
https://ror.org/014vp6c30,Institut de Mathématiques de Toulouse,FR,France,4,UPO,2006-2010,incoming
https://ror.org/014weej12,Middle East Technical University,TR,Turkey,890,UPO,2006-2010,incoming
https://ror.org/014ye1258,Rutgers New Jersey Medical School,US,United States,27,UPO,2006-2010,incoming
https://ror.org/014zc6253,Institute of Marine Biotechnology,DE,Germany,1,UPO,2006-2010,incoming
https://ror.org/014zhhr61,Belarusian Medical Academy of Post-Graduate Education,BY,Belarus,2,UPO,2006-2010,incoming
https://ror.org/014zrew76,Université d'Orléans,FR,France,148,UPO,2006-2010,incoming
https://ror.org/014zxnz40,Gheorghe Asachi Technical University of Iași,RO,Romania,15,UPO,2006-2010,incoming
https://ror.org/01502ca60,Hospices Civils de Lyon,FR,France,59,UPO,2006-2010,incoming
https://ror.org/0151bmh98,University of Hyogo,JP,Japan,6,UPO,2006-2010,incoming
https://ror.org/0151gh112,Islamic Azad University Rasht Branch,IR,Iran,2,UPO,2006-2010,incoming
https://ror.org/01526xe10,Boston Consulting Group (United States),US,United States,2,UPO,2006-2010,incoming
https://ror.org/01529vy56,Mie University,JP,Japan,14,UPO,2006-2010,incoming
https://ror.org/0152bt112,Health Sciences and Nutrition,AU,Australia,7,UPO,2006-2010,incoming
https://ror.org/0152hn881,Tianjin Medical University Cancer Institute and Hospital,CN,China,4,UPO,2006-2010,incoming
https://ror.org/0152qkr29,Arkansas State University System,US,United States,5,UPO,2006-2010,incoming
https://ror.org/0153ngy95,Southern Research Institute,US,United States,2,UPO,2006-2010,incoming
https://ror.org/015471y74,Inje University Paik Hospital,KR,South Korea,4,UPO,2006-2010,incoming
https://ror.org/0154bb690,Korea University Guro Hospital,KR,South Korea,6,UPO,2006-2010,incoming
https://ror.org/0155k7414,Cleveland Clinic Florida,US,United States,1,UPO,2006-2010,incoming
https://ror.org/0155zta11,University of Vermont,US,United States,38,UPO,2006-2010,incoming
https://ror.org/01575p865,Cancer Research And Biostatistics,US,United States,2,UPO,2006-2010,incoming
https://ror.org/015803449,South London and Maudsley NHS Foundation Trust,GB,United Kingdom,1,UPO,2006-2010,incoming
https://ror.org/01585b035,Universidade Estadual de Londrina,BR,Brazil,2,UPO,2006-2010,incoming
https://ror.org/01590nj79,University Kebangsaan Malaysia Medical Centre,MY,Malaysia,2,UPO,2006-2010,incoming
https://ror.org/01597g643,State University of New York at Oswego,US,United States,1,UPO,2006-2010,incoming
https://ror.org/015a1ak54,"York College, City University of New York",US,United States,7,UPO,2006-2010,incoming
https://ror.org/015aem925,New Generation University College,ET,Ethiopia,43,UPO,2006-2010,incoming
https://ror.org/015ah0c92,National Institute for Health and Care Excellence,GB,United Kingdom,4,UPO,2006-2010,incoming
https://ror.org/015ahgd08,Brescia University,US,United States,2,UPO,2006-2010,incoming
https://ror.org/015b6az38,Mackay Memorial Hospital,TW,Taiwan,19,UPO,2006-2010,incoming
https://ror.org/015bxyv30,Gujarat Cancer & Research Institute,IN,India,4,UPO,2006-2010,incoming
https://ror.org/015byt818,National Energy Research Center,JO,Jordan,26,UPO,2006-2010,incoming
https://ror.org/015dhy417,Luther University,KR,South Korea,3,UPO,2006-2010,incoming
https://ror.org/015dvxx67,Institute of Mental Health,GB,United Kingdom,4,UPO,2006-2010,incoming
https://ror.org/015dyrs73,Queen Elizabeth Hospital,GB,United Kingdom,10,UPO,2006-2010,incoming
https://ror.org/015e4mc09,Universitäts Kinder Frauenzentrum,DE,Germany,2,UPO,2006-2010,incoming
https://ror.org/015egth93,T J Institute of Technology,IN,India,2,UPO,2006-2010,incoming
https://ror.org/015ff4823,Sci-Tech Daresbury,GB,United Kingdom,1,UPO,2006-2010,incoming
https://ror.org/015gdag92,Atlanta Allergy and Asthma Clinic,US,United States,1,UPO,2006-2010,incoming
https://ror.org/015h0qg34,Maria Curie-Skłodowska University,PL,Poland,10,UPO,2006-2010,incoming
https://ror.org/015h5sy57,Jomo Kenyatta University of Agriculture and Technology,KE,Kenya,1,UPO,2006-2010,incoming
https://ror.org/015hfw664,Good Hope Hospital,GB,United Kingdom,2,UPO,2006-2010,incoming
https://ror.org/015hppy16,Showa General Hospital,JP,Japan,2,UPO,2006-2010,incoming
https://ror.org/015jmes13,South Dakota State University,US,United States,2,UPO,2006-2010,incoming
https://ror.org/015jrdc82,Maresme Health Consortium,ES,Spain,2,UPO,2006-2010,incoming
https://ror.org/015kcdd40,"Istituto Nazionale di Fisica Nucleare, Sezione di Napoli",IT,Italy,9,UPO,2006-2010,incoming
https://ror.org/015m2p889,Aberystwyth University,GB,United Kingdom,8,UPO,2006-2010,incoming
https://ror.org/015m7wh34,Université de Rennes,FR,France,68,UPO,2006-2010,incoming
https://ror.org/015n1m812,Universidade do Estado da Bahia,BR,Brazil,1,UPO,2006-2010,incoming
https://ror.org/015nth639,MRC Cancer Unit,GB,United Kingdom,3,UPO,2006-2010,incoming
https://ror.org/015nymp25,Edith Nourse Rogers Memorial Veterans Hospital,US,United States,2,UPO,2006-2010,incoming
https://ror.org/015qjap30,Narodowy Instytut Zdrowia Publicznego PZH – Państwowy Instytut Badawczy,PL,Poland,1,UPO,2006-2010,incoming
https://ror.org/015qjqf64,"University of Veterinary Medicine Hannover, Foundation",DE,Germany,6,UPO,2006-2010,incoming
https://ror.org/015qy8r18,Centre Hospitalier Intercommunal de Poissy,FR,France,2,UPO,2006-2010,incoming
https://ror.org/015tqbb95,Tumor Hospital of Xinjiang Medical University,CN,China,1,UPO,2006-2010,incoming
https://ror.org/015v43a21,Centro de Investigación en Alimentación y Desarrollo,MX,Mexico,3,UPO,2006-2010,incoming
https://ror.org/015v9d997,Jeonju University,KR,South Korea,1,UPO,2006-2010,incoming
https://ror.org/015vtcw98,Laboratoire de Tribologie et Dynamique des Systèmes,FR,France,1,UPO,2006-2010,incoming
https://ror.org/015w2mp89,National Physical Laboratory,GB,United Kingdom,5,UPO,2006-2010,incoming
https://ror.org/015w4v032,Centro Nacional de Biotecnología,ES,Spain,18,UPO,2006-2010,incoming
https://ror.org/015x8rz21,Laboratoire des Solides Irradiés,FR,France,1,UPO,2006-2010,incoming
https://ror.org/015xjsg96,Universidade Tiradentes,BR,Brazil,14,UPO,2006-2010,incoming
https://ror.org/015ycqv20,Second Hospital of Hebei Medical University,CN,China,10,UPO,2006-2010,incoming
https://ror.org/015zmr509,University of Kashan,IR,Iran,2,UPO,2006-2010,incoming
https://ror.org/015zx6n37,Perth Children's Hospital,AU,Australia,4,UPO,2006-2010,incoming
https://ror.org/01600wh70,University of Toledo Medical Center,US,United States,2,UPO,2006-2010,incoming
https://ror.org/01603fg59,Instituto de Investigacións Mariñas,ES,Spain,10,UPO,2006-2010,incoming
https://ror.org/0160cpw27,University of Alberta,CA,Canada,175,UPO,2006-2010,incoming
https://ror.org/0160gc229,Yonsei University Mirae Campus,KR,South Korea,1,UPO,2006-2010,incoming
https://ror.org/0161q6d74,Sinopec (China),CN,China,9,UPO,2006-2010,incoming
https://ror.org/0161xgx34,Université de Montréal,CA,Canada,192,UPO,2006-2010,incoming
https://ror.org/01621q256,Coastal Carolina University,US,United States,2,UPO,2006-2010,incoming
https://ror.org/0162y2387,Association Francaise contre les Myopathies,FR,France,9,UPO,2006-2010,incoming
https://ror.org/0162z8b04,Idaho State University,US,United States,30,UPO,2006-2010,incoming
https://ror.org/0163qhr63,Hanusch Hospital,AT,Austria,1,UPO,2006-2010,incoming
https://ror.org/016476m91,University of Aberdeen,GB,United Kingdom,54,UPO,2006-2010,incoming
https://ror.org/0165ax130,Hôpital Roger Salengro,FR,France,4,UPO,2006-2010,incoming
https://ror.org/0165d9303,Harish-Chandra Research Institute,IN,India,17,UPO,2006-2010,incoming
https://ror.org/0165m4813,Research Institute of Radiology,BY,Belarus,1,UPO,2006-2010,incoming
https://ror.org/0165r2y73,Max Planck Institute for Heart and Lung Research,DE,Germany,1,UPO,2006-2010,incoming
https://ror.org/01663mv64,Centre hospitalier Bretagne Atlantique,FR,France,1,UPO,2006-2010,incoming
https://ror.org/01663qy58,Papageorgiou General Hospital,GR,Greece,5,UPO,2006-2010,incoming
https://ror.org/0166hxq48,"Ministry of Education, Universities and Research",IT,Italy,7,UPO,2006-2010,incoming
https://ror.org/01687hb54,Technological University of Mexico,MX,Mexico,1,UPO,2006-2010,incoming
https://ror.org/0168r3w48,University of California San Diego,US,United States,562,UPO,2006-2010,incoming
https://ror.org/01692sz90,Juntendo University,JP,Japan,44,UPO,2006-2010,incoming
https://ror.org/0169kb131,Children’s Mercy Research Institute,US,United States,5,UPO,2006-2010,incoming
https://ror.org/0169n7f49,Hellenic Airforce General Hospital,GR,Greece,1,UPO,2006-2010,incoming
https://ror.org/016acvd35,Henry Ford Macomb Hospital,US,United States,13,UPO,2006-2010,incoming
https://ror.org/016bbv872,Hahnemann University Hospital,US,United States,5,UPO,2006-2010,incoming
https://ror.org/016bgq349,National Institute of Information and Communications Technology,JP,Japan,8,UPO,2006-2010,incoming
https://ror.org/016c4a879,Berkshire Medical Center,US,United States,3,UPO,2006-2010,incoming
https://ror.org/016cke005,National Marrow Donor Program,US,United States,1,UPO,2006-2010,incoming
https://ror.org/016cx2z26,Centre de recherches juridiques de l'Université de Franche-Comté,FR,France,1,UPO,2006-2010,incoming
https://ror.org/016czhx14,St. Cloud State University,US,United States,1,UPO,2006-2010,incoming
https://ror.org/016dxxy13,Ministry of Health,LA,Laos,1,UPO,2006-2010,incoming
https://ror.org/016e0xz09,Kent State University at Salem,US,United States,14,UPO,2006-2010,incoming
https://ror.org/016e5hy63,Matej Bel University,SK,Slovakia,8,UPO,2006-2010,incoming
https://ror.org/016f61126,Medical University of Lublin,PL,Poland,14,UPO,2006-2010,incoming
https://ror.org/016fa9e26,National Center for Oncological Hadrontherapy,IT,Italy,8,UPO,2006-2010,incoming
https://ror.org/016frx827,Knowledge Centre for Materials Chemistry,GB,United Kingdom,1,UPO,2006-2010,incoming
https://ror.org/016g7a124,Institut für Medizinische Psychologie,DE,Germany,1,UPO,2006-2010,incoming
https://ror.org/016gb1631,HUN-REN Szegedi Biológiai Kutatóközpont,HU,Hungary,10,UPO,2006-2010,incoming
https://ror.org/016gb9e15,University of the Sunshine Coast,AU,Australia,6,UPO,2006-2010,incoming
https://ror.org/016gbn942,Queen's Medical Center,US,United States,3,UPO,2006-2010,incoming
https://ror.org/016gp6x28,University of South Florida St. Petersburg,US,United States,6,UPO,2006-2010,incoming
https://ror.org/016jc2h42,Sint Lucas Andreas Hospital,NL,The Netherlands,2,UPO,2006-2010,incoming
https://ror.org/016jp5b92,Tanta University,EG,Egypt,4,UPO,2006-2010,incoming
https://ror.org/016m8pd54,Morgan Stanley Children's Hospital,US,United States,2,UPO,2006-2010,incoming
https://ror.org/016mey390,Rafael Advanced Defense Systems (Israel),IL,Israel,4,UPO,2006-2010,incoming
https://ror.org/016n0q862,Israel Ministry of Health,IL,Israel,4,UPO,2006-2010,incoming
https://ror.org/016ncsr12,Centre Hospitalier Régional et Universitaire de Nancy,FR,France,44,UPO,2006-2010,incoming
https://ror.org/016p83279,Hospital Universitario Virgen Macarena,ES,Spain,8,UPO,2006-2010,incoming
https://ror.org/016qv5070,AstraZeneca (France),FR,France,1,UPO,2006-2010,incoming
https://ror.org/016r2hq43,Laboratoire de Chimie Physique,FR,France,20,UPO,2006-2010,incoming
https://ror.org/016sewp10,Rhodes University,ZA,South Africa,3,UPO,2006-2010,incoming
https://ror.org/016st3p78,Luleå University of Technology,SE,Sweden,1,UPO,2006-2010,incoming
https://ror.org/016t1kc57,Kao Corporation (Japan),JP,Japan,4,UPO,2006-2010,incoming
https://ror.org/016tfm930,The University of Texas Medical Branch at Galveston,US,United States,88,UPO,2006-2010,incoming
https://ror.org/016tr2327,Boyce Thompson Institute,US,United States,2,UPO,2006-2010,incoming
https://ror.org/016tr2g85,Khatam University,IR,Iran,1,UPO,2006-2010,incoming
https://ror.org/016vdk046,Whipps Cross University Hospital,GB,United Kingdom,7,UPO,2006-2010,incoming
https://ror.org/016vx5156,Hôpital Européen Georges-Pompidou,FR,France,29,UPO,2006-2010,incoming
https://ror.org/016wpzq40,Laboratoire de Génétique Médicale,FR,France,15,UPO,2006-2010,incoming
https://ror.org/016xsfp80,Radboud University Nijmegen,NL,The Netherlands,277,UPO,2006-2010,incoming
https://ror.org/016xz2m71,Asia Eastern University of Science and Technology,TW,Taiwan,2,UPO,2006-2010,incoming
https://ror.org/016z2bp30,National Jewish Health,US,United States,20,UPO,2006-2010,incoming
https://ror.org/016zn0y21,Fondazione IRCCS Ca' Granda Ospedale Maggiore Policlinico,IT,Italy,138,UPO,2006-2010,incoming
https://ror.org/016zre027,Ontario Tech University,CA,Canada,1,UPO,2006-2010,incoming
https://ror.org/016zvc994,Institut de Pharmacologie et de Biologie Structurale,FR,France,2,UPO,2006-2010,incoming
https://ror.org/01703db54,National Institute of Advanced Industrial Science and Technology,JP,Japan,71,UPO,2006-2010,incoming
https://ror.org/0170b6c09,Institute of Scientific and Technical Information,CN,China,6,UPO,2006-2010,incoming
https://ror.org/0170z8493,Shaanxi Normal University,CN,China,2,UPO,2006-2010,incoming
https://ror.org/017136v53,Genomics Institute of the Novartis Research Foundation,US,United States,3,UPO,2006-2010,incoming
https://ror.org/0171mae58,"Softmat - Chimie des colloïdes, polymères & assemblages complexes",FR,France,2,UPO,2006-2010,incoming
https://ror.org/0171mag52,Goddard Space Flight Center,US,United States,9,UPO,2006-2010,incoming
https://ror.org/0171wr661,Universidad de Playa Ancha de Ciencias de la Educación,CL,Chile,1,UPO,2006-2010,incoming
https://ror.org/0172hvg27,Aichi University,JP,Japan,1,UPO,2006-2010,incoming
https://ror.org/0172mzb45,Wellcome Centre for Integrative Neuroimaging,GB,United Kingdom,2,UPO,2006-2010,incoming
https://ror.org/0173mx324,Family Research Institute,US,United States,8,UPO,2006-2010,incoming
https://ror.org/0173p1x79,Dongguk University Gyeongju Hospital,KR,South Korea,2,UPO,2006-2010,incoming
https://ror.org/0173y3036,VCU Massey Comprehensive Cancer Center,US,United States,6,UPO,2006-2010,incoming
https://ror.org/01741jv66,"Institute of Physics, Bhubaneshwar",IN,India,598,UPO,2006-2010,incoming
https://ror.org/0174shg90,Universidad de Extremadura,ES,Spain,18,UPO,2006-2010,incoming
https://ror.org/01751w114,Universidad de Lima,PE,Peru,1,UPO,2006-2010,incoming
https://ror.org/0175hh227,Conservatoire National des Arts et Métiers,FR,France,24,UPO,2006-2010,incoming
https://ror.org/01761e930,Turku PET Centre,FI,Finland,2,UPO,2006-2010,incoming
https://ror.org/0176wfg98,Gleneagles Hospital,SG,Singapore,2,UPO,2006-2010,incoming
https://ror.org/0176yjw32,Universidade Federal de Minas Gerais,BR,Brazil,92,UPO,2006-2010,incoming
https://ror.org/01786mp71,Institute of Agrobiological Sciences,JP,Japan,6,UPO,2006-2010,incoming
https://ror.org/017bbxn17,Centre de Biologie du Développement,FR,France,3,UPO,2006-2010,incoming
https://ror.org/017bk0e71,CTI BioPharma (United States),US,United States,1,UPO,2006-2010,incoming
https://ror.org/017c6at71,University of North Carolina at Asheville,US,United States,1,UPO,2006-2010,incoming
https://ror.org/017cfeh02,École Nationale d'Ingénieurs de Saint-Étienne,FR,France,1,UPO,2006-2010,incoming
https://ror.org/017cjz748,Ulsan National Institute of Science and Technology,KR,South Korea,1,UPO,2006-2010,incoming
https://ror.org/017d8gk22,Morgan State University,US,United States,1,UPO,2006-2010,incoming
https://ror.org/017e99q89,Provincia Autonoma di Trento,IT,Italy,11,UPO,2006-2010,incoming
https://ror.org/017gjh659,Direktoratet for medisinske produkter,NO,Norway,2,UPO,2006-2010,incoming
https://ror.org/017gxrm85,The Catholic University of Korea Incheon St. Mary's Hospital,KR,South Korea,1,UPO,2006-2010,incoming
https://ror.org/017h5q109,Centre Hospitalier Universitaire de Toulouse,FR,France,57,UPO,2006-2010,incoming
https://ror.org/017hkng22,Ehime University,JP,Japan,21,UPO,2006-2010,incoming
https://ror.org/017j2n938,Kobe Central Hospital,JP,Japan,1,UPO,2006-2010,incoming
https://ror.org/017je7s69,National Institute for Research in Reproductive Health,IN,India,1,UPO,2006-2010,incoming
https://ror.org/017k80q27,Birmingham Children's Hospital,GB,United Kingdom,10,UPO,2006-2010,incoming
https://ror.org/017mh6638,Akita City Hospital,JP,Japan,1,UPO,2006-2010,incoming
https://ror.org/017mte255,Equinor (Norway),NO,Norway,3,UPO,2006-2010,incoming
https://ror.org/017p13n71,Universidad del Centro de Estudios Macroeconómicos de Argentina,AR,Argentina,1,UPO,2006-2010,incoming
https://ror.org/017p87168,University of Limpopo,ZA,South Africa,1,UPO,2006-2010,incoming
https://ror.org/017q2rt66,Mercy University Hospital,IE,Ireland,2,UPO,2006-2010,incoming
https://ror.org/017qbxe07,Centro Infantil Boldrini,BR,Brazil,1,UPO,2006-2010,incoming
https://ror.org/017qtjx43,Laboratoire Population Environnement Développement,FR,France,1,UPO,2006-2010,incoming
https://ror.org/017qzdd52,Hospital Maciel,UY,Uruguay,3,UPO,2006-2010,incoming
https://ror.org/017rnyz40,Ministère de la Culture,FR,France,3,UPO,2006-2010,incoming
https://ror.org/017tgbk05,Université de Toulouse,FR,France,61,UPO,2006-2010,incoming
https://ror.org/017wcm924,University System of Georgia,US,United States,7,UPO,2006-2010,incoming
https://ror.org/017wv6808,University Frères Mentouri Constantine 1,DZ,Algeria,3,UPO,2006-2010,incoming
https://ror.org/017wvtq80,University of Patras,GR,Greece,42,UPO,2006-2010,incoming
https://ror.org/017xch102,Instituto de Física Corpuscular,ES,Spain,37,UPO,2006-2010,incoming
https://ror.org/017xnm587,Soongsil University,KR,South Korea,6,UPO,2006-2010,incoming
https://ror.org/017xz5989,Chinese National Human Genome Center at Shanghai,CN,China,5,UPO,2006-2010,incoming
https://ror.org/017z00e58,Chongqing Medical University,CN,China,11,UPO,2006-2010,incoming
https://ror.org/017zhmm22,Xi'an Jiaotong University,CN,China,1,UPO,2006-2010,incoming
https://ror.org/017zqws13,University of Minnesota,US,United States,1169,UPO,2006-2010,incoming
https://ror.org/018159086,Pirogov Russian National Research Medical University,RU,Russia,8,UPO,2006-2010,incoming
https://ror.org/0183m5185,Wonkwang University Hospital,KR,South Korea,5,UPO,2006-2010,incoming
https://ror.org/0183pqm13,Orthopaedic Research Society,US,United States,1,UPO,2006-2010,incoming
https://ror.org/0184vwv17,University of Fort Hare,ZA,South Africa,1,UPO,2006-2010,incoming
https://ror.org/01856cw59,University Hospital Münster,DE,Germany,24,UPO,2006-2010,incoming
https://ror.org/01875pg84,Hôpital Saint-Antoine,FR,France,25,UPO,2006-2010,incoming
https://ror.org/0187f2d05,Hôpital Privé Marseille Beauregard,FR,France,1,UPO,2006-2010,incoming
https://ror.org/0187kwz08,National Institute for Health and Care Research,GB,United Kingdom,12,UPO,2006-2010,incoming
https://ror.org/0187t0j49,John Hunter Hospital,AU,Australia,8,UPO,2006-2010,incoming
https://ror.org/0188yz413,Kyorin University,JP,Japan,2,UPO,2006-2010,incoming
https://ror.org/018906e22,Erasmus MC,NL,The Netherlands,137,UPO,2006-2010,incoming
https://ror.org/0189raq88,German Sport University Cologne,DE,Germany,4,UPO,2006-2010,incoming
https://ror.org/0189yvq06,Centre de Biologie Structurale,FR,France,2,UPO,2006-2010,incoming
https://ror.org/018azgd14,National Institute of Cholera and Enteric Diseases,IN,India,2,UPO,2006-2010,incoming
https://ror.org/018bw0k35,Sasebo Chuo Hospital,JP,Japan,1,UPO,2006-2010,incoming
https://ror.org/018cmez05,Adventist HealthCare Shady Grove Medical Center,US,United States,1,UPO,2006-2010,incoming
https://ror.org/018ct3570,Oslo Sports Trauma Research Center,NO,Norway,1,UPO,2006-2010,incoming
https://ror.org/018da3y22,Fred Hutchinson/University of Washington/Seattle Children’s Cancer Consortium,US,United States,7,UPO,2006-2010,incoming
https://ror.org/018dx8725,Sparrow Hospital,US,United States,2,UPO,2006-2010,incoming
https://ror.org/018g9j451,YAO Municipal Hospital,JP,Japan,2,UPO,2006-2010,incoming
https://ror.org/018h10037,UK Health Security Agency,GB,United Kingdom,1,UPO,2006-2010,incoming
https://ror.org/018hded08,Hebei University of Technology,CN,China,6,UPO,2006-2010,incoming
https://ror.org/018hjpz25,Sheffield Teaching Hospitals NHS Foundation Trust,GB,United Kingdom,24,UPO,2006-2010,incoming
https://ror.org/018hk2b97,Denver VA Medical Center,US,United States,1,UPO,2006-2010,incoming
https://ror.org/018jdfk45,Jiaying University,CN,China,1,UPO,2006-2010,incoming
https://ror.org/018jxrz45,China Tianjin Tools Research Institute (China),CN,China,1,UPO,2006-2010,incoming
https://ror.org/018kd1e03,Wesley Hospital,AU,Australia,4,UPO,2006-2010,incoming
https://ror.org/018m1s709,Instituto de Agroquímica y Tecnología de Alimentos,ES,Spain,1,UPO,2006-2010,incoming
https://ror.org/018nkky79,Tuen Mun Hospital,HK,Hong Kong,4,UPO,2006-2010,incoming
https://ror.org/018p1hd91,Kainan University,TW,Taiwan,1,UPO,2006-2010,incoming
https://ror.org/018pdh902,Anyang University,KR,South Korea,1,UPO,2006-2010,incoming
https://ror.org/018pp1107,Arts et Métiers,FR,France,1,UPO,2006-2010,incoming
https://ror.org/018ptcp83,Centro de Química,PT,Portugal,24,UPO,2006-2010,incoming
https://ror.org/018q3fa22,Centre for Research in Engineering Surface Technology,IE,Ireland,1,UPO,2006-2010,incoming
https://ror.org/018rbev86,Emory and Henry College,US,United States,2,UPO,2006-2010,incoming
https://ror.org/018rbtf37,Tianjin University of Science and Technology,CN,China,3,UPO,2006-2010,incoming
https://ror.org/018sz1a42,Centre d'Innovation des Technologies sans Contact,FR,France,1,UPO,2006-2010,incoming
https://ror.org/018txrr13,VA Ann Arbor Healthcare System,US,United States,2,UPO,2006-2010,incoming
https://ror.org/018v0zv10,Kobe Gakuin University,JP,Japan,2,UPO,2006-2010,incoming
https://ror.org/018v91w71,Missouri Bone and Joint Center,US,United States,1,UPO,2006-2010,incoming
https://ror.org/018wp0236,Asahi Kasei (Japan),JP,Japan,2,UPO,2006-2010,incoming
https://ror.org/018yta094,Morehead State University,US,United States,2,UPO,2006-2010,incoming
https://ror.org/018yw5541,Institute of Oceanology,CN,China,17,UPO,2006-2010,incoming
https://ror.org/018zpxs61,Kazimierz Wielki University in Bydgoszcz,PL,Poland,1,UPO,2006-2010,incoming
https://ror.org/0190ak572,New York University,US,United States,197,UPO,2006-2010,incoming
https://ror.org/01920rj20,Roslin Institute,GB,United Kingdom,6,UPO,2006-2010,incoming
https://ror.org/01925vb10,Norwegian Cancer Society,NO,Norway,1,UPO,2006-2010,incoming
https://ror.org/0192m2k53,University of Salerno,IT,Italy,1020,UPO,2006-2010,incoming
https://ror.org/0192yj155,South China Sea Institute Of Oceanology,CN,China,2,UPO,2006-2010,incoming
https://ror.org/019496w77,Getty Conservation Institute,US,United States,1,UPO,2006-2010,incoming
https://ror.org/0194xa029,Oncology Institute of Vojvodina,RS,Serbia,2,UPO,2006-2010,incoming
https://ror.org/0195twz09,St. Luke's Episcopal Hospital,US,United States,20,UPO,2006-2010,incoming
https://ror.org/019621n74,Public Health Institute,US,United States,11,UPO,2006-2010,incoming
https://ror.org/01973x930,United States Department of the Air Force,US,United States,13,UPO,2006-2010,incoming
https://ror.org/0197nmd03,Ritsumeikan University,JP,Japan,6,UPO,2006-2010,incoming
https://ror.org/0197t7j38,Bon Secours Hospital Cork,IE,Ireland,1,UPO,2006-2010,incoming
https://ror.org/0198v2949,Universidade do Estado do Rio de Janeiro,BR,Brazil,1059,UPO,2006-2010,incoming
https://ror.org/0199g0r92,Max Planck Institute for Metabolism Research,DE,Germany,13,UPO,2006-2010,incoming
https://ror.org/0199hds37,Université Sorbonne Paris Nord,FR,France,141,UPO,2006-2010,incoming
https://ror.org/0199zx576,Instituto Nacional del Carbón,ES,Spain,1,UPO,2006-2010,incoming
https://ror.org/019bev041,State Key Laboratory of Proteomics,CN,China,2,UPO,2006-2010,incoming
https://ror.org/019bxes45,University Dental Hospital of Manchester,GB,United Kingdom,12,UPO,2006-2010,incoming
https://ror.org/019bz1656,Clinical Center University of Sarajevo,BA,Bosnia and Herzegovina,1,UPO,2006-2010,incoming
https://ror.org/019bzvf55,Kurukshetra University,IN,India,1,UPO,2006-2010,incoming
https://ror.org/019dkd780,Al-Hussein Bin Talal University,JO,Jordan,1,UPO,2006-2010,incoming
https://ror.org/019e4dr88,Erie County Medical Center,US,United States,3,UPO,2006-2010,incoming
https://ror.org/019ekef14,Kasugai Municipal Hospital,JP,Japan,1,UPO,2006-2010,incoming
https://ror.org/019f36t97,Royal Berkshire Hospital,GB,United Kingdom,1,UPO,2006-2010,incoming
https://ror.org/019g8w217,Instituto de Medicina Molecular João Lobo Antunes,PT,Portugal,7,UPO,2006-2010,incoming
https://ror.org/019hb9542,St Helier Hospital,GB,United Kingdom,1,UPO,2006-2010,incoming
https://ror.org/019hmfn94,Centre for Movement Disorders,CA,Canada,4,UPO,2006-2010,incoming
https://ror.org/019j78370,Salford Royal NHS Foundation Trust,GB,United Kingdom,7,UPO,2006-2010,incoming
https://ror.org/019jb9m51,Ospedale di Macerata,IT,Italy,1,UPO,2006-2010,incoming
https://ror.org/019jjbt65,St. Josefs Hospital,DE,Germany,5,UPO,2006-2010,incoming
https://ror.org/019k1pd13,Mid Sweden University,SE,Sweden,6,UPO,2006-2010,incoming
https://ror.org/019k4jq75,Brooklyn College,US,United States,3,UPO,2006-2010,incoming
https://ror.org/019kgqr73,The University of Texas at Arlington,US,United States,26,UPO,2006-2010,incoming
https://ror.org/019my5047,Royal London Hospital,GB,United Kingdom,13,UPO,2006-2010,incoming
https://ror.org/019nf3y14,General Hospital of Jinan Military Command,CN,China,1,UPO,2006-2010,incoming
https://ror.org/019pzjm43,Centre d'Estudis Avançats de Blanes,ES,Spain,12,UPO,2006-2010,incoming
https://ror.org/019sbgd69,Gdańsk Medical University,PL,Poland,20,UPO,2006-2010,incoming
https://ror.org/019snar59,Centre of Biosciences of the Slovak Academy of Sciences,SK,Slovakia,1,UPO,2006-2010,incoming
https://ror.org/019t2rq07,University of Northwestern,US,United States,1249,UPO,2006-2010,incoming
https://ror.org/019tcpt25,CentraleSupélec,FR,France,5,UPO,2006-2010,incoming
https://ror.org/019tgvf94,Université Côte d'Azur,FR,France,46,UPO,2006-2010,incoming
https://ror.org/019tq3436,Far Eastern Memorial Hospital,TW,Taiwan,4,UPO,2006-2010,incoming
https://ror.org/019w4f821,European Union,BE,Belgium,9,UPO,2006-2010,incoming
https://ror.org/019whta54,University of Lausanne,CH,Switzerland,88,UPO,2006-2010,incoming
https://ror.org/019wssg97,Altana (Germany),DE,Germany,1,UPO,2006-2010,incoming
https://ror.org/019wt1929,Sheffield Hallam University,GB,United Kingdom,12,UPO,2006-2010,incoming
https://ror.org/019wvm592,Australian National University,AU,Australia,104,UPO,2006-2010,incoming
https://ror.org/019xaj585,Vaasa Central Hospital,FI,Finland,1,UPO,2006-2010,incoming
https://ror.org/019ytz097,Centro Nacional de Microbiologia,ES,Spain,19,UPO,2006-2010,incoming
https://ror.org/019z71f50,National Taipei University of Nursing and Health Science,TW,Taiwan,1,UPO,2006-2010,incoming
https://ror.org/019zcmj26,Department of Medical Sciences,RU,Russia,8,UPO,2006-2010,incoming
https://ror.org/019zv8f18,National Institute of Occupational Safety and Health,JP,Japan,1,UPO,2006-2010,incoming
https://ror.org/01a097g74,Sigma-Tau (Switzerland),CH,Switzerland,5,UPO,2006-2010,incoming
https://ror.org/01a099706,Shantou University,CN,China,4,UPO,2006-2010,incoming
https://ror.org/01a0xxp39,Institute of Basic Biological Problems,RU,Russia,1,UPO,2006-2010,incoming
https://ror.org/01a1jjn24,Connecticut Children's Medical Center,US,United States,2,UPO,2006-2010,incoming
https://ror.org/01a1mbs69,Princess of Wales Hospital,GB,United Kingdom,2,UPO,2006-2010,incoming
https://ror.org/01a1nz002,Institute of Experimental Endocrinology of the Slovak Academy of Sciences,SK,Slovakia,1,UPO,2006-2010,incoming
https://ror.org/01a1qdv64,G.V. Kurdyumov Institute for Metal Physics,UA,Ukraine,1,UPO,2006-2010,incoming
https://ror.org/01a1xfd09,Institute for Nuclear Research,RU,Russia,1134,UPO,2006-2010,incoming
https://ror.org/01a2yyy59,North Central Cancer Treatment Group,US,United States,1,UPO,2006-2010,incoming
https://ror.org/01a2z2x66,Cologne Institute for Economic Research,DE,Germany,2,UPO,2006-2010,incoming
https://ror.org/01a4hbq44,St Olav's University Hospital,NO,Norway,14,UPO,2006-2010,incoming
https://ror.org/01a583453,Victoria Heart Institute Foundation,CA,Canada,1,UPO,2006-2010,incoming
https://ror.org/01a5mqy88,Bose Institute,IN,India,5,UPO,2006-2010,incoming
https://ror.org/01a61tf67,Winnipeg Regional Health Authority,CA,Canada,9,UPO,2006-2010,incoming
https://ror.org/01a62v145,Leibniz Institute of Vegetable and Ornamental Crops,DE,Germany,3,UPO,2006-2010,incoming
https://ror.org/01a6tsm75,Hillel Yaffe Medical Center,IL,Israel,2,UPO,2006-2010,incoming
https://ror.org/01a77tt86,University of Warwick,GB,United Kingdom,110,UPO,2006-2010,incoming
https://ror.org/01a79sw46,Iran Polymer and Petrochemical Institute,IR,Iran,4,UPO,2006-2010,incoming
https://ror.org/01a80cj23,Novartis (Netherlands),NL,The Netherlands,1,UPO,2006-2010,incoming
https://ror.org/01a8ajp46,Université Clermont Auvergne,FR,France,745,UPO,2006-2010,incoming
https://ror.org/01a92vw29,Latvijas Organiskās Sintēzes Institūts,LV,Latvia,1,UPO,2006-2010,incoming
https://ror.org/01aaptx40,Indiana University Health,US,United States,74,UPO,2006-2010,incoming
https://ror.org/01abrxp85,Islamic Azad University Semnan,IR,Iran,1,UPO,2006-2010,incoming
https://ror.org/01abtsn51,Chung Shan Medical University Hospital,TW,Taiwan,3,UPO,2006-2010,incoming
https://ror.org/01adr0w49,University of Maine,US,United States,4,UPO,2006-2010,incoming
https://ror.org/01adsjd47,Seonam University,KR,South Korea,493,UPO,2006-2010,incoming
https://ror.org/01ae87070,Ospedale A. Perrino,IT,Italy,1,UPO,2006-2010,incoming
https://ror.org/01afbkc02,University North,HR,Croatia,5,UPO,2006-2010,incoming
https://ror.org/01aff2v68,University of Waterloo,CA,Canada,93,UPO,2006-2010,incoming
https://ror.org/01agh0847,Deutsche Gesetzliche Unfallversicherung,DE,Germany,2,UPO,2006-2010,incoming
https://ror.org/01ah6nb52,Applied Science Private University,JO,Jordan,1,UPO,2006-2010,incoming
https://ror.org/01ahb7328,Institute for Healthcare Improvement,US,United States,1,UPO,2006-2010,incoming
https://ror.org/01aht8z37,Demartino Public Hospital,SO,Somalia,1,UPO,2006-2010,incoming
https://ror.org/01ahys275,Parker Hughes Cancer Center,US,United States,6,UPO,2006-2010,incoming
https://ror.org/01aj84f44,Aarhus University,DK,Denmark,128,UPO,2006-2010,incoming
https://ror.org/01ajt3179,Hutchison/MRC Research Centre,GB,United Kingdom,8,UPO,2006-2010,incoming
https://ror.org/01ak5cj98,Simón Bolívar University,VE,Venezuela,2,UPO,2006-2010,incoming
https://ror.org/01akman82,Mallinckrodt (United States),US,United States,1,UPO,2006-2010,incoming
https://ror.org/01an57a31,Pusan National University,KR,South Korea,402,UPO,2006-2010,incoming
https://ror.org/01an7q238,"University of California, Berkeley",US,United States,326,UPO,2006-2010,incoming
https://ror.org/01apna436,Ohio Supercomputer Center,US,United States,215,UPO,2006-2010,incoming
https://ror.org/01apvbh93,Uppsala University Hospital,SE,Sweden,61,UPO,2006-2010,incoming
https://ror.org/01apwkd48,École Supérieure d'Ingénieurs en Génie Électrique,FR,France,1,UPO,2006-2010,incoming
https://ror.org/01apwpt12,Sandia National Laboratories,US,United States,7,UPO,2006-2010,incoming
https://ror.org/01aqax545,Hospital Royo Villanova,ES,Spain,1,UPO,2006-2010,incoming
https://ror.org/01ar2v535,Hospital Universitari i Politècnic La Fe,ES,Spain,16,UPO,2006-2010,incoming
https://ror.org/01ar90c17,Istituto di Biologia e Biotecnologia Agraria,IT,Italy,2,UPO,2006-2010,incoming
https://ror.org/01aryec24,Southeastern Oklahoma State University,US,United States,1,UPO,2006-2010,incoming
https://ror.org/01arysc35,Santa Fe Institute,US,United States,10,UPO,2006-2010,incoming
https://ror.org/01av3a615,Institut de Recerca Biomèdica Catalunya Sud,ES,Spain,6,UPO,2006-2010,incoming
https://ror.org/01av3m334,Universidade Federal do Triângulo Mineiro,BR,Brazil,2,UPO,2006-2010,incoming
https://ror.org/01aw9fv09,Rhode Island Hospital,US,United States,29,UPO,2006-2010,incoming
https://ror.org/01awv9175,Longwood University,US,United States,1,UPO,2006-2010,incoming
https://ror.org/01ayc5b57,German Research Centre for Artificial Intelligence,DE,Germany,1,UPO,2006-2010,incoming
https://ror.org/01ayg2409,Juniata College,US,United States,9,UPO,2006-2010,incoming
https://ror.org/01ayrdf49,European Chemicals Agency,FI,Finland,1,UPO,2006-2010,incoming
https://ror.org/01aysdw42,St Mary's Hospital,GB,United Kingdom,14,UPO,2006-2010,incoming
https://ror.org/01az6dv73,Hospital Universitario Príncipe de Asturias,ES,Spain,1,UPO,2006-2010,incoming
https://ror.org/01azfw069,The University of Texas at Tyler,US,United States,1,UPO,2006-2010,incoming
https://ror.org/01azzms13,Universitat de Miguel Hernández d'Elx,ES,Spain,38,UPO,2006-2010,incoming
https://ror.org/01b11x021,Hull and East Yorkshire Hospitals NHS Trust,GB,United Kingdom,7,UPO,2006-2010,incoming
https://ror.org/01b266018,Académie Nationale de Médecine,FR,France,1,UPO,2006-2010,incoming
https://ror.org/01b280561,State Key Laboratory of Cancer Biology,CN,China,6,UPO,2006-2010,incoming
https://ror.org/01b36kf40,International Center for Agricultural Research in the Dry Areas,JO,Jordan,5,UPO,2006-2010,incoming
https://ror.org/01b3dvp57,Garvan Institute of Medical Research,AU,Australia,6,UPO,2006-2010,incoming
https://ror.org/01b3ys956,Doris Miller Department of Veterans Affairs Medical Center,US,United States,14,UPO,2006-2010,incoming
https://ror.org/01b64k086,Hefei Normal University,CN,China,4,UPO,2006-2010,incoming
https://ror.org/01b6d9h22,Klinička bolnica Merkur,HR,Croatia,1,UPO,2006-2010,incoming
https://ror.org/01b6kha49,Walter and Eliza Hall Institute of Medical Research,AU,Australia,17,UPO,2006-2010,incoming
https://ror.org/01b78mz79,Universidade Federal de Santa Maria,BR,Brazil,12,UPO,2006-2010,incoming
https://ror.org/01b8kcc49,National Cheng Kung University,TW,Taiwan,43,UPO,2006-2010,incoming
https://ror.org/01b8rza40,Louisiana State University Agricultural Center,US,United States,5,UPO,2006-2010,incoming
https://ror.org/01b8wwr26,University Hospital Center Dr Dragiša Mišović,RS,Serbia,1,UPO,2006-2010,incoming
https://ror.org/01banz567,Kyushu University of Health and Welfare,JP,Japan,2,UPO,2006-2010,incoming
https://ror.org/01bawqf59,Shonan Institute of Technology,JP,Japan,2,UPO,2006-2010,incoming
https://ror.org/01bbs6821,Fisk University,US,United States,2,UPO,2006-2010,incoming
https://ror.org/01bd5gh54,Heartlands Hospital,GB,United Kingdom,1,UPO,2006-2010,incoming
https://ror.org/01bdr6121,University of Guilan,IR,Iran,6,UPO,2006-2010,incoming
https://ror.org/01be19w37,Helios Klinikum Krefeld,DE,Germany,4,UPO,2006-2010,incoming
https://ror.org/01bf9rw71,Max Planck Institute for the Physics of Complex Systems,DE,Germany,4,UPO,2006-2010,incoming
https://ror.org/01bg62x04,Generalitat de Catalunya,ES,Spain,6,UPO,2006-2010,incoming
https://ror.org/01bgafn72,Hamad General Hospital,QA,Qatar,1,UPO,2006-2010,incoming
https://ror.org/01bh2s525,Einstein Healthcare Network,US,United States,3,UPO,2006-2010,incoming
https://ror.org/01bh91531,National Institute for Biotechnology and Genetic Engineering,PK,Pakistan,1,UPO,2006-2010,incoming
https://ror.org/01bj3aw27,United States Department of Energy,US,United States,81,UPO,2006-2010,incoming
https://ror.org/01bj3z035,Soonchunhyang University Medical Center,KR,South Korea,3,UPO,2006-2010,incoming
https://ror.org/01bj4fd12,Laboratoire de Biologie et Modélisation de la Cellule,FR,France,5,UPO,2006-2010,incoming
https://ror.org/01bk73674,Chengdu Military General Hospital,CN,China,1,UPO,2006-2010,incoming
https://ror.org/01bkbaq61,CERCA Institution,ES,Spain,143,UPO,2006-2010,incoming
https://ror.org/01bkdwe73,Hospital Heliópolis,BR,Brazil,1,UPO,2006-2010,incoming
https://ror.org/01bkha031,International University in Moscow,RU,Russia,10,UPO,2006-2010,incoming
https://ror.org/01bmjkv45,Friedrich Miescher Institute,CH,Switzerland,8,UPO,2006-2010,incoming
https://ror.org/01bn5c048,Laboratoire de Photonique Quantique et Moléculaire,FR,France,1,UPO,2006-2010,incoming
https://ror.org/01bnjb948,Netherlands Organisation for Applied Scientific Research,NL,The Netherlands,2,UPO,2006-2010,incoming
https://ror.org/01bnjbv91,University of Sassari,IT,Italy,76,UPO,2006-2010,incoming
https://ror.org/01bnyxq20,Hospital Ramos Mejía,AR,Argentina,2,UPO,2006-2010,incoming
https://ror.org/01bp81r18,National Centre for Cell Science,IN,India,3,UPO,2006-2010,incoming
https://ror.org/01bpsk167,Centre de recherche sur le vieillissement,CA,Canada,4,UPO,2006-2010,incoming
https://ror.org/01bsaey45,Children's Medical Research Institute,AU,Australia,2,UPO,2006-2010,incoming
https://ror.org/01btmdt42,Dynavax Technologies (United States),US,United States,1,UPO,2006-2010,incoming
https://ror.org/01btzfj32,BMI Healthcare,GB,United Kingdom,1,UPO,2006-2010,incoming
https://ror.org/01bvjz807,Instituto Politecnico de Setubal,PT,Portugal,2,UPO,2006-2010,incoming
https://ror.org/01bx8ja67,Maharaja Sayajirao University of Baroda,IN,India,2,UPO,2006-2010,incoming
https://ror.org/01by1qv45,Santa Casa Hospital,BR,Brazil,2,UPO,2006-2010,incoming
https://ror.org/01bynmm24,Hospital Universitario Santa Cristina,ES,Spain,2,UPO,2006-2010,incoming
https://ror.org/01bzgdw81,Indian Agricultural Research Institute,IN,India,1,UPO,2006-2010,incoming
https://ror.org/01c1ce922,Nuovo Ospedale San Giovanni di Dio,IT,Italy,3,UPO,2006-2010,incoming
https://ror.org/01c1w6d29,University of Bamberg,DE,Germany,2,UPO,2006-2010,incoming
https://ror.org/01c27hj86,University of Lisbon,PT,Portugal,247,UPO,2006-2010,incoming
https://ror.org/01c3xc117,University of Michigan–Flint,US,United States,280,UPO,2006-2010,incoming
https://ror.org/01c4jmp52,Chengdu Medical College,CN,China,1,UPO,2006-2010,incoming
https://ror.org/01c4pz451,Tehran University of Medical Sciences,IR,Iran,43,UPO,2006-2010,incoming
https://ror.org/01c4qa656,University of Bydgoszcz,PL,Poland,5,UPO,2006-2010,incoming
https://ror.org/01c5cqy87,General Hospital of Serres,GR,Greece,4,UPO,2006-2010,incoming
https://ror.org/01c5nz376,Canadian Celiac Association,CA,Canada,1,UPO,2006-2010,incoming
https://ror.org/01c62av11,Groupe de Recherche sur l'Alcool et les Pharmacodépendances,FR,France,1,UPO,2006-2010,incoming
https://ror.org/01c64df17,Illumina (Singapore),SG,Singapore,2,UPO,2006-2010,incoming
https://ror.org/01c7jsk34,National Institute for Pharmaceutical Research and Development,NG,Nigeria,1,UPO,2006-2010,incoming
https://ror.org/01c7wz417,VetAgro Sup,FR,France,3,UPO,2006-2010,incoming
https://ror.org/01c8rcg82,Laboratoire d'Informatique de Grenoble,FR,France,5,UPO,2006-2010,incoming
https://ror.org/01c997669,Max Planck Institute for Chemical Physics of Solids,DE,Germany,4,UPO,2006-2010,incoming
https://ror.org/01c9rqr26,VA Tennessee Valley Healthcare System,US,United States,3,UPO,2006-2010,incoming
https://ror.org/01cah1n37,Institut des Sciences de l'Evolution de Montpellier,FR,France,3,UPO,2006-2010,incoming
https://ror.org/01cb0kd74,Royal Hospital for Children,GB,United Kingdom,8,UPO,2006-2010,incoming
https://ror.org/01cbtr271,École d'Ingénieurs en Chimie et Sciences du Numérique,FR,France,18,UPO,2006-2010,incoming
https://ror.org/01cbwn720,Institute of Chemical and Engineering Sciences,SG,Singapore,2,UPO,2006-2010,incoming
https://ror.org/01cby8j38,Universidad Autónoma de Madrid,ES,Spain,1205,UPO,2006-2010,incoming
https://ror.org/01cbya385,New College of Florida,US,United States,4,UPO,2006-2010,incoming
https://ror.org/01cc3fy72,Ikerbasque,ES,Spain,4,UPO,2006-2010,incoming
https://ror.org/01ccb9w37,St. Petersburg Institute for Informatics and Automation,RU,Russia,1,UPO,2006-2010,incoming
https://ror.org/01ccbsb07,United Institute of Informatics Problems,BY,Belarus,1,UPO,2006-2010,incoming
https://ror.org/01cdy6h50,"Universidad Central ""Marta Abreu"" de las Villas (UCLV)",CU,Cuba,1,UPO,2006-2010,incoming
https://ror.org/01cesdt21,National Institute for Public Health and the Environment,NL,The Netherlands,68,UPO,2006-2010,incoming
https://ror.org/01cfgbq85,Azienda Sanitaria di Firenze,IT,Italy,31,UPO,2006-2010,incoming
https://ror.org/01cg0k189,International Christian University,JP,Japan,11,UPO,2006-2010,incoming
https://ror.org/01cghcn81,Southern Regional Research Center,US,United States,1,UPO,2006-2010,incoming
https://ror.org/01ch2yn61,Met Office,GB,United Kingdom,2,UPO,2006-2010,incoming
https://ror.org/01ch4qb51,Mercy Hospital for Women,AU,Australia,2,UPO,2006-2010,incoming
https://ror.org/01chzd453,University of Pardubice,CZ,Czechia,19,UPO,2006-2010,incoming
https://ror.org/01cjash87,Astellas Pharma (Japan),JP,Japan,6,UPO,2006-2010,incoming
https://ror.org/01ckbq028,Whittington Hospital,GB,United Kingdom,3,UPO,2006-2010,incoming
https://ror.org/01ckdn478,University of Louisville,US,United States,127,UPO,2006-2010,incoming
https://ror.org/01cmnjq37,Centre Léon Bérard,FR,France,29,UPO,2006-2010,incoming
https://ror.org/01cn8y823,Institut für Pharmakologie und Toxikologie der Bundeswehr,DE,Germany,10,UPO,2006-2010,incoming
https://ror.org/01cnqpt53,Jain University,IN,India,2,UPO,2006-2010,incoming
https://ror.org/01cq23130,University of Memphis,US,United States,16,UPO,2006-2010,incoming
https://ror.org/01cqcrc47,Rangsit University,TH,Thailand,3,UPO,2006-2010,incoming
https://ror.org/01cqmqj90,Hadassah Medical Center,IL,Israel,2,UPO,2006-2010,incoming
https://ror.org/01crcp038,Institute for Education Bucharest,RO,Romania,2,UPO,2006-2010,incoming
https://ror.org/01crvtj80,Instituto Mauá de Tecnologia,BR,Brazil,1,UPO,2006-2010,incoming
https://ror.org/01csgpy33,Methodist Le Bonheur Healthcare,US,United States,2,UPO,2006-2010,incoming
https://ror.org/01csjxv16,Targeted Medical Pharma (United States),US,United States,1,UPO,2006-2010,incoming
https://ror.org/01cskd113,Al-Ameen Pre University College,IN,India,1,UPO,2006-2010,incoming
https://ror.org/01cwbae71,Hannam University,KR,South Korea,2,UPO,2006-2010,incoming
https://ror.org/01cwd8p12,Universidade de Passo Fundo,BR,Brazil,1,UPO,2006-2010,incoming
https://ror.org/01cwqze88,National Institutes of Health,US,United States,585,UPO,2006-2010,incoming
https://ror.org/01cxg6q60,Hidaka Hospital,JP,Japan,2,UPO,2006-2010,incoming
https://ror.org/01cxqmw89,Shanghai Normal University,CN,China,3,UPO,2006-2010,incoming
https://ror.org/01cyatv27,CTI BioPharma (United Kingdom),GB,United Kingdom,1,UPO,2006-2010,incoming
https://ror.org/01cyv3m84,Santa Maria Nuova Hospital,IT,Italy,11,UPO,2006-2010,incoming
https://ror.org/01d02sf11,OLVG,NL,The Netherlands,1,UPO,2006-2010,incoming
https://ror.org/01d0zz505,Jean Mayer Human Nutrition Research Center on Aging,US,United States,11,UPO,2006-2010,incoming
https://ror.org/01d100w34,Semyung University,KR,South Korea,1,UPO,2006-2010,incoming
https://ror.org/01d1g0t67,Institute for the Application of Nuclear Energy,RS,Serbia,2,UPO,2006-2010,incoming
https://ror.org/01d25af06,Inter-American Foundation,US,United States,1,UPO,2006-2010,incoming
https://ror.org/01d36yb27,Kobe Steel (Japan),JP,Japan,1,UPO,2006-2010,incoming
https://ror.org/01d5jce07,University of Maribor,SI,Slovenia,18,UPO,2006-2010,incoming
https://ror.org/01d5qpn59,Babraham Institute,GB,United Kingdom,16,UPO,2006-2010,incoming
https://ror.org/01d5vx451,Vall d'Hebron Institut de Recerca,ES,Spain,4,UPO,2006-2010,incoming
https://ror.org/01d5zhz86,Cordoba University,US,United States,1,UPO,2006-2010,incoming
https://ror.org/01d692d57,University of Sindh,PK,Pakistan,2,UPO,2006-2010,incoming
https://ror.org/01d6qxv05,Monmouth University,US,United States,1,UPO,2006-2010,incoming
https://ror.org/01d7fn555,Central Food Technological Research Institute,IN,India,2,UPO,2006-2010,incoming
https://ror.org/01d86hn60,Ospedale San Carlo,IT,Italy,3,UPO,2006-2010,incoming
https://ror.org/01d88se56,UCLA Health,US,United States,44,UPO,2006-2010,incoming
https://ror.org/01d9cfw89,Hospital Universitário Walter Cantídio,BR,Brazil,2,UPO,2006-2010,incoming
https://ror.org/01d9cs377,University Health System,US,United States,10,UPO,2006-2010,incoming
https://ror.org/01db6h964,University of Iceland,IS,Iceland,55,UPO,2006-2010,incoming
https://ror.org/01dbmzx78,The Kids Research Institute Australia,AU,Australia,16,UPO,2006-2010,incoming
https://ror.org/01dcw5w74,Chongqing Normal University,CN,China,1,UPO,2006-2010,incoming
https://ror.org/01dd3fd62,Centro Nacional de Epidemiología,ES,Spain,1,UPO,2006-2010,incoming
https://ror.org/01deq2m43,Universidad Del Valle De Cuernavaca,MX,Mexico,10,UPO,2006-2010,incoming
https://ror.org/01df6fw27,National Patient Safety Foundation,US,United States,1,UPO,2006-2010,incoming
https://ror.org/01df9ep43,Era's Lucknow Medical College and Hospital,IN,India,1,UPO,2006-2010,incoming
https://ror.org/01dg04253,Institute of Bioorganic Chemistry,RU,Russia,3,UPO,2006-2010,incoming
https://ror.org/01dgn5344,Rider University,US,United States,1,UPO,2006-2010,incoming
https://ror.org/01dhvva97,Markey Cancer Center,US,United States,1,UPO,2006-2010,incoming
https://ror.org/01dm04760,Lexington VA Health Care System,US,United States,4,UPO,2006-2010,incoming
https://ror.org/01dm91j21,Tartu University Hospital,EE,Estonia,2,UPO,2006-2010,incoming
https://ror.org/01dpw6893,Scripps Memorial Hospital,US,United States,2,UPO,2006-2010,incoming
https://ror.org/01dpyn972,Institute of Oncology Research,CH,Switzerland,1,UPO,2006-2010,incoming
https://ror.org/01dq60k83,Tohoku University,JP,Japan,174,UPO,2006-2010,incoming
https://ror.org/01dr2b756,Hubei University of Medicine,CN,China,2,UPO,2006-2010,incoming
https://ror.org/01dr6c206,Polish Academy of Sciences,PL,Poland,1205,UPO,2006-2010,incoming
https://ror.org/01drpwb22,University of Chester,GB,United Kingdom,1,UPO,2006-2010,incoming
https://ror.org/01dt7qh15,AREA Science Park,IT,Italy,62,UPO,2006-2010,incoming
https://ror.org/01dtyv127,Region Zealand,DK,Denmark,1,UPO,2006-2010,incoming
https://ror.org/01dvabv26,Zonguldak Bülent Ecevit University,TR,Turkey,8,UPO,2006-2010,incoming
https://ror.org/01dwyxv59,English Institute of Sport,GB,United Kingdom,2,UPO,2006-2010,incoming
https://ror.org/01dx1mr58,Royal Stoke University Hospital,GB,United Kingdom,4,UPO,2006-2010,incoming
https://ror.org/01dz5cg19,Laboratoire de Virologie Moléculaire et Structurale,FR,France,1,UPO,2006-2010,incoming
https://ror.org/01dz8hz75,American Geriatrics Society,US,United States,1,UPO,2006-2010,incoming
https://ror.org/01dzed356,Hunan Agricultural University,CN,China,4,UPO,2006-2010,incoming
https://ror.org/01dzjez04,Eskişehir Osmangazi University,TR,Turkey,9,UPO,2006-2010,incoming
https://ror.org/01dzn5f42,Istanbul University-Cerrahpaşa,TR,Turkey,5,UPO,2006-2010,incoming
https://ror.org/01dzpsy49,Nara City Hospital,JP,Japan,2,UPO,2006-2010,incoming
https://ror.org/01e17d143,Institute of Organic Chemistry,PL,Poland,13,UPO,2006-2010,incoming
https://ror.org/01e2ynf23,Women's and Children's Health Network,AU,Australia,1,UPO,2006-2010,incoming
https://ror.org/01e310919,Monash Alfred Psychiatry Research centre,AU,Australia,3,UPO,2006-2010,incoming
https://ror.org/01e3m7079,University of Cincinnati,US,United States,159,UPO,2006-2010,incoming
https://ror.org/01e41cf67,Los Alamos National Laboratory,US,United States,202,UPO,2006-2010,incoming
https://ror.org/01e473h50,Ludwig Cancer Research,GB,United Kingdom,1,UPO,2006-2010,incoming
https://ror.org/01e4byj08,University of Wisconsin Carbone Cancer Center,US,United States,19,UPO,2006-2010,incoming
https://ror.org/01e4kx996,State University of Tetova,MK,North Macedonia,1,UPO,2006-2010,incoming
https://ror.org/01e57nb43,Hospital Universitario Puerta de Hierro Majadahonda,ES,Spain,12,UPO,2006-2010,incoming
https://ror.org/01e5x8t10,Vision Cooperative Research Centre,AU,Australia,5,UPO,2006-2010,incoming
https://ror.org/01e6ksd91,Università Iuav di Venezia,IT,Italy,1,UPO,2006-2010,incoming
https://ror.org/01e6qks80,Dalhousie University,CA,Canada,52,UPO,2006-2010,incoming
https://ror.org/01e70mw69,Indian Institute of Toxicology Research,IN,India,5,UPO,2006-2010,incoming
https://ror.org/01e7m5196,Disaster Prevention & Water Environment Research Center,TW,Taiwan,1,UPO,2006-2010,incoming
https://ror.org/01e7v7w47,University of Calcutta,IN,India,18,UPO,2006-2010,incoming
https://ror.org/01e8etd40,Laboratoire Sols et Environnement,FR,France,1,UPO,2006-2010,incoming
https://ror.org/01e8ff003,Shahed University,IR,Iran,3,UPO,2006-2010,incoming
https://ror.org/01e8hcf19,American Ceramic Society,US,United States,1,UPO,2006-2010,incoming
https://ror.org/01e8kn913,Hôpital Jeanne de Flandre,FR,France,5,UPO,2006-2010,incoming
https://ror.org/01e8tvg28,Fondazione Salvatore Maugeri,IT,Italy,28,UPO,2006-2010,incoming
https://ror.org/01e94xy17,Northern New Mexico College,US,United States,1,UPO,2006-2010,incoming
https://ror.org/01easw929,Inha University,KR,South Korea,48,UPO,2006-2010,incoming
https://ror.org/01eb88c92,Animal Health Institute,US,United States,1,UPO,2006-2010,incoming
https://ror.org/01eb8ek77,United Nations Economic and Social Council,US,United States,3,UPO,2006-2010,incoming
https://ror.org/01ebs6k31,Instituto de Ciencias,AR,Argentina,7,UPO,2006-2010,incoming
https://ror.org/01ecnnp60,Jackson State University,US,United States,41,UPO,2006-2010,incoming
https://ror.org/01ed4t417,Centre de recherche en Epidémiologie et Santé des Populations,FR,France,4,UPO,2006-2010,incoming
https://ror.org/01ee9ar58,University of Nottingham,GB,United Kingdom,108,UPO,2006-2010,incoming
https://ror.org/01eezs655,University of Regensburg,DE,Germany,138,UPO,2006-2010,incoming
https://ror.org/01egf3y42,Technikon (Austria),AT,Austria,2,UPO,2006-2010,incoming
https://ror.org/01ehe5s81,Hospital Universitario de Getafe,ES,Spain,12,UPO,2006-2010,incoming
https://ror.org/01ehyh486,Ministero dell'Istruzione e del Merito,IT,Italy,7,UPO,2006-2010,incoming
https://ror.org/01ej9dk98,The University of Melbourne,AU,Australia,197,UPO,2006-2010,incoming
https://ror.org/01ejxf797,Mohamed I University,MA,Morocco,21,UPO,2006-2010,incoming
https://ror.org/01ekg2j77,Blood Systems Research Institute,US,United States,5,UPO,2006-2010,incoming
https://ror.org/01eksj726,Konyang University Hospital,KR,South Korea,5,UPO,2006-2010,incoming
https://ror.org/01em2mv62,Chia-Yi Christian Hospital,TW,Taiwan,3,UPO,2006-2010,incoming
https://ror.org/01emtgd92,Mansfield University,US,United States,1,UPO,2006-2010,incoming
https://ror.org/01encsj80,University of Botswana,BW,Botswana,1,UPO,2006-2010,incoming
https://ror.org/01ep18d71,Northern Lincolnshire and Goole Hospitals NHS Foundation Trust,GB,United Kingdom,1,UPO,2006-2010,incoming
https://ror.org/01epvyf46,Northern Michigan University,US,United States,2,UPO,2006-2010,incoming
https://ror.org/01eq10738,Nanfang Hospital,CN,China,2,UPO,2006-2010,incoming
https://ror.org/01es6dz53,University of Mendoza,AR,Argentina,1,UPO,2006-2010,incoming
https://ror.org/01esghr10,Columbia University Irving Medical Center,US,United States,79,UPO,2006-2010,incoming
https://ror.org/01etfxm56,China National Bamboo Research Center,CN,China,1,UPO,2006-2010,incoming
https://ror.org/01etz1309,Pamukkale University,TR,Turkey,5,UPO,2006-2010,incoming
https://ror.org/01evwfd48,Bernhard Nocht Institute for Tropical Medicine,DE,Germany,1,UPO,2006-2010,incoming
https://ror.org/01evzkn27,Fundação Getulio Vargas,BR,Brazil,2,UPO,2006-2010,incoming
https://ror.org/01ex21125,Tasmanian Institute of Agriculture,AU,Australia,1,UPO,2006-2010,incoming
https://ror.org/01ey7we33,Daqing Oilfield General Hospital,CN,China,4,UPO,2006-2010,incoming
https://ror.org/01ezqah87,Kitakyushu National College of Technology,JP,Japan,1,UPO,2006-2010,incoming
https://ror.org/01ezw9n40,Orthopädische Universitätsklinik,DE,Germany,2,UPO,2006-2010,incoming
https://ror.org/01f0prq08,Röda Korsets Högskola,SE,Sweden,1,UPO,2006-2010,incoming
https://ror.org/01f1amm71,Laboratoire Traitement du Signal et de l'Image,FR,France,1,UPO,2006-2010,incoming
https://ror.org/01f3b0g09,Technological Institute of Castilla y León,ES,Spain,1,UPO,2006-2010,incoming
https://ror.org/01f4dr878,Kazimierz Pułaski University of Technology and Humanities in Radom,PL,Poland,2,UPO,2006-2010,incoming
https://ror.org/01f4y0525,College of Medical Sciences,NP,Nepal,1,UPO,2006-2010,incoming
https://ror.org/01f5ytq51,Texas A&M University,US,United States,969,UPO,2006-2010,incoming
https://ror.org/01f60xs15,Agriculture and Forestry University,NP,Nepal,2,UPO,2006-2010,incoming
https://ror.org/01f6t6q54,Emam Reza Hospital,IR,Iran,1,UPO,2006-2010,incoming
https://ror.org/01f74x078,"State University ""Kyiv Aviation Institute""",UA,Ukraine,2,UPO,2006-2010,incoming
https://ror.org/01f77gp95,Third Affiliated Hospital of Harbin Medical University,CN,China,3,UPO,2006-2010,incoming
https://ror.org/01f80g185,World Health Organization,CH,Switzerland,175,UPO,2006-2010,incoming
https://ror.org/01faaaf77,University of Graz,AT,Austria,51,UPO,2006-2010,incoming
https://ror.org/01fah6g03,Centro de Edafología y Biología Aplicada del Segura,ES,Spain,4,UPO,2006-2010,incoming
https://ror.org/01fapfv42,Belgian Federal Science Policy Office,BE,Belgium,20,UPO,2006-2010,incoming
https://ror.org/01fbde567,Max Planck Institute of Molecular Plant Physiology,DE,Germany,1,UPO,2006-2010,incoming
https://ror.org/01fbdn283,Magee-Womens Hospital,US,United States,3,UPO,2006-2010,incoming
https://ror.org/01fbz6h17,Denver Health Medical Center,US,United States,5,UPO,2006-2010,incoming
https://ror.org/01fd86n56,Second Hospital of Shandong University,CN,China,4,UPO,2006-2010,incoming
https://ror.org/01fdxwh83,University of Borås,SE,Sweden,3,UPO,2006-2010,incoming
https://ror.org/01fe0jt45,Robert Bosch (Germany),DE,Germany,10,UPO,2006-2010,incoming
https://ror.org/01fejj311,International Planned Parenthood Federation,GB,United Kingdom,1,UPO,2006-2010,incoming
https://ror.org/01ff74m36,Burapha University,TH,Thailand,7,UPO,2006-2010,incoming
https://ror.org/01fftxe08,Institut de Biologie Intégrative de la Cellule,FR,France,1,UPO,2006-2010,incoming
https://ror.org/01fgmnw14,Berufsgenossenschaftliche Unfallklinik Murnau,DE,Germany,1,UPO,2006-2010,incoming
https://ror.org/01fh86n78,Universidad Autónoma de Nuevo León,MX,Mexico,11,UPO,2006-2010,incoming
https://ror.org/01fh9k283,Fundación Instituto Valenciano de Oncología,ES,Spain,14,UPO,2006-2010,incoming
https://ror.org/01fjw1d15,Radiation and Nuclear Safety Authority,FI,Finland,4,UPO,2006-2010,incoming
https://ror.org/01fk80922,Dr. B. R. Ambedkar School of Economics University,IN,India,3,UPO,2006-2010,incoming
https://ror.org/01fkzt617,Belarusian State Economic University,BY,Belarus,825,UPO,2006-2010,incoming
https://ror.org/01fm2fv39,Sanquin,NL,The Netherlands,1,UPO,2006-2010,incoming
https://ror.org/01fm87m50,Rambam Health Care Campus,IL,Israel,11,UPO,2006-2010,incoming
https://ror.org/01fmtas32,Radiation Effects Research Foundation,JP,Japan,5,UPO,2006-2010,incoming
https://ror.org/01fp8z436,Institut Pasteur de la Guyane,GF,French Guiana,1,UPO,2006-2010,incoming
https://ror.org/01fpczx89,Tennessee State University,US,United States,7,UPO,2006-2010,incoming
https://ror.org/01fpnj063,Catholic University of Korea,KR,South Korea,31,UPO,2006-2010,incoming
https://ror.org/01fpqqe90,École Nationale Supérieure d'Ingénieurs de Caen,FR,France,18,UPO,2006-2010,incoming
https://ror.org/01fqg5k81,BayCare Health System,US,United States,1,UPO,2006-2010,incoming
https://ror.org/01fqgdy56,Baikov Institute of Metallurgy and Materials Science,RU,Russia,1,UPO,2006-2010,incoming
https://ror.org/01fr19c68,Jinan Central Hospital,CN,China,5,UPO,2006-2010,incoming
https://ror.org/01frn9647,Université de Pau et des Pays de l'Adour,FR,France,16,UPO,2006-2010,incoming
https://ror.org/01frxsf98,Muscular Dystrophy Association,US,United States,2,UPO,2006-2010,incoming
https://ror.org/01ft76595,Hejian People's Hospital,CN,China,1,UPO,2006-2010,incoming
https://ror.org/01fv1ds98,Yuan Ze University,TW,Taiwan,1,UPO,2006-2010,incoming
https://ror.org/01fvbaw18,Universidad de Valladolid,ES,Spain,30,UPO,2006-2010,incoming
https://ror.org/01fvf0d84,Tajen University,TW,Taiwan,1,UPO,2006-2010,incoming
https://ror.org/01fvmtt37,Tallaght University Hospital,IE,Ireland,6,UPO,2006-2010,incoming
https://ror.org/01fvnb423,Presbyterian Medical Center,KR,South Korea,1,UPO,2006-2010,incoming
https://ror.org/01fwrsq33,Barrow Neurological Institute,US,United States,4,UPO,2006-2010,incoming
https://ror.org/01fxdkm29,Doshisha University,JP,Japan,6,UPO,2006-2010,incoming
https://ror.org/01fzm0693,Abbott Northwestern Hospital,US,United States,3,UPO,2006-2010,incoming
https://ror.org/01g09ef73,Angel Kanchev University of Ruse,BG,Bulgaria,4,UPO,2006-2010,incoming
https://ror.org/01g16ph33,Institute for Advanced Materials and Mathematics,ES,Spain,1,UPO,2006-2010,incoming
https://ror.org/01g25jp36,Netherlands Institute of Ecology,NL,The Netherlands,4,UPO,2006-2010,incoming
https://ror.org/01g3dya06,Lancaster University Ghana,GH,Ghana,116,UPO,2006-2010,incoming
https://ror.org/01g3mb532,Institut Pluridisciplinaire Hubert Curien,FR,France,1325,UPO,2006-2010,incoming
https://ror.org/01g4a4162,Newbury College,US,United States,2,UPO,2006-2010,incoming
https://ror.org/01g4j3g78,Vanha Vaasa hospital,FI,Finland,1,UPO,2006-2010,incoming
https://ror.org/01g5y5k24,High Energy Accelerator Research Organization,JP,Japan,239,UPO,2006-2010,incoming
https://ror.org/01g67by91,Mercer University Health Sciences Center,US,United States,1,UPO,2006-2010,incoming
https://ror.org/01g77mv66,New York/New Jersey VA Health Care Network,US,United States,8,UPO,2006-2010,incoming
https://ror.org/01g7s6g79,Neuroscience Research Australia,AU,Australia,18,UPO,2006-2010,incoming
https://ror.org/01g7wf911,Manhattan Physical Medicine and Rehabilitation,US,United States,1,UPO,2006-2010,incoming
https://ror.org/01g9ty582,Semmelweis University,HU,Hungary,70,UPO,2006-2010,incoming
https://ror.org/01g9vbr38,Oklahoma State University,US,United States,20,UPO,2006-2010,incoming
https://ror.org/01g9y2x13,Tianjin Institute of Pharmaceutical Research (China),CN,China,1,UPO,2006-2010,incoming
https://ror.org/01gan4k05,Laboratoire Catalyse et Spectrochimie,FR,France,5,UPO,2006-2010,incoming
https://ror.org/01gavpb45,Canadian Institutes of Health Research,CA,Canada,17,UPO,2006-2010,incoming
https://ror.org/01gaw2478,Teikyo University,JP,Japan,14,UPO,2006-2010,incoming
https://ror.org/01gb99w41,National Polytechnic School,EC,Ecuador,9,UPO,2006-2010,incoming
https://ror.org/01gbfax37,Shandong Jianzhu University,CN,China,129,UPO,2006-2010,incoming
https://ror.org/01gc0wp38,University Hospitals Cleveland Medical Center,US,United States,25,UPO,2006-2010,incoming
https://ror.org/01gcc9p15,Saint John's Health Center,US,United States,5,UPO,2006-2010,incoming
https://ror.org/01gckhp53,Latvian Biomedical Research and Study Centre,LV,Latvia,5,UPO,2006-2010,incoming
https://ror.org/01gcrbc43,Center for Human Genetics,US,United States,19,UPO,2006-2010,incoming
https://ror.org/01gdbf303,Royal College of General Practitioners,GB,United Kingdom,1,UPO,2006-2010,incoming
https://ror.org/01ge67z96,The Royal Free Hospital,GB,United Kingdom,41,UPO,2006-2010,incoming
https://ror.org/01gezbc84,Japanese Red Cross Medical Center,JP,Japan,14,UPO,2006-2010,incoming
https://ror.org/01gfeyd95,Northumbria Healthcare NHS Foundation Trust,GB,United Kingdom,1,UPO,2006-2010,incoming
https://ror.org/01ggnn306,Hunan University of Arts and Science,CN,China,4,UPO,2006-2010,incoming
https://ror.org/01ggsp920,Cyprus Institute of Neurology and Genetics,CY,Cyprus,2,UPO,2006-2010,incoming
https://ror.org/01ggtn466,Laboratoire de Physique Théorique Ecole Normale Supérieure,FR,France,12,UPO,2006-2010,incoming
https://ror.org/01ggx4157,European Organization for Nuclear Research,CH,Switzerland,2569,UPO,2006-2010,incoming
https://ror.org/01gh7yb82,Center of Molecular Immunology (Cuba),CU,Cuba,6,UPO,2006-2010,incoming
https://ror.org/01gkp6p31,Maria Fareri Children's Hospital,US,United States,1,UPO,2006-2010,incoming
https://ror.org/01gmqr298,Vita-Salute San Raffaele University,IT,Italy,394,UPO,2006-2010,incoming
https://ror.org/01gmrmd93,Anderson University - South Carolina,US,United States,27,UPO,2006-2010,incoming
https://ror.org/01gnd8r41,University of Akureyri,IS,Iceland,1,UPO,2006-2010,incoming
https://ror.org/01gqe3t73,Sangji University,KR,South Korea,1,UPO,2006-2010,incoming
https://ror.org/01grm4y17,Bavarian State Research Center for Agriculture,DE,Germany,1,UPO,2006-2010,incoming
https://ror.org/01grq2104,Torrey Pines Institute For Molecular Studies,US,United States,8,UPO,2006-2010,incoming
https://ror.org/01gtsa866,Institute of Biosciences and Bioresources,IT,Italy,4,UPO,2006-2010,incoming
https://ror.org/01gv74p78,Centre Hospitalier Universitaire Sainte-Justine,CA,Canada,3,UPO,2006-2010,incoming
https://ror.org/01gvaa828,Hôpital d'Enfants,FR,France,2,UPO,2006-2010,incoming
https://ror.org/01gvfxs59,National Sagamihara Hospital,JP,Japan,1,UPO,2006-2010,incoming
https://ror.org/01gvkyp03,National Institute of Oceanography,IN,India,9,UPO,2006-2010,incoming
https://ror.org/01gvmn480,Tokai University Hospital,JP,Japan,1,UPO,2006-2010,incoming
https://ror.org/01gw3d370,University of Windsor,CA,Canada,7,UPO,2006-2010,incoming
https://ror.org/01gw5dy53,CICERO Center for International Climate Research,NO,Norway,1,UPO,2006-2010,incoming
https://ror.org/01gwm7a05,Government of South Africa,ZA,South Africa,1,UPO,2006-2010,incoming
https://ror.org/01gynte55,Sharp Memorial Hospital,US,United States,1,UPO,2006-2010,incoming
https://ror.org/01gyxrk03,Université de Picardie Jules Verne,FR,France,17,UPO,2006-2010,incoming
https://ror.org/01gzkdv90,Kun Shan University,TW,Taiwan,1,UPO,2006-2010,incoming
https://ror.org/01gzye136,European Centre for Theoretical Studies in Nuclear Physics and Related Areas,IT,Italy,8,UPO,2006-2010,incoming
https://ror.org/01h0ffh48,École Nationale Supérieure de Chimie de Rennes,FR,France,34,UPO,2006-2010,incoming
https://ror.org/01h0zpd94,National Natural Science Foundation of China,CN,China,11,UPO,2006-2010,incoming
https://ror.org/01h14ww21,Laboratoire Kastler Brossel,FR,France,1,UPO,2006-2010,incoming
https://ror.org/01h22ap11,Penn State Milton S. Hershey Medical Center,US,United States,10,UPO,2006-2010,incoming
https://ror.org/01h3fm945,University College of Medical Sciences,IN,India,3,UPO,2006-2010,incoming
https://ror.org/01h4kpz66,Feza Gürsey Institute,TR,Turkey,2,UPO,2006-2010,incoming
https://ror.org/01h531d29,Natural Sciences and Engineering Research Council of Canada,CA,Canada,18,UPO,2006-2010,incoming
https://ror.org/01h547a76,Tianjin Centers for Disease Control and Prevention,CN,China,1,UPO,2006-2010,incoming
https://ror.org/01h5tnr73,Battelle,US,United States,1,UPO,2006-2010,incoming
https://ror.org/01h6frr69,Duksung Women's University,KR,South Korea,1,UPO,2006-2010,incoming
https://ror.org/01h7cca57,Sapporo Medical University,JP,Japan,34,UPO,2006-2010,incoming
https://ror.org/01h7g8502,"National Institute of Technology, Toba College",JP,Japan,3,UPO,2006-2010,incoming
https://ror.org/01h7jse56,Central Bank of Brazil,BR,Brazil,1,UPO,2006-2010,incoming
https://ror.org/01h85hm56,Dow University of Health Sciences,PK,Pakistan,2,UPO,2006-2010,incoming
https://ror.org/01h8ey223,MultiMedica,IT,Italy,4,UPO,2006-2010,incoming
https://ror.org/01h8pf755,Institut National des Sciences Appliquées de Toulouse,FR,France,19,UPO,2006-2010,incoming
https://ror.org/01h8t7c63,Universidade de Aveiro Incubator,PT,Portugal,6,UPO,2006-2010,incoming
https://ror.org/01h8xv021,Waters (United States),US,United States,2,UPO,2006-2010,incoming
https://ror.org/01h8y6y39,Panzhihua University,CN,China,1,UPO,2006-2010,incoming
https://ror.org/01ha10g31,Cyprus Research and Innovation Center (Cyprus),CY,Cyprus,2,UPO,2006-2010,incoming
https://ror.org/01ha22c77,Institut de Radioprotection et de Sûreté Nucléaire,FR,France,8,UPO,2006-2010,incoming
https://ror.org/01hcx6992,Humboldt-Universität zu Berlin,DE,Germany,173,UPO,2006-2010,incoming
https://ror.org/01hcyya48,Cincinnati Children's Hospital Medical Center,US,United States,43,UPO,2006-2010,incoming
https://ror.org/01hdkb925,Jožef Stefan International Postgraduate School,SI,Slovenia,35,UPO,2006-2010,incoming
https://ror.org/01hfgte37,Eastern Cooperative Oncology Group,US,United States,1,UPO,2006-2010,incoming
https://ror.org/01hg31662,Beijing Union University,CN,China,1,UPO,2006-2010,incoming
https://ror.org/01hg8p552,Laboratoire de Physique Nucléaire et de Hautes Énergies,FR,France,703,UPO,2006-2010,incoming
https://ror.org/01hgj5t98,Saint Mary's College of California,US,United States,1,UPO,2006-2010,incoming
https://ror.org/01hhczc28,University of Benin Teaching Hospital,NG,Nigeria,3,UPO,2006-2010,incoming
https://ror.org/01hhn8329,Max Planck Society,DE,Germany,817,UPO,2006-2010,incoming
https://ror.org/01hhqsm59,Sir Charles Gairdner Hospital,AU,Australia,9,UPO,2006-2010,incoming
https://ror.org/01hjzeq58,Chiba University,JP,Japan,61,UPO,2006-2010,incoming
https://ror.org/01hmmsr16,Azienda Ospedaliero-Universitaria di Modena,IT,Italy,9,UPO,2006-2010,incoming
https://ror.org/01hmrs507,State Key Laboratory of Coal Conversion,CN,China,3,UPO,2006-2010,incoming
https://ror.org/01hnrbb29,Financial University,RU,Russia,1,UPO,2006-2010,incoming
https://ror.org/01hp6xm80,NCCOS Hollings Marine Laboratory,US,United States,3,UPO,2006-2010,incoming
https://ror.org/01hpqfm28,Connecticut College,US,United States,2,UPO,2006-2010,incoming
https://ror.org/01hq7pd83,The First Hospital of Kunming,CN,China,1,UPO,2006-2010,incoming
https://ror.org/01hq89f96,Centre Hospitalier Universitaire de Bordeaux,FR,France,53,UPO,2006-2010,incoming
https://ror.org/01hq93e28,Laboratoire de Physicochimie des Polymères et des Interfaces,FR,France,2,UPO,2006-2010,incoming
https://ror.org/01hs8x754,Tygerberg Hospital,ZA,South Africa,1,UPO,2006-2010,incoming
https://ror.org/01hsjcv06,"Czech Academy of Sciences, Institute of Inorganic Chemistry",CZ,Czechia,1,UPO,2006-2010,incoming
https://ror.org/01hsx4r68,State Key Laboratory of Computer Science,CN,China,1,UPO,2006-2010,incoming
https://ror.org/01ht74751,University of La Serena,CL,Chile,1,UPO,2006-2010,incoming
https://ror.org/01htjvr84,Institute of Primate Research,KE,Kenya,3,UPO,2006-2010,incoming
https://ror.org/01hv94n30,Ruijin Hospital,CN,China,31,UPO,2006-2010,incoming
https://ror.org/01hvpjq66,Abramson Cancer Center,US,United States,13,UPO,2006-2010,incoming
https://ror.org/01hvx5h04,Osaka Metropolitan University,JP,Japan,58,UPO,2006-2010,incoming
https://ror.org/01hw7wf62,Ministry of Education,IR,Iran,1,UPO,2006-2010,incoming
https://ror.org/01hwamj44,Antwerp University Hospital,BE,Belgium,13,UPO,2006-2010,incoming
https://ror.org/01hxy9878,Royal College of Surgeons in Ireland,IE,Ireland,85,UPO,2006-2010,incoming
https://ror.org/01hy4qx27,"University of Minnesota, Duluth",US,United States,22,UPO,2006-2010,incoming
https://ror.org/01hynnt93,Central Institute of Mental Health,DE,Germany,6,UPO,2006-2010,incoming
https://ror.org/01hys1667,LIP - Laboratory of Instrumentation and Experimental Particle Physics,PT,Portugal,727,UPO,2006-2010,incoming
https://ror.org/01hza1144,Department of Primary Industries and Regions South Australia,AU,Australia,3,UPO,2006-2010,incoming
https://ror.org/01hzdv945,Chaudhary Charan Singh University,IN,India,1,UPO,2006-2010,incoming
https://ror.org/01j0qa041,Ospedali Riuniti di Ancona,IT,Italy,1,UPO,2006-2010,incoming
https://ror.org/01j17xg39,New York Hospital Queens,US,United States,1,UPO,2006-2010,incoming
https://ror.org/01j1eb875,Institut Català d'Oncologia,ES,Spain,81,UPO,2006-2010,incoming
https://ror.org/01j25h453,Kelowna General Hospital,CA,Canada,1,UPO,2006-2010,incoming
https://ror.org/01j33xk10,Fondazione Bruno Kessler,IT,Italy,190,UPO,2006-2010,incoming
https://ror.org/01j6drw72,Institute of Science and Technology for Ceramics,IT,Italy,44,UPO,2006-2010,incoming
https://ror.org/01j78b619,"Post Graduate Institute of Medicine, University of Colombo, Sri Lanka",LK,Sri Lanka,1,UPO,2006-2010,incoming
https://ror.org/01j7c0b24,Rush University Medical Center,US,United States,23,UPO,2006-2010,incoming
https://ror.org/01j7nq853,University of Alaska Fairbanks,US,United States,5,UPO,2006-2010,incoming
https://ror.org/01j7r2734,Union Hospital,HK,Hong Kong,5,UPO,2006-2010,incoming
https://ror.org/01j8e0j24,"California State University, San Marcos",US,United States,20,UPO,2006-2010,incoming
https://ror.org/01j903a45,University of North Florida,US,United States,6,UPO,2006-2010,incoming
https://ror.org/01j99nc54,Irkutsk State University,RU,Russia,34,UPO,2006-2010,incoming
https://ror.org/01j9p1r26,University of L'Aquila,IT,Italy,328,UPO,2006-2010,incoming
https://ror.org/01j9pph68,Orlando Regional Medical Center,US,United States,2,UPO,2006-2010,incoming
https://ror.org/01jaaym28,Shimane University,JP,Japan,20,UPO,2006-2010,incoming
https://ror.org/01jaj8n65,Assiut University,EG,Egypt,9,UPO,2006-2010,incoming
https://ror.org/01jays723,Canadian Blood Services,CA,Canada,1,UPO,2006-2010,incoming
https://ror.org/01jbb3w63,Centre Hospitalier Universitaire de Reims,FR,France,8,UPO,2006-2010,incoming
https://ror.org/01jbc0c43,Shenzhen Center for Disease Control and Prevention,CN,China,1,UPO,2006-2010,incoming
https://ror.org/01jbjy689,Wihuri Research Institute,FI,Finland,2,UPO,2006-2010,incoming
https://ror.org/01jd81545,AAIR Charity,GB,United Kingdom,2,UPO,2006-2010,incoming
https://ror.org/01jdpyv68,Saarland University,DE,Germany,69,UPO,2006-2010,incoming
https://ror.org/01jdz5g73,Donders Centre for Cognitive Neuroimaging,NL,The Netherlands,8,UPO,2006-2010,incoming
https://ror.org/01je02926,Liverpool Heart and Chest Hospital NHS Trust,GB,United Kingdom,3,UPO,2006-2010,incoming
https://ror.org/01jem9c82,Junta de Andalucía,ES,Spain,5,UPO,2006-2010,incoming
https://ror.org/01jemb993,Semenov Institute of Chemical Physics,RU,Russia,3,UPO,2006-2010,incoming
https://ror.org/01jepya76,United States Military Academy,US,United States,11,UPO,2006-2010,incoming
https://ror.org/01jfr3w16,Pacific Institute For Research and Evaluation,US,United States,2,UPO,2006-2010,incoming
https://ror.org/01jgj2p89,King Fahd Medical City,SA,Saudi Arabia,1,UPO,2006-2010,incoming
https://ror.org/01jgv6w72,National Institute for Theoretical Physics,ZA,South Africa,1,UPO,2006-2010,incoming
https://ror.org/01jh1mm11,Istanbul Florence Nightingale Hospital,TR,Turkey,2,UPO,2006-2010,incoming
https://ror.org/01jhe7086,University of Iowa Holden Comprehensive Cancer Center,US,United States,1,UPO,2006-2010,incoming
https://ror.org/01jhgy173,Kishiwada City Hospital,JP,Japan,3,UPO,2006-2010,incoming
https://ror.org/01jjraa45,State Key Laboratory of Crystal Materials,CN,China,14,UPO,2006-2010,incoming
https://ror.org/01jk65d91,Keimyung University Daegu Dongsan Hospital,KR,South Korea,1,UPO,2006-2010,incoming
https://ror.org/01jkd3546,P.N. Lebedev Physical Institute of the Russian Academy of Sciences,RU,Russia,324,UPO,2006-2010,incoming
https://ror.org/01jm8fn98,Institut de Biologie Moléculaire des Plantes,FR,France,4,UPO,2006-2010,incoming
https://ror.org/01jmsem62,Hospital General Universitario de Elche,ES,Spain,9,UPO,2006-2010,incoming
https://ror.org/01jmxt844,University of Otago,NZ,New Zealand,53,UPO,2006-2010,incoming
https://ror.org/01jn2rz36,Hôpital de Jolimont,BE,Belgium,1,UPO,2006-2010,incoming
https://ror.org/01jnj9432,Lozenetz Hospital,BG,Bulgaria,1,UPO,2006-2010,incoming
https://ror.org/01jpzd518,National Center for High-Performance Computing,TW,Taiwan,1,UPO,2006-2010,incoming
https://ror.org/01jqdqz10,Sina Hospital,IR,Iran,2,UPO,2006-2010,incoming
https://ror.org/01jr3y717,Ohio University,US,United States,56,UPO,2006-2010,incoming
https://ror.org/01js2sh04,Deutsches Elektronen-Synchrotron DESY,DE,Germany,952,UPO,2006-2010,incoming
https://ror.org/01jsgmp44,HUN-REN Institute of Experimental Medicine,HU,Hungary,3,UPO,2006-2010,incoming
https://ror.org/01jtn9895,Osaka Ohtani University,JP,Japan,1,UPO,2006-2010,incoming
https://ror.org/01jv1zx50,Istituto Superiore delle Comunicazioni e delle Tecnologie Dell'Informazione,IT,Italy,2,UPO,2006-2010,incoming
https://ror.org/01jvpb595,St. Antonius Ziekenhuis,NL,The Netherlands,15,UPO,2006-2010,incoming
https://ror.org/01jvz7e61,Virologie et Immunologie Moléculaires,FR,France,2,UPO,2006-2010,incoming
https://ror.org/01jw2p796,Iran University of Science and Technology,IR,Iran,13,UPO,2006-2010,incoming
https://ror.org/01jx86h05,Herzzentrum Dresden Universitaetsklinik,DE,Germany,2,UPO,2006-2010,incoming
https://ror.org/01jxjav08,Wuhan Institute of Virology,CN,China,6,UPO,2006-2010,incoming
https://ror.org/01jxtne23,University Hospital Olomouc,CZ,Czechia,5,UPO,2006-2010,incoming
https://ror.org/01k2y1055,University of Wolverhampton,GB,United Kingdom,9,UPO,2006-2010,incoming
https://ror.org/01k3hq685,Zhongda Hospital Southeast University,CN,China,1,UPO,2006-2010,incoming
https://ror.org/01k40cz91,Normandie Université,FR,France,48,UPO,2006-2010,incoming
https://ror.org/01k4cfw02,Mater Misericordiae Hospital,AU,Australia,1,UPO,2006-2010,incoming
https://ror.org/01k4yrm29,Korea Institute of Science & Technology Information,KR,South Korea,30,UPO,2006-2010,incoming
https://ror.org/01k5qnb77,Robert Koch Institute,DE,Germany,10,UPO,2006-2010,incoming
https://ror.org/01k6h2m87,National University of General Sarmiento,AR,Argentina,7,UPO,2006-2010,incoming
https://ror.org/01k6vxj52,Omsk State University,RU,Russia,5,UPO,2006-2010,incoming
https://ror.org/01k7a6660,Hennepin County Medical Center,US,United States,2,UPO,2006-2010,incoming
https://ror.org/01k81gt67,Alfred University,US,United States,1,UPO,2006-2010,incoming
https://ror.org/01k8vtd75,Mansoura University,EG,Egypt,9,UPO,2006-2010,incoming
https://ror.org/01k97gp34,TU Dortmund University,DE,Germany,262,UPO,2006-2010,incoming
https://ror.org/01k9xac83,Rush University,US,United States,4,UPO,2006-2010,incoming
https://ror.org/01karna91,Health Research Foundation,CA,Canada,1,UPO,2006-2010,incoming
https://ror.org/01kbfgm16,UC San Diego Health System,US,United States,25,UPO,2006-2010,incoming
https://ror.org/01kcva023,Ministry of Education,SG,Singapore,2,UPO,2006-2010,incoming
https://ror.org/01kd65564,The University of Texas at San Antonio,US,United States,14,UPO,2006-2010,incoming
https://ror.org/01kdj2848,Istituto di Fisiologia Clinica,IT,Italy,20,UPO,2006-2010,incoming
https://ror.org/01keh0577,"University of Nevada, Reno",US,United States,35,UPO,2006-2010,incoming
https://ror.org/01kg8sb98,Indiana University,US,United States,197,UPO,2006-2010,incoming
https://ror.org/01kh0x418,Indian Institute of Chemical Biology,IN,India,10,UPO,2006-2010,incoming
https://ror.org/01kj2bm70,Newcastle University,GB,United Kingdom,199,UPO,2006-2010,incoming
https://ror.org/01kj4z117,Southwest University,CN,China,7,UPO,2006-2010,incoming
https://ror.org/01km6p862,United Arab Emirates University,AE,United Arab Emirates,12,UPO,2006-2010,incoming
https://ror.org/01km8f434,Unité de Recherche en Chimie Organique et Macromoléculaire,FR,France,1,UPO,2006-2010,incoming
https://ror.org/01kmg3290,University of Fukui Hospital,JP,Japan,1,UPO,2006-2010,incoming
https://ror.org/01kmmtp84,Programs for Assessment of Technology in Health Research Institute,CA,Canada,1,UPO,2006-2010,incoming
https://ror.org/01knk7v72,Tameside and Glossop Integrated Care NHS Foundation Trust,GB,United Kingdom,1,UPO,2006-2010,incoming
https://ror.org/01knv0402,Linyi University,CN,China,2,UPO,2006-2010,incoming
https://ror.org/01kpf2x84,Chartered Institute of Management Accountants,GB,United Kingdom,1,UPO,2006-2010,incoming
https://ror.org/01kpm1136,Research Institute for Endocrine Sciences,IR,Iran,4,UPO,2006-2010,incoming
https://ror.org/01kpm8k86,Bethesda Hospital,IN,India,3,UPO,2006-2010,incoming
https://ror.org/01kpwv903,Capital Fund Management (France),FR,France,2,UPO,2006-2010,incoming
https://ror.org/01kpzv902,Flinders University,AU,Australia,37,UPO,2006-2010,incoming
https://ror.org/01kq0a723,CINFAI,IT,Italy,1,UPO,2006-2010,incoming
https://ror.org/01kq0pv72,South China Normal University,CN,China,17,UPO,2006-2010,incoming
https://ror.org/01kq6ye20,Sansum Diabetes Research Institute,US,United States,1,UPO,2006-2010,incoming
https://ror.org/01ks7f963,National Center for Disease Control,IN,India,1,UPO,2006-2010,incoming
https://ror.org/01kta7d96,McLean Hospital,US,United States,10,UPO,2006-2010,incoming
https://ror.org/01kv3wg35,Kavli Institute for Theoretical Sciences,CN,China,6,UPO,2006-2010,incoming
https://ror.org/01kvtm035,South Australia Pathology,AU,Australia,5,UPO,2006-2010,incoming
https://ror.org/01kw1gj07,Ithaca College,US,United States,5,UPO,2006-2010,incoming
https://ror.org/01kwjhv40,Institute of Integrative Biology,CH,Switzerland,1,UPO,2006-2010,incoming
https://ror.org/01kxesq83,Laboratoire de Physique Subatomique et des Technologies Associées,FR,France,562,UPO,2006-2010,incoming
https://ror.org/01kzbqm05,Centre d'Esclerosi Múltiple de Catalunya,ES,Spain,3,UPO,2006-2010,incoming
https://ror.org/01kzn7k21,"Islamic Azad University, Tehran",IR,Iran,36,UPO,2006-2010,incoming
https://ror.org/01m11mf96,Hôpital Broca,FR,France,1,UPO,2006-2010,incoming
https://ror.org/01m178w43,Lahey Medical Center,US,United States,8,UPO,2006-2010,incoming
https://ror.org/01m1pv723,University Hospital of Geneva,CH,Switzerland,65,UPO,2006-2010,incoming
https://ror.org/01m1s6313,St. George's University,GD,Grenada,5,UPO,2006-2010,incoming
https://ror.org/01m2js356,Orthopaedic Hospital,US,United States,2,UPO,2006-2010,incoming
https://ror.org/01m2pas06,NTT Basic Research Laboratories,JP,Japan,1,UPO,2006-2010,incoming
https://ror.org/01m32d953,Copernicus Memorial Hospital,PL,Poland,4,UPO,2006-2010,incoming
https://ror.org/01m39hd75,Azienda Ospedaliero Universitaria di Sassari,IT,Italy,1,UPO,2006-2010,incoming
https://ror.org/01m59r132,Akdeniz University,TR,Turkey,10,UPO,2006-2010,incoming
https://ror.org/01m6as704,Institut de Cancérologie de l'Ouest,FR,France,5,UPO,2006-2010,incoming
https://ror.org/01m6k8878,Queen Elizabeth Hospital King's Lynn NHS Foundation Trust,GB,United Kingdom,1,UPO,2006-2010,incoming
https://ror.org/01m71fs94,Dutch Polymer Institute,NL,The Netherlands,4,UPO,2006-2010,incoming
https://ror.org/01m7mrx20,Hospital Central Dr. Ignacio Morones Prieto,MX,Mexico,1,UPO,2006-2010,incoming
https://ror.org/01m84wm78,Université Rennes 2,FR,France,20,UPO,2006-2010,incoming
https://ror.org/01mdfdm06,Monell Chemical Senses Center,US,United States,4,UPO,2006-2010,incoming
https://ror.org/01mdjbm03,Fourth Hospital of Hebei Medical University,CN,China,1,UPO,2006-2010,incoming
https://ror.org/01me6gb93,Kaunas University of Technology,LT,Lithuania,1,UPO,2006-2010,incoming
https://ror.org/01mfest76,ICMR - National Institute of Immunohaemotology,IN,India,1,UPO,2006-2010,incoming
https://ror.org/01mfkkh63,Guangzhou Chemistry (China),CN,China,3,UPO,2006-2010,incoming
https://ror.org/01mfmr054,Institute for Macromolecular Studies,IT,Italy,8,UPO,2006-2010,incoming
https://ror.org/01mgdzc49,Centre for Quantum Technologies,SG,Singapore,1,UPO,2006-2010,incoming
https://ror.org/01mh5ph17,Kangwon National University,KR,South Korea,574,UPO,2006-2010,incoming
https://ror.org/01mh6b283,Netherlands Heart Institute,NL,The Netherlands,61,UPO,2006-2010,incoming
https://ror.org/01mkqqe32,Lanzhou University,CN,China,30,UPO,2006-2010,incoming
https://ror.org/01mmady97,Deutsches Herzzentrum der Charité,DE,Germany,9,UPO,2006-2010,incoming
https://ror.org/01mqmer16,Roche (France),FR,France,8,UPO,2006-2010,incoming
https://ror.org/01mqvjv41,Universidade Federal de Mato Grosso,BR,Brazil,4,UPO,2006-2010,incoming
https://ror.org/01mrkb883,Daugavpils University,LV,Latvia,4,UPO,2006-2010,incoming
https://ror.org/01mrvbd33,Hoshi University,JP,Japan,8,UPO,2006-2010,incoming
https://ror.org/01msc1703,Indian Institute of Astrophysics,IN,India,6,UPO,2006-2010,incoming
https://ror.org/01mtcc283,Le Mans Université,FR,France,13,UPO,2006-2010,incoming
https://ror.org/01mtkd993,University of Alaska System,US,United States,11,UPO,2006-2010,incoming
https://ror.org/01mts2g59,Centre de Résonance Magnétique des Systèmes Biologiques,FR,France,2,UPO,2006-2010,incoming
https://ror.org/01mtxmr84,Inner Mongolia Medical University,CN,China,1,UPO,2006-2010,incoming
https://ror.org/01mv9t934,Ministry of Education of the People's Republic of China,CN,China,28,UPO,2006-2010,incoming
https://ror.org/01mz9wf40,Chu Shang Show Chwan Hospital,TW,Taiwan,1,UPO,2006-2010,incoming
https://ror.org/01mzk5576,Leibniz Institute of Plant Biochemistry,DE,Germany,4,UPO,2006-2010,incoming
https://ror.org/01mzw6m29,Nemours Children's Health System,US,United States,7,UPO,2006-2010,incoming
https://ror.org/01mzxgm71,Dauphine Recherches en Management,FR,France,1,UPO,2006-2010,incoming
https://ror.org/01n002310,Institute of Electrical and Electronics Engineers,US,United States,1,UPO,2006-2010,incoming
https://ror.org/01n029866,UCB Pharma (Belgium),BE,Belgium,1,UPO,2006-2010,incoming
https://ror.org/01n0k5m85,King's College Hospital NHS Foundation Trust,GB,United Kingdom,99,UPO,2006-2010,incoming
https://ror.org/01n15vy71,Sant Longowal Institute of Engineering and Technology,IN,India,19,UPO,2006-2010,incoming
https://ror.org/01n1j0f20,Hôpital Aristide Le Dantec,SN,Senegal,1,UPO,2006-2010,incoming
https://ror.org/01n2bd587,Liaoning Technical University,CN,China,4,UPO,2006-2010,incoming
https://ror.org/01n2xwm51,Meyer Children's Hospital,IT,Italy,12,UPO,2006-2010,incoming
https://ror.org/01n3rg866,State Key Laboratory of Genetic Engineering,CN,China,27,UPO,2006-2010,incoming
https://ror.org/01n3s4692,Shiraz University of Medical Sciences,IR,Iran,10,UPO,2006-2010,incoming
https://ror.org/01n5qfh17,Centre for Biomedical Engineering and Physics,SE,Sweden,2,UPO,2006-2010,incoming
https://ror.org/01n6r0e97,Leibniz Association,DE,Germany,190,UPO,2006-2010,incoming
https://ror.org/01n70p029,Birmingham and Midland Eye Centre,GB,United Kingdom,1,UPO,2006-2010,incoming
https://ror.org/01n78t774,"Institute of Nuclear Physics, Polish Academy of Sciences",PL,Poland,975,UPO,2006-2010,incoming
https://ror.org/01n7rsn58,European Automobile Manufacturers Association,BE,Belgium,1,UPO,2006-2010,incoming
https://ror.org/01n9kga30,Duke University School of Medicine,US,United States,2,UPO,2006-2010,incoming
https://ror.org/01n9zy652,Medical University of Sofia,BG,Bulgaria,12,UPO,2006-2010,incoming
https://ror.org/01na0pb61,Institut de Biologie Physico-Chimique,FR,France,8,UPO,2006-2010,incoming
https://ror.org/01na5rp93,Bioqual,US,United States,2,UPO,2006-2010,incoming
https://ror.org/01na82s61,United States Department of Agriculture,US,United States,22,UPO,2006-2010,incoming
https://ror.org/01naq7912,Télécom Paris,FR,France,3,UPO,2006-2010,incoming
https://ror.org/01nckkm68,Sophia University,JP,Japan,6,UPO,2006-2010,incoming
https://ror.org/01ncx3917,Rosie Hospital,GB,United Kingdom,1,UPO,2006-2010,incoming
https://ror.org/01neh8064,National Nanotechnology Center,TH,Thailand,1,UPO,2006-2010,incoming
https://ror.org/01nffqt88,Politecnico di Milano,IT,Italy,171,UPO,2006-2010,incoming
https://ror.org/01nfmeh72,University of Tasmania,AU,Australia,14,UPO,2006-2010,incoming
https://ror.org/01nftxb06,Leibniz Institute of Freshwater Ecology and Inland Fisheries,DE,Germany,4,UPO,2006-2010,incoming
https://ror.org/01nh3sx96,Geriatric Research Education and Clinical Center,US,United States,6,UPO,2006-2010,incoming
https://ror.org/01nhrc260,Froedtert Hospital,US,United States,1,UPO,2006-2010,incoming
https://ror.org/01nhzsw25,Hydro-Québec,CA,Canada,1,UPO,2006-2010,incoming
https://ror.org/01nj4ek07,Hinchingbrooke Hospital,GB,United Kingdom,1,UPO,2006-2010,incoming
https://ror.org/01nj8sa76,Royal Alexandra Hospital,GB,United Kingdom,1,UPO,2006-2010,incoming
https://ror.org/01njes783,Seattle Children's Hospital,US,United States,9,UPO,2006-2010,incoming
https://ror.org/01nky7652,North China University of Technology,CN,China,1,UPO,2006-2010,incoming
https://ror.org/01nmxvn49,Chengdu Organic Chemicals (China),CN,China,2,UPO,2006-2010,incoming
https://ror.org/01nmyfr60,USC Norris Comprehensive Cancer Center,US,United States,12,UPO,2006-2010,incoming
https://ror.org/01nn35n25,Institute of Accelerating Systems and Applications,GR,Greece,1,UPO,2006-2010,incoming
https://ror.org/01nnwyz44,Shanghai Public Health Clinical Center,CN,China,1,UPO,2006-2010,incoming
https://ror.org/01npf0s58,National Ilan University,TW,Taiwan,3,UPO,2006-2010,incoming
https://ror.org/01nr6fy72,Ljubljana University Medical Centre,SI,Slovenia,26,UPO,2006-2010,incoming
https://ror.org/01nrcgn98,Nara University of Education,JP,Japan,11,UPO,2006-2010,incoming
https://ror.org/01nrk6j30,MingDao University,TW,Taiwan,2,UPO,2006-2010,incoming
https://ror.org/01nrxwf90,University of Edinburgh,GB,United Kingdom,830,UPO,2006-2010,incoming
https://ror.org/01nsn0t21,Universidade Regional de Blumenau,BR,Brazil,1,UPO,2006-2010,incoming
https://ror.org/01nv2xf68,Ajuntament de L’Hospitalet,ES,Spain,22,UPO,2006-2010,incoming
https://ror.org/01nvbq395,Food for Health Ireland,IE,Ireland,1,UPO,2006-2010,incoming
https://ror.org/01nw6qk38,Institut de Chimie de la Matière Condensée de Bordeaux,FR,France,3,UPO,2006-2010,incoming
https://ror.org/01nxc2t48,Montclair State University,US,United States,1,UPO,2006-2010,incoming
https://ror.org/01nxv5c88,Second Affiliated Hospital of Nanchang University,CN,China,2,UPO,2006-2010,incoming
https://ror.org/01ny43313,Orion Corporation (United Kingdom),GB,United Kingdom,2,UPO,2006-2010,incoming
https://ror.org/01nyadv46,New York State Museum,US,United States,1,UPO,2006-2010,incoming
https://ror.org/01nyatq71,Institute of Molecular Biology and Pathology,IT,Italy,3,UPO,2006-2010,incoming
https://ror.org/01nyv7k26,Oita University,JP,Japan,10,UPO,2006-2010,incoming
https://ror.org/01nzkd566,Centro de Neurociências e Biologia Celular,PT,Portugal,56,UPO,2006-2010,incoming
https://ror.org/01nzxq896,VA North Texas Health Care System,US,United States,6,UPO,2006-2010,incoming
https://ror.org/01p19k166,Royal Victoria Infirmary,GB,United Kingdom,15,UPO,2006-2010,incoming
https://ror.org/01p1fe256,Pan American Health Organization (Cuba),CU,Cuba,1,UPO,2006-2010,incoming
https://ror.org/01p3q4q56,Institute of Cytology,RU,Russia,7,UPO,2006-2010,incoming
https://ror.org/01p455v08,Xinjiang Medical University,CN,China,4,UPO,2006-2010,incoming
https://ror.org/01p4cne93,National Center for Genome Resources,US,United States,3,UPO,2006-2010,incoming
https://ror.org/01p51xv55,St. Marien Hospital,DE,Germany,1,UPO,2006-2010,incoming
https://ror.org/01p6fsx62,Spire Bristol Hospital,GB,United Kingdom,1,UPO,2006-2010,incoming
https://ror.org/01p6yxw64,Groupe des Écoles Nationales d'Économie et Statistique,FR,France,1,UPO,2006-2010,incoming
https://ror.org/01p7jjy08,Saint Louis University,US,United States,508,UPO,2006-2010,incoming
https://ror.org/01p7qe739,Tokai University,JP,Japan,42,UPO,2006-2010,incoming
https://ror.org/01p830915,Morriston Hospital,GB,United Kingdom,4,UPO,2006-2010,incoming
https://ror.org/01p884a79,Hebei University,CN,China,686,UPO,2006-2010,incoming
https://ror.org/01p8ehb87,Ministry of Health of the Russian Federation,RU,Russia,10,UPO,2006-2010,incoming
https://ror.org/01p93h210,University of South Australia,AU,Australia,50,UPO,2006-2010,incoming
https://ror.org/01pa62v70,Tokyo Denki University,JP,Japan,1,UPO,2006-2010,incoming
https://ror.org/01pab2602,Yantai Institute of Coastal Zone Research,CN,China,1,UPO,2006-2010,incoming
https://ror.org/01papkj44,University of Tabriz,IR,Iran,5,UPO,2006-2010,incoming
https://ror.org/01pb5g963,Xenobe Research Institute,US,United States,1,UPO,2006-2010,incoming
https://ror.org/01pbdzh19,University of Toledo,US,United States,24,UPO,2006-2010,incoming
https://ror.org/01pbhra64,Morehouse School of Medicine,US,United States,5,UPO,2006-2010,incoming
https://ror.org/01pc8e529,Zaporizhzhia State Medical and Pharmaceutical University,UA,Ukraine,1,UPO,2006-2010,incoming
https://ror.org/01pdam362,Institute for Solid State Physics and Optics,HU,Hungary,1,UPO,2006-2010,incoming
https://ror.org/01pe1d703,Advanced Telecommunications Research Institute International,JP,Japan,2,UPO,2006-2010,incoming
https://ror.org/01ph4hz96,Institut Technique de l'Aviculture,FR,France,1,UPO,2006-2010,incoming
https://ror.org/01phhgk62,Boca Raton Regional Hospital,US,United States,1,UPO,2006-2010,incoming
https://ror.org/01php1d31,Hospital General de México,MX,Mexico,3,UPO,2006-2010,incoming
https://ror.org/01pj30291,Center for Cancer and Blood Disorders,US,United States,3,UPO,2006-2010,incoming
https://ror.org/01pn91c28,Anhui Science and Technology University,CN,China,1,UPO,2006-2010,incoming
https://ror.org/01pndf691,Väestöliitto,FI,Finland,1,UPO,2006-2010,incoming
https://ror.org/01pnej532,University of Szeged,HU,Hungary,35,UPO,2006-2010,incoming
https://ror.org/01pnrv279,Orszagos Kornyezetegeszsegugyi Intezet,HU,Hungary,36,UPO,2006-2010,incoming
https://ror.org/01pp0fx48,Valparaiso University,US,United States,32,UPO,2006-2010,incoming
https://ror.org/01pp8nd67,Smithsonian Institution,US,United States,5,UPO,2006-2010,incoming
https://ror.org/01ppj9r51,Gauhati University,IN,India,1,UPO,2006-2010,incoming
https://ror.org/01ppsp263,Toneyama National Hospital,JP,Japan,1,UPO,2006-2010,incoming
https://ror.org/01prbq409,Escola Superior de Saúde Egas Moniz,PT,Portugal,1,UPO,2006-2010,incoming
https://ror.org/01psf3m26,Robarts Research Institute,CA,Canada,24,UPO,2006-2010,incoming
https://ror.org/01pv48e96,Research Centre of Medical Technology and Biotechnology,DE,Germany,1,UPO,2006-2010,incoming
https://ror.org/01pveve47,United States Army Medical Research Institute of Infectious Diseases,US,United States,3,UPO,2006-2010,incoming
https://ror.org/01pvx8v81,Federal University of Technology,NG,Nigeria,2,UPO,2006-2010,incoming
https://ror.org/01px48m89,Bentley University,US,United States,1,UPO,2006-2010,incoming
https://ror.org/01px77p81,Sun Yat-sen Memorial Hospital,CN,China,4,UPO,2006-2010,incoming
https://ror.org/01px8ca57,Islamic Azad University of Varamin,IR,Iran,2,UPO,2006-2010,incoming
https://ror.org/01pxg9d10,Meyer Children's Hospital,IL,Israel,1,UPO,2006-2010,incoming
https://ror.org/01pxhdc49,Miyazaki Prefectural Hospital,JP,Japan,6,UPO,2006-2010,incoming
https://ror.org/01pxwe438,McGill University,CA,Canada,430,UPO,2006-2010,incoming
https://ror.org/01pzjt917,Hospital Txagorritxu,ES,Spain,4,UPO,2006-2010,incoming
https://ror.org/01pznaa94,Norwegian Institute of International Affairs,NO,Norway,1,UPO,2006-2010,incoming
https://ror.org/01q046q46,Hôpital Pierre Wertheimer,FR,France,4,UPO,2006-2010,incoming
https://ror.org/01q1jaw52,AHEPA University Hospital,GR,Greece,16,UPO,2006-2010,incoming
https://ror.org/01q1y4t48,Virginia Tech - Wake Forest University School of Biomedical Engineering & Sciences,US,United States,1,UPO,2006-2010,incoming
https://ror.org/01q1z8k08,State University of New York,US,United States,550,UPO,2006-2010,incoming
https://ror.org/01q2d8e83,"Ministry of the Environment, Conservation and Parks",CA,Canada,2,UPO,2006-2010,incoming
https://ror.org/01q2nz307,Baystate Medical Center,US,United States,9,UPO,2006-2010,incoming
https://ror.org/01q3tbs38,King Abdullah University of Science and Technology,SA,Saudi Arabia,16,UPO,2006-2010,incoming
https://ror.org/01q496a73,MRC Weatherall Institute of Molecular Medicine,GB,United Kingdom,7,UPO,2006-2010,incoming
https://ror.org/01q5ge486,Centre des Matériaux,FR,France,1,UPO,2006-2010,incoming
https://ror.org/01q6hrg49,Ospedale Garibaldi,IT,Italy,1,UPO,2006-2010,incoming
https://ror.org/01q6pmm96,University of Portland,US,United States,2,UPO,2006-2010,incoming
https://ror.org/01q76b368,Institut Écologie et Environnement,FR,France,42,UPO,2006-2010,incoming
https://ror.org/01q8b6q23,Libera Università Internazionale degli Studi Sociali Guido Carli,IT,Italy,1,UPO,2006-2010,incoming
https://ror.org/01q8f6705,BASF (Germany),DE,Germany,7,UPO,2006-2010,incoming
https://ror.org/01q8rrk81,Stephan Angeloff Institute of Microbiology,BG,Bulgaria,1,UPO,2006-2010,incoming
https://ror.org/01q9h8k89,University of Naples - L'Orientale,IT,Italy,2,UPO,2006-2010,incoming
https://ror.org/01q9hyq02,Sasebo Kyosai Hospital,JP,Japan,1,UPO,2006-2010,incoming
https://ror.org/01q9r1072,Boys Town National Research Hospital,US,United States,1,UPO,2006-2010,incoming
https://ror.org/01qa4rf46,Délégation Régionale Grand Ouest,FR,France,2,UPO,2006-2010,incoming
https://ror.org/01qat3289,Eli Lilly (United States),US,United States,33,UPO,2006-2010,incoming
https://ror.org/01qavk531,Catharina Ziekenhuis,NL,The Netherlands,5,UPO,2006-2010,incoming
https://ror.org/01qb1sw63,Centro Ricerche Enrico Fermi,IT,Italy,141,UPO,2006-2010,incoming
https://ror.org/01qbebb31,Papworth Hospital NHS Foundation Trust,GB,United Kingdom,4,UPO,2006-2010,incoming
https://ror.org/01qc17q17,St. Luke's University Health Network,US,United States,1,UPO,2006-2010,incoming
https://ror.org/01qckj285,Universidade da Coruña,ES,Spain,123,UPO,2006-2010,incoming
https://ror.org/01qd3xc93,Mario Negri Sud Foundation,IT,Italy,128,UPO,2006-2010,incoming
https://ror.org/01qe7f394,Ministry of Health,CL,Chile,2,UPO,2006-2010,incoming
https://ror.org/01qecd649,Max Planck Unit for Structural Molecular Biology,DE,Germany,1,UPO,2006-2010,incoming
https://ror.org/01qek3q18,Central Electrochemical Research Institute,IN,India,3,UPO,2006-2010,incoming
https://ror.org/01qew8q20,Centro de Investigación Médica Aplicada,ES,Spain,13,UPO,2006-2010,incoming
https://ror.org/01qg3j183,University of Ioannina,GR,Greece,933,UPO,2006-2010,incoming
https://ror.org/01qgecw57,Bristol Royal Hospital for Children,GB,United Kingdom,4,UPO,2006-2010,incoming
https://ror.org/01qhf1r47,"Anna University, Chennai",IN,India,10,UPO,2006-2010,incoming
https://ror.org/01qhj1g70,Daiichi Sankyo (Germany),DE,Germany,11,UPO,2006-2010,incoming
https://ror.org/01qhqcj41,Université de Technologie de Troyes,FR,France,3,UPO,2006-2010,incoming
https://ror.org/01qj7t912,Polymer Research Institute,RU,Russia,4,UPO,2006-2010,incoming
https://ror.org/01qjckx08,National Institute of Genomic Medicine,MX,Mexico,3,UPO,2006-2010,incoming
https://ror.org/01qjmkr85,Fonterra (New Zealand),NZ,New Zealand,10,UPO,2006-2010,incoming
https://ror.org/01qk6rn93,Center for Digestive and Liver Diseases,US,United States,6,UPO,2006-2010,incoming
https://ror.org/01qkmtm61,Moores Cancer Center,US,United States,20,UPO,2006-2010,incoming
https://ror.org/01qkxb782,Centro Científico Tecnólogico - Rosario,AR,Argentina,2,UPO,2006-2010,incoming
https://ror.org/01qmxzb47,Top Institute Pharma,NL,The Netherlands,1,UPO,2006-2010,incoming
https://ror.org/01qnwjk32,National Women's Health Network,US,United States,1,UPO,2006-2010,incoming
https://ror.org/01qp3cj59,International Network for Cancer Treatment and Research,BE,Belgium,1,UPO,2006-2010,incoming
https://ror.org/01qpw1b93,Wroclaw Medical University,PL,Poland,100,UPO,2006-2010,incoming
https://ror.org/01qq57711,Universidad Andrés Bello,CL,Chile,7,UPO,2006-2010,incoming
https://ror.org/01qrts582,Rheinland-Pfälzische Technische Universität Kaiserslautern-Landau,DE,Germany,4,UPO,2006-2010,incoming
https://ror.org/01qtasp15,European Southern Observatory,DE,Germany,27,UPO,2006-2010,incoming
https://ror.org/01qtc5416,Federal Office of Public Health,CH,Switzerland,3,UPO,2006-2010,incoming
https://ror.org/01qv3ba61,University of Port Harcourt Teaching Hospital,NG,Nigeria,1,UPO,2006-2010,incoming
https://ror.org/01qv8fp92,Louisiana State University Health Sciences Center New Orleans,US,United States,23,UPO,2006-2010,incoming
https://ror.org/01qwa2z73,Osaka Prefectural Institute of Public Health,JP,Japan,3,UPO,2006-2010,incoming
https://ror.org/01qxmdg18,NASA Astrobiology Institute,US,United States,2,UPO,2006-2010,incoming
https://ror.org/01qyd4k24,Hoseo University,KR,South Korea,1,UPO,2006-2010,incoming
https://ror.org/01qz5mb56,Oak Ridge National Laboratory,US,United States,638,UPO,2006-2010,incoming
https://ror.org/01qz7fr76,Brighton and Sussex Medical School,GB,United Kingdom,27,UPO,2006-2010,incoming
https://ror.org/01r024a98,Chung-Ang University,KR,South Korea,16,UPO,2006-2010,incoming
https://ror.org/01r0c1p88,University System of Maryland,US,United States,18,UPO,2006-2010,incoming
https://ror.org/01r13mt55,Hospital Universitario Miguel Servet,ES,Spain,1,UPO,2006-2010,incoming
https://ror.org/01r22mr83,University of Ghana,GH,Ghana,1,UPO,2006-2010,incoming
https://ror.org/01r277z15,Ilam University,IR,Iran,1,UPO,2006-2010,incoming
https://ror.org/01r2c3v86,Universidad San Francisco de Quito,EC,Ecuador,13,UPO,2006-2010,incoming
https://ror.org/01r4hwz76,Institute for Geological and Geochemical Research,HU,Hungary,2,UPO,2006-2010,incoming
https://ror.org/01r53hz59,National University of Quilmes,AR,Argentina,10,UPO,2006-2010,incoming
https://ror.org/01r5k6556,Omeros Corporation (United States),US,United States,1,UPO,2006-2010,incoming
https://ror.org/01r5r0r56,Washington Adventist Hospital,US,United States,2,UPO,2006-2010,incoming
https://ror.org/01r6bzv07,Bogomoletz Institute of Physiology,UA,Ukraine,1,UPO,2006-2010,incoming
https://ror.org/01r742665,Coxa Hospital,FI,Finland,2,UPO,2006-2010,incoming
https://ror.org/01r7awg59,University of Guelph,CA,Canada,29,UPO,2006-2010,incoming
https://ror.org/01r89q997,Royal Victoria Regional Health Centre,CA,Canada,1,UPO,2006-2010,incoming
https://ror.org/01r9htc13,Université Libre de Bruxelles,BE,Belgium,1172,UPO,2006-2010,incoming
https://ror.org/01r9z8p25,Universidad de La Laguna,ES,Spain,21,UPO,2006-2010,incoming
https://ror.org/01rb4vv49,Shariati Hospital,IR,Iran,14,UPO,2006-2010,incoming
https://ror.org/01rcvq140,Chongqing University of Arts and Sciences,CN,China,1,UPO,2006-2010,incoming
https://ror.org/01rd8n845,Institute of Biochemistry,CH,Switzerland,2,UPO,2006-2010,incoming
https://ror.org/01rdrb571,Philipps University of Marburg,DE,Germany,80,UPO,2006-2010,incoming
https://ror.org/01red3556,East Texas A&M University,US,United States,2,UPO,2006-2010,incoming
https://ror.org/01rf3yp57,University of Bridgeport,US,United States,1,UPO,2006-2010,incoming
https://ror.org/01rf5x574,Laboratoire de Psychologie Cognitive,FR,France,10,UPO,2006-2010,incoming
https://ror.org/01rfjcw16,Asian University,KR,South Korea,1,UPO,2006-2010,incoming
https://ror.org/01rfnc002,Ernst Abbe University of Applied Sciences Jena,DE,Germany,1,UPO,2006-2010,incoming
https://ror.org/01rg40y89,Institute of Condensed Matter Chemistry and Technologies for Energy,IT,Italy,19,UPO,2006-2010,incoming
https://ror.org/01rhff309,British Antarctic Survey,GB,United Kingdom,7,UPO,2006-2010,incoming
https://ror.org/01rje3r53,Fondation Jean Dausset-CEPH,FR,France,6,UPO,2006-2010,incoming
https://ror.org/01rjfjt94,South University,US,United States,7,UPO,2006-2010,incoming
https://ror.org/01rjnta51,Centre for Human Genetics,GB,United Kingdom,32,UPO,2006-2010,incoming
https://ror.org/01rk35k63,Université de Lyon,FR,France,1654,UPO,2006-2010,incoming
https://ror.org/01rmh9n78,University of New Hampshire,US,United States,46,UPO,2006-2010,incoming
https://ror.org/01rn72k05,G.A. Razuvaev Institute of Organometallic Chemistry,RU,Russia,2,UPO,2006-2010,incoming
https://ror.org/01rp2a061,Acıbadem University,TR,Turkey,1,UPO,2006-2010,incoming
https://ror.org/01rp41m56,Yantai University,CN,China,8,UPO,2006-2010,incoming
https://ror.org/01rpe9k96,Tokat Gaziosmanpaşa Üniversitesi,TR,Turkey,5,UPO,2006-2010,incoming
https://ror.org/01rpmzy83,Central University of the Caribbean,PR,Puerto Rico,4,UPO,2006-2010,incoming
https://ror.org/01rq8ck58,Keck Hospital of USC,US,United States,12,UPO,2006-2010,incoming
https://ror.org/01rqyr540,Institute of Molecular Biology and Genetics,UA,Ukraine,6,UPO,2006-2010,incoming
https://ror.org/01rrczv41,University of the Philippines Manila,PH,Philippines,4,UPO,2006-2010,incoming
https://ror.org/01rrd4612,Hiroshima Prefectural Hospital,JP,Japan,2,UPO,2006-2010,incoming
https://ror.org/01rs0ht88,Ministry of Health and Medical Education,IR,Iran,1,UPO,2006-2010,incoming
https://ror.org/01rs1gy10,CEA Cadarache,FR,France,1,UPO,2006-2010,incoming
https://ror.org/01rsda187,Mitate Hospital,JP,Japan,1,UPO,2006-2010,incoming
https://ror.org/01rsgrz10,Sanjay Gandhi Post Graduate Institute of Medical Sciences,IN,India,11,UPO,2006-2010,incoming
https://ror.org/01rtyzb94,Rensselaer Polytechnic Institute,US,United States,47,UPO,2006-2010,incoming
https://ror.org/01rtzw447,Laboratoire de Chimie de Coordination,FR,France,20,UPO,2006-2010,incoming
https://ror.org/01rv4p989,Middlesex University,GB,United Kingdom,2,UPO,2006-2010,incoming
https://ror.org/01rwx7470,Aichi Gakuin University,JP,Japan,12,UPO,2006-2010,incoming
https://ror.org/01rx4qw44,Institut de Recherche en Informatique de Toulouse,FR,France,1,UPO,2006-2010,incoming
https://ror.org/01rx63s97,Guarulhos University,BR,Brazil,1,UPO,2006-2010,incoming
https://ror.org/01rxfrp27,La Trobe University,AU,Australia,21,UPO,2006-2010,incoming
https://ror.org/01rxvg760,Nanjing University,CN,China,109,UPO,2006-2010,incoming
https://ror.org/01ry9c816,Changjiang River Scientific Research Institute,CN,China,1,UPO,2006-2010,incoming
https://ror.org/01ryjjz47,Siberian Institute of Plant Physiology and Biochemistry,RU,Russia,2,UPO,2006-2010,incoming
https://ror.org/01ryk1543,University of Southampton,GB,United Kingdom,627,UPO,2006-2010,incoming
https://ror.org/01rz37c55,World Health Organization Regional Office for Europe,DK,Denmark,1,UPO,2006-2010,incoming
https://ror.org/01s0ssk34,Hôpitaux universitaires Paris Sud,FR,France,23,UPO,2006-2010,incoming
https://ror.org/01s1hm369,Nippon Dental University,JP,Japan,6,UPO,2006-2010,incoming
https://ror.org/01s1hsq14,Yale New Haven Health System,US,United States,1,UPO,2006-2010,incoming
https://ror.org/01s1km724,Universidad de las Américas Puebla,MX,Mexico,1,UPO,2006-2010,incoming
https://ror.org/01s1pqt66,Institut für Rechtsmedizin,DE,Germany,10,UPO,2006-2010,incoming
https://ror.org/01s1q0w69,Hospital Universitario La Paz,ES,Spain,32,UPO,2006-2010,incoming
https://ror.org/01s29vd38,Institut de biologie François Jacob,FR,France,8,UPO,2006-2010,incoming
https://ror.org/01s3bfe44,Centre de Recherche Scientifique et Technique en Analyses Physico-Chimiques,DZ,Algeria,1,UPO,2006-2010,incoming
https://ror.org/01s3dpm97,National Space Science and Technology Center,US,United States,1,UPO,2006-2010,incoming
https://ror.org/01s3y9g58,Children's Hospital Central California,US,United States,1,UPO,2006-2010,incoming
https://ror.org/01s434164,Nathan Kline Institute for Psychiatric Research,US,United States,4,UPO,2006-2010,incoming
https://ror.org/01s4cx283,Shizuoka Saiseikai General Hospital,JP,Japan,1,UPO,2006-2010,incoming
https://ror.org/01s4gpq44,University of Talca,CL,Chile,8,UPO,2006-2010,incoming
https://ror.org/01s5axj25,Lunenfeld-Tanenbaum Research Institute,CA,Canada,44,UPO,2006-2010,incoming
https://ror.org/01s5dt366,University Hospital of Larissa,GR,Greece,5,UPO,2006-2010,incoming
https://ror.org/01s5r6w32,Central Arkansas Veterans Healthcare System,US,United States,2,UPO,2006-2010,incoming
https://ror.org/01s5ya894,National Institute of Neurological Disorders and Stroke,US,United States,41,UPO,2006-2010,incoming
https://ror.org/01s7b5y08,University of South Alabama,US,United States,13,UPO,2006-2010,incoming
https://ror.org/01s7jxc19,Miyagi University of Education,JP,Japan,16,UPO,2006-2010,incoming
https://ror.org/01s7w1z60,Hotel Dieu Hospital,CA,Canada,5,UPO,2006-2010,incoming
https://ror.org/01s7y5e82,Lviv University,UA,Ukraine,2,UPO,2006-2010,incoming
https://ror.org/01s8ppv52,Incell Corporation (United States),US,United States,2,UPO,2006-2010,incoming
https://ror.org/01s91ey96,Renaissance Computing Institute,US,United States,1,UPO,2006-2010,incoming
https://ror.org/01s9sxm36,Presbyterian College,US,United States,1,UPO,2006-2010,incoming
https://ror.org/01savwy26,University Hospitals Parma Medical Center,US,United States,2,UPO,2006-2010,incoming
https://ror.org/01sbq1a82,University of Delaware,US,United States,54,UPO,2006-2010,incoming
https://ror.org/01scyh794,Nanjing University of Aeronautics and Astronautics,CN,China,2,UPO,2006-2010,incoming
https://ror.org/01sdnnq10,Gebze Technical University,TR,Turkey,4,UPO,2006-2010,incoming
https://ror.org/01sdrjx85,Institute for High Energy Physics,ES,Spain,47,UPO,2006-2010,incoming
https://ror.org/01se4f844,University of Wales,GB,United Kingdom,21,UPO,2006-2010,incoming
https://ror.org/01senny43,Instituto de Pesquisas Energéticas e Nucleares,BR,Brazil,2,UPO,2006-2010,incoming
https://ror.org/01sf06y89,Macquarie University,AU,Australia,25,UPO,2006-2010,incoming
https://ror.org/01sfc5174,Research Foundation for the State University of New York,US,United States,16,UPO,2006-2010,incoming
https://ror.org/01sfm2718,China Pharmaceutical University,CN,China,6,UPO,2006-2010,incoming
https://ror.org/01sgfhb12,National Enterprise for NanoScience and NanoTechnology,IT,Italy,6,UPO,2006-2010,incoming
https://ror.org/01sgzrz83,TEPCO (Japan),JP,Japan,1,UPO,2006-2010,incoming
https://ror.org/01sjwvz98,RIKEN,JP,Japan,243,UPO,2006-2010,incoming
https://ror.org/01skf6196,Biotherapy Institute of Japan,JP,Japan,3,UPO,2006-2010,incoming
https://ror.org/01skt4w74,Beijing Institute of Technology,CN,China,11,UPO,2006-2010,incoming
https://ror.org/01skwyh03,Nissan Chemical Corporation (Japan),JP,Japan,1,UPO,2006-2010,incoming
https://ror.org/01sn1yx84,University of Nigeria,NG,Nigeria,1,UPO,2006-2010,incoming
https://ror.org/01sps7q28,The University of Texas Health Science Center at Tyler,US,United States,2,UPO,2006-2010,incoming
https://ror.org/01sq4yt06,59th Medical Wing,US,United States,5,UPO,2006-2010,incoming
https://ror.org/01sqdef20,Centre for Eye Research Australia,AU,Australia,1,UPO,2006-2010,incoming
https://ror.org/01sqm5e44,Shin Nippon Biomedical Laboratories (Japan),JP,Japan,1,UPO,2006-2010,incoming
https://ror.org/01sr2h546,Hôpital Émile-Roux,FR,France,1,UPO,2006-2010,incoming
https://ror.org/01sr61k19,Instituto Catalán de Tecnología,ES,Spain,1,UPO,2006-2010,incoming
https://ror.org/01srpnj69,Wellesley College,US,United States,2,UPO,2006-2010,incoming
https://ror.org/01srwze89,CHI Health Nebraska Heart,US,United States,1,UPO,2006-2010,incoming
https://ror.org/01ss14a40,Institute of Pharmacology,CZ,Czechia,4,UPO,2006-2010,incoming
https://ror.org/01st30669,"Istituto Nazionale di Fisica Nucleare, Sezione di Pavia",IT,Italy,25,UPO,2006-2010,incoming
https://ror.org/01stqnn06,Université de Clermont I,FR,France,658,UPO,2006-2010,incoming
https://ror.org/01svjdw65,Argonne Leadership Computing Facility,US,United States,1,UPO,2006-2010,incoming
https://ror.org/01swzsf04,University of Geneva,CH,Switzerland,259,UPO,2006-2010,incoming
https://ror.org/01sx6jc36,Intercept Pharmaceuticals (United States),US,United States,2,UPO,2006-2010,incoming
https://ror.org/01sysa144,Seikeikai Hospital,JP,Japan,3,UPO,2006-2010,incoming
https://ror.org/01szgg304,Toyama City Hospital,JP,Japan,1,UPO,2006-2010,incoming
https://ror.org/01szgyb91,Elon University,US,United States,6,UPO,2006-2010,incoming
https://ror.org/01t0n2c80,Klinikum Oldenburg,DE,Germany,1,UPO,2006-2010,incoming
https://ror.org/01t1kq612,Karlsruhe University of Education,DE,Germany,1,UPO,2006-2010,incoming
https://ror.org/01t20sn94,University of the West Indies System,JM,Jamaica,5,UPO,2006-2010,incoming
https://ror.org/01t33qq42,Arkansas Children's Hospital,US,United States,1,UPO,2006-2010,incoming
https://ror.org/01t54q348,Grantham Hospital,HK,Hong Kong,3,UPO,2006-2010,incoming
https://ror.org/01t5yh786,Queen Fabiola Children's University Hospital,BE,Belgium,3,UPO,2006-2010,incoming
https://ror.org/01t69y763,St. Luke's Hospital,US,United States,1,UPO,2006-2010,incoming
https://ror.org/01t884y44,University of Greater Manchester,GB,United Kingdom,3,UPO,2006-2010,incoming
https://ror.org/01t8svj65,University of California San Francisco Medical Center,US,United States,5,UPO,2006-2010,incoming
https://ror.org/01t8xrx60,State Key Laboratory of New Ceramics and Fine Processing,CN,China,1,UPO,2006-2010,incoming
https://ror.org/01t9bgr30,Institute for Soldier Nanotechnologies,US,United States,5,UPO,2006-2010,incoming
https://ror.org/01tay0360,Park Nicollet Health Services,US,United States,1,UPO,2006-2010,incoming
https://ror.org/01tc10z29,Cancer Institute (WIA),IN,India,3,UPO,2006-2010,incoming
https://ror.org/01tc2d264,Centre Hospitalier Universitaire de Limoges,FR,France,14,UPO,2006-2010,incoming
https://ror.org/01teme464,Universidad de Las Palmas de Gran Canaria,ES,Spain,3,UPO,2006-2010,incoming
https://ror.org/01tevnk56,University of Siena,IT,Italy,423,UPO,2006-2010,incoming
https://ror.org/01tfbz441,Nanhua University,TW,Taiwan,1,UPO,2006-2010,incoming
https://ror.org/01tfxc804,Thalgo (France),FR,France,1,UPO,2006-2010,incoming
https://ror.org/01tgmhj36,Coventry University,GB,United Kingdom,2,UPO,2006-2010,incoming
https://ror.org/01tgyzw49,National University of Singapore,SG,Singapore,154,UPO,2006-2010,incoming
https://ror.org/01th1p123,Natural and Medical Sciences Institute,DE,Germany,2,UPO,2006-2010,incoming
https://ror.org/01thb7525,Institute of Applied Ecology,CN,China,1,UPO,2006-2010,incoming
https://ror.org/01thff661,Nasjonalt Kunnskapssenter for Helsetjenesten,NO,Norway,6,UPO,2006-2010,incoming
https://ror.org/01thhk923,Dongshin University,KR,South Korea,495,UPO,2006-2010,incoming
https://ror.org/01thp0k37,Faculty of Sciences of Sfax,TN,Tunisia,5,UPO,2006-2010,incoming
https://ror.org/01thw2g46,Laboratoire de Biochimie,FR,France,7,UPO,2006-2010,incoming
https://ror.org/01tjgw469,Gannan Medical University,CN,China,1,UPO,2006-2010,incoming
https://ror.org/01tjs6929,Universidad Nacional de La Plata,AR,Argentina,50,UPO,2006-2010,incoming
https://ror.org/01tm6cn81,University of Gothenburg,SE,Sweden,117,UPO,2006-2010,incoming
https://ror.org/01tmjm536,BioSafety Research Center,JP,Japan,1,UPO,2006-2010,incoming
https://ror.org/01tmp8f25,Universidad Nacional Autónoma de México,MX,Mexico,715,UPO,2006-2010,incoming
https://ror.org/01tmqtf75,University of Salford,GB,United Kingdom,878,UPO,2006-2010,incoming
https://ror.org/01tnh0829,Universidad Cardenal Herrera CEU,ES,Spain,4,UPO,2006-2010,incoming
https://ror.org/01tpajh44,Institute of Inorganic Chemistry of the Slovak Academy of Sciences,SK,Slovakia,21,UPO,2006-2010,incoming
https://ror.org/01trbq046,German Research School for Simulation Sciences,DE,Germany,3,UPO,2006-2010,incoming
https://ror.org/01trny179,Klinik und Poliklinik für Strahlentherapie und Radioonkologie,DE,Germany,3,UPO,2006-2010,incoming
https://ror.org/01tspta37,Leibniz Institute of Polymer Research,DE,Germany,1,UPO,2006-2010,incoming
https://ror.org/01tv2ca73,"Laboratoire de Spectroscopie pour les Interactions, la Réactivité et l'Environnement",FR,France,15,UPO,2006-2010,incoming
https://ror.org/01tv9ph92,Southern Federal University,RU,Russia,13,UPO,2006-2010,incoming
https://ror.org/01tvm6f46,University Hospital Schleswig-Holstein,DE,Germany,82,UPO,2006-2010,incoming
https://ror.org/01twwfv38,Valley Hospital,US,United States,3,UPO,2006-2010,incoming
https://ror.org/01tx6pn92,Texas A&M Health Science Center,US,United States,4,UPO,2006-2010,incoming
https://ror.org/01txwsw02,National Center for Tumor Diseases,DE,Germany,4,UPO,2006-2010,incoming
https://ror.org/01ty4bg86,Shanghai Cancer Institute,CN,China,9,UPO,2006-2010,incoming
https://ror.org/01tyv8576,Institute of Biophysics,CN,China,14,UPO,2006-2010,incoming
https://ror.org/01tz1zp46,Délégation Centre-Est,FR,France,4,UPO,2006-2010,incoming
https://ror.org/01v053v88,IAE Paris - Sorbonne Business School,FR,France,1,UPO,2006-2010,incoming
https://ror.org/01v0we819,Redeemer's University,NG,Nigeria,3,UPO,2006-2010,incoming
https://ror.org/01v13p275,Watford General Hospital,GB,United Kingdom,3,UPO,2006-2010,incoming
https://ror.org/01v14jr37,Royal Bournemouth Hospital,GB,United Kingdom,16,UPO,2006-2010,incoming
https://ror.org/01v16x378,Command Hospital,IN,India,1,UPO,2006-2010,incoming
https://ror.org/01v1hv534,MIRCORE,US,United States,1,UPO,2006-2010,incoming
https://ror.org/01v1jam04,Ludwig Boltzmann Gesellschaft,AT,Austria,9,UPO,2006-2010,incoming
https://ror.org/01v1m2411,The Ritsumeikan Trust,JP,Japan,6,UPO,2006-2010,incoming
https://ror.org/01v1rak05,Pomeranian Medical University,PL,Poland,9,UPO,2006-2010,incoming
https://ror.org/01v27vf29,Children's Medical Center,IR,Iran,3,UPO,2006-2010,incoming
https://ror.org/01v29qb04,Durham University,GB,United Kingdom,343,UPO,2006-2010,incoming
https://ror.org/01v2m4n16,Erasmus+,BE,Belgium,2,UPO,2006-2010,incoming
https://ror.org/01v3c6w86,State Key Laboratory of Modern Coordination Chemistry,CN,China,18,UPO,2006-2010,incoming
https://ror.org/01v49sd11,Saint Louis University Hospital,US,United States,1,UPO,2006-2010,incoming
https://ror.org/01v4pc162,National Board of Health and Welfare,SE,Sweden,4,UPO,2006-2010,incoming
https://ror.org/01v4s0f07,Variable Energy Cyclotron Centre,IN,India,619,UPO,2006-2010,incoming
https://ror.org/01v55qb38,National Cerebral and Cardiovascular Center,JP,Japan,10,UPO,2006-2010,incoming
https://ror.org/01v5cv687,Universidad Rey Juan Carlos,ES,Spain,17,UPO,2006-2010,incoming
https://ror.org/01v5e3436,Centro Andaluz de Biología del Desarrollo,ES,Spain,1,UPO,2006-2010,incoming
https://ror.org/01v5k4d73,Dehradun Institute of Technology University,IN,India,19,UPO,2006-2010,incoming
https://ror.org/01v5mqw79,Zhongnan Hospital of Wuhan University,CN,China,3,UPO,2006-2010,incoming
https://ror.org/01v5xwf23,Nestlé (Switzerland),CH,Switzerland,13,UPO,2006-2010,incoming
https://ror.org/01v5y3463,Autonomous University of Campeche,MX,Mexico,3,UPO,2006-2010,incoming
https://ror.org/01v62m802,Siena College,US,United States,1,UPO,2006-2010,incoming
https://ror.org/01v676463,Hôpitaux Universitaires Paris-Ouest,FR,France,9,UPO,2006-2010,incoming
https://ror.org/01v7y5b55,Korea Maritime and Ocean University,KR,South Korea,5,UPO,2006-2010,incoming
https://ror.org/01v8mb410,National Sanyo Hospital,JP,Japan,1,UPO,2006-2010,incoming
https://ror.org/01v95tx09,Shriners Hospitals for Children - Galveston,US,United States,4,UPO,2006-2010,incoming
https://ror.org/01v9wj339,Thompson Rivers University,CA,Canada,5,UPO,2006-2010,incoming
https://ror.org/01va8fr66,Baim Institute for Clinical Research,US,United States,3,UPO,2006-2010,incoming
https://ror.org/01vbgty78,Institute of Space Sciences,ES,Spain,4,UPO,2006-2010,incoming
https://ror.org/01vbmek33,Kyung Hee University Medical Center,KR,South Korea,1,UPO,2006-2010,incoming
https://ror.org/01vdt8f48,MRC Mitochondrial Biology Unit,GB,United Kingdom,22,UPO,2006-2010,incoming
https://ror.org/01vekys64,Max Planck Institute of Quantum Optics,DE,Germany,7,UPO,2006-2010,incoming
https://ror.org/01vepzj85,Roche (Japan),JP,Japan,1,UPO,2006-2010,incoming
https://ror.org/01vevwk45,Zhejiang Normal University,CN,China,12,UPO,2006-2010,incoming
https://ror.org/01vf2g217,University of California - San Diego School of Medicine,US,United States,1,UPO,2006-2010,incoming
https://ror.org/01vf6n447,Midlands Partnership NHS Foundation Trust,GB,United Kingdom,1,UPO,2006-2010,incoming
https://ror.org/01vf7gd47,Escuela Colombiana de Carreras Industriales,CO,Colombia,2,UPO,2006-2010,incoming
https://ror.org/01vft3j45,University of Maryland Marlene and Stewart Greenebaum Comprehensive Cancer Center,US,United States,4,UPO,2006-2010,incoming
https://ror.org/01vj3cz23,Dokkyo University,JP,Japan,3,UPO,2006-2010,incoming
https://ror.org/01vj6ck58,"Istituto Nazionale di Fisica Nucleare, Sezione di Torino",IT,Italy,139,UPO,2006-2010,incoming
https://ror.org/01vj9qy35,Christian Medical College,IN,India,6,UPO,2006-2010,incoming
https://ror.org/01vjtf564,Rabin Medical Center,IL,Israel,44,UPO,2006-2010,incoming
https://ror.org/01vjw4z39,Southern Medical University,CN,China,11,UPO,2006-2010,incoming
https://ror.org/01vkzj587,Yerevan State Medical University,AM,Armenia,1,UPO,2006-2010,incoming
https://ror.org/01vme4277,Albany State University,US,United States,3,UPO,2006-2010,incoming
https://ror.org/01vnxev61,Bayer (Canada),CA,Canada,1,UPO,2006-2010,incoming
https://ror.org/01vp99c97,El Colegio de México,MX,Mexico,1,UPO,2006-2010,incoming
https://ror.org/01vq13895,State Key Laboratory of Fire Science,CN,China,4,UPO,2006-2010,incoming
https://ror.org/01vrybr67,Louis Stokes Cleveland VA Medical Center,US,United States,1,UPO,2006-2010,incoming
https://ror.org/01vta4r13,Environmental and Occupational Health Sciences Institute,US,United States,1,UPO,2006-2010,incoming
https://ror.org/01vv03303,King Abdul Aziz University Hospital,SA,Saudi Arabia,4,UPO,2006-2010,incoming
https://ror.org/01vv3y523,Torbay Hospital,GB,United Kingdom,1,UPO,2006-2010,incoming
https://ror.org/01vvdem88,National University Heart Centre Singapore,SG,Singapore,6,UPO,2006-2010,incoming
https://ror.org/01vw4c203,MRC Centre for Environment and Health,GB,United Kingdom,3,UPO,2006-2010,incoming
https://ror.org/01vwq9032,Tanaka Growth Clinic,JP,Japan,1,UPO,2006-2010,incoming
https://ror.org/01vx35703,East Carolina University,US,United States,18,UPO,2006-2010,incoming
https://ror.org/01vxfm326,Corvinus University of Budapest,HU,Hungary,3,UPO,2006-2010,incoming
https://ror.org/01vy4gh70,Shenzhen University,CN,China,5,UPO,2006-2010,incoming
https://ror.org/01vyrm377,East China University of Science and Technology,CN,China,38,UPO,2006-2010,incoming
https://ror.org/01vzx5p25,Universitätsaugenklinik Magdeburg,DE,Germany,1,UPO,2006-2010,incoming
https://ror.org/01w01n720,Academy of Sciences of Moldova,MD,Moldova,4,UPO,2006-2010,incoming
https://ror.org/01w09ak35,Lehigh Valley Hospital-Pocono,US,United States,3,UPO,2006-2010,incoming
https://ror.org/01w0d5g70,University of Missouri–Kansas City,US,United States,9,UPO,2006-2010,incoming
https://ror.org/01w0hda30,Laboratoire de Physique Théorique,FR,France,60,UPO,2006-2010,incoming
https://ror.org/01w151e64,Bristol Eye Hospital,GB,United Kingdom,1,UPO,2006-2010,incoming
https://ror.org/01w15bh65,St. Petersburg Research Institute of Radiation Hygiene,RU,Russia,2,UPO,2006-2010,incoming
https://ror.org/01w19ak89,Max Planck Institute for Informatics,DE,Germany,9,UPO,2006-2010,incoming
https://ror.org/01w1m0197,Park-Klinik Weißensee,DE,Germany,1,UPO,2006-2010,incoming
https://ror.org/01w2zd907,Nuffield Health,GB,United Kingdom,1,UPO,2006-2010,incoming
https://ror.org/01w4jxn67,Howard University Hospital,US,United States,3,UPO,2006-2010,incoming
https://ror.org/01w4yqf75,Marqués de Valdecilla University Hospital,ES,Spain,2,UPO,2006-2010,incoming
https://ror.org/01w50jw95,New England Baptist Hospital,US,United States,1,UPO,2006-2010,incoming
https://ror.org/01w6qp003,University of Veterinary Medicine Vienna,AT,Austria,16,UPO,2006-2010,incoming
https://ror.org/01w6vdf77,Gorgan University of Agricultural Sciences and Natural Resources,IR,Iran,1,UPO,2006-2010,incoming
https://ror.org/01w6wtk13,Shizuoka University,JP,Japan,16,UPO,2006-2010,incoming
https://ror.org/01w7h4t60,Royal Hospital for Sick Children,GB,United Kingdom,7,UPO,2006-2010,incoming
https://ror.org/01w7qz648,Hôpital Notre-Dame,CA,Canada,4,UPO,2006-2010,incoming
https://ror.org/01w8eym62,Trinity Health Michigan,US,United States,2,UPO,2006-2010,incoming
https://ror.org/01w8z9742,L V Prasad Eye Institute,IN,India,4,UPO,2006-2010,incoming
https://ror.org/01wacaj92,Nation University,TH,Thailand,1,UPO,2006-2010,incoming
https://ror.org/01wass480,Center for Nanophase Materials Sciences,US,United States,5,UPO,2006-2010,incoming
https://ror.org/01wbg2c90,Universidad San Jorge,ES,Spain,4,UPO,2006-2010,incoming
https://ror.org/01wd4xt90,Hohai University,CN,China,4,UPO,2006-2010,incoming
https://ror.org/01wd8pa65,China Medical University Beigang Hospital,TW,Taiwan,2,UPO,2006-2010,incoming
https://ror.org/01wddqe20,The Alfred Hospital,AU,Australia,21,UPO,2006-2010,incoming
https://ror.org/01wdf5p42,Independent Authority for Public Revenue,GR,Greece,2,UPO,2006-2010,incoming
https://ror.org/01wdhap14,University of Health Sciences Antigua,AG,Antigua and Barbuda,4,UPO,2006-2010,incoming
https://ror.org/01weqhp73,Technische Universität Ilmenau,DE,Germany,3,UPO,2006-2010,incoming
https://ror.org/01wfb3668,Institut de Recerca de la Biodiversitat de la Universitat de Barcelona,ES,Spain,1,UPO,2006-2010,incoming
https://ror.org/01wfv3m53,Teva Pharmaceuticals (Israel),IL,Israel,1,UPO,2006-2010,incoming
https://ror.org/01wgfva68,Universidad Nacional de Entre Ríos,AR,Argentina,1,UPO,2006-2010,incoming
https://ror.org/01whwkf30,Instituto Butantan,BR,Brazil,8,UPO,2006-2010,incoming
https://ror.org/01wjejq96,Yonsei University,KR,South Korea,460,UPO,2006-2010,incoming
https://ror.org/01wjxn842,Pontifícia Universidade Católica de Campinas,BR,Brazil,3,UPO,2006-2010,incoming
https://ror.org/01wka8n18,Royal Veterinary College,GB,United Kingdom,14,UPO,2006-2010,incoming
https://ror.org/01wkb9987,University of Siedlce,PL,Poland,1,UPO,2006-2010,incoming
https://ror.org/01wm3c497,Prostate Cancer Research,GB,United Kingdom,1,UPO,2006-2010,incoming
https://ror.org/01wmj1g45,Atlanta University Center,US,United States,1,UPO,2006-2010,incoming
https://ror.org/01wmx5158,Tohoku Bunka Gakuen University,JP,Japan,1,UPO,2006-2010,incoming
https://ror.org/01wnfae18,Central Research Institute,IN,India,1,UPO,2006-2010,incoming
https://ror.org/01wntqw50,Ankara University,TR,Turkey,33,UPO,2006-2010,incoming
https://ror.org/01wpqwr25,Lemuel Shattuck Hospital,US,United States,1,UPO,2006-2010,incoming
https://ror.org/01wpx1p02,Health and Social Services Centre University Institute of Geriatrics of Sherbrooke,CA,Canada,1,UPO,2006-2010,incoming
https://ror.org/01wq1xf82,European Academy of Technology and Innovation Assessment,DE,Germany,1,UPO,2006-2010,incoming
https://ror.org/01wq93z70,Chinese National Human Genome Center,CN,China,8,UPO,2006-2010,incoming
https://ror.org/01wqae691,Istituto per il Sistema Produzione Animale in Ambiente Mediterraneo,IT,Italy,8,UPO,2006-2010,incoming
https://ror.org/01wqd6v19,Institut Jean-Pierre Bourgin,FR,France,3,UPO,2006-2010,incoming
https://ror.org/01wrzrg21,Institute of Molecular Biology of the Slovak Academy of Sciences,SK,Slovakia,2,UPO,2006-2010,incoming
https://ror.org/01wspgy28,University of Hawaiʻi at Mānoa,US,United States,55,UPO,2006-2010,incoming
https://ror.org/01wspv808,Norfolk and Norwich University Hospitals NHS Foundation Trust,GB,United Kingdom,6,UPO,2006-2010,incoming
https://ror.org/01wvtht83,Russian Children's Clinical Hospital,RU,Russia,3,UPO,2006-2010,incoming
https://ror.org/01wwv4x50,Mount Vernon Cancer Centre,GB,United Kingdom,1,UPO,2006-2010,incoming
https://ror.org/01wxb8362,Maria Cecilia Hospital,IT,Italy,2,UPO,2006-2010,incoming
https://ror.org/01wxddc07,Katsushika Medical Center,JP,Japan,1,UPO,2006-2010,incoming
https://ror.org/01wy3h363,Shandong Normal University,CN,China,16,UPO,2006-2010,incoming
https://ror.org/01x0e6k76,Montefiore Health System,US,United States,1,UPO,2006-2010,incoming
https://ror.org/01x0ngk19,Instytut Transportu Samochodowego,PL,Poland,1,UPO,2006-2010,incoming
https://ror.org/01x1kqx83,Bolu Abant İzzet Baysal University,TR,Turkey,1,UPO,2006-2010,incoming
https://ror.org/01x1skr92,Henan University of Urban Construction,CN,China,1,UPO,2006-2010,incoming
https://ror.org/01x24z140,Annamalai University,IN,India,5,UPO,2006-2010,incoming
https://ror.org/01x26mz03,National Energy Technology Laboratory,US,United States,6,UPO,2006-2010,incoming
https://ror.org/01x2d9f70,Amsterdam Neuroscience,NL,The Netherlands,2,UPO,2006-2010,incoming
https://ror.org/01x2x1522,Helsinki Institute of Physics,FI,Finland,1159,UPO,2006-2010,incoming
https://ror.org/01x3t1868,Saint Paul University,CA,Canada,2,UPO,2006-2010,incoming
https://ror.org/01x441g73,École Centrale de Lille,FR,France,8,UPO,2006-2010,incoming
https://ror.org/01x4fgp34,Enviro Neptune (Canada),CA,Canada,19,UPO,2006-2010,incoming
https://ror.org/01x4whx42,Sangmyung University,KR,South Korea,2,UPO,2006-2010,incoming
https://ror.org/01x64pv72,National Center for Environmental Assessment (EPA),US,United States,7,UPO,2006-2010,incoming
https://ror.org/01x69an44,Children's & Women's Health Centre of British Columbia,CA,Canada,1,UPO,2006-2010,incoming
https://ror.org/01x6rgt30,Xiamen Medical College,CN,China,1,UPO,2006-2010,incoming
https://ror.org/01x784220,Children's Cancer Institute Australia,AU,Australia,1,UPO,2006-2010,incoming
https://ror.org/01x802g65,MRC Centre for Regenerative Medicine,GB,United Kingdom,2,UPO,2006-2010,incoming
https://ror.org/01x87jt81,Institute of Macromolecular Chemistry,UA,Ukraine,1,UPO,2006-2010,incoming
https://ror.org/01x8c0495,Institut für Immunologie,DE,Germany,25,UPO,2006-2010,incoming
https://ror.org/01x8hew03,Bulgarian Academy of Sciences,BG,Bulgaria,1075,UPO,2006-2010,incoming
https://ror.org/01x8rc503,University of Louisiana at Lafayette,US,United States,10,UPO,2006-2010,incoming
https://ror.org/01x9zv505,Fatebenefratelli Hospital,IT,Italy,9,UPO,2006-2010,incoming
https://ror.org/01xapxe37,Dr. Hari Singh Gour University,IN,India,1,UPO,2006-2010,incoming
https://ror.org/01xaxtt28,Varna University of Management,BG,Bulgaria,2,UPO,2006-2010,incoming
https://ror.org/01xb4fs50,Korea Atomic Energy Research Institute,KR,South Korea,2,UPO,2006-2010,incoming
https://ror.org/01xcgd076,Institut Guttmann,ES,Spain,3,UPO,2006-2010,incoming
https://ror.org/01xcjmy57,Istituto Oncologico Veneto,IT,Italy,27,UPO,2006-2010,incoming
https://ror.org/01xcsye48,Kings Health Partners,GB,United Kingdom,3,UPO,2006-2010,incoming
https://ror.org/01xd6q208,Koch Institute for Integrative Cancer Research At MIT,US,United States,3,UPO,2006-2010,incoming
https://ror.org/01xdjhe59,Iwata City Hospital,JP,Japan,3,UPO,2006-2010,incoming
https://ror.org/01xdkk717,Momenta Pharmaceuticals (United States),US,United States,2,UPO,2006-2010,incoming
https://ror.org/01xdqrp08,Pfizer (United States),US,United States,62,UPO,2006-2010,incoming
https://ror.org/01xdxns91,Universitat de Girona,ES,Spain,37,UPO,2006-2010,incoming
https://ror.org/01xe86309,Instituto Nacional de Pesquisas da Amazônia,BR,Brazil,6,UPO,2006-2010,incoming
https://ror.org/01xet8208,Olgahospital,DE,Germany,5,UPO,2006-2010,incoming
https://ror.org/01xf75524,Moffitt Cancer Center,US,United States,30,UPO,2006-2010,incoming
https://ror.org/01xgfaw76,Academy of Sciences Republic of Uzbekistan,UZ,Uzbekistan,1016,UPO,2006-2010,incoming
https://ror.org/01xgv8v73,Quebec Research and Development Centre,CA,Canada,1,UPO,2006-2010,incoming
https://ror.org/01xhcza12,University of the West,US,United States,1,UPO,2006-2010,incoming
https://ror.org/01xht6a47,Centro Clinico Nemo,IT,Italy,1,UPO,2006-2010,incoming
https://ror.org/01xjq7424,Institut National Polytechnique de Lorraine,FR,France,9,UPO,2006-2010,incoming
https://ror.org/01xjv7358,Japan Synchrotron Radiation Research Institute,JP,Japan,3,UPO,2006-2010,incoming
https://ror.org/01xkakk17,HES-SO University of Applied Sciences and Arts Western Switzerland,CH,Switzerland,5,UPO,2006-2010,incoming
https://ror.org/01xkmcr24,Universitäts-Augenklinik Bonn,DE,Germany,7,UPO,2006-2010,incoming
https://ror.org/01xnhkz22,Scarborough General Hospital,GB,United Kingdom,1,UPO,2006-2010,incoming
https://ror.org/01xnwqx93,University Hospital Bonn,DE,Germany,9,UPO,2006-2010,incoming
https://ror.org/01xnz3256,State Key Laboratory of Analytical Chemistry for Life Science,CN,China,1,UPO,2006-2010,incoming
https://ror.org/01xpc6869,Centre de Recherche en Biologie cellulaire de Montpellier,FR,France,3,UPO,2006-2010,incoming
https://ror.org/01xq02v66,Hasbro Children's Hospital,US,United States,1,UPO,2006-2010,incoming
https://ror.org/01xsqw823,GlaxoSmithKline (United Kingdom),GB,United Kingdom,44,UPO,2006-2010,incoming
https://ror.org/01xt1w755,Eurac Research,IT,Italy,13,UPO,2006-2010,incoming
https://ror.org/01xt2dr21,China University of Mining and Technology,CN,China,4,UPO,2006-2010,incoming
https://ror.org/01xtcza13,Wojskowy Instytut Medycyny Lotniczej,PL,Poland,1,UPO,2006-2010,incoming
https://ror.org/01xtjs520,Institut Laue-Langevin,FR,France,1,UPO,2006-2010,incoming
https://ror.org/01xtthb56,University of Oslo,NO,Norway,750,UPO,2006-2010,incoming
https://ror.org/01xtv3204,University of Foggia,IT,Italy,673,UPO,2006-2010,incoming
https://ror.org/01xvcf081,New York Blood Center,US,United States,10,UPO,2006-2010,incoming
https://ror.org/01xvwxv41,University of Balamand,LB,Lebanon,2,UPO,2006-2010,incoming
https://ror.org/01xx18q52,NingboTech University,CN,China,1,UPO,2006-2010,incoming
https://ror.org/01xxp6985,Kōchi University,JP,Japan,9,UPO,2006-2010,incoming
https://ror.org/01xyp9n09,Department of Health Services,US,United States,1,UPO,2006-2010,incoming
https://ror.org/01xyqts46,Institut de Recherche contre les Cancers de l’Appareil Digestif,FR,France,2,UPO,2006-2010,incoming
https://ror.org/01xz39a70,Comisión Nacional de Energía Atómica,AR,Argentina,15,UPO,2006-2010,incoming
https://ror.org/01y0j0j86,Northwestern Polytechnical University,CN,China,11,UPO,2006-2010,incoming
https://ror.org/01y1kjr75,Nankai University,CN,China,51,UPO,2006-2010,incoming
https://ror.org/01y2d1w05,St. Mary's College of Maryland,US,United States,1,UPO,2006-2010,incoming
https://ror.org/01y2jtd41,University of Wisconsin–Madison,US,United States,1267,UPO,2006-2010,incoming
https://ror.org/01y2kdt21,Osaka Medical and Pharmaceutical University,JP,Japan,9,UPO,2006-2010,incoming
https://ror.org/01y3dkx74,International Institute of Molecular and Cell Biology,PL,Poland,1,UPO,2006-2010,incoming
https://ror.org/01y3hvq34,Shanghai Institute of Organic Chemistry,CN,China,26,UPO,2006-2010,incoming
https://ror.org/01y43zx14,Institut de Biomedicina de la Universitat de Barcelona,ES,Spain,5,UPO,2006-2010,incoming
https://ror.org/01y4xm534,"Islamic Azad University, Karaj",IR,Iran,1,UPO,2006-2010,incoming
https://ror.org/01y5fjx51,Hainan Tropical Ocean University,CN,China,1,UPO,2006-2010,incoming
https://ror.org/01y5w6t76,Organ Transplantation and Immunology Institute,IT,Italy,3,UPO,2006-2010,incoming
https://ror.org/01y64my43,"University at Buffalo, State University of New York",US,United States,867,UPO,2006-2010,incoming
https://ror.org/01y68k842,American Physiological Society,US,United States,2,UPO,2006-2010,incoming
https://ror.org/01y6ccj36,National Pingtung University of Science and Technology,TW,Taiwan,2,UPO,2006-2010,incoming
https://ror.org/01y7m0485,Saginaw Valley State University,US,United States,2,UPO,2006-2010,incoming
https://ror.org/01y8j9r24,Délégation Ile-de-France Sud,FR,France,24,UPO,2006-2010,incoming
https://ror.org/01y922f71,United States Coast Guard Academy,US,United States,1,UPO,2006-2010,incoming
https://ror.org/01y96v851,Viron Therapeutics (Canada),CA,Canada,3,UPO,2006-2010,incoming
https://ror.org/01y9bpm73,University of Göttingen,DE,Germany,190,UPO,2006-2010,incoming
https://ror.org/01yasd238,Trinity Baptist College,US,United States,1,UPO,2006-2010,incoming
https://ror.org/01yb3sb52,Aerospace Center Hospital,CN,China,1,UPO,2006-2010,incoming
https://ror.org/01ybfxd46,University Hospital Complex Of Vigo,ES,Spain,14,UPO,2006-2010,incoming
https://ror.org/01ybj8n97,Dundee Dental Hospital,GB,United Kingdom,1,UPO,2006-2010,incoming
https://ror.org/01yc7t268,Washington University in St. Louis,US,United States,209,UPO,2006-2010,incoming
https://ror.org/01yc93g67,Doncaster and Bassetlaw Teaching Hospitals NHS Foundation Trust,GB,United Kingdom,1,UPO,2006-2010,incoming
https://ror.org/01ycr6b80,Royal Liverpool University Hospital,GB,United Kingdom,8,UPO,2006-2010,incoming
https://ror.org/01ydb3330,Synchrotron soleil,FR,France,1,UPO,2006-2010,incoming
https://ror.org/01ydthg97,Nijmegen Institute for Scientist Practitioners in Addiction,NL,The Netherlands,1,UPO,2006-2010,incoming
https://ror.org/01yecy831,Siberian State Medical University,RU,Russia,2,UPO,2006-2010,incoming
https://ror.org/01yetye73,University of Teramo,IT,Italy,25,UPO,2006-2010,incoming
https://ror.org/01yeyd808,Life Science Institute,JP,Japan,8,UPO,2006-2010,incoming
https://ror.org/01yezas83,Centre Eugène Marquis,FR,France,1,UPO,2006-2010,incoming
https://ror.org/01yg1g961,Universidad Nacional de Educación,EC,Ecuador,1,UPO,2006-2010,incoming
https://ror.org/01yg57d71,Institute of Neurological Sciences,IT,Italy,12,UPO,2006-2010,incoming
https://ror.org/01ygm5w19,Centre for Biomedical Network Research on Rare Diseases,ES,Spain,8,UPO,2006-2010,incoming
https://ror.org/01yhahq71,WHU – Otto Beisheim School of Management,DE,Germany,1,UPO,2006-2010,incoming
https://ror.org/01yj56c84,Beijing Jiaotong University,CN,China,3,UPO,2006-2010,incoming
https://ror.org/01yn28w07,General Hospital of Ioannina G. Hatzikosta,GR,Greece,1,UPO,2006-2010,incoming
https://ror.org/01yn60017,Waukesha Memorial Hospital,US,United States,1,UPO,2006-2010,incoming
https://ror.org/01ynf4891,University of Milano-Bicocca,IT,Italy,1260,UPO,2006-2010,incoming
https://ror.org/01yp9g959,University of Ulster,GB,United Kingdom,33,UPO,2006-2010,incoming
https://ror.org/01yq9ya27,Institute of Gene Biology,RU,Russia,2,UPO,2006-2010,incoming
https://ror.org/01yqewm58,Kuban State University,RU,Russia,1,UPO,2006-2010,incoming
https://ror.org/01yqg2h08,Harbin Institute of Technology,CN,China,28,UPO,2006-2010,incoming
https://ror.org/01yrdw043,Huntington's Disease Association,GB,United Kingdom,1,UPO,2006-2010,incoming
https://ror.org/01ysgtb61,Baqiyatallah University of Medical Sciences,IR,Iran,3,UPO,2006-2010,incoming
https://ror.org/01yt7p923,Laboratory for Personalized Molecular Medicine,US,United States,1,UPO,2006-2010,incoming
https://ror.org/01yth7f19,Kudanzaka Hospital,JP,Japan,2,UPO,2006-2010,incoming
https://ror.org/01ythxj32,Oakland University,US,United States,9,UPO,2006-2010,incoming
https://ror.org/01yvj5k91,Direction de la Recherche Fondamentale,FR,France,968,UPO,2006-2010,incoming
https://ror.org/01yvj7247,Bnai Zion Medical Center,IL,Israel,2,UPO,2006-2010,incoming
https://ror.org/01yx43d58,Medical Oncology Hematology Consultants,US,United States,7,UPO,2006-2010,incoming
https://ror.org/01yxj7x74,University Clinic of Pulmonary and Allergic Diseases Golnik,SI,Slovenia,1,UPO,2006-2010,incoming
https://ror.org/01yyxv878,Wingate University,US,United States,1,UPO,2006-2010,incoming
https://ror.org/01yzgg311,Hospital Central de la Cruz Roja San José y Santa Adela,ES,Spain,1,UPO,2006-2010,incoming
https://ror.org/01yzrt577,Genedata (Switzerland),CH,Switzerland,1,UPO,2006-2010,incoming
https://ror.org/01yztcr70,Universidade de Cuiabá,BR,Brazil,1,UPO,2006-2010,incoming
https://ror.org/01yzz0f51,Chung Hua University,TW,Taiwan,5,UPO,2006-2010,incoming
https://ror.org/01z1gye03,Institute for Research in Biomedicine,ES,Spain,8,UPO,2006-2010,incoming
https://ror.org/01z3j3n30,Schneider Children's Medical Center,IL,Israel,10,UPO,2006-2010,incoming
https://ror.org/01z4nnt86,Seoul National University Hospital,KR,South Korea,25,UPO,2006-2010,incoming
https://ror.org/01z6p8p31,Office of Infectious Diseases,US,United States,1,UPO,2006-2010,incoming
https://ror.org/01z6wpz16,Merck Serono S.p.A. (Italy),IT,Italy,16,UPO,2006-2010,incoming
https://ror.org/01z7r7q48,Children's Hospital of Philadelphia,US,United States,48,UPO,2006-2010,incoming
https://ror.org/01z91qx97,Sea Research Foundation,US,United States,1,UPO,2006-2010,incoming
https://ror.org/01z9vrt66,Okazaki City Hospital,JP,Japan,1,UPO,2006-2010,incoming
https://ror.org/01za8fg18,Lagos State University,NG,Nigeria,1,UPO,2006-2010,incoming
https://ror.org/01zby9g91,Shahid Sadoughi University of Medical Sciences and Health Services,IR,Iran,1,UPO,2006-2010,incoming
https://ror.org/01zc7k534,Koga Hospital,JP,Japan,1,UPO,2006-2010,incoming
https://ror.org/01zcpa714,Michigan Medicine,US,United States,20,UPO,2006-2010,incoming
https://ror.org/01zctcs90,BP (United Kingdom),GB,United Kingdom,1,UPO,2006-2010,incoming
https://ror.org/01zd7yk57,Louisville VA Medical Center,US,United States,3,UPO,2006-2010,incoming
https://ror.org/01zefvs55,Immunité et Cancer,FR,France,3,UPO,2006-2010,incoming
https://ror.org/01zewfb16,Environment Agency,GB,United Kingdom,15,UPO,2006-2010,incoming
https://ror.org/01zg1tt02,MRC Protein Phosphorylation and Ubiquitylation Unit,GB,United Kingdom,2,UPO,2006-2010,incoming
https://ror.org/01zgy1s35,University Medical Center Hamburg-Eppendorf,DE,Germany,87,UPO,2006-2010,incoming
https://ror.org/01zhwwf82,Kırıkkale University,TR,Turkey,6,UPO,2006-2010,incoming
https://ror.org/01zj9wm95,Yuan's General Hospital,TW,Taiwan,2,UPO,2006-2010,incoming
https://ror.org/01zjvhn75,National Taiwan Sport University,TW,Taiwan,1,UPO,2006-2010,incoming
https://ror.org/01zkghx44,Georgia Institute of Technology,US,United States,47,UPO,2006-2010,incoming
https://ror.org/01zkyz108,Mount Sinai Hospital,US,United States,19,UPO,2006-2010,incoming
https://ror.org/01zkyzz15,Hôpital Fernand-Widal,FR,France,1,UPO,2006-2010,incoming
https://ror.org/01zm94433,John Wiley & Sons (United Kingdom),GB,United Kingdom,3,UPO,2006-2010,incoming
https://ror.org/01zmyz259,ARUP Institute for Clinical and Experimental Pathology,US,United States,3,UPO,2006-2010,incoming
https://ror.org/01znas443,"Ministry of Science, Technological Development, and Innovation",RS,Serbia,1,UPO,2006-2010,incoming
https://ror.org/01znkr924,Mahidol University,TH,Thailand,37,UPO,2006-2010,incoming
https://ror.org/01zntxs11,Shanghai Medical College of Fudan University,CN,China,4,UPO,2006-2010,incoming
https://ror.org/01zp13r18,Research Medical Center,US,United States,7,UPO,2006-2010,incoming
https://ror.org/01zq90d67,Institute for Marine Biosciences,CA,Canada,2,UPO,2006-2010,incoming
https://ror.org/01zqcg218,Kyung Hee University,KR,South Korea,39,UPO,2006-2010,incoming
https://ror.org/01zqrxf85,Institute of Molecular Biotechnology,AT,Austria,3,UPO,2006-2010,incoming
https://ror.org/01zqztb27,Caritas Medical Centre,HK,Hong Kong,1,UPO,2006-2010,incoming
https://ror.org/01zrv0z61,Hamdard University,PK,Pakistan,3,UPO,2006-2010,incoming
https://ror.org/01zt9a375,Chosun University,KR,South Korea,10,UPO,2006-2010,incoming
https://ror.org/01zv98a09,Aga Khan University Nairobi,KE,Kenya,1,UPO,2006-2010,incoming
https://ror.org/01zvqw119,Auckland University of Technology,NZ,New Zealand,2,UPO,2006-2010,incoming
https://ror.org/01zw2nq07,Indian Institute of Integrative Medicine,IN,India,2,UPO,2006-2010,incoming
https://ror.org/01zwcys39,Meiji Gakuin University,JP,Japan,110,UPO,2006-2010,incoming
https://ror.org/01zwdgr60,Groupe Hospitalier Diaconesses Croix Saint-Simon,FR,France,3,UPO,2006-2010,incoming
https://ror.org/01zwmgk08,Leibniz Institute for Neurobiology,DE,Germany,35,UPO,2006-2010,incoming
https://ror.org/01zwq4y59,Universidade Estadual de Santa Cruz,BR,Brazil,1,UPO,2006-2010,incoming
https://ror.org/01zx16v02,Athens State University,US,United States,35,UPO,2006-2010,incoming
https://ror.org/01zx5ww52,Inje University Ilsan Paik Hospital,KR,South Korea,3,UPO,2006-2010,incoming
https://ror.org/01zy07c70,Nationales Centrum für Tumorerkrankungen Dresden,DE,Germany,1,UPO,2006-2010,incoming
https://ror.org/01zy2cs03,Helmholtz-Zentrum Dresden-Rossendorf,DE,Germany,1,UPO,2006-2010,incoming
https://ror.org/01zyn4z03,Beijing Luhe Hospital Affiliated to Capital Medical University,CN,China,8,UPO,2006-2010,incoming
https://ror.org/01zzmf129,Xi’an University,CN,China,4,UPO,2006-2010,incoming
https://ror.org/01zzvcj05,General Chemical State Laboratory,GR,Greece,2,UPO,2006-2010,incoming
https://ror.org/0202bj006,Sheng Jing Hospital,CN,China,1,UPO,2006-2010,incoming
https://ror.org/0205x2f04,Allgemeines Krankenhaus Celle,DE,Germany,3,UPO,2006-2010,incoming
https://ror.org/0207ad724,Wake Forest University,US,United States,73,UPO,2006-2010,incoming
https://ror.org/0207yh398,Shandong University,CN,China,11,UPO,2006-2010,incoming
https://ror.org/0208vgz68,Lappeenranta-Lahti University of Technology,FI,Finland,1223,UPO,2006-2010,incoming
https://ror.org/020aczd56,Flinders Medical Centre,AU,Australia,14,UPO,2006-2010,incoming
https://ror.org/020afzk37,Mirus Bio (United States),US,United States,1,UPO,2006-2010,incoming
https://ror.org/020atbp69,Children's Memorial Health Institute,PL,Poland,8,UPO,2006-2010,incoming
https://ror.org/020azk594,Fujian Normal University,CN,China,7,UPO,2006-2010,incoming
https://ror.org/020bgk265,D-2 Incorporated (United States),US,United States,14,UPO,2006-2010,incoming
https://ror.org/020bzb737,State Key Laboratory of Subtropical Building Science,CN,China,1,UPO,2006-2010,incoming
https://ror.org/020bzqr95,Institute of Radio Astronomy,UA,Ukraine,1,UPO,2006-2010,incoming
https://ror.org/020ck2w23,UNITE HERE,US,United States,14,UPO,2006-2010,incoming
https://ror.org/020cm6143,Laboratoire de recherches Intégratives en Neurosciences et psychologie Cognitive,FR,France,1,UPO,2006-2010,incoming
https://ror.org/020cpqb94,Hospital District of Helsinki and Uusimaa,FI,Finland,5,UPO,2006-2010,incoming
https://ror.org/020g3wn65,ARC Centre of Excellence for Electromaterials Science,AU,Australia,1,UPO,2006-2010,incoming
https://ror.org/020hgte69,Fermi National Accelerator Laboratory,US,United States,1003,UPO,2006-2010,incoming
https://ror.org/020hwjq30,Aalto University,FI,Finland,1176,UPO,2006-2010,incoming
https://ror.org/020hxh324,Wenzhou University,CN,China,4,UPO,2006-2010,incoming
https://ror.org/020jynt45,Centre Pays de la Loire,FR,France,1,UPO,2006-2010,incoming
https://ror.org/020k76687,Régie Autonome des Transports Parisiens (France),FR,France,1,UPO,2006-2010,incoming
https://ror.org/020k7fn51,Information Management Services,US,United States,4,UPO,2006-2010,incoming
https://ror.org/020m6x732,Danish Meteorological Institute,DK,Denmark,2,UPO,2006-2010,incoming
https://ror.org/020m7t761,Samsung Electronics (South Korea),KR,South Korea,2,UPO,2006-2010,incoming
https://ror.org/020nks034,UMR Botanique et Modélisation de l’Architecture des Plantes et des végétations,FR,France,2,UPO,2006-2010,incoming
https://ror.org/020p3h829,University of Occupational and Environmental Health Japan,JP,Japan,17,UPO,2006-2010,incoming
https://ror.org/020ps3a34,University of Central Lancashire Cyprus,CY,Cyprus,6,UPO,2006-2010,incoming
https://ror.org/020qm1538,California State University System,US,United States,475,UPO,2006-2010,incoming
https://ror.org/020r51985,Centre Hospitalier Universitaire de Sherbrooke,CA,Canada,8,UPO,2006-2010,incoming
https://ror.org/020rbyg91,National Institutes for Quantum Science and Technology,JP,Japan,15,UPO,2006-2010,incoming
https://ror.org/020rvjj03,Satakunta Central Hospital,FI,Finland,2,UPO,2006-2010,incoming
https://ror.org/020rzx487,Sheba Medical Center,IL,Israel,76,UPO,2006-2010,incoming
https://ror.org/020vmqv16,Roosevelt University,US,United States,2,UPO,2006-2010,incoming
https://ror.org/020vvc407,Gaziantep University,TR,Turkey,9,UPO,2006-2010,incoming
https://ror.org/020wfrz93,Foothills Medical Centre,CA,Canada,4,UPO,2006-2010,incoming
https://ror.org/020wjcq07,Shibaura Institute of Technology,JP,Japan,5,UPO,2006-2010,incoming
https://ror.org/020ws7586,Institut National des Sciences Appliquées Rouen Normandie,FR,France,13,UPO,2006-2010,incoming
https://ror.org/020x0c621,Hewlett Packard Enterprise (United States),US,United States,1,UPO,2006-2010,incoming
https://ror.org/020xs5r81,Belgian Nuclear Research Centre,BE,Belgium,5,UPO,2006-2010,incoming
https://ror.org/020yh1f96,Ohio State University Hospital,US,United States,2,UPO,2006-2010,incoming
https://ror.org/021018s57,Universitat de Barcelona,ES,Spain,405,UPO,2006-2010,incoming
https://ror.org/021036w13,Belarusian State University,BY,Belarus,136,UPO,2006-2010,incoming
https://ror.org/02112mb03,Ospedale Filippo Del Ponte Varese,IT,Italy,1,UPO,2006-2010,incoming
https://ror.org/0211bs523,Haldia Institute of Technology,IN,India,2,UPO,2006-2010,incoming
https://ror.org/02122at02,Univerzitetski Klinički Centar Srbije,RS,Serbia,2,UPO,2006-2010,incoming
https://ror.org/0212h5y77,Inova Fairfax Hospital,US,United States,6,UPO,2006-2010,incoming
https://ror.org/0213d4b59,Stiftung Institut für Herzinfarktforschung,DE,Germany,1,UPO,2006-2010,incoming
https://ror.org/0213f0637,Azienda Ospedaliero Universitaria Ospedali Riuniti,IT,Italy,9,UPO,2006-2010,incoming
https://ror.org/0213rcc28,Simon Fraser University,CA,Canada,38,UPO,2006-2010,incoming
https://ror.org/0214k6v65,Laboratoire de Physique de Clermont Auvergne,FR,France,702,UPO,2006-2010,incoming
https://ror.org/02169sk90,National Drug Addiction Center,BG,Bulgaria,3,UPO,2006-2010,incoming
https://ror.org/0218eta95,Department of Physiological Sciences,RU,Russia,4,UPO,2006-2010,incoming
https://ror.org/021959v84,Hôpital Saint-André,FR,France,5,UPO,2006-2010,incoming
https://ror.org/0219m2k96,Decision Research,US,United States,1,UPO,2006-2010,incoming
https://ror.org/021a26605,Tokyo University of Technology,JP,Japan,3,UPO,2006-2010,incoming
https://ror.org/021a7pw18,New York City College of Technology,US,United States,2,UPO,2006-2010,incoming
https://ror.org/021aqk126,Illinois Wesleyan University,US,United States,1,UPO,2006-2010,incoming
https://ror.org/021asz590,National Center on Birth Defects and Developmental Disabilities,US,United States,1,UPO,2006-2010,incoming
https://ror.org/021cj6z65,Qingdao University,CN,China,16,UPO,2006-2010,incoming
https://ror.org/021cxfs56,Royal Hospital for Women,AU,Australia,1,UPO,2006-2010,incoming
https://ror.org/021e5j056,Kuwait University,KW,Kuwait,11,UPO,2006-2010,incoming
https://ror.org/021f0sa24,Institut de Mathématiques de Bourgogne,FR,France,1,UPO,2006-2010,incoming
https://ror.org/021f59e59,Manchester Memorial Hospital,US,United States,5,UPO,2006-2010,incoming
https://ror.org/021fhft25,Office for National Statistics,GB,United Kingdom,4,UPO,2006-2010,incoming
https://ror.org/021ft0n22,Universitätsmedizin Göttingen,DE,Germany,7,UPO,2006-2010,incoming
https://ror.org/021h1av98,Heart Hospital Baylor Plano,US,United States,2,UPO,2006-2010,incoming
https://ror.org/021kgjd57,MemorialCare Long Beach Medical Center,US,United States,2,UPO,2006-2010,incoming
https://ror.org/021kjh741,Institute of Biochemistry and Physiology of Plants and Microorganisms,RU,Russia,1,UPO,2006-2010,incoming
https://ror.org/021nv2831,University of Connecticut,US,United States,131,UPO,2006-2010,incoming
https://ror.org/021nxhr62,U.S. National Science Foundation,US,United States,27,UPO,2006-2010,incoming
https://ror.org/021p56f43,Laboratory for Social and Neural Systems Research,CH,Switzerland,4,UPO,2006-2010,incoming
https://ror.org/021ph5e41,Tokushima University Hospital,JP,Japan,1,UPO,2006-2010,incoming
https://ror.org/021r5ns39,National Environmental Engineering Research Institute,IN,India,2,UPO,2006-2010,incoming
https://ror.org/021r98132,Shaanxi University of Chinese Medicine,CN,China,1,UPO,2006-2010,incoming
https://ror.org/021rr7t48,"Instituto de Investigaciones Bioquímicas de Bahía Blanca, CONICET-UNS",AR,Argentina,2,UPO,2006-2010,incoming
https://ror.org/021rths28,National Center for Chronic Disease Prevention and Health Promotion,US,United States,2,UPO,2006-2010,incoming
https://ror.org/021rvrs67,Hospital Sant Pau i Santa Tecla,ES,Spain,1,UPO,2006-2010,incoming
https://ror.org/021sy4w91,Jackson Laboratory,US,United States,17,UPO,2006-2010,incoming
https://ror.org/021tq1e57,Office National de la Chasse et de la Faune Sauvage,FR,France,2,UPO,2006-2010,incoming
https://ror.org/021v3qy27,University of Dayton,US,United States,6,UPO,2006-2010,incoming
https://ror.org/021wky884,St. Vincentius-Kliniken,DE,Germany,1,UPO,2006-2010,incoming
https://ror.org/021wm7p51,Council of Scientific and Industrial Research,IN,India,108,UPO,2006-2010,incoming
https://ror.org/021z1mz76,Institute of Organic Synthesis and Photoreactivity,IT,Italy,28,UPO,2006-2010,incoming
https://ror.org/021zm6p18,Norfolk and Norwich University Hospital,GB,United Kingdom,6,UPO,2006-2010,incoming
https://ror.org/0220f5b41,Tokyo Dental College,JP,Japan,9,UPO,2006-2010,incoming
https://ror.org/0220k9r37,Université Paris Descartes,FR,France,923,UPO,2006-2010,incoming
https://ror.org/0220mzb33,King's College London,GB,United Kingdom,325,UPO,2006-2010,incoming
https://ror.org/0220qvk04,Shanghai Jiao Tong University,CN,China,115,UPO,2006-2010,incoming
https://ror.org/0220rp185,Stockport NHS Foundation Trust,GB,United Kingdom,4,UPO,2006-2010,incoming
https://ror.org/02218z997,Royal Brompton & Harefield NHS Foundation Trust,GB,United Kingdom,24,UPO,2006-2010,incoming
https://ror.org/0221k0h06,European School of Molecular Medicine,IT,Italy,2,UPO,2006-2010,incoming
https://ror.org/0221y4w38,Johnson Research & Development (United States),US,United States,11,UPO,2006-2010,incoming
https://ror.org/02223wv31,"Edward Hines, Jr. VA Hospital",US,United States,2,UPO,2006-2010,incoming
https://ror.org/022261z88,Evans Army Community Hospital,US,United States,2,UPO,2006-2010,incoming
https://ror.org/022296476,National Kyushu Medical Center,JP,Japan,2,UPO,2006-2010,incoming
https://ror.org/0222df516,Probity Medical Research,CA,Canada,1,UPO,2006-2010,incoming
https://ror.org/0222p1e69,Eugene Applebaum College of Pharmacy and Health Sciences,US,United States,1,UPO,2006-2010,incoming
https://ror.org/02237ny03,Taste and Smell Clinic,US,United States,1,UPO,2006-2010,incoming
https://ror.org/0224bx186,Nazareth College,US,United States,982,UPO,2006-2010,incoming
https://ror.org/0225asj53,Department of Health,TW,Taiwan,5,UPO,2006-2010,incoming
https://ror.org/02278tr80,Kyushu Institute of Technology,JP,Japan,2,UPO,2006-2010,incoming
https://ror.org/0227as991,Chungnam National University,KR,South Korea,41,UPO,2006-2010,incoming
https://ror.org/0227fbx80,Université Montpellier 1,FR,France,7,UPO,2006-2010,incoming
https://ror.org/0227qpa16,NHS Blood and Transplant,GB,United Kingdom,7,UPO,2006-2010,incoming
https://ror.org/0228w5t68,KK Women's and Children's Hospital,SG,Singapore,1,UPO,2006-2010,incoming
https://ror.org/0229xaa13,The Catholic University of Korea Yeouido St. Mary's Hospital,KR,South Korea,1,UPO,2006-2010,incoming
https://ror.org/022arq532,Prince of Wales Hospital,AU,Australia,7,UPO,2006-2010,incoming
https://ror.org/022b0h879,Institut de Physique de Rennes,FR,France,19,UPO,2006-2010,incoming
https://ror.org/022b6b871,Jobu University,JP,Japan,2,UPO,2006-2010,incoming
https://ror.org/022bnxw24,Institut d'Astrophysique de Paris,FR,France,1,UPO,2006-2010,incoming
https://ror.org/022cvpj02,University of Tokyo Hospital,JP,Japan,10,UPO,2006-2010,incoming
https://ror.org/022d5qt08,Julius Kühn-Institut,DE,Germany,5,UPO,2006-2010,incoming
https://ror.org/022dvs210,Institute of Biochemistry,HU,Hungary,2,UPO,2006-2010,incoming
https://ror.org/022e9e065,Shijiazhuang Tiedao University,CN,China,2,UPO,2006-2010,incoming
https://ror.org/022em3k58,de Duve Institute,BE,Belgium,2,UPO,2006-2010,incoming
https://ror.org/022f44628,King's College - North Carolina,US,United States,12,UPO,2006-2010,incoming
https://ror.org/022g6pv04,National University of Patagonia San Juan Bosco,AR,Argentina,1,UPO,2006-2010,incoming
https://ror.org/022gnbj15,Louisiana State University System,US,United States,30,UPO,2006-2010,incoming
https://ror.org/022gvqh28,Amsterdam Institute for Addiction Research,NL,The Netherlands,2,UPO,2006-2010,incoming
https://ror.org/022h0tq76,Kanagawa Children's Medical Center,JP,Japan,3,UPO,2006-2010,incoming
https://ror.org/022hq6c49,"Istituto Nazionale di Fisica Nucleare, Sezione di Bari",IT,Italy,12,UPO,2006-2010,incoming
https://ror.org/022jc0g24,Max Planck Institute for Developmental Biology,DE,Germany,6,UPO,2006-2010,incoming
https://ror.org/022jeg055,Dallas Diabetes Research Center,US,United States,1,UPO,2006-2010,incoming
https://ror.org/022jz8688,York University,US,United States,17,UPO,2006-2010,incoming
https://ror.org/022k4wk35,Beijing Normal University,CN,China,110,UPO,2006-2010,incoming
https://ror.org/022kvet57,Alexandru Ioan Cuza University,RO,Romania,1,UPO,2006-2010,incoming
https://ror.org/022m8c549,Laboratoire de Biotechnologie de l'Environnement,FR,France,4,UPO,2006-2010,incoming
https://ror.org/022mcyh62,Translational Research Informatics Center (Japan),JP,Japan,19,UPO,2006-2010,incoming
https://ror.org/022pm7h15,Health Protection Agency,GB,United Kingdom,4,UPO,2006-2010,incoming
https://ror.org/022qam104,Universidad Autónoma España de Durango,MX,Mexico,6,UPO,2006-2010,incoming
https://ror.org/022qq1986,Action on Smoking and Health,GB,United Kingdom,2,UPO,2006-2010,incoming
https://ror.org/022r50851,Steadman Clinic,US,United States,1,UPO,2006-2010,incoming
https://ror.org/022r5hc56,Centre de Recherche en Automatique de Nancy,FR,France,6,UPO,2006-2010,incoming
https://ror.org/022r8mj40,Instituto de Física Teórica,ES,Spain,31,UPO,2006-2010,incoming
https://ror.org/022s5gm85,Dongguan People’s Hospital,CN,China,1,UPO,2006-2010,incoming
https://ror.org/022ssnb78,Universidade de Coimbra Arquivo,PT,Portugal,29,UPO,2006-2010,incoming
https://ror.org/022swbj46,National Brain Research Centre,IN,India,7,UPO,2006-2010,incoming
https://ror.org/022syn853,Shanghai Institute of Materia Medica,CN,China,23,UPO,2006-2010,incoming
https://ror.org/022tqjv17,University of Yamanashi Hospital,JP,Japan,1,UPO,2006-2010,incoming
https://ror.org/022txr781,Laboratoire de Physique Corpusculaire de Caen,FR,France,2,UPO,2006-2010,incoming
https://ror.org/022vd9g66,Hôpital Orthopédique de la Suisse Romande,CH,Switzerland,7,UPO,2006-2010,incoming
https://ror.org/022x6qg61,Vassar College,US,United States,4,UPO,2006-2010,incoming
https://ror.org/022xyn875,Institute of Bioengineering and Nanotechnology,SG,Singapore,1,UPO,2006-2010,incoming
https://ror.org/022yhjq53,Meisei University,JP,Japan,2,UPO,2006-2010,incoming
https://ror.org/022yvqh08,"University College Hospital, Ibadan",NG,Nigeria,2,UPO,2006-2010,incoming
https://ror.org/022zbs961,Université de Yaoundé I,CM,Cameroon,1,UPO,2006-2010,incoming
https://ror.org/022zknp80,Texas Department of State Health Services,US,United States,2,UPO,2006-2010,incoming
https://ror.org/022zv0672,Istituto Superiore per la Protezione e la Ricerca Ambientale,IT,Italy,1,UPO,2006-2010,incoming
https://ror.org/02309jg23,IT University of Copenhagen,DK,Denmark,7,UPO,2006-2010,incoming
https://ror.org/0230h1q47,King Fahd Hospital of the University,SA,Saudi Arabia,1,UPO,2006-2010,incoming
https://ror.org/0231d2y50,Lenox Hill Hospital,US,United States,4,UPO,2006-2010,incoming
https://ror.org/0232r4451,Southern Illinois University School of Medicine,US,United States,19,UPO,2006-2010,incoming
https://ror.org/023331s46,The George Institute for Global Health,AU,Australia,3,UPO,2006-2010,incoming
https://ror.org/02336z538,Duquesne University,US,United States,5,UPO,2006-2010,incoming
https://ror.org/0233st365,Météo-France,FR,France,1,UPO,2006-2010,incoming
https://ror.org/0234wmv40,University of Bayreuth,DE,Germany,15,UPO,2006-2010,incoming
https://ror.org/0235kxk33,Polytechnic Institute of Viseu,PT,Portugal,2,UPO,2006-2010,incoming
https://ror.org/0235kyq22,Petrobras (Brazil),BR,Brazil,3,UPO,2006-2010,incoming
https://ror.org/0236s9n59,East Sussex County Council,GB,United Kingdom,1,UPO,2006-2010,incoming
https://ror.org/0237c2m81,HCA Healthcare,US,United States,1,UPO,2006-2010,incoming
https://ror.org/02385fa51,Max Planck Institute for Marine Microbiology,DE,Germany,1,UPO,2006-2010,incoming
https://ror.org/0238gtq84,Rajavithi Hospital,TH,Thailand,2,UPO,2006-2010,incoming
https://ror.org/0238gz740,Institute for Theoretical and Experimental Physics,RU,Russia,1369,UPO,2006-2010,incoming
https://ror.org/023abrt21,Al Ain University,AE,United Arab Emirates,1,UPO,2006-2010,incoming
https://ror.org/023b0x485,Johannes Gutenberg University Mainz,DE,Germany,562,UPO,2006-2010,incoming
https://ror.org/023b72294,Huazhong Agricultural University,CN,China,10,UPO,2006-2010,incoming
https://ror.org/023drta67,BIO5 Institute,US,United States,1,UPO,2006-2010,incoming
https://ror.org/023egfd39,Onconova Therapeutics (United States),US,United States,1,UPO,2006-2010,incoming
https://ror.org/023er3e86,Qingdao Binhai University,CN,China,13,UPO,2006-2010,incoming
https://ror.org/023ffhx15,Laboratoire Roberval,FR,France,1,UPO,2006-2010,incoming
https://ror.org/023fpv336,State Key Laboratory of Structural Chemistry,CN,China,38,UPO,2006-2010,incoming
https://ror.org/023gzwx10,Fayoum University,EG,Egypt,64,UPO,2006-2010,incoming
https://ror.org/023hj5876,Dalian University of Technology,CN,China,16,UPO,2006-2010,incoming
https://ror.org/023jdj880,Groupe Hospitalier Mutualiste de Grenoble,FR,France,1,UPO,2006-2010,incoming
https://ror.org/023kjn321,Qazvin Islamic Azad University,IR,Iran,1,UPO,2006-2010,incoming
https://ror.org/023m35461,Istanbul Bilim University,TR,Turkey,2,UPO,2006-2010,incoming
https://ror.org/023m51b03,Cancer Council Victoria,AU,Australia,4,UPO,2006-2010,incoming
https://ror.org/023ny1p48,"National Heart, Lung, and Blood Institute Division of Intramural Research",US,United States,3,UPO,2006-2010,incoming
https://ror.org/023p7mg82,Lakehead University,CA,Canada,1,UPO,2006-2010,incoming
https://ror.org/023p7x818,Advocate Center for Pediatric Research,US,United States,1,UPO,2006-2010,incoming
https://ror.org/023pm6532,An Giang University,VN,Vietnam,1,UPO,2006-2010,incoming
https://ror.org/023q4bk22,Central Queensland University,AU,Australia,6,UPO,2006-2010,incoming
https://ror.org/023qavy03,Baruch College,US,United States,7,UPO,2006-2010,incoming
https://ror.org/023qc4a07,Hubrecht Institute for Developmental Biology and Stem Cell Research,NL,The Netherlands,3,UPO,2006-2010,incoming
https://ror.org/023rffy11,RIKEN Center for Biosystems Dynamics Research,JP,Japan,4,UPO,2006-2010,incoming
https://ror.org/023rhb549,Chongqing University,CN,China,7,UPO,2006-2010,incoming
https://ror.org/023sm4k53,"Department of Physics, Mathematics and Informatics",BY,Belarus,1,UPO,2006-2010,incoming
https://ror.org/023sxys58,Purdue Pharma (Canada),CA,Canada,1,UPO,2006-2010,incoming
https://ror.org/023te5r95,Fifth Affiliated Hospital of Sun Yat-sen University,CN,China,1,UPO,2006-2010,incoming
https://ror.org/023teqr16,Parenting Research Centre,AU,Australia,1,UPO,2006-2010,incoming
https://ror.org/023v4bd62,National Agriculture and Food Research Organization,JP,Japan,12,UPO,2006-2010,incoming
https://ror.org/023w6y044,VA Great Lakes Health Care System,US,United States,10,UPO,2006-2010,incoming
https://ror.org/023wh8b50,Public Health Scotland,GB,United Kingdom,1,UPO,2006-2010,incoming
https://ror.org/023xf2a37,Public Health Agency of Canada,CA,Canada,7,UPO,2006-2010,incoming
https://ror.org/023xgd207,Hôpital Lyon Sud,FR,France,19,UPO,2006-2010,incoming
https://ror.org/023yvt917,EURECAT Centre Tecnològic de Catalunya,ES,Spain,2,UPO,2006-2010,incoming
https://ror.org/023znxa73,St Petersburg University,RU,Russia,603,UPO,2006-2010,incoming
https://ror.org/024009532,Hôpital de Beaumont,CH,Switzerland,1,UPO,2006-2010,incoming
https://ror.org/02405mj67,Belfast City Hospital,GB,United Kingdom,8,UPO,2006-2010,incoming
https://ror.org/0240rwx68,Neuroscience Institute,IT,Italy,34,UPO,2006-2010,incoming
https://ror.org/0242cby63,L. N. Gumilyov Eurasian National University,KZ,Kazakhstan,1,UPO,2006-2010,incoming
https://ror.org/0242qs713,Birmingham VA Medical Center,US,United States,4,UPO,2006-2010,incoming
https://ror.org/0242vta36,University of Pittsburgh at Titusville,US,United States,330,UPO,2006-2010,incoming
https://ror.org/0243gzr89,Max Planck Institute for Biology,DE,Germany,59,UPO,2006-2010,incoming
https://ror.org/0243t3259,Queen Astrid Military Hospital,BE,Belgium,5,UPO,2006-2010,incoming
https://ror.org/024465936,German Diabetes Center Mergentheim,DE,Germany,2,UPO,2006-2010,incoming
https://ror.org/0244rem06,Shinshu University,JP,Japan,38,UPO,2006-2010,incoming
https://ror.org/0245cg223,University of Freiburg,DE,Germany,707,UPO,2006-2010,incoming
https://ror.org/02463v873,Instituto Politécnico da Guarda,PT,Portugal,1,UPO,2006-2010,incoming
https://ror.org/0246mbd04,Centre Hospitalier Sud Francilien,FR,France,2,UPO,2006-2010,incoming
https://ror.org/02474f074,Universiti Malaysia Terengganu,MY,Malaysia,129,UPO,2006-2010,incoming
https://ror.org/024850w61,Alcatel-Lucent (France),FR,France,1,UPO,2006-2010,incoming
https://ror.org/02487ts63,Malaghan Institute of Medical Research,NZ,New Zealand,1,UPO,2006-2010,incoming
https://ror.org/02495e989,UCLouvain,BE,Belgium,1178,UPO,2006-2010,incoming
https://ror.org/0249jjk91,Kuwait Cancer Control Center,KW,Kuwait,3,UPO,2006-2010,incoming
https://ror.org/024a5cr96,Education and Research Foundation for Nuclear Medicine and Molecular Imaging,US,United States,1,UPO,2006-2010,incoming
https://ror.org/024a8dx81,Sisters of Charity Hospital,HR,Croatia,2,UPO,2006-2010,incoming
https://ror.org/024amfv85,Federal Agency for Health and Social Development,RU,Russia,1,UPO,2006-2010,incoming
https://ror.org/024b57v39,Kosin University,KR,South Korea,1,UPO,2006-2010,incoming
https://ror.org/024c2fq17,Sharif University of Technology,IR,Iran,18,UPO,2006-2010,incoming
https://ror.org/024d6js02,Charles University,CZ,Czechia,800,UPO,2006-2010,incoming
https://ror.org/024daed65,Social and Scientific Systems (United States),US,United States,3,UPO,2006-2010,incoming
https://ror.org/024emf479,Region Östergötland,SE,Sweden,1,UPO,2006-2010,incoming
https://ror.org/024esvk12,Saint Barnabas Medical Center,US,United States,1,UPO,2006-2010,incoming
https://ror.org/024exxj48,Gifu University,JP,Japan,34,UPO,2006-2010,incoming
https://ror.org/024eyyq66,Armed Forces Hospital,SA,Saudi Arabia,1,UPO,2006-2010,incoming
https://ror.org/024gw2733,University of Baltimore,US,United States,2,UPO,2006-2010,incoming
https://ror.org/024gy8x37,Population Reference Bureau,US,United States,1,UPO,2006-2010,incoming
https://ror.org/024kbgz78,Gwangju Institute of Science and Technology,KR,South Korea,5,UPO,2006-2010,incoming
https://ror.org/024mrxd33,University of Leeds,GB,United Kingdom,70,UPO,2006-2010,incoming
https://ror.org/024mw5h28,University of Chicago,US,United States,45,UPO,2006-2010,incoming
https://ror.org/024n70r63,Living Independently Now Center,US,United States,4,UPO,2006-2010,incoming
https://ror.org/024nhth42,United Health Services,US,United States,1,UPO,2006-2010,incoming
https://ror.org/024ran220,Kansai Rosai Hospital,JP,Japan,1,UPO,2006-2010,incoming
https://ror.org/024tgbv41,Roche (United Kingdom),GB,United Kingdom,1,UPO,2006-2010,incoming
https://ror.org/024yc3q36,Tottori University,JP,Japan,23,UPO,2006-2010,incoming
https://ror.org/024ye7w89,National Research Council - Institute of Methodologies for Environmental Analysis,IT,Italy,1,UPO,2006-2010,incoming
https://ror.org/024z2rq82,Heinrich Heine University Düsseldorf,DE,Germany,58,UPO,2006-2010,incoming
https://ror.org/024zjzd49,Lublin University of Technology,PL,Poland,1,UPO,2006-2010,incoming
https://ror.org/0250jpt55,Saurashtra University,IN,India,2,UPO,2006-2010,incoming
https://ror.org/0250ngj72,Centre Hospitalier Universitaire d'Angers,FR,France,18,UPO,2006-2010,incoming
https://ror.org/0251nbz82,"Bayerisches Staatsministerium für Ernährung, Landwirtschaft und Forsten",DE,Germany,1,UPO,2006-2010,incoming
https://ror.org/02532pm14,International University of Korea,KR,South Korea,1,UPO,2006-2010,incoming
https://ror.org/0254bmq54,National Center of Neurology and Psychiatry,JP,Japan,13,UPO,2006-2010,incoming
https://ror.org/02550n020,European Synchrotron Radiation Facility,FR,France,26,UPO,2006-2010,incoming
https://ror.org/025602r80,Scuola Superiore Sant'Anna,IT,Italy,52,UPO,2006-2010,incoming
https://ror.org/02578cn21,Parallel Quantum Solutions (United States),US,United States,2,UPO,2006-2010,incoming
https://ror.org/0257dtg16,Dicle University,TR,Turkey,3,UPO,2006-2010,incoming
https://ror.org/0257kt353,University West,SE,Sweden,5,UPO,2006-2010,incoming
https://ror.org/0257sgk90,Laboratoire d’Informatique et Systèmes,FR,France,20,UPO,2006-2010,incoming
https://ror.org/025821s54,University Hospital Coventry,GB,United Kingdom,2,UPO,2006-2010,incoming
https://ror.org/0258apj61,Amsterdam Public Health,NL,The Netherlands,2,UPO,2006-2010,incoming
https://ror.org/025cem651,Walter Reed National Military Medical Center,US,United States,2,UPO,2006-2010,incoming
https://ror.org/025chrz76,Marshfield Clinic,US,United States,6,UPO,2006-2010,incoming
https://ror.org/025d8rj75,Yeungnam University Yeongcheon Hospital,KR,South Korea,10,UPO,2006-2010,incoming
https://ror.org/025e3ct30,"Istituto Nazionale di Fisica Nucleare, Laboratori Nazionali di Legnaro",IT,Italy,862,UPO,2006-2010,incoming
https://ror.org/025en1p25,Institute for Theoretical Physics,CH,Switzerland,71,UPO,2006-2010,incoming
https://ror.org/025er3q23,Ministère des Armées,FR,France,3,UPO,2006-2010,incoming
https://ror.org/025fw7a54,Friedrich-Loeffler-Institut,DE,Germany,2,UPO,2006-2010,incoming
https://ror.org/025fyfd20,Children's Hospital of Zhejiang University,CN,China,6,UPO,2006-2010,incoming
https://ror.org/025gq5q04,Institute of Urban Environment,CN,China,1,UPO,2006-2010,incoming
https://ror.org/025gshh98,NTI University,NL,The Netherlands,8,UPO,2006-2010,incoming
https://ror.org/025h0r574,Fundación Pública Galega de Medicina Xenómica,ES,Spain,5,UPO,2006-2010,incoming
https://ror.org/025h1m602,Konkuk University,KR,South Korea,696,UPO,2006-2010,incoming
https://ror.org/025h79t26,University of Peradeniya,LK,Sri Lanka,3,UPO,2006-2010,incoming
https://ror.org/025h9kw94,Asahikawa Medical University,JP,Japan,1,UPO,2006-2010,incoming
https://ror.org/025hkeg57,State Key Laboratory of Transient Optics and Photonics,CN,China,1,UPO,2006-2010,incoming
https://ror.org/025j2nd68,The Lundquist Institute,US,United States,11,UPO,2006-2010,incoming
https://ror.org/025m0q735,Wilford Hall Ambulatory Surgical Center,US,United States,5,UPO,2006-2010,incoming
https://ror.org/025mhd687,Institut des Neurosciences Cellulaires et Intégratives,FR,France,4,UPO,2006-2010,incoming
https://ror.org/025mtxh67,FrieslandCampina (Netherlands),NL,The Netherlands,1,UPO,2006-2010,incoming
https://ror.org/025mx2575,Yeditepe University,TR,Turkey,3,UPO,2006-2010,incoming
https://ror.org/025mxtn51,Center for Environmental Information Science,JP,Japan,1,UPO,2006-2010,incoming
https://ror.org/025n38288,University Hospitals Coventry and Warwickshire NHS Trust,GB,United Kingdom,5,UPO,2006-2010,incoming
https://ror.org/025q7sd17,Hospital General Dr. Manuel Gea Gonzalez,MX,Mexico,2,UPO,2006-2010,incoming
https://ror.org/025qedy81,Children's Health Ireland at Crumlin,IE,Ireland,5,UPO,2006-2010,incoming
https://ror.org/025qq4838,Gobierno de Navarra,ES,Spain,4,UPO,2006-2010,incoming
https://ror.org/025qrzc85,Queen Elizabeth II Health Sciences Centre,CA,Canada,3,UPO,2006-2010,incoming
https://ror.org/025r5qe02,Syracuse University,US,United States,64,UPO,2006-2010,incoming
https://ror.org/025rrx658,"Istituto Nazionale di Fisica Nucleare, Roma Tor Vergata",IT,Italy,4,UPO,2006-2010,incoming
https://ror.org/025s1b152,Université Catholique de Lille,FR,France,1,UPO,2006-2010,incoming
https://ror.org/025s55q11,Beijing Institute of Petrochemical Technology,CN,China,1,UPO,2006-2010,incoming
https://ror.org/025sbr097,Royal Society of Chemistry,GB,United Kingdom,2,UPO,2006-2010,incoming
https://ror.org/025sxka56,IBM (Canada),CA,Canada,1,UPO,2006-2010,incoming
https://ror.org/025vmq686,Pontifícia Universidade Católica do Rio Grande do Sul,BR,Brazil,25,UPO,2006-2010,incoming
https://ror.org/025vn3989,GlaxoSmithKline (United States),US,United States,16,UPO,2006-2010,incoming
https://ror.org/025vngs54,Universitätsmedizin Greifswald,DE,Germany,2,UPO,2006-2010,incoming
https://ror.org/025vp2923,Institut Mines-Télécom,FR,France,2,UPO,2006-2010,incoming
https://ror.org/025wzwv46,University of Northern British Columbia,CA,Canada,1,UPO,2006-2010,incoming
https://ror.org/025y6ny17,Institute for Cardiovascular Diseases of Vojvodina,RS,Serbia,1,UPO,2006-2010,incoming
https://ror.org/025yj9w07,Department of Health,ES,Spain,5,UPO,2006-2010,incoming
https://ror.org/025yjfh46,VA MidSouth Healthcare Network,US,United States,8,UPO,2006-2010,incoming
https://ror.org/02601yx74,Beijing National Laboratory for Molecular Sciences,CN,China,26,UPO,2006-2010,incoming
https://ror.org/0260j1g46,University of Massachusetts System,US,United States,105,UPO,2006-2010,incoming
https://ror.org/0263jp665,Hôpital René Huguenin,FR,France,2,UPO,2006-2010,incoming
https://ror.org/0263zy895,Istituto di Metodologie Chimiche,IT,Italy,1,UPO,2006-2010,incoming
https://ror.org/0264d9934,Royal Aberdeen Children's Hospital,GB,United Kingdom,2,UPO,2006-2010,incoming
https://ror.org/0264fdx42,San Diego State University,US,United States,22,UPO,2006-2010,incoming
https://ror.org/0264qnp36,Second Artillery General Hospital of Chinese People's Liberation Army,CN,China,4,UPO,2006-2010,incoming
https://ror.org/0264zxa45,Tohoku Medical and Pharmaceutical University,JP,Japan,12,UPO,2006-2010,incoming
https://ror.org/0265d1010,Shanxi Medical University,CN,China,3,UPO,2006-2010,incoming
https://ror.org/0265ntg49,Association of Universities and Colleges of Canada,CA,Canada,1,UPO,2006-2010,incoming
https://ror.org/0265wc016,Canadian Institute for Theoretical Astrophysics,CA,Canada,1,UPO,2006-2010,incoming
https://ror.org/0266h1q26,Norton Healthcare,US,United States,3,UPO,2006-2010,incoming
https://ror.org/0267vjk41,University of Hertfordshire,GB,United Kingdom,6,UPO,2006-2010,incoming
https://ror.org/0268ecp52,Paris-Est Sup,FR,France,11,UPO,2006-2010,incoming
https://ror.org/02693j602,Institut Regional du Cancer de Montpellier,FR,France,4,UPO,2006-2010,incoming
https://ror.org/026axqv54,Nanjing Drum Tower Hospital,CN,China,4,UPO,2006-2010,incoming
https://ror.org/026dp0v66,Union for International Cancer Control,CH,Switzerland,1,UPO,2006-2010,incoming
https://ror.org/026e9yy16,Affiliated Hospital of Qingdao University,CN,China,2,UPO,2006-2010,incoming
https://ror.org/026ey8z81,Environmental Research Center,DZ,Algeria,1,UPO,2006-2010,incoming
https://ror.org/026g3rz20,Instituto Nacional de Ciência e Tecnologia em Toxinas,BR,Brazil,2,UPO,2006-2010,incoming
https://ror.org/026hasc65,Shinbeppu Hospital,JP,Japan,1,UPO,2006-2010,incoming
https://ror.org/026k5mg93,University of East Anglia,GB,United Kingdom,50,UPO,2006-2010,incoming
https://ror.org/026mp1041,St. Joseph Hospital,US,United States,10,UPO,2006-2010,incoming
https://ror.org/026nmvv73,Max Planck Institute for Biological Cybernetics,DE,Germany,25,UPO,2006-2010,incoming
https://ror.org/026p6d134,Memorial Health University Medical Center,US,United States,1,UPO,2006-2010,incoming
https://ror.org/026pg9j08,Toronto General Hospital,CA,Canada,26,UPO,2006-2010,incoming
https://ror.org/026qypj38,Petre Andrei University of Iași,RO,Romania,1,UPO,2006-2010,incoming
https://ror.org/026vbyp30,Q University,KZ,Kazakhstan,1,UPO,2006-2010,incoming
https://ror.org/026vcq606,KTH Royal Institute of Technology,SE,Sweden,133,UPO,2006-2010,incoming
https://ror.org/026vm4649,Agricultural Research Institute Kromeriz,CZ,Czechia,1,UPO,2006-2010,incoming
https://ror.org/026vtd268,Maulana Azad National Institute of Technology,IN,India,3,UPO,2006-2010,incoming
https://ror.org/026vvkz19,National Interuniversity Consortium for the Physical Sciences of Matter,IT,Italy,9,UPO,2006-2010,incoming
https://ror.org/026w31v75,University of Technology Malaysia,MY,Malaysia,9,UPO,2006-2010,incoming
https://ror.org/026wwrx19,University of Kuala Lumpur,MY,Malaysia,2,UPO,2006-2010,incoming
https://ror.org/026xdcm93,Royal Cornwall Hospital Trust,GB,United Kingdom,2,UPO,2006-2010,incoming
https://ror.org/026ynmk26,Institute of Molecular Genetics and Genetic Engineering,RS,Serbia,5,UPO,2006-2010,incoming
https://ror.org/026yzxh70,Arcispedale Sant'Anna,IT,Italy,5,UPO,2006-2010,incoming
https://ror.org/026zzn846,Queen Mary University of London,GB,United Kingdom,459,UPO,2006-2010,incoming
https://ror.org/02704qw51,Wellcome Centre for Human Neuroimaging,GB,United Kingdom,13,UPO,2006-2010,incoming
https://ror.org/0270ceh40,Masaryk Memorial Cancer Institute,CZ,Czechia,6,UPO,2006-2010,incoming
https://ror.org/0270vfa57,University of Southern Mississippi,US,United States,11,UPO,2006-2010,incoming
https://ror.org/0270xt841,Institut de Myologie,FR,France,6,UPO,2006-2010,incoming
https://ror.org/0271asj38,Science Foundation Ireland,IE,Ireland,1,UPO,2006-2010,incoming
https://ror.org/02722hp10,Assaf Harofeh Medical Center,IL,Israel,10,UPO,2006-2010,incoming
https://ror.org/0272j5188,Northern Arizona University,US,United States,2,UPO,2006-2010,incoming
https://ror.org/0272rjm42,Doğuş University,TR,Turkey,5,UPO,2006-2010,incoming
https://ror.org/0275ye937,Centre Hospitalier Universitaire de Nîmes,FR,France,11,UPO,2006-2010,incoming
https://ror.org/0276rjc88,Institute for Nuclear Research and Nuclear Energy,BG,Bulgaria,858,UPO,2006-2010,incoming
https://ror.org/02772kk97,Japan Meteorological Agency,JP,Japan,2,UPO,2006-2010,incoming
https://ror.org/02778hg05,Universität Trier,DE,Germany,2,UPO,2006-2010,incoming
https://ror.org/0277n1841,University of Tennessee Medical Center,US,United States,2,UPO,2006-2010,incoming
https://ror.org/0277xgb12,Institute of Cytology and Genetics,RU,Russia,1,UPO,2006-2010,incoming
https://ror.org/02785qs39,Institut de Génétique Moléculaire de Montpellier,FR,France,1,UPO,2006-2010,incoming
https://ror.org/0278hns33,Institute of Diabetes Research,DE,Germany,3,UPO,2006-2010,incoming
https://ror.org/02794jc95,Klinik und Poliklinik für Frauenheilkunde und Geburtshilfe,DE,Germany,1,UPO,2006-2010,incoming
https://ror.org/027951x59,Janbazan Medical and Engineering Research Center,IR,Iran,1,UPO,2006-2010,incoming
https://ror.org/02797hn66,Dr. Ram Manohar Lohia Avadh University,IN,India,1,UPO,2006-2010,incoming
https://ror.org/027a61038,Shandong Center for Disease Control and Prevention,CN,China,1,UPO,2006-2010,incoming
https://ror.org/027ankh97,Université Toulouse Capitole,FR,France,5,UPO,2006-2010,incoming
https://ror.org/027arzy69,Centre Hospitalier Universitaire de Caen Normandie,FR,France,30,UPO,2006-2010,incoming
https://ror.org/027bh9e22,Leiden University,NL,The Netherlands,83,UPO,2006-2010,incoming
https://ror.org/027bzz146,"California State University, Chico",US,United States,2,UPO,2006-2010,incoming
https://ror.org/027e4g787,York Teaching Hospital NHS Foundation Trust,GB,United Kingdom,1,UPO,2006-2010,incoming
https://ror.org/027f9rb06,Shimonoseki City Hospital,JP,Japan,1,UPO,2006-2010,incoming
https://ror.org/027g9mf44,Government of the Philippines,PH,Philippines,2,UPO,2006-2010,incoming
https://ror.org/027hwkg23,Engelhardt Institute of Molecular Biology,RU,Russia,6,UPO,2006-2010,incoming
https://ror.org/027j9rp38,Inje University Sanggye Paik Hospital,KR,South Korea,1,UPO,2006-2010,incoming
https://ror.org/027jsza11,Vidyasagar University,IN,India,1,UPO,2006-2010,incoming
https://ror.org/027k65916,Jet Propulsion Laboratory,US,United States,2,UPO,2006-2010,incoming
https://ror.org/027ka1x80,National Aeronautics and Space Administration,US,United States,10,UPO,2006-2010,incoming
https://ror.org/027kczr92,Asahi Glass (Belgium),BE,Belgium,2,UPO,2006-2010,incoming
https://ror.org/027m9bs27,University of Manchester,GB,United Kingdom,39,UPO,2006-2010,incoming
https://ror.org/027mhn368,U.S. Army Engineer Research and Development Center,US,United States,2,UPO,2006-2010,incoming
https://ror.org/027n40j28,Clarion University,US,United States,6,UPO,2006-2010,incoming
https://ror.org/027nwsc63,Medical Genetics Center,DE,Germany,3,UPO,2006-2010,incoming
https://ror.org/027pk6j83,Madrid Institute for Advanced Studies,ES,Spain,2,UPO,2006-2010,incoming
https://ror.org/027pr6c67,Muhimbili University of Health and Allied Sciences,TZ,Tanzania,7,UPO,2006-2010,incoming
https://ror.org/027q9k466,Alexandra Hospital,GB,United Kingdom,1,UPO,2006-2010,incoming
https://ror.org/027rkpb34,Salford Royal Hospital,GB,United Kingdom,5,UPO,2006-2010,incoming
https://ror.org/027s08w94,Universidade Estadual de Ponta Grossa,BR,Brazil,13,UPO,2006-2010,incoming
https://ror.org/027taah18,"Czech Academy of Sciences, Institute of Scientific Instruments",CZ,Czechia,95,UPO,2006-2010,incoming
https://ror.org/027tbp210,Centre for Life,GB,United Kingdom,2,UPO,2006-2010,incoming
https://ror.org/027v97282,"International Clinical Research Center, St. Anne's University Hospital Brno",CZ,Czechia,6,UPO,2006-2010,incoming
https://ror.org/027vj4x92,Sanofi (United States),US,United States,4,UPO,2006-2010,incoming
https://ror.org/027vts844,Canisius-Wilhelmina Ziekenhuis,NL,The Netherlands,11,UPO,2006-2010,incoming
https://ror.org/027x43420,Nihon Institute of Medical Science,JP,Japan,7,UPO,2006-2010,incoming
https://ror.org/027xxcs87,Nordic Lymphoma Group,DK,Denmark,1,UPO,2006-2010,incoming
https://ror.org/027y26122,Daiichi-Sankyo (Japan),JP,Japan,11,UPO,2006-2010,incoming
https://ror.org/027ynra39,University of Bari Aldo Moro,IT,Italy,1942,UPO,2006-2010,incoming
https://ror.org/027zf7h57,Pusan National University Hospital,KR,South Korea,4,UPO,2006-2010,incoming
https://ror.org/0280a3n32,Joslin Diabetes Center,US,United States,18,UPO,2006-2010,incoming
https://ror.org/0280r7h11,Mid Essex Hospital Services NHS Trust,GB,United Kingdom,1,UPO,2006-2010,incoming
https://ror.org/0281dp749,Helmholtz Association of German Research Centres,DE,Germany,66,UPO,2006-2010,incoming
https://ror.org/02827ca86,Prince of Wales Hospital,HK,Hong Kong,14,UPO,2006-2010,incoming
https://ror.org/0282kvf82,International Pharmaceutical Federation,NL,The Netherlands,1,UPO,2006-2010,incoming
https://ror.org/0282m7c06,University of Banja Luka,BA,Bosnia and Herzegovina,1,UPO,2006-2010,incoming
https://ror.org/0282qcz50,Children's Hospital of Orange County,US,United States,4,UPO,2006-2010,incoming
https://ror.org/02834m470,Chia Nan University of Pharmacy and Science,TW,Taiwan,1,UPO,2006-2010,incoming
https://ror.org/0283g3v77,Qom Islamic Azad University,IR,Iran,1,UPO,2006-2010,incoming
https://ror.org/0283nw634,Medisch Centrum Leeuwarden,NL,The Netherlands,5,UPO,2006-2010,incoming
https://ror.org/0285rh439,TED University,TR,Turkey,13,UPO,2006-2010,incoming
https://ror.org/0285t0292,University of Belgrade – Faculty of Medicine,RS,Serbia,1,UPO,2006-2010,incoming
https://ror.org/0286eck14,Istituto Agronomico Mediterraneo di Bari,IT,Italy,1,UPO,2006-2010,incoming
https://ror.org/0286g6711,Shaoguan University,CN,China,5,UPO,2006-2010,incoming
https://ror.org/0286p1c86,Cancer Center Amsterdam,NL,The Netherlands,7,UPO,2006-2010,incoming
https://ror.org/0287e5797,Siemens (United Kingdom),GB,United Kingdom,1,UPO,2006-2010,incoming
https://ror.org/0287xzx52,Republican Research Center for Radiation Medicine and Human Ecology,BY,Belarus,2,UPO,2006-2010,incoming
https://ror.org/0289ggs32,Administracion de los Servicios de Salud del Estado,UY,Uruguay,3,UPO,2006-2010,incoming
https://ror.org/028brk668,Hospital Infantil Universitario Niño Jesús,ES,Spain,18,UPO,2006-2010,incoming
https://ror.org/028bzjj61,Repsol (Spain),ES,Spain,1,UPO,2006-2010,incoming
https://ror.org/028cef883,Laboratoire Chrono-Environnement,FR,France,3,UPO,2006-2010,incoming
https://ror.org/028crwz56,Universidad Nacional del Sur,AR,Argentina,7,UPO,2006-2010,incoming
https://ror.org/028dac806,Arthur Smith Institute for Urology,US,United States,1,UPO,2006-2010,incoming
https://ror.org/028dyak29,Aja University of Medical Sciences,IR,Iran,1,UPO,2006-2010,incoming
https://ror.org/028ebfc83,West Virginia University Institute of Technology,US,United States,23,UPO,2006-2010,incoming
https://ror.org/028ev2d94,Instituto de Productos Naturales y Agrobiología,ES,Spain,2,UPO,2006-2010,incoming
https://ror.org/028fd8812,Santa Clara Valley Health and Hospital System,US,United States,2,UPO,2006-2010,incoming
https://ror.org/028fhxy95,Novartis (United States),US,United States,15,UPO,2006-2010,incoming
https://ror.org/028g18b61,Adelaide University,AU,Australia,163,UPO,2006-2010,incoming
https://ror.org/028h95t32,Ludong University,CN,China,3,UPO,2006-2010,incoming
https://ror.org/028hv5492,University Hospital Leipzig,DE,Germany,8,UPO,2006-2010,incoming
https://ror.org/028jh2126,Al al-Bayt University,JO,Jordan,1,UPO,2006-2010,incoming
https://ror.org/028k5qw24,Ondokuz Mayıs University,TR,Turkey,32,UPO,2006-2010,incoming
https://ror.org/028kg9j04,Universidade Federal do ABC,BR,Brazil,703,UPO,2006-2010,incoming
https://ror.org/028mr0844,European Monitoring Centre for Drugs and Drug Addiction,PT,Portugal,7,UPO,2006-2010,incoming
https://ror.org/028ndzd53,Edge Hill University,GB,United Kingdom,2,UPO,2006-2010,incoming
https://ror.org/028p1nc07,University of Michigan Medical School,US,United States,6,UPO,2006-2010,incoming
https://ror.org/028pmsz77,James Madison University,US,United States,47,UPO,2006-2010,incoming
https://ror.org/028pnqf58,Genoscope,FR,France,3,UPO,2006-2010,incoming
https://ror.org/028qedy27,Laboratoire de Chimie et Biochimie Pharmacologiques et Toxicologiques,FR,France,13,UPO,2006-2010,incoming
https://ror.org/028qtbk54,Shiraz University,IR,Iran,17,UPO,2006-2010,incoming
https://ror.org/028rvnd71,Temple University Hospital,US,United States,3,UPO,2006-2010,incoming
https://ror.org/028rypz17,Université Paris-Sud,FR,France,50,UPO,2006-2010,incoming
https://ror.org/028sgmw18,"Czech Academy of Sciences, Library",CZ,Czechia,1,UPO,2006-2010,incoming
https://ror.org/028t46f04,The Ohio State University Comprehensive Cancer Center – Arthur G. James Cancer Hospital and Richard J. Solove Research Institute,US,United States,5,UPO,2006-2010,incoming
https://ror.org/028ta1f94,Chimie de la Matière Condensée de Paris,FR,France,3,UPO,2006-2010,incoming
https://ror.org/028tezs28,Henry Ford Allegiance Health,US,United States,1,UPO,2006-2010,incoming
https://ror.org/028thwc63,Polytechnic University of Puerto Rico Orlando,US,United States,1,UPO,2006-2010,incoming
https://ror.org/028tpe536,Institute of Public Health Zadar,HR,Croatia,2,UPO,2006-2010,incoming
https://ror.org/028vqfs63,Amherst College,US,United States,6,UPO,2006-2010,incoming
https://ror.org/028vtqb15,"Birla Institute of Technology, Mesra",IN,India,2,UPO,2006-2010,incoming
https://ror.org/028vxwa22,Kyoto Prefectural University of Medicine,JP,Japan,31,UPO,2006-2010,incoming
https://ror.org/028wp3y58,Chulalongkorn University,TH,Thailand,33,UPO,2006-2010,incoming
https://ror.org/028wq3277,Institut Charles Gerhardt Montpellier,FR,France,33,UPO,2006-2010,incoming
https://ror.org/028xjkf45,HEMU - Haute École de Musique,CH,Switzerland,3,UPO,2006-2010,incoming
https://ror.org/028z9kw20,University of Applied Sciences Utrecht,NL,The Netherlands,1,UPO,2006-2010,incoming
https://ror.org/0290qyp66,Ochsner Medical Center,US,United States,2,UPO,2006-2010,incoming
https://ror.org/0290wsh42,Istituto Universitario di Studi Superiori di Pavia,IT,Italy,4,UPO,2006-2010,incoming
https://ror.org/02917wp91,Hospital of the University of Pennsylvania,US,United States,17,UPO,2006-2010,incoming
https://ror.org/02927dx12,Institute of Life Sciences,IN,India,1,UPO,2006-2010,incoming
https://ror.org/0294hxs80,California State University Los Angeles,US,United States,5,UPO,2006-2010,incoming
https://ror.org/02956yf07,University of Tsukuba,JP,Japan,642,UPO,2006-2010,incoming
https://ror.org/0296s4x19,Orion Corporation (Finland),FI,Finland,2,UPO,2006-2010,incoming
https://ror.org/0298wh711,Institut des Sciences et technologies pour une Economie Circulaire des énergies bas carbone,FR,France,3,UPO,2006-2010,incoming
https://ror.org/029a4pp87,Hôpital Nord,FR,France,6,UPO,2006-2010,incoming
https://ror.org/029a54f25,Cancer Institute of New South Wales,AU,Australia,1,UPO,2006-2010,incoming
https://ror.org/029b7h395,Directorate for Mathematical & Physical Sciences,US,United States,1,UPO,2006-2010,incoming
https://ror.org/029bjdf19,Institute of Physics,RU,Russia,2,UPO,2006-2010,incoming
https://ror.org/029brtt94,Université Claude Bernard Lyon 1,FR,France,1702,UPO,2006-2010,incoming
https://ror.org/029cgt552,Tunis El Manar University,TN,Tunisia,11,UPO,2006-2010,incoming
https://ror.org/029chgv08,Wellcome Trust,GB,United Kingdom,82,UPO,2006-2010,incoming
https://ror.org/029efta16,Universidad del Salvador,AR,Argentina,2,UPO,2006-2010,incoming
https://ror.org/029f8s748,Canadian Science Centre for Human and Animal Health,CA,Canada,1,UPO,2006-2010,incoming
https://ror.org/029g42942,Institute of Nuclear Medicine & Allied Sciences,IN,India,10,UPO,2006-2010,incoming
https://ror.org/029gksw03,Semnan University,IR,Iran,33,UPO,2006-2010,incoming
https://ror.org/029gprt07,Dunedin Public Hospital,NZ,New Zealand,1,UPO,2006-2010,incoming
https://ror.org/029gwvs11,Salisbury University,US,United States,1,UPO,2006-2010,incoming
https://ror.org/029hept94,Alexandra Hospital,GR,Greece,8,UPO,2006-2010,incoming
https://ror.org/029hzjx43,Rappaport Family Institute for Research in the Medical Sciences,IL,Israel,5,UPO,2006-2010,incoming
https://ror.org/029m7xn54,University of San Francisco,US,United States,2,UPO,2006-2010,incoming
https://ror.org/029man787,Luoyang Normal University,CN,China,2,UPO,2006-2010,incoming
https://ror.org/029n6xw55,Cancer Care Ontario,CA,Canada,7,UPO,2006-2010,incoming
https://ror.org/029njb796,Perm State University,RU,Russia,2,UPO,2006-2010,incoming
https://ror.org/029nkcm90,Observatoire de Paris,FR,France,54,UPO,2006-2010,incoming
https://ror.org/029nvrb94,Singapore National Eye Center,SG,Singapore,1,UPO,2006-2010,incoming
https://ror.org/029nzwk08,Levanger Hospital,NO,Norway,2,UPO,2006-2010,incoming
https://ror.org/029p62z73,Centro di Ricerca per la Patologia Vegetale,IT,Italy,5,UPO,2006-2010,incoming
https://ror.org/029pk6x14,Åbo Akademi University,FI,Finland,21,UPO,2006-2010,incoming
https://ror.org/029pp9z10,Johns Hopkins University Applied Physics Laboratory,US,United States,1,UPO,2006-2010,incoming
https://ror.org/029rfe283,Centre Méditerranéen de Médecine Moléculaire,FR,France,2,UPO,2006-2010,incoming
https://ror.org/029rmm934,Laboratoire Léon Brillouin,FR,France,2,UPO,2006-2010,incoming
https://ror.org/029s44460,IZA - Institute of Labor Economics,DE,Germany,5,UPO,2006-2010,incoming
https://ror.org/029s6hd13,Centre Hospitalier Universitaire de Poitiers,FR,France,17,UPO,2006-2010,incoming
https://ror.org/029s9j634,Cairns Hospital,AU,Australia,1,UPO,2006-2010,incoming
https://ror.org/029tkqm80,St. Vincent's University Hospital,IE,Ireland,16,UPO,2006-2010,incoming
https://ror.org/029tnqt29,Université de Moncton,CA,Canada,16,UPO,2006-2010,incoming
https://ror.org/029tw2407,University of Chichester,GB,United Kingdom,1,UPO,2006-2010,incoming
https://ror.org/029xgej46,Orthopaedic Research and Education Foundation,US,United States,1,UPO,2006-2010,incoming
https://ror.org/029yaft79,Osaka University of Pharmaceutical Sciences,JP,Japan,4,UPO,2006-2010,incoming
https://ror.org/029ycp228,Austral University of Chile,CL,Chile,7,UPO,2006-2010,incoming
https://ror.org/029z02k15,Rutgers Health,US,United States,31,UPO,2006-2010,incoming
https://ror.org/029zea722,Research Institute of Pomology and Floriculture,PL,Poland,2,UPO,2006-2010,incoming
https://ror.org/029zxzd20,Antoni Jurasz University Hospital,PL,Poland,1,UPO,2006-2010,incoming
https://ror.org/02a2kzf50,Hospital Clínic de Barcelona,ES,Spain,68,UPO,2006-2010,incoming
https://ror.org/02a2sfd38,Klinikum Esslingen,DE,Germany,1,UPO,2006-2010,incoming
https://ror.org/02a33b393,Max Planck Institute for Evolutionary Anthropology,DE,Germany,2,UPO,2006-2010,incoming
https://ror.org/02a3w7r50,Hereditary Disease Foundation,US,United States,2,UPO,2006-2010,incoming
https://ror.org/02a57s352,Centro Regional de Hemodonación,ES,Spain,1,UPO,2006-2010,incoming
https://ror.org/02a5smf05,Cockcroft Institute,GB,United Kingdom,7,UPO,2006-2010,incoming
https://ror.org/02a8bt934,Peter MacCallum Cancer Centre,AU,Australia,42,UPO,2006-2010,incoming
https://ror.org/02a8wk986,AKAD University,DE,Germany,1,UPO,2006-2010,incoming
https://ror.org/02ab2dg68,Singleton Hospital,GB,United Kingdom,3,UPO,2006-2010,incoming
https://ror.org/02acart68,Ames Research Center,US,United States,1,UPO,2006-2010,incoming
https://ror.org/02act3e13,BGI (United States),US,United States,3,UPO,2006-2010,incoming
https://ror.org/02acv3g39,"Czech Academy of Sciences, Institute of Chemical Process Fundamentals",CZ,Czechia,1,UPO,2006-2010,incoming
https://ror.org/02ad7ap24,Qujing Normal University,CN,China,2,UPO,2006-2010,incoming
https://ror.org/02ae4je14,Craig Newmark Graduate School of Journalism at the City University of New York,US,United States,1,UPO,2006-2010,incoming
https://ror.org/02aee5m12,Institute of Genetics and Developmental Biology,CN,China,13,UPO,2006-2010,incoming
https://ror.org/02af4h012,Jadavpur University,IN,India,49,UPO,2006-2010,incoming
https://ror.org/02afcvw97,Nantong University,CN,China,2,UPO,2006-2010,incoming
https://ror.org/02ahe3232,European Society of Cardiology,FR,France,1,UPO,2006-2010,incoming
https://ror.org/02aj0kh94,Université Joseph Fourier,FR,France,605,UPO,2006-2010,incoming
https://ror.org/02aj0wy64,Centro Hospitalario Pereira Rossell,UY,Uruguay,2,UPO,2006-2010,incoming
https://ror.org/02aj13c28,Helmholtz-Zentrum Berlin für Materialien und Energie,DE,Germany,3,UPO,2006-2010,incoming
https://ror.org/02aja8v82,OpenEdition Center,FR,France,4,UPO,2006-2010,incoming
https://ror.org/02akpm128,Universidad Católica del Norte,CL,Chile,1,UPO,2006-2010,incoming
https://ror.org/02amggm23,Trimbos Institute,NL,The Netherlands,2,UPO,2006-2010,incoming
https://ror.org/02an57k10,Changchun University,CN,China,2,UPO,2006-2010,incoming
https://ror.org/02an8es95,"National Agency for New Technologies, Energy and Sustainable Economic Development",IT,Italy,43,UPO,2006-2010,incoming
https://ror.org/02aqrmp51,Austrian Red Cross,AT,Austria,1,UPO,2006-2010,incoming
https://ror.org/02aqsxs83,University of Oklahoma,US,United States,72,UPO,2006-2010,incoming
https://ror.org/02aqt9c37,Université Paris-Est Marne-la-Vallée,FR,France,6,UPO,2006-2010,incoming
https://ror.org/02ar2nf05,Shandong Provincial Hospital,CN,China,1,UPO,2006-2010,incoming
https://ror.org/02arnxw97,University of Monterrey,MX,Mexico,1,UPO,2006-2010,incoming
https://ror.org/02arrmv90,Islamic Azad University of Ayatollah Amoli,IR,Iran,2,UPO,2006-2010,incoming
https://ror.org/02as55378,University of Arts and Industrial Design Linz,AT,Austria,2,UPO,2006-2010,incoming
https://ror.org/02asgya46,Agenzia Provinciale per la Protezione dell'ambiente,IT,Italy,1,UPO,2006-2010,incoming
https://ror.org/02aswte26,Manchester University,US,United States,3,UPO,2006-2010,incoming
https://ror.org/02atkd403,Laboratoire de Physique et Chimie Théoriques,FR,France,8,UPO,2006-2010,incoming
https://ror.org/02avqqw26,"California State University, Fullerton",US,United States,3,UPO,2006-2010,incoming
https://ror.org/02axfzt86,Hexi University,CN,China,2,UPO,2006-2010,incoming
https://ror.org/02ay4fy51,Osaka Ekisaikai Hospital,JP,Japan,6,UPO,2006-2010,incoming
https://ror.org/02azyry73,University of Siegen,DE,Germany,146,UPO,2006-2010,incoming
https://ror.org/02b082946,Hospital Universitário Oswaldo Cruz,BR,Brazil,1,UPO,2006-2010,incoming
https://ror.org/02b0zvv74,Instituto Alexander Fleming,AR,Argentina,1,UPO,2006-2010,incoming
https://ror.org/02b1bn727,Chittaranjan National Cancer Institute,IN,India,1,UPO,2006-2010,incoming
https://ror.org/02b1qqv62,National Food Administration,SE,Sweden,1,UPO,2006-2010,incoming
https://ror.org/02b3jn477,KAN Research Institute,JP,Japan,1,UPO,2006-2010,incoming
https://ror.org/02b48z609,University Cancer Center Hamburg,DE,Germany,5,UPO,2006-2010,incoming
https://ror.org/02b5m3n83,Nofer Institute of Occupational Medicine,PL,Poland,4,UPO,2006-2010,incoming
https://ror.org/02b5mfy68,Istituto Dermopatico dell'Immacolata,IT,Italy,32,UPO,2006-2010,incoming
https://ror.org/02b68mf79,Ospedale Santa Maria,IT,Italy,2,UPO,2006-2010,incoming
https://ror.org/02b6c1039,Laboratoire Interdisciplinaire Carnot de Bourgogne,FR,France,1,UPO,2006-2010,incoming
https://ror.org/02b6qw903,University of South Carolina,US,United States,114,UPO,2006-2010,incoming
https://ror.org/02b790a63,Institute of Computer Vision and Applied Computer Sciences,DE,Germany,3,UPO,2006-2010,incoming
https://ror.org/02b988t02,Emek Medical Center,IL,Israel,4,UPO,2006-2010,incoming
https://ror.org/02ba3pt07,Tampere University of Technology,FI,Finland,9,UPO,2006-2010,incoming
https://ror.org/02bb3e325,Threshold Pharmaceuticals (United States),US,United States,1,UPO,2006-2010,incoming
https://ror.org/02bbqcn27,King's College School,GB,United Kingdom,3,UPO,2006-2010,incoming
https://ror.org/02bc8tz70,Neijiang Normal University,CN,China,3,UPO,2006-2010,incoming
https://ror.org/02bchch95,Plant & Food Research,NZ,New Zealand,2,UPO,2006-2010,incoming
https://ror.org/02be6w209,Sapienza University of Rome,IT,Italy,2794,UPO,2006-2010,incoming
https://ror.org/02beve479,La Salle University,US,United States,1,UPO,2006-2010,incoming
https://ror.org/02bf3a828,Hôpital Cardiologique du Haut-Lévêque,FR,France,2,UPO,2006-2010,incoming
https://ror.org/02bfqd210,Regions Hospital,US,United States,4,UPO,2006-2010,incoming
https://ror.org/02bfwt286,Monash University,AU,Australia,90,UPO,2006-2010,incoming
https://ror.org/02bgabj83,Center for Nutrition Policy and Promotion,US,United States,1,UPO,2006-2010,incoming
https://ror.org/02bhhaf78,Laboratoire Chimie Electrochimie Moléculaires et Chimie Analytique,FR,France,15,UPO,2006-2010,incoming
https://ror.org/02bj40x52,Osaka Rosai Hospital,JP,Japan,2,UPO,2006-2010,incoming
https://ror.org/02bjh0167,California Pacific Medical Center,US,United States,22,UPO,2006-2010,incoming
https://ror.org/02bjhwk41,University of Georgia,GE,Georgia,35,UPO,2006-2010,incoming
https://ror.org/02bjjst49,Bergen Science Center,NO,Norway,3,UPO,2006-2010,incoming
https://ror.org/02bjnq803,Jazan University,SA,Saudi Arabia,2,UPO,2006-2010,incoming
https://ror.org/02bjs0p66,Changhai Hospital,CN,China,40,UPO,2006-2010,incoming
https://ror.org/02bn97g32,National Defense Medical Center,TW,Taiwan,19,UPO,2006-2010,incoming
https://ror.org/02bpbnv34,AM–Pharma (Netherlands),NL,The Netherlands,1,UPO,2006-2010,incoming
https://ror.org/02bpnkx55,Taishan University,CN,China,6,UPO,2006-2010,incoming
https://ror.org/02brfgh04,Institute of Human Behaviour and Allied Sciences,IN,India,1,UPO,2006-2010,incoming
https://ror.org/02brsbg31,Ecologie Comportementale et Biologie des Populations de Poissons,FR,France,1,UPO,2006-2010,incoming
https://ror.org/02bsaqx63,House Clinic,US,United States,1,UPO,2006-2010,incoming
https://ror.org/02bsd9p69,Centre de Physique Théorique,FR,France,51,UPO,2006-2010,incoming
https://ror.org/02bv3c993,Academy of Military Medical Sciences,CN,China,8,UPO,2006-2010,incoming
https://ror.org/02bv3zr67,Homi Bhabha National Institute,IN,India,26,UPO,2006-2010,incoming
https://ror.org/02bwk9n38,Chinese Academy of Fishery Sciences,CN,China,5,UPO,2006-2010,incoming
https://ror.org/02bwkwm60,Hiroshima Institute of Technology,JP,Japan,5,UPO,2006-2010,incoming
https://ror.org/02bwytq13,Guangzhou First People's Hospital,CN,China,1,UPO,2006-2010,incoming
https://ror.org/02bx0ak73,Woodland Hills Medical Center,US,United States,1,UPO,2006-2010,incoming
https://ror.org/02bxsvn11,Hellenic Cooperative Oncology Group,GR,Greece,2,UPO,2006-2010,incoming
https://ror.org/02bxt4m23,Northwell Health,US,United States,84,UPO,2006-2010,incoming
https://ror.org/02byjcr11,Fraunhofer Institute for Toxicology and Experimental Medicine,DE,Germany,5,UPO,2006-2010,incoming
https://ror.org/02bz74262,Hiram College,US,United States,1,UPO,2006-2010,incoming
https://ror.org/02bz8aa76,Suzhou University,CN,China,10,UPO,2006-2010,incoming
https://ror.org/02c20ys54,Google (Israel),IL,Israel,1,UPO,2006-2010,incoming
https://ror.org/02c21vy68,Universidad Nacional de La Pampa,AR,Argentina,8,UPO,2006-2010,incoming
https://ror.org/02c28a074,Kantonsspital Münsterlingen,CH,Switzerland,3,UPO,2006-2010,incoming
https://ror.org/02c2e2v80,Institute of Biology and Immunology of Reproduction,BG,Bulgaria,1,UPO,2006-2010,incoming
https://ror.org/02c2f8975,University of Ulsan,KR,South Korea,48,UPO,2006-2010,incoming
https://ror.org/02c2gwm94,Cardiovascular Institute of the South,US,United States,26,UPO,2006-2010,incoming
https://ror.org/02c2kyt77,Eindhoven University of Technology,NL,The Netherlands,541,UPO,2006-2010,incoming
https://ror.org/02c31t502,Guangzhou Institutes of Biomedicine and Health,CN,China,1,UPO,2006-2010,incoming
https://ror.org/02c3vg160,Fukui Prefectural University,JP,Japan,1,UPO,2006-2010,incoming
https://ror.org/02c495c76,St. Joseph’s University Medical Center,US,United States,1,UPO,2006-2010,incoming
https://ror.org/02c4cbt39,Louisiana State University in Shreveport,US,United States,2,UPO,2006-2010,incoming
https://ror.org/02c5jsm26,Research Institute of Molecular Pathology,AT,Austria,2,UPO,2006-2010,incoming
https://ror.org/02c5qvj97,Australian Centre for Neutron Scattering,AU,Australia,2,UPO,2006-2010,incoming
https://ror.org/02c63wv67,University of Central Missouri,US,United States,26,UPO,2006-2010,incoming
https://ror.org/02c8hpe74,James J. Peters VA Medical Center,US,United States,8,UPO,2006-2010,incoming
https://ror.org/02c9qn167,Guangxi University,CN,China,8,UPO,2006-2010,incoming
https://ror.org/02cafbr77,Pontificia Universidad Católica de Valparaíso,CL,Chile,1,UPO,2006-2010,incoming
https://ror.org/02carhc19,Centre Hospitalier de Tourcoing,FR,France,1,UPO,2006-2010,incoming
https://ror.org/02catss52,European Bioinformatics Institute,GB,United Kingdom,20,UPO,2006-2010,incoming
https://ror.org/02caz1263,Third People 's Hospital of Chongqing,CN,China,1,UPO,2006-2010,incoming
https://ror.org/02cbk9w51,Hospital Nacional Dos de Mayo,PE,Peru,1,UPO,2006-2010,incoming
https://ror.org/02cc18e55,Maharaja Jitendra Narayan Medical College & Hospital,IN,India,1,UPO,2006-2010,incoming
https://ror.org/02cc58y38,Hôpital Debrousse,FR,France,4,UPO,2006-2010,incoming
https://ror.org/02cetwy62,Prince Charles Hospital,AU,Australia,3,UPO,2006-2010,incoming
https://ror.org/02cf97417,Laboratoire Hétéroéléments et Coordination,FR,France,16,UPO,2006-2010,incoming
https://ror.org/02cgss904,Kumamoto University,JP,Japan,17,UPO,2006-2010,incoming
https://ror.org/02chsc169,Centre Hospitalier Compiègne-Noyon,FR,France,1,UPO,2006-2010,incoming
https://ror.org/02chw6z69,Kavli Institute for the Physics and Mathematics of the Universe,JP,Japan,12,UPO,2006-2010,incoming
https://ror.org/02chzeh21,National Institute of Fisheries Science,KR,South Korea,2,UPO,2006-2010,incoming
https://ror.org/02cm3s998,Donauspital,AT,Austria,2,UPO,2006-2010,incoming
https://ror.org/02cmjsn57,State Key Laboratory of Freshwater Ecology and Biotechnology,CN,China,5,UPO,2006-2010,incoming
https://ror.org/02cmyty27,St. Joseph's Hospital,CA,Canada,1,UPO,2006-2010,incoming
https://ror.org/02cn3rm21,Ludwig Cancer Research,CH,Switzerland,2,UPO,2006-2010,incoming
https://ror.org/02cntrd02,Wayne State College,US,United States,919,UPO,2006-2010,incoming
https://ror.org/02cp04407,Université de Limoges,FR,France,34,UPO,2006-2010,incoming
https://ror.org/02cpgaz56,Centro de Investigação em Biociências e Tecnologias da Saúde,PT,Portugal,3,UPO,2006-2010,incoming
https://ror.org/02cpjkp59,Beth Israel Deaconess Hospital,US,United States,2,UPO,2006-2010,incoming
https://ror.org/02cq51909,Sendai Medical Center,JP,Japan,1,UPO,2006-2010,incoming
https://ror.org/02cq7de70,Counties Manukau District Health Board,NZ,New Zealand,2,UPO,2006-2010,incoming
https://ror.org/02cqe8q68,Pathologisches Institut,DE,Germany,105,UPO,2006-2010,incoming
https://ror.org/02crev113,Azienda Ospedaliero-Universitaria Careggi,IT,Italy,12,UPO,2006-2010,incoming
https://ror.org/02crff812,University of Zurich,CH,Switzerland,1279,UPO,2006-2010,incoming
https://ror.org/02cs2sd33,Korea University Medical Center,KR,South Korea,13,UPO,2006-2010,incoming
https://ror.org/02csscj62,Serviço de Saúde da Região Autónoma da Madeira,PT,Portugal,1,UPO,2006-2010,incoming
https://ror.org/02cte4b68,Institut de Chimie,FR,France,540,UPO,2006-2010,incoming
https://ror.org/02ctqqq48,Laboratoire d’Archéologie Moléculaire et Structurale,FR,France,1,UPO,2006-2010,incoming
https://ror.org/02cv4ah81,Ishikawa Prefectural Central Hospital,JP,Japan,1,UPO,2006-2010,incoming
https://ror.org/02cwbgy35,East Texas Baptist University,US,United States,5,UPO,2006-2010,incoming
https://ror.org/02cwjh447,Juravinski Cancer Centre,CA,Canada,4,UPO,2006-2010,incoming
https://ror.org/02cy9a842,Carmel Medical Center,IL,Israel,4,UPO,2006-2010,incoming
https://ror.org/02cytaa95,Islamic Azad University of Chalous,IR,Iran,1,UPO,2006-2010,incoming
https://ror.org/02cyw3861,Observatoire Terre et environnement de Lorraine,FR,France,5,UPO,2006-2010,incoming
https://ror.org/02czkny70,Hefei University of Technology,CN,China,3,UPO,2006-2010,incoming
https://ror.org/02czsnj07,Deakin University,AU,Australia,26,UPO,2006-2010,incoming
https://ror.org/02czw2k81,Central South University of Forestry and Technology,CN,China,3,UPO,2006-2010,incoming
https://ror.org/02d0e3p67,Wollongong Hospital,AU,Australia,1,UPO,2006-2010,incoming
https://ror.org/02d0kps43,"UMIT - Private Universität für Gesundheitswissenschaften, Medizinische Informatik und Technik",AT,Austria,4,UPO,2006-2010,incoming
https://ror.org/02d0tyt78,Silpakorn University,TH,Thailand,1,UPO,2006-2010,incoming
https://ror.org/02d1rkr63,Klinikum Coburg,DE,Germany,5,UPO,2006-2010,incoming
https://ror.org/02d1ved90,Dokuz Eylül Üniversitesi Hastanesi,TR,Turkey,36,UPO,2006-2010,incoming
https://ror.org/02d217z27,Xinqiao Hospital,CN,China,4,UPO,2006-2010,incoming
https://ror.org/02d29d188,Durham VA Health Care System,US,United States,7,UPO,2006-2010,incoming
https://ror.org/02d2m2044,Agricultural Research Service,US,United States,41,UPO,2006-2010,incoming
https://ror.org/02d3fj342,Hubei University of Technology,CN,China,2,UPO,2006-2010,incoming
https://ror.org/02d439m40,University Mental Health Research Institute,GR,Greece,11,UPO,2006-2010,incoming
https://ror.org/02d4c4y02,University of Modena and Reggio Emilia,IT,Italy,441,UPO,2006-2010,incoming
https://ror.org/02d57ed54,Sarojini Naidu Medical College,IN,India,1,UPO,2006-2010,incoming
https://ror.org/02d5gqx12,National Council Of Educational Research And Training,IN,India,4,UPO,2006-2010,incoming
https://ror.org/02d6ew870,Baxter (United States),US,United States,2,UPO,2006-2010,incoming
https://ror.org/02d741577,Centre Hospitalier Régional de Metz-Thionville,FR,France,2,UPO,2006-2010,incoming
https://ror.org/02d8v0v24,Libera Università Maria SS. Assunta,IT,Italy,1,UPO,2006-2010,incoming
https://ror.org/02d93ae38,Institute for Social Security and Services for State Workers,MX,Mexico,1,UPO,2006-2010,incoming
https://ror.org/02d9ce178,Maastricht University Medical Centre,NL,The Netherlands,24,UPO,2006-2010,incoming
https://ror.org/02d9dg697,École des hautes études en sciences sociales,FR,France,12,UPO,2006-2010,incoming
https://ror.org/02d9v9944,CHU Ambroise Paré,BE,Belgium,1,UPO,2006-2010,incoming
https://ror.org/02davtb12,Centro San Giovanni di Dio Fatebenefratelli,IT,Italy,2,UPO,2006-2010,incoming
https://ror.org/02db0kh50,Water Research Institute,IT,Italy,1,UPO,2006-2010,incoming
https://ror.org/02dbz7n48,Ministry of Public Health,CD,DR Congo,1,UPO,2006-2010,incoming
https://ror.org/02dcdb854,SeraCare Life Sciences (United States),US,United States,1,UPO,2006-2010,incoming
https://ror.org/02dcp1550,Central Texas Veterans Health Care System,US,United States,15,UPO,2006-2010,incoming
https://ror.org/02dcqy320,Hôpital Robert-Debré,FR,France,38,UPO,2006-2010,incoming
https://ror.org/02dd1bz43,Hanyang University Hospital for Rheumatic Disease,KR,South Korea,2,UPO,2006-2010,incoming
https://ror.org/02dd25k08,Laboratoire de Chimie et Biologie des Métaux,FR,France,9,UPO,2006-2010,incoming
https://ror.org/02depad46,Belgian Health Care Knowledge Centre (KCE),BE,Belgium,1,UPO,2006-2010,incoming
https://ror.org/02dfpb916,Mexican Institute of Petroleum,MX,Mexico,4,UPO,2006-2010,incoming
https://ror.org/02dga6j42,École Supérieure des Sciences Économiques et Commerciales,FR,France,1,UPO,2006-2010,incoming
https://ror.org/02dgjyy92,University of Miami,US,United States,150,UPO,2006-2010,incoming
https://ror.org/02dh8ja68,Max Planck Institute for Mathematics,DE,Germany,3,UPO,2006-2010,incoming
https://ror.org/02dhn4e70,Itami City Hospital,JP,Japan,3,UPO,2006-2010,incoming
https://ror.org/02djqfd08,Zhejiang University of Technology,CN,China,16,UPO,2006-2010,incoming
https://ror.org/02dkdym27,Kagoshima University Hospital,JP,Japan,2,UPO,2006-2010,incoming
https://ror.org/02dmmay61,State Key Laboratory of Silicon Materials,CN,China,1,UPO,2006-2010,incoming
https://ror.org/02dn7x778,Université Bourgogne Franche-Comté,FR,France,11,UPO,2006-2010,incoming
https://ror.org/02dn9h927,Peoples' Friendship University of Russia,RU,Russia,6,UPO,2006-2010,incoming
https://ror.org/02dnn6q67,Linkou Chang Gung Memorial Hospital,TW,Taiwan,10,UPO,2006-2010,incoming
https://ror.org/02dp3a879,National Institute of Optics,IT,Italy,3,UPO,2006-2010,incoming
https://ror.org/02dpn8j41,St. Luke's Hospital,IE,Ireland,2,UPO,2006-2010,incoming
https://ror.org/02dpqcy73,Centre de Biophysique Moléculaire,FR,France,138,UPO,2006-2010,incoming
https://ror.org/02dqdxm48,Hamilton Health Sciences,CA,Canada,21,UPO,2006-2010,incoming
https://ror.org/02dqehb95,Purdue University West Lafayette,US,United States,1313,UPO,2006-2010,incoming
https://ror.org/02dqqj223,East Kent Hospitals University NHS Foundation Trust,GB,United Kingdom,1,UPO,2006-2010,incoming
https://ror.org/02dqrks84,Brighton and Sussex University Hospitals NHS Trust,GB,United Kingdom,4,UPO,2006-2010,incoming
https://ror.org/02dqztz06,Electric Power Research Institute,US,United States,1,UPO,2006-2010,incoming
https://ror.org/02dr19631,Medical Radiological Research Center,RU,Russia,2,UPO,2006-2010,incoming
https://ror.org/02drdmm93,Chinese Academy of Medical Sciences & Peking Union Medical College,CN,China,60,UPO,2006-2010,incoming
https://ror.org/02drrjp49,University of Montenegro,ME,Montenegro,167,UPO,2006-2010,incoming
https://ror.org/02dvgss50,Stepping Hill Hospital,GB,United Kingdom,3,UPO,2006-2010,incoming
https://ror.org/02dvs1389,Laiko General Hospital of Athens,GR,Greece,11,UPO,2006-2010,incoming
https://ror.org/02dwcqs71,All India Institute of Medical Sciences,IN,India,27,UPO,2006-2010,incoming
https://ror.org/02dxpep57,Swedish National Board of Forensic Medicine,SE,Sweden,1,UPO,2006-2010,incoming
https://ror.org/02dxx6824,Scripps Research Institute,US,United States,94,UPO,2006-2010,incoming
https://ror.org/02dyjk442,Silesian University of Technology,PL,Poland,4,UPO,2006-2010,incoming
https://ror.org/02dzzka09,Sungkyul University,KR,South Korea,855,UPO,2006-2010,incoming
https://ror.org/02e16g702,Hokkaido University,JP,Japan,105,UPO,2006-2010,incoming
https://ror.org/02e16wz39,Moscow State University of Printing Arts,RU,Russia,5,UPO,2006-2010,incoming
https://ror.org/02e1c4h55,Secretariat of Public Education,MX,Mexico,1,UPO,2006-2010,incoming
https://ror.org/02e22bh87,Western Infirmary,GB,United Kingdom,9,UPO,2006-2010,incoming
https://ror.org/02e24yw40,Donostia International Physics Center,ES,Spain,8,UPO,2006-2010,incoming
https://ror.org/02e2c7k09,Delft University of Technology,NL,The Netherlands,130,UPO,2006-2010,incoming
https://ror.org/02e2egq70,United States Air Force Research Laboratory,US,United States,13,UPO,2006-2010,incoming
https://ror.org/02e3eqz10,Centre de Recherche en Myologie,FR,France,3,UPO,2006-2010,incoming
https://ror.org/02e3qt588,Roosevelt Hospital,GT,Guatemala,2,UPO,2006-2010,incoming
https://ror.org/02e3ssq97,Don Carlo Gnocchi Foundation,IT,Italy,12,UPO,2006-2010,incoming
https://ror.org/02e45e442,Yokohama Asahi Chuo General Hospital,JP,Japan,2,UPO,2006-2010,incoming
https://ror.org/02e463172,American Cancer Society,US,United States,15,UPO,2006-2010,incoming
https://ror.org/02e46j381,State Key Laboratory of Genetic Resources and Evolution,CN,China,1,UPO,2006-2010,incoming
https://ror.org/02e4qbj88,National Defense Medical College,JP,Japan,6,UPO,2006-2010,incoming
https://ror.org/02e50va28,Statistics Norway,NO,Norway,3,UPO,2006-2010,incoming
https://ror.org/02e5hx313,Kunming Institute of Botany,CN,China,12,UPO,2006-2010,incoming
https://ror.org/02e5sbe24,Institute of Agricultural Biology and Biotechnology,IT,Italy,3,UPO,2006-2010,incoming
https://ror.org/02e7b5302,Nanyang Technological University,SG,Singapore,34,UPO,2006-2010,incoming
https://ror.org/02e8hzf44,Helsinki University Hospital,FI,Finland,66,UPO,2006-2010,incoming
https://ror.org/02e8s3123,Instituto Universitario Italiano de Rosario,AR,Argentina,1,UPO,2006-2010,incoming
https://ror.org/02e91jd64,Universiti Putra Malaysia,MY,Malaysia,13,UPO,2006-2010,incoming
https://ror.org/02e9dby02,Mediterranean Institute for Advanced Studies,ES,Spain,1,UPO,2006-2010,incoming
https://ror.org/02e9w7q14,London Research and Development Centre,CA,Canada,1,UPO,2006-2010,incoming
https://ror.org/02e9zc863,Kwangwoon University,KR,South Korea,2,UPO,2006-2010,incoming
https://ror.org/02eaafc18,Ege University,TR,Turkey,253,UPO,2006-2010,incoming
https://ror.org/02ecxgj38,Complejo Hospitalario de Jaén,ES,Spain,3,UPO,2006-2010,incoming
https://ror.org/02ed5f444,Ligand Pharmaceuticals (United States),US,United States,1,UPO,2006-2010,incoming
https://ror.org/02edavb98,Agenzia Regionale Prevenzione e Ambiente della Regione Emilia-Romagna,IT,Italy,1,UPO,2006-2010,incoming
https://ror.org/02eftbv72,Rocky Mountain Virology Club,US,United States,1,UPO,2006-2010,incoming
https://ror.org/02ega5r05,Mendez National Institute of Transplantation,US,United States,1,UPO,2006-2010,incoming
https://ror.org/02egfyg20,China Center of Advanced Science and Technology,CN,China,5,UPO,2006-2010,incoming
https://ror.org/02egw5x81,Centre de recherche et de restauration des musées de France,FR,France,2,UPO,2006-2010,incoming
https://ror.org/02egw6w85,Wiener Krankenanstaltenverbund,AT,Austria,24,UPO,2006-2010,incoming
https://ror.org/02ehp0f77,Umeå Plant Science Centre,SE,Sweden,1,UPO,2006-2010,incoming
https://ror.org/02ehsvt70,Hospital do Divino Espírito Santo,PT,Portugal,1,UPO,2006-2010,incoming
https://ror.org/02ek94012,Institute for Advanced Medical Research,US,United States,2,UPO,2006-2010,incoming
https://ror.org/02ekfbp48,Hamedan University of Medical Sciences,IR,Iran,4,UPO,2006-2010,incoming
https://ror.org/02emy8e21,Kings County Hospital Center,US,United States,1,UPO,2006-2010,incoming
https://ror.org/02en5vm52,Sorbonne Université,FR,France,1155,UPO,2006-2010,incoming
https://ror.org/02ep9vf55,University of Wisconsin–River Falls,US,United States,11,UPO,2006-2010,incoming
https://ror.org/02epdjj68,Hospital Civil de Guadalajara,MX,Mexico,2,UPO,2006-2010,incoming
https://ror.org/02eq2w707,"National Academies of Sciences, Engineering, and Medicine",US,United States,137,UPO,2006-2010,incoming
https://ror.org/02eqchk86,Daejeon University,KR,South Korea,2,UPO,2006-2010,incoming
https://ror.org/02er0sb79,EuroEspes Biomedical Research Center,ES,Spain,1,UPO,2006-2010,incoming
https://ror.org/02erddr56,Laboratoire Albert Fert,FR,France,1,UPO,2006-2010,incoming
https://ror.org/02erqft81,Marshall University,US,United States,2,UPO,2006-2010,incoming
https://ror.org/02esr1a07,Saint Joseph’s Translational Research Institute,US,United States,3,UPO,2006-2010,incoming
https://ror.org/02ets8c94,Indiana University School of Medicine,US,United States,55,UPO,2006-2010,incoming
https://ror.org/02ett6548,Epworth Hospital,AU,Australia,2,UPO,2006-2010,incoming
https://ror.org/02ev4ry20,Rana University,AF,Afghanistan,1,UPO,2006-2010,incoming
https://ror.org/02eva5865,Zuse Institute Berlin,DE,Germany,2,UPO,2006-2010,incoming
https://ror.org/02evnh647,Saitama University,JP,Japan,18,UPO,2006-2010,incoming
https://ror.org/02ew45630,Apollo Hospitals,IN,India,2,UPO,2006-2010,incoming
https://ror.org/02ex6cf31,Brookhaven National Laboratory,US,United States,325,UPO,2006-2010,incoming
https://ror.org/02exqgm79,Hitachi (Japan),JP,Japan,4,UPO,2006-2010,incoming
https://ror.org/02ey6qs66,Jiangsu Provincial Center for Disease Control and Prevention,CN,China,6,UPO,2006-2010,incoming
https://ror.org/02ezaf703,The Catholic University of Korea Uijeongbu St. Mary's Hospital,KR,South Korea,2,UPO,2006-2010,incoming
https://ror.org/02f009v59,University of Haifa,IL,Israel,14,UPO,2006-2010,incoming
https://ror.org/02f01mz90,Hospital Universitario Virgen de las Nieves,ES,Spain,5,UPO,2006-2010,incoming
https://ror.org/02f086s27,Instituto Bernabeu,ES,Spain,1,UPO,2006-2010,incoming
https://ror.org/02f0psx94,The Polytechnic University of Japan,JP,Japan,2,UPO,2006-2010,incoming
https://ror.org/02f2f0234,"Institute of Biochemistry, Molecular Biology and Biotechnology",LK,Sri Lanka,1,UPO,2006-2010,incoming
https://ror.org/02f2vsx71,Hungkuang University,TW,Taiwan,3,UPO,2006-2010,incoming
https://ror.org/02f2wk572,Institute of Technical Sciences of SASA,RS,Serbia,2,UPO,2006-2010,incoming
https://ror.org/02f30ff69,Hospital General Universitario de Ciudad Real,ES,Spain,1,UPO,2006-2010,incoming
https://ror.org/02f3b8e29,Alexandra Hospital,SG,Singapore,9,UPO,2006-2010,incoming
https://ror.org/02f3xk561,Cancer Research Institute,US,United States,18,UPO,2006-2010,incoming
https://ror.org/02f40zc51,Universidad de Salamanca,ES,Spain,63,UPO,2006-2010,incoming
https://ror.org/02f51rf24,Regeneron (United States),US,United States,6,UPO,2006-2010,incoming
https://ror.org/02f5b7n18,Max Planck Institute for Chemistry,DE,Germany,4,UPO,2006-2010,incoming
https://ror.org/02f6dcw23,The University of Texas at San Antonio Health Science Center,US,United States,81,UPO,2006-2010,incoming
https://ror.org/02f6hdc06,King Abdullah University Hospital,JO,Jordan,2,UPO,2006-2010,incoming
https://ror.org/02f7k4z58,Davidson College,US,United States,3,UPO,2006-2010,incoming
https://ror.org/02f7sfa33,John F. Kennedy Center for the Performing Arts,US,United States,1,UPO,2006-2010,incoming
https://ror.org/02f81g417,King Saud University,SA,Saudi Arabia,22,UPO,2006-2010,incoming
https://ror.org/02f8ah997,Transitional Learning Center,US,United States,1,UPO,2006-2010,incoming
https://ror.org/02f99v835,German Primate Center,DE,Germany,8,UPO,2006-2010,incoming
https://ror.org/02f9avj37,Hanyang University Guri Hospital,KR,South Korea,2,UPO,2006-2010,incoming
https://ror.org/02f9k5d27,African Institute for Mathematical Sciences,ZA,South Africa,1,UPO,2006-2010,incoming
https://ror.org/02f9zrr09,Novartis (Switzerland),CH,Switzerland,91,UPO,2006-2010,incoming
https://ror.org/02fa3aq29,McMaster University,CA,Canada,146,UPO,2006-2010,incoming
https://ror.org/02fafrk51,Telemark Hospital,NO,Norway,3,UPO,2006-2010,incoming
https://ror.org/02fag2f73,Randolph College,US,United States,7,UPO,2006-2010,incoming
https://ror.org/02faywq38,Japanese Red Cross Kumamoto Hospital,JP,Japan,1,UPO,2006-2010,incoming
https://ror.org/02fd83219,Fluorous Technologies (United States),US,United States,1,UPO,2006-2010,incoming
https://ror.org/02feahw73,Centre National de la Recherche Scientifique,FR,France,3928,UPO,2006-2010,incoming
https://ror.org/02fgvvg92,National Nutrition and Food Technology Research Institute,IR,Iran,1,UPO,2006-2010,incoming
https://ror.org/02fha3693,University Hospitals of Leicester NHS Trust,GB,United Kingdom,23,UPO,2006-2010,incoming
https://ror.org/02fhagp58,University of Zagreb University Computing Centre,HR,Croatia,1,UPO,2006-2010,incoming
https://ror.org/02fhfw393,Montanuniversität Leoben,AT,Austria,2,UPO,2006-2010,incoming
https://ror.org/02fhgbp51,National Institute of Education,SG,Singapore,2,UPO,2006-2010,incoming
https://ror.org/02fhvxj45,Temple University Health System,US,United States,44,UPO,2006-2010,incoming
https://ror.org/02fj6b627,Guangxi University of Science and Technology,CN,China,11,UPO,2006-2010,incoming
https://ror.org/02fkw1114,Institute for the Chemistry of OrganoMetallic Compounds,IT,Italy,16,UPO,2006-2010,incoming
https://ror.org/02fq2px14,Jawaharlal Institute of Post Graduate Medical Education and Research,IN,India,1,UPO,2006-2010,incoming
https://ror.org/02frkq021,Siberian Branch of the Russian Academy of Sciences,RU,Russia,636,UPO,2006-2010,incoming
https://ror.org/02frt9q65,Guangxi Normal University,CN,China,11,UPO,2006-2010,incoming
https://ror.org/02frzq211,UK Biobank,GB,United Kingdom,1,UPO,2006-2010,incoming
https://ror.org/02fsmcz03,First Teaching Hospital of Tianjin University of Traditional Chinese Medicine,CN,China,1,UPO,2006-2010,incoming
https://ror.org/02fsxgh46,Hôpital l'Archet,FR,France,21,UPO,2006-2010,incoming
https://ror.org/02ftdsn70,Taihe Hospital,CN,China,1,UPO,2006-2010,incoming
https://ror.org/02fv42846,Laboratoire de chimie des processus biologiques,FR,France,1,UPO,2006-2010,incoming
https://ror.org/02fvywg07,Massachusetts College of Pharmacy and Health Sciences,US,United States,3,UPO,2006-2010,incoming
https://ror.org/02fw4cc98,Canadian Agency for Drugs and Technologies in Health,CA,Canada,1,UPO,2006-2010,incoming
https://ror.org/02fyxjb45,Sri Krishnadevaraya University,IN,India,3,UPO,2006-2010,incoming
https://ror.org/02fzwdc59,Yonsei University Dental Hospital,KR,South Korea,1,UPO,2006-2010,incoming
https://ror.org/02fzxed89,American Statistical Association,US,United States,2,UPO,2006-2010,incoming
https://ror.org/02g01ht84,First Affiliated Hospital of Kunming Medical University,CN,China,2,UPO,2006-2010,incoming
https://ror.org/02g02rq35,Centers for Medicare and Medicaid Services,US,United States,1,UPO,2006-2010,incoming
https://ror.org/02g2sh456,University of Education Schwaebisch Gmuend,DE,Germany,1,UPO,2006-2010,incoming
https://ror.org/02g48bh60,Chris Hani Baragwanath Hospital,ZA,South Africa,2,UPO,2006-2010,incoming
https://ror.org/02g5x8q86,Discovery Centre,CA,Canada,1,UPO,2006-2010,incoming
https://ror.org/02g5zab91,Fisheries Research Services,GB,United Kingdom,1,UPO,2006-2010,incoming
https://ror.org/02g6y2720,Unité de Glycobiologie Structurale et Fonctionnelle,FR,France,2,UPO,2006-2010,incoming
https://ror.org/02g7kd627,Villanova University,US,United States,16,UPO,2006-2010,incoming
https://ror.org/02g7qcb42,Osakidetza,ES,Spain,5,UPO,2006-2010,incoming
https://ror.org/02g87qh62,Centro de Investigación Biomédica en Red,ES,Spain,7,UPO,2006-2010,incoming
https://ror.org/02g8ke488,VA Sunshine Healthcare Network,US,United States,1,UPO,2006-2010,incoming
https://ror.org/02g8v2v69,National Cancer Registry,IE,Ireland,5,UPO,2006-2010,incoming
https://ror.org/02g98d189,ARIAD Pharmaceuticals (United Kingdom),GB,United Kingdom,1,UPO,2006-2010,incoming
https://ror.org/02gagpf75,NORCE Research AS,NO,Norway,2,UPO,2006-2010,incoming
https://ror.org/02gaqn537,Royal Cornhill Hospital,GB,United Kingdom,1,UPO,2006-2010,incoming
https://ror.org/02gars961,Winship Cancer Institute,US,United States,7,UPO,2006-2010,incoming
https://ror.org/02gaw1s20,Laboratoire de Chimie,FR,France,32,UPO,2006-2010,incoming
https://ror.org/02gbdhj19,National Center for Agricultural Utilization Research,US,United States,1,UPO,2006-2010,incoming
https://ror.org/02gbgwz87,Allan Wilson Centre,NZ,New Zealand,5,UPO,2006-2010,incoming
https://ror.org/02gcp3110,Charing Cross Hospital,GB,United Kingdom,14,UPO,2006-2010,incoming
https://ror.org/02gd18467,Chelsea and Westminster Hospital NHS Foundation Trust,GB,United Kingdom,13,UPO,2006-2010,incoming
https://ror.org/02gdc3814,Lipscomb University,US,United States,1,UPO,2006-2010,incoming
https://ror.org/02gdcg342,Université du littoral côte d'opale,FR,France,2,UPO,2006-2010,incoming
https://ror.org/02gdcn153,Institute of Informatics and Telematics,IT,Italy,23,UPO,2006-2010,incoming
https://ror.org/02gdqk794,Royal Society of Medicine,GB,United Kingdom,1,UPO,2006-2010,incoming
https://ror.org/02gdzyx04,University of Winnipeg,CA,Canada,4,UPO,2006-2010,incoming
https://ror.org/02ge60j37,Scott & White Memorial Hospital,US,United States,4,UPO,2006-2010,incoming
https://ror.org/02gen2282,Universidade Federal dos Vales do Jequitinhonha e Mucuri,BR,Brazil,2,UPO,2006-2010,incoming
https://ror.org/02gfc7t72,Consejo Superior de Investigaciones Científicas,ES,Spain,1564,UPO,2006-2010,incoming
https://ror.org/02gffk937,Shriners Hospitals for Children - Erie,US,United States,6,UPO,2006-2010,incoming
https://ror.org/02gfhhc90,Komazawa Women's University,JP,Japan,1,UPO,2006-2010,incoming
https://ror.org/02gfys938,University of Manitoba,CA,Canada,70,UPO,2006-2010,incoming
https://ror.org/02ggt9460,Universidade Estadual de Mato Grosso do Sul,BR,Brazil,1,UPO,2006-2010,incoming
https://ror.org/02ggzyd20,Direction de la Recherche Technologique,FR,France,1,UPO,2006-2010,incoming
https://ror.org/02gh4kt33,National Institute for Astrophysics,IT,Italy,36,UPO,2006-2010,incoming
https://ror.org/02ght4n58,Laboratoire de Mathématiques de Bretagne Atlantique,FR,France,1,UPO,2006-2010,incoming
https://ror.org/02gkb4040,Auckland District Health Board,NZ,New Zealand,22,UPO,2006-2010,incoming
https://ror.org/02gm5zw39,Universitätsklinikum Aachen,DE,Germany,20,UPO,2006-2010,incoming
https://ror.org/02gm7te43,Norwegian Computing Center,NO,Norway,2,UPO,2006-2010,incoming
https://ror.org/02gmprx88,Cogentech S.R.L. Società Benefit a Socio Unico soggetta all’attività di direzione e coordinamento di IFOM - Istituto Fondazione di Oncologia Molecolare ETS (Italy),IT,Italy,1,UPO,2006-2010,incoming
https://ror.org/02gn38d51,Hokkaido University of Education,JP,Japan,1,UPO,2006-2010,incoming
https://ror.org/02gncxw24,Smith Center for Healing and the Arts,US,United States,2,UPO,2006-2010,incoming
https://ror.org/02gp92p70,Azienda Ospedaliero Universitaria Maggiore della Carita,IT,Italy,149,UPO,2006-2010,incoming
https://ror.org/02gpdzc63,Labor (Italy),IT,Italy,1,UPO,2006-2010,incoming
https://ror.org/02gpy3h79,MemorialCare Health System,US,United States,3,UPO,2006-2010,incoming
https://ror.org/02grkyz14,Western University,CA,Canada,123,UPO,2006-2010,incoming
https://ror.org/02gs2e959,Royal North Shore Hospital,AU,Australia,14,UPO,2006-2010,incoming
https://ror.org/02gvvc992,Amgen (United Kingdom),GB,United Kingdom,1,UPO,2006-2010,incoming
https://ror.org/02gwsdp44,Azienda Sanitaria Locale Salerno,IT,Italy,4,UPO,2006-2010,incoming
https://ror.org/02gwt2810,Laboratoire des Interactions Plantes Microbes Environnement,FR,France,1,UPO,2006-2010,incoming
https://ror.org/02gxych78,Shantou University Medical College,CN,China,2,UPO,2006-2010,incoming
https://ror.org/02gxymm77,Nakamura Memorial Hospital,JP,Japan,2,UPO,2006-2010,incoming
https://ror.org/02gy6qp39,Allegheny General Hospital,US,United States,13,UPO,2006-2010,incoming
https://ror.org/02gyps716,University of Évora,PT,Portugal,10,UPO,2006-2010,incoming
https://ror.org/02gz3b342,École nationale supérieure de chimie de Mulhouse,FR,France,2,UPO,2006-2010,incoming
https://ror.org/02gz6gg07,Florida International University,US,United States,902,UPO,2006-2010,incoming
https://ror.org/02gzfb532,Taipei City Hospital,TW,Taiwan,6,UPO,2006-2010,incoming
https://ror.org/02h0g9r59,Institut UTINAM,FR,France,2,UPO,2006-2010,incoming
https://ror.org/02h158026,Institut de Recherche sur les Systèmes Atomiques et Moléculaires Complexes,FR,France,92,UPO,2006-2010,incoming
https://ror.org/02h1b1x27,University of the Andes,VE,Venezuela,1,UPO,2006-2010,incoming
https://ror.org/02h1dt688,Klinikum Frankfurt Höchst,DE,Germany,1,UPO,2006-2010,incoming
https://ror.org/02h1nk258,Max Planck Institute for Brain Research,DE,Germany,2,UPO,2006-2010,incoming
https://ror.org/02h2j1586,Beijing Anzhen Hospital,CN,China,12,UPO,2006-2010,incoming
https://ror.org/02h2xja52,Freshwater Fisheries Research Center,CN,China,1,UPO,2006-2010,incoming
https://ror.org/02h4hqt24,Alberta Bone and Joint Health Institute,CA,Canada,1,UPO,2006-2010,incoming
https://ror.org/02h4qpx12,University of Northern Iowa,US,United States,3,UPO,2006-2010,incoming
https://ror.org/02h5f8v93,Regional Cancer Center,US,United States,5,UPO,2006-2010,incoming
https://ror.org/02h67vt10,Aintree University Hospitals NHS Foundation Trust,GB,United Kingdom,13,UPO,2006-2010,incoming
https://ror.org/02h67zw08,Breast Center,CH,Switzerland,2,UPO,2006-2010,incoming
https://ror.org/02h6cs343,Aichi Medical University,JP,Japan,7,UPO,2006-2010,incoming
https://ror.org/02h8a1848,Ningxia Medical University,CN,China,2,UPO,2006-2010,incoming
https://ror.org/02h8ngt70,Institutul National Victor Babes,RO,Romania,5,UPO,2006-2010,incoming
https://ror.org/02ha9tc40,Georgia Department of Community Health,US,United States,2,UPO,2006-2010,incoming
https://ror.org/02hb5yj49,Corewell Health,US,United States,16,UPO,2006-2010,incoming
https://ror.org/02hb7bm88,Natural Resources Institute Finland,FI,Finland,4,UPO,2006-2010,incoming
https://ror.org/02hbfck57,AARP,US,United States,2,UPO,2006-2010,incoming
https://ror.org/02hbrab76,"Hospital de Clínicas ""José de San Martín""",AR,Argentina,5,UPO,2006-2010,incoming
https://ror.org/02hcsa680,IFOM,IT,Italy,28,UPO,2006-2010,incoming
https://ror.org/02hcv4z63,Minia University,EG,Egypt,2,UPO,2006-2010,incoming
https://ror.org/02hcx7n63,Toho University,JP,Japan,38,UPO,2006-2010,incoming
https://ror.org/02hdf6119,Istituto di Scienze Marine del Consiglio Nazionale delle Ricerche,IT,Italy,12,UPO,2006-2010,incoming
https://ror.org/02he5dz58,Institut des Sciences Cognitives Marc Jeannerod,FR,France,2,UPO,2006-2010,incoming
https://ror.org/02hf6mx60,National Research University of Electronic Technology,RU,Russia,639,UPO,2006-2010,incoming
https://ror.org/02hfws565,Northwick Park Institute for Medical Research,GB,United Kingdom,2,UPO,2006-2010,incoming
https://ror.org/02hfyct53,University of Redlands,US,United States,1,UPO,2006-2010,incoming
https://ror.org/02hgzc508,Centro de Investigación y Asistencia en Tecnología y Diseño del Estado de Jalisco,MX,Mexico,1,UPO,2006-2010,incoming
https://ror.org/02hh7en24,University of Colorado Denver,US,United States,90,UPO,2006-2010,incoming
https://ror.org/02hhndj92,University of Michigan Biological Station,US,United States,1,UPO,2006-2010,incoming
https://ror.org/02hhsqf45,Covance (United States),US,United States,2,UPO,2006-2010,incoming
https://ror.org/02hhwgd43,University of Sarajevo,BA,Bosnia and Herzegovina,2,UPO,2006-2010,incoming
https://ror.org/02hj1n344,Industriale Chimica (Italy),IT,Italy,97,UPO,2006-2010,incoming
https://ror.org/02hjc7j46,Rotterdam Eye Hospital,NL,The Netherlands,6,UPO,2006-2010,incoming
https://ror.org/02hmjce72,Medtronic (Netherlands),NL,The Netherlands,5,UPO,2006-2010,incoming
https://ror.org/02hpadn98,Bielefeld University,DE,Germany,385,UPO,2006-2010,incoming
https://ror.org/02hqkr514,University of the Philippines System,PH,Philippines,4,UPO,2006-2010,incoming
https://ror.org/02hsggv49,Institute for Biomedicine,IT,Italy,8,UPO,2006-2010,incoming
https://ror.org/02hssy432,Istituto Superiore di Sanità,IT,Italy,150,UPO,2006-2010,incoming
https://ror.org/02hstj355,Manchester Metropolitan University,GB,United Kingdom,16,UPO,2006-2010,incoming
https://ror.org/02ht4fk33,Instituto de Telecomunicações,PT,Portugal,2,UPO,2006-2010,incoming
https://ror.org/02hvt5f17,Tampere University Hospital,FI,Finland,71,UPO,2006-2010,incoming
https://ror.org/02hw5fp67,National Institute for Environmental Studies,JP,Japan,4,UPO,2006-2010,incoming
https://ror.org/02hwjhx76,Universities Norway,NO,Norway,1,UPO,2006-2010,incoming
https://ror.org/02hwp6a56,Kanazawa University,JP,Japan,46,UPO,2006-2010,incoming
https://ror.org/02hxrag63,Memorial Medical Center,US,United States,1,UPO,2006-2010,incoming
https://ror.org/02hyv7840,Columbia Asia,IN,India,1,UPO,2006-2010,incoming
https://ror.org/02hzqme58,State Key Laboratory of Intelligent Technology and Systems,CN,China,1,UPO,2006-2010,incoming
https://ror.org/02j0abw33,Felix Platter-Hospital,CH,Switzerland,2,UPO,2006-2010,incoming
https://ror.org/02j15s898,The Wallace H. Coulter Department of Biomedical Engineering,US,United States,10,UPO,2006-2010,incoming
https://ror.org/02j1m6098,Duke-NUS Medical School,SG,Singapore,2,UPO,2006-2010,incoming
https://ror.org/02j1xhm46,Tokyo Metropolitan Neurological Hospital,JP,Japan,3,UPO,2006-2010,incoming
https://ror.org/02j2d2g70,"Ministry of Trade, Industry and Fisheries",NO,Norway,11,UPO,2006-2010,incoming
https://ror.org/02j46qs45,Masaryk University,CZ,Czechia,73,UPO,2006-2010,incoming
https://ror.org/02j5n9e16,The Second Affiliated Hospital of Xiamen Medical College,CN,China,1,UPO,2006-2010,incoming
https://ror.org/02j5s7g39,Australian Defence Force Academy,AU,Australia,5,UPO,2006-2010,incoming
https://ror.org/02j61yw88,Aristotle University of Thessaloniki,GR,Greece,95,UPO,2006-2010,incoming
https://ror.org/02j693n47,Chinese Academy of Surveying and Mapping,CN,China,1,UPO,2006-2010,incoming
https://ror.org/02j6c0d67,Kanagawa University,JP,Japan,19,UPO,2006-2010,incoming
https://ror.org/02j6cz137,Institute of Dermatology,TH,Thailand,3,UPO,2006-2010,incoming
https://ror.org/02j7n9748,Lancashire Teaching Hospitals NHS Foundation Trust,GB,United Kingdom,18,UPO,2006-2010,incoming
https://ror.org/02j89k719,Fujian Institute of Research on the Structure of Matter,CN,China,41,UPO,2006-2010,incoming
https://ror.org/02j8pe645,National Academy of Sciences of Belarus,BY,Belarus,25,UPO,2006-2010,incoming
https://ror.org/02j98rq95,Ternopil Volodymyr Hnatiuk National Pedagogical University,UA,Ukraine,6,UPO,2006-2010,incoming
https://ror.org/02ja0m249,Shirley Ryan AbilityLab,US,United States,5,UPO,2006-2010,incoming
https://ror.org/02jb60a57,Centre of Social and Psychological Sciences of the Slovak Academy of Sciences,SK,Slovakia,3,UPO,2006-2010,incoming
https://ror.org/02jbv0t02,Lawrence Berkeley National Laboratory,US,United States,1669,UPO,2006-2010,incoming
https://ror.org/02jcfzc36,Indian Veterinary Research Institute,IN,India,1,UPO,2006-2010,incoming
https://ror.org/02jet3w32,LMU Klinikum,DE,Germany,94,UPO,2006-2010,incoming
https://ror.org/02jgpyd84,German Jordanian University,JO,Jordan,1,UPO,2006-2010,incoming
https://ror.org/02jgsf398,Wuhan Textile University,CN,China,2,UPO,2006-2010,incoming
https://ror.org/02jgyam08,Max Planck Institute for Demographic Research,DE,Germany,2,UPO,2006-2010,incoming
https://ror.org/02jjdwm75,IE University,ES,Spain,903,UPO,2006-2010,incoming
https://ror.org/02jk5qe80,Aalborg University Hospital,DK,Denmark,30,UPO,2006-2010,incoming
https://ror.org/02jkmyk67,Academy of Mathematics and Systems Science,CN,China,20,UPO,2006-2010,incoming
https://ror.org/02jmfj006,"Vietnam National University, Hanoi",VN,Vietnam,2,UPO,2006-2010,incoming
https://ror.org/02jn36537,Southwest Hospital,CN,China,6,UPO,2006-2010,incoming
https://ror.org/02jnxpg76,Ministry of Finance of the People's Republic of China,CN,China,5,UPO,2006-2010,incoming
https://ror.org/02jqj7156,George Mason University,US,United States,23,UPO,2006-2010,incoming
https://ror.org/02jqkb192,Biogen (United States),US,United States,5,UPO,2006-2010,incoming
https://ror.org/02jqn4a25,Ursinus College,US,United States,1,UPO,2006-2010,incoming
https://ror.org/02jr6tp70,Federico II University Hospital,IT,Italy,29,UPO,2006-2010,incoming
https://ror.org/02jrgcx64,University of New Caledonia,NC,New Caledonia,1,UPO,2006-2010,incoming
https://ror.org/02js17r36,South Tees Hospitals NHS Foundation Trust,GB,United Kingdom,8,UPO,2006-2010,incoming
https://ror.org/02jtk7k02,Technical University of Liberec,CZ,Czechia,152,UPO,2006-2010,incoming
https://ror.org/02jv06474,Hanseo University,KR,South Korea,2,UPO,2006-2010,incoming
https://ror.org/02jv3k292,"Sofia University ""St. Kliment Ohridski""",BG,Bulgaria,878,UPO,2006-2010,incoming
https://ror.org/02jvh3a15,Diakonhjemmet Hospital,NO,Norway,1,UPO,2006-2010,incoming
https://ror.org/02jvjmd55,University of New Mexico Health Sciences Center,US,United States,5,UPO,2006-2010,incoming
https://ror.org/02jwb5s28,Beijing Hospital,CN,China,2,UPO,2006-2010,incoming
https://ror.org/02jx3x895,University College London,GB,United Kingdom,765,UPO,2006-2010,incoming
https://ror.org/02jxk1021,Mathematical Institute of the Serbian Academy of Sciences and Arts,RS,Serbia,1,UPO,2006-2010,incoming
https://ror.org/02jxrhq31,Melanoma Institute Australia,AU,Australia,2,UPO,2006-2010,incoming
https://ror.org/02jy1hx10,Makati Medical Center,PH,Philippines,2,UPO,2006-2010,incoming
https://ror.org/02jz4aj89,Maastricht University,NL,The Netherlands,147,UPO,2006-2010,incoming
https://ror.org/02jz99c72,Atlantic Health System,US,United States,1,UPO,2006-2010,incoming
https://ror.org/02jzgtq86,Dana-Farber Cancer Institute,US,United States,167,UPO,2006-2010,incoming
https://ror.org/02jzrsm59,National Institute on Alcohol Abuse and Alcoholism,US,United States,19,UPO,2006-2010,incoming
https://ror.org/02jzt6t86,Institute of Human Genetics,PL,Poland,8,UPO,2006-2010,incoming
https://ror.org/02k1zhm92,"Istituto Nazionale di Fisica Nucleare, Laboratori Nazionali del Sud",IT,Italy,10,UPO,2006-2010,incoming
https://ror.org/02k2v9264,Hospital Luis Calvo Mackenna,CL,Chile,1,UPO,2006-2010,incoming
https://ror.org/02k3cxs74,St Vincents Institute of Medical Research,AU,Australia,1,UPO,2006-2010,incoming
https://ror.org/02k3smh20,University of Kentucky,US,United States,134,UPO,2006-2010,incoming
https://ror.org/02k40bc56,Indiana University Bloomington,US,United States,7,UPO,2006-2010,incoming
https://ror.org/02k4h0334,NOAA National Ocean Service,US,United States,56,UPO,2006-2010,incoming
https://ror.org/02k5gp281,Harokopio University of Athens,GR,Greece,5,UPO,2006-2010,incoming
https://ror.org/02k5kx966,Universidad Politécnica de Cartagena,ES,Spain,3,UPO,2006-2010,incoming
https://ror.org/02k5swt12,Universidade Federal de São Paulo,BR,Brazil,13,UPO,2006-2010,incoming
https://ror.org/02k5t6c64,PRA Health Sciences,US,United States,1,UPO,2006-2010,incoming
https://ror.org/02k61s246,American Society for Cell Biology,US,United States,1,UPO,2006-2010,incoming
https://ror.org/02k674x39,Park Nicollet Clinic,US,United States,1,UPO,2006-2010,incoming
https://ror.org/02k75d319,Shandong Police College,CN,China,2,UPO,2006-2010,incoming
https://ror.org/02k7v4d05,University of Bern,CH,Switzerland,239,UPO,2006-2010,incoming
https://ror.org/02k7wn190,University of Parma,IT,Italy,299,UPO,2006-2010,incoming
https://ror.org/02k8cbn47,GSI Helmholtz Centre for Heavy Ion Research,DE,Germany,590,UPO,2006-2010,incoming
https://ror.org/02k8f5n40,Laboratoire Cognitions Humaine et Artificielle,FR,France,1,UPO,2006-2010,incoming
https://ror.org/02k9vew78,Université Nice Sophia Antipolis,FR,France,64,UPO,2006-2010,incoming
https://ror.org/02ka1d450,Siena Biotech (Italy),IT,Italy,3,UPO,2006-2010,incoming
https://ror.org/02kb89c09,University of Sciences and Technology Houari Boumediene,DZ,Algeria,3,UPO,2006-2010,incoming
https://ror.org/02kb97560,University Hospitals Seidman Cancer Center,US,United States,5,UPO,2006-2010,incoming
https://ror.org/02kbeme12,State Key Laboratory of Oxo Synthesis and Selective Oxidation,CN,China,3,UPO,2006-2010,incoming
https://ror.org/02kbfhq14,Laserklinik Karlsruhe,DE,Germany,1,UPO,2006-2010,incoming
https://ror.org/02kbmgc12,AgroParisTech,FR,France,6,UPO,2006-2010,incoming
https://ror.org/02kcc1z29,UC Davis Comprehensive Cancer Center,US,United States,5,UPO,2006-2010,incoming
https://ror.org/02ke8fw32,Shandong Agricultural University,CN,China,1,UPO,2006-2010,incoming
https://ror.org/02kegw676,Instituto Nacional de Engenharia Biomédica,PT,Portugal,1,UPO,2006-2010,incoming
https://ror.org/02ketev28,Texas Oncology,US,United States,4,UPO,2006-2010,incoming
https://ror.org/02kf0qx29,Centro Oceanográfico de Vigo,ES,Spain,3,UPO,2006-2010,incoming
https://ror.org/02kg81z20,University of La Verne,US,United States,2,UPO,2006-2010,incoming
https://ror.org/02kh2f959,Marine Scotland,GB,United Kingdom,3,UPO,2006-2010,incoming
https://ror.org/02khqd465,ENEA Casaccia Research Centre,IT,Italy,5,UPO,2006-2010,incoming
https://ror.org/02kjggt26,Turun Yliopistosäätiö,FI,Finland,1,UPO,2006-2010,incoming
https://ror.org/02kjgsq44,National Institute of Oncology,HU,Hungary,7,UPO,2006-2010,incoming
https://ror.org/02kkvpp62,Technical University of Munich,DE,Germany,550,UPO,2006-2010,incoming
https://ror.org/02kn6nx58,Keio University,JP,Japan,71,UPO,2006-2010,incoming
https://ror.org/02knr1992,International University,KH,Cambodia,5,UPO,2006-2010,incoming
https://ror.org/02kp7p620,Central Leather Research Institute,IN,India,9,UPO,2006-2010,incoming
https://ror.org/02kpeqv85,Kyoto University,JP,Japan,222,UPO,2006-2010,incoming
https://ror.org/02kq26x23,Hellenic Open University,GR,Greece,2,UPO,2006-2010,incoming
https://ror.org/02kqnpp86,"University of Campania ""Luigi Vanvitelli""",IT,Italy,181,UPO,2006-2010,incoming
https://ror.org/02kqs4h17,EHL Hospitality Business School,CH,Switzerland,1,UPO,2006-2010,incoming
https://ror.org/02kr3gj55,Mid Cheshire Hospitals NHS Foundation Trust,GB,United Kingdom,1,UPO,2006-2010,incoming
https://ror.org/02krbtc48,Paradigm Pharmaceuticals (United States),US,United States,2,UPO,2006-2010,incoming
https://ror.org/02ks53214,Max Planck Institute for Chemical Ecology,DE,Germany,1,UPO,2006-2010,incoming
https://ror.org/02ks8qq67,Hungarian Academy of Sciences,HU,Hungary,1450,UPO,2006-2010,incoming
https://ror.org/02ksmb993,Universidade Federal Rural de Pernambuco,BR,Brazil,2,UPO,2006-2010,incoming
https://ror.org/02kstzn75,Institute for Medical Biology,PL,Poland,1,UPO,2006-2010,incoming
https://ror.org/02kswma64,Istituto Nazionale per la Fisica della Materia,IT,Italy,11,UPO,2006-2010,incoming
https://ror.org/02kswqa67,Marmara University,TR,Turkey,562,UPO,2006-2010,incoming
https://ror.org/02kta5139,Universidad Autónoma Metropolitana,MX,Mexico,15,UPO,2006-2010,incoming
https://ror.org/02kv4zf79,National Science and Technology Council,TW,Taiwan,2,UPO,2006-2010,incoming
https://ror.org/02kvnjb40,European School of Oncology,IT,Italy,1,UPO,2006-2010,incoming
https://ror.org/02kvxyf05,Institut national de recherche en sciences et technologies du numérique,FR,France,29,UPO,2006-2010,incoming
https://ror.org/02kwnkm68,Henry Ford Health System,US,United States,14,UPO,2006-2010,incoming
https://ror.org/02kxbqc24,Kerman University of Medical Sciences,IR,Iran,1,UPO,2006-2010,incoming
https://ror.org/02kyckx55,University of Akron,US,United States,11,UPO,2006-2010,incoming
https://ror.org/02kyzv273,University Clinical Centre,PL,Poland,17,UPO,2006-2010,incoming
https://ror.org/02kzqn938,Université de Lille,FR,France,122,UPO,2006-2010,incoming
https://ror.org/02kzs4y22,UConn Health,US,United States,13,UPO,2006-2010,incoming
https://ror.org/02kzvnr24,Senate of Serampore College,IN,India,1,UPO,2006-2010,incoming
https://ror.org/02kzxd152,Medical University Plovdiv,BG,Bulgaria,2,UPO,2006-2010,incoming
https://ror.org/02m1z0a87,Medizinische Fakultät Mannheim,DE,Germany,5,UPO,2006-2010,incoming
https://ror.org/02m24xz19,Multiple Sclerosis Trust,GB,United Kingdom,1,UPO,2006-2010,incoming
https://ror.org/02m2rj159,Pharmaceutical Sciences Research Center,IR,Iran,1,UPO,2006-2010,incoming
https://ror.org/02m388s04,Department of Atomic Energy,IN,India,620,UPO,2006-2010,incoming
https://ror.org/02m3w2z38,Office for Health Improvement and Disparities,GB,United Kingdom,1,UPO,2006-2010,incoming
https://ror.org/02m5dy175,Georgia Tech Lorraine,FR,France,1,UPO,2006-2010,incoming
https://ror.org/02m62qy71,Örebro University Hospital,SE,Sweden,14,UPO,2006-2010,incoming
https://ror.org/02m82p074,Suez Canal University,EG,Egypt,69,UPO,2006-2010,incoming
https://ror.org/02m8d5f73,CytRx (United States),US,United States,2,UPO,2006-2010,incoming
https://ror.org/02m9cs548,Laboratoire de Réactivité et Chimie des Solides,FR,France,1,UPO,2006-2010,incoming
https://ror.org/02m9kbe37,Université de Toulon,FR,France,46,UPO,2006-2010,incoming
https://ror.org/02m9pj861,Hospital de Santo António,PT,Portugal,6,UPO,2006-2010,incoming
https://ror.org/02m9vrb24,Hunan University of Science and Technology,CN,China,13,UPO,2006-2010,incoming
https://ror.org/02ma4wv74,King Abdulaziz University,SA,Saudi Arabia,8,UPO,2006-2010,incoming
https://ror.org/02ma57s91,Universidad de Santiago de Chile,CL,Chile,35,UPO,2006-2010,incoming
https://ror.org/02mb95055,"Birkbeck, University of London",GB,United Kingdom,35,UPO,2006-2010,incoming
https://ror.org/02mbd5571,University of Bergamo,IT,Italy,613,UPO,2006-2010,incoming
https://ror.org/02mcpvv78,Hospital Universitario Sanitas Virgen del Mar,ES,Spain,1,UPO,2006-2010,incoming
https://ror.org/02md8hv62,Sheffield Children's NHS Foundation Trust,GB,United Kingdom,4,UPO,2006-2010,incoming
https://ror.org/02me5cy06,Institut de Biologie du Développement Marseille,FR,France,7,UPO,2006-2010,incoming
https://ror.org/02meqm098,National Center for Biotechnology Information,US,United States,10,UPO,2006-2010,incoming
https://ror.org/02mfp0b67,National Center for Theoretical Sciences,TW,Taiwan,10,UPO,2006-2010,incoming
https://ror.org/02mfxdp77,Oklahoma State University Center for Health Sciences,US,United States,9,UPO,2006-2010,incoming
https://ror.org/02mfxyv79,Michigan Cancer Research Consortium,US,United States,1,UPO,2006-2010,incoming
https://ror.org/02mg6n827,CEA Grenoble,FR,France,147,UPO,2006-2010,incoming
https://ror.org/02mgw3155,Centre de Recherche en Cancérologie de Lyon,FR,France,1,UPO,2006-2010,incoming
https://ror.org/02mh1d616,"National Center for Theoretical Sciences, Physics Division",TW,Taiwan,3,UPO,2006-2010,incoming
https://ror.org/02mh8wx89,Tianjin Medical University,CN,China,12,UPO,2006-2010,incoming
https://ror.org/02mh9a093,Pitié-Salpêtrière Hospital,FR,France,69,UPO,2006-2010,incoming
https://ror.org/02mhbdp94,Universidad de Los Andes,CO,Colombia,809,UPO,2006-2010,incoming
https://ror.org/02mhxa927,Zhujiang Hospital,CN,China,1,UPO,2006-2010,incoming
https://ror.org/02mjz6f26,University of Jinan,CN,China,25,UPO,2006-2010,incoming
https://ror.org/02mp0vf47,National Cancer Research Institute,GB,United Kingdom,76,UPO,2006-2010,incoming
https://ror.org/02mp2av58,University of Hawaii at Hilo,US,United States,1,UPO,2006-2010,incoming
https://ror.org/02mp31p96,Carl Zeiss (Germany),DE,Germany,3,UPO,2006-2010,incoming
https://ror.org/02mph9k76,Laboratoire de Physique Théorique et Hautes Energies,FR,France,42,UPO,2006-2010,incoming
https://ror.org/02mpq6x41,University of Illinois Chicago,US,United States,989,UPO,2006-2010,incoming
https://ror.org/02mqqhj42,UW Health University Hospital,US,United States,28,UPO,2006-2010,incoming
https://ror.org/02mqtne57,Hôpital Lariboisière,FR,France,20,UPO,2006-2010,incoming
https://ror.org/02mr3ar13,Shandong University of Technology,CN,China,33,UPO,2006-2010,incoming
https://ror.org/02ms7ap07,Agronomical Institute of Campinas,BR,Brazil,1,UPO,2006-2010,incoming
https://ror.org/02msb5n36,Universidad Nacional de Educación a Distancia,ES,Spain,26,UPO,2006-2010,incoming
https://ror.org/02mw21745,Ruđer Bošković Institute,HR,Croatia,1400,UPO,2006-2010,incoming
https://ror.org/02mzn7s88,University of South Wales,GB,United Kingdom,2,UPO,2006-2010,incoming
https://ror.org/02n0bts35,Medical University of Graz,AT,Austria,60,UPO,2006-2010,incoming
https://ror.org/02n0ejh50,Institute of High Performance Computing,SG,Singapore,5,UPO,2006-2010,incoming
https://ror.org/02n14ez29,Naval Medical Center San Diego,US,United States,6,UPO,2006-2010,incoming
https://ror.org/02n1y8269,Wales Institute of Cognitive Neuroscience,GB,United Kingdom,10,UPO,2006-2010,incoming
https://ror.org/02n25sf77,Callaghan Innovation,NZ,New Zealand,2,UPO,2006-2010,incoming
https://ror.org/02n2fzt79,Boston College,US,United States,989,UPO,2006-2010,incoming
https://ror.org/02n2yp822,FORTH Institute of Applied and Computational Mathematics,GR,Greece,1,UPO,2006-2010,incoming
https://ror.org/02n415q13,Curtin University,AU,Australia,45,UPO,2006-2010,incoming
https://ror.org/02n455404,University of Central Oklahoma,US,United States,1,UPO,2006-2010,incoming
https://ror.org/02n5cs023,Elizabeth City State University,US,United States,1,UPO,2006-2010,incoming
https://ror.org/02n5evf44,Sigma Clermont,FR,France,1,UPO,2006-2010,incoming
https://ror.org/02n651896,"California State University, San Bernardino",US,United States,1,UPO,2006-2010,incoming
https://ror.org/02n6c9837,Sanofi (France),FR,France,16,UPO,2006-2010,incoming
https://ror.org/02n742c10,University of Trieste,IT,Italy,2259,UPO,2006-2010,incoming
https://ror.org/02n7mrn32,Chubu Electric Power (Japan),JP,Japan,1,UPO,2006-2010,incoming
https://ror.org/02n7qrg46,Université Paris Diderot,FR,France,1,UPO,2006-2010,incoming
https://ror.org/02n85j827,National Research Centre,EG,Egypt,14,UPO,2006-2010,incoming
https://ror.org/02n96ep67,East China Normal University,CN,China,39,UPO,2006-2010,incoming
https://ror.org/02n9z0v62,Amity University,IN,India,1,UPO,2006-2010,incoming
https://ror.org/02na8dn90,Essen University Hospital,DE,Germany,76,UPO,2006-2010,incoming
https://ror.org/02nabw167,State Hospital,GB,United Kingdom,1,UPO,2006-2010,incoming
https://ror.org/02napb987,Centro de Estudos de Economia Aplicada do Atlântico,PT,Portugal,1,UPO,2006-2010,incoming
https://ror.org/02nbb5780,HCL Technologies (India),IN,India,1,UPO,2006-2010,incoming
https://ror.org/02nbvj238,"Agencia Española de Consumo, Seguridad Alimentaría y Nutrición",ES,Spain,1,UPO,2006-2010,incoming
https://ror.org/02nc81e13,IBM (Italy),IT,Italy,1,UPO,2006-2010,incoming
https://ror.org/02ncy5p18,Research on healthcare performance,FR,France,1,UPO,2006-2010,incoming
https://ror.org/02ndk3y82,Children's Medical Center,US,United States,1,UPO,2006-2010,incoming
https://ror.org/02ndr3r66,Hôpital Marie Lannelongue,FR,France,1,UPO,2006-2010,incoming
https://ror.org/02nf34254,Queens University of Charlotte,US,United States,2,UPO,2006-2010,incoming
https://ror.org/02nfzhn33,Johns Hopkins University School of Medicine,US,United States,123,UPO,2006-2010,incoming
https://ror.org/02nh10f55,Evanston Hospital,US,United States,1,UPO,2006-2010,incoming
https://ror.org/02nhqek82,University Children’s Hospital Basel,CH,Switzerland,1,UPO,2006-2010,incoming
https://ror.org/02njpkz73,Hull Royal Infirmary,GB,United Kingdom,4,UPO,2006-2010,incoming
https://ror.org/02njytm78,Auxilio Mutuo Hospital,PR,Puerto Rico,1,UPO,2006-2010,incoming
https://ror.org/02nk5bh05,B. Verkin Institute for Low Temperature Physics and Engineering of the National Academy of Sciences of Ukraine,UA,Ukraine,2,UPO,2006-2010,incoming
https://ror.org/02nkdxk79,Virginia Commonwealth University,US,United States,103,UPO,2006-2010,incoming
https://ror.org/02nkf1q06,University of Essex,GB,United Kingdom,19,UPO,2006-2010,incoming
https://ror.org/02nkfan21,Clinical Evaluation Research Unit,CA,Canada,1,UPO,2006-2010,incoming
https://ror.org/02nknzn40,Institute of Problems of Chemical Physics,RU,Russia,8,UPO,2006-2010,incoming
https://ror.org/02nn4s922,Pioneer Hi-Bred,US,United States,1,UPO,2006-2010,incoming
https://ror.org/02nnhbq91,Asahi Glass (Japan),JP,Japan,2,UPO,2006-2010,incoming
https://ror.org/02npqe506,GrowNYC,US,United States,1,UPO,2006-2010,incoming
https://ror.org/02nr3fr97,Center for Biologics Evaluation and Research,US,United States,2,UPO,2006-2010,incoming
https://ror.org/02nre0x31,Dan L Duncan Comprehensive Cancer Center,US,United States,2,UPO,2006-2010,incoming
https://ror.org/02nt5es71,Alberta Health Services,CA,Canada,14,UPO,2006-2010,incoming
https://ror.org/02ntc9t93,Chang Bing Show Chwan Memorial Hospital,TW,Taiwan,1,UPO,2006-2010,incoming
https://ror.org/02ntheh91,Instituto Venezolano de Investigaciones Científicas,VE,Venezuela,5,UPO,2006-2010,incoming
https://ror.org/02nthwg11,Laboratoire de Biogenèse Membranaire,FR,France,3,UPO,2006-2010,incoming
https://ror.org/02nv7yv05,Forschungszentrum Jülich,DE,Germany,80,UPO,2006-2010,incoming
https://ror.org/02nwg5t34,University of the West of England,GB,United Kingdom,499,UPO,2006-2010,incoming
https://ror.org/02nwvxz07,École nationale des ponts et chaussées,FR,France,18,UPO,2006-2010,incoming
https://ror.org/02nx5r318,College of New Jersey,US,United States,979,UPO,2006-2010,incoming
https://ror.org/02nymy567,Sapporo Minami Hospital,JP,Japan,1,UPO,2006-2010,incoming
https://ror.org/02nys7898,Western Cape Department of Health,ZA,South Africa,6,UPO,2006-2010,incoming
https://ror.org/02p0gd045,Universidad Complutense de Madrid,ES,Spain,178,UPO,2006-2010,incoming
https://ror.org/02p0p4q62,Physical Research Laboratory,IN,India,2,UPO,2006-2010,incoming
https://ror.org/02p179j44,College of Staten Island,US,United States,1,UPO,2006-2010,incoming
https://ror.org/02p350r61,Universidad Europea Miguel de Cervantes,ES,Spain,1,UPO,2006-2010,incoming
https://ror.org/02p3q3906,Ministry of the Environment and Protection of Land and Sea,IT,Italy,1,UPO,2006-2010,incoming
https://ror.org/02p4far57,Robert H. Lurie Comprehensive Cancer Center of Northwestern University,US,United States,33,UPO,2006-2010,incoming
https://ror.org/02p599b54,Treatment Research Institute,US,United States,2,UPO,2006-2010,incoming
https://ror.org/02p6jga18,Doshisha Women's College of Liberal Arts,JP,Japan,2,UPO,2006-2010,incoming
https://ror.org/02p72h367,University of Cincinnati Medical Center,US,United States,31,UPO,2006-2010,incoming
https://ror.org/02p77k626,University of Rome Tor Vergata,IT,Italy,653,UPO,2006-2010,incoming
https://ror.org/02p8nt844,North East Institute of Science and Technology,IN,India,6,UPO,2006-2010,incoming
https://ror.org/02p9e5v87,Concord Hospital,US,United States,6,UPO,2006-2010,incoming
https://ror.org/02p9ey581,Azienda Ospedaliera Universitaria Università degli Studi della Campania Luigi Vanvitelli,IT,Italy,4,UPO,2006-2010,incoming
https://ror.org/02p9waa09,State Key Laboratory of Neuroscience,CN,China,2,UPO,2006-2010,incoming
https://ror.org/02pa0cy79,University Hospitals Dorset NHS Foundation Trust,GB,United Kingdom,17,UPO,2006-2010,incoming
https://ror.org/02pammg90,Cedars-Sinai Medical Center,US,United States,70,UPO,2006-2010,incoming
https://ror.org/02panr271,Max Planck Institute of Biophysics,DE,Germany,2,UPO,2006-2010,incoming
https://ror.org/02pbsk254,Klinikum Lippe,DE,Germany,4,UPO,2006-2010,incoming
https://ror.org/02pc6pc55,Okayama University,JP,Japan,74,UPO,2006-2010,incoming
https://ror.org/02pd4fk17,Northeast Georgia Medical Center,US,United States,1,UPO,2006-2010,incoming
https://ror.org/02pfsj857,Shenyang Institute of Engineering,CN,China,1,UPO,2006-2010,incoming
https://ror.org/02pfwxe49,Agricultural Research Service - Southeast Area,US,United States,27,UPO,2006-2010,incoming
https://ror.org/02pg0e883,University of Aizu,JP,Japan,1,UPO,2006-2010,incoming
https://ror.org/02pg81z63,Corporació Sanitària Parc Taulí,ES,Spain,2,UPO,2006-2010,incoming
https://ror.org/02pgsjq66,Neuro-SU,FR,France,1,UPO,2006-2010,incoming
https://ror.org/02pgvzy25,Ming Chuan University,TW,Taiwan,3,UPO,2006-2010,incoming
https://ror.org/02phbwg91,Laboratoire de psychologie des cognitions,FR,France,10,UPO,2006-2010,incoming
https://ror.org/02phn5242,University of Colombo,LK,Sri Lanka,2,UPO,2006-2010,incoming
https://ror.org/02pj7we23,Centro Universitário Fundação Santo André,BR,Brazil,3,UPO,2006-2010,incoming
https://ror.org/02pjdv450,Florida Museum of Natural History,US,United States,1,UPO,2006-2010,incoming
https://ror.org/02pjx9m11,"Univesity of Life Science ""King Mihai I"" from Timisoara",RO,Romania,1,UPO,2006-2010,incoming
https://ror.org/02pk13h45,St George Hospital,AU,Australia,8,UPO,2006-2010,incoming
https://ror.org/02pkrn365,University College Hospital at Westmoreland Street,GB,United Kingdom,2,UPO,2006-2010,incoming
https://ror.org/02pnhwp93,HUN-REN Balaton Limnological Research Institute,HU,Hungary,2,UPO,2006-2010,incoming
https://ror.org/02pnjnj33,Dr. Margarete Fischer-Bosch-Institute of Clinical Pharmacology,DE,Germany,2,UPO,2006-2010,incoming
https://ror.org/02pp7px91,Max Planck Institute for Human Development,DE,Germany,1,UPO,2006-2010,incoming
https://ror.org/02ppyfa04,Centre Hospitalier Universitaire de Lille,FR,France,44,UPO,2006-2010,incoming
https://ror.org/02pq29p90,"Istituto Nazionale di Fisica Nucleare, Sezione di Catania",IT,Italy,5,UPO,2006-2010,incoming
https://ror.org/02pr0xw82,Laboratoire Chimie de l'Environnement,FR,France,3,UPO,2006-2010,incoming
https://ror.org/02prqh017,Holon Institute of Technology,IL,Israel,2,UPO,2006-2010,incoming
https://ror.org/02pthyn77,New York University Florence,IT,Italy,1144,UPO,2006-2010,incoming
https://ror.org/02pttbw34,Baylor College of Medicine,US,United States,195,UPO,2006-2010,incoming
https://ror.org/02ptw3r05,Hospital Universitario Son Dureta,ES,Spain,4,UPO,2006-2010,incoming
https://ror.org/02ptz5951,Joint Research Centre,DE,Germany,3,UPO,2006-2010,incoming
https://ror.org/02pv64t29,Woods Hole Coastal and Marine Science Center,US,United States,1,UPO,2006-2010,incoming
https://ror.org/02pwa4b62,Al Azhar University,QA,Qatar,1,UPO,2006-2010,incoming
https://ror.org/02pwnhd33,Centre Jean Perrin,FR,France,10,UPO,2006-2010,incoming
https://ror.org/02q1spa57,Tunis University,TN,Tunisia,2,UPO,2006-2010,incoming
https://ror.org/02q248z41,Advisory Board Company (United States),US,United States,5,UPO,2006-2010,incoming
https://ror.org/02q2d2610,University of Brescia,IT,Italy,1264,UPO,2006-2010,incoming
https://ror.org/02q2nz798,Institute for Neuroscience,CH,Switzerland,2,UPO,2006-2010,incoming
https://ror.org/02q49af68,Aberdeen Royal Infirmary,GB,United Kingdom,12,UPO,2006-2010,incoming
https://ror.org/02q6fa122,Dynamique de l'information génétique : bases fondamentales et cancer,FR,France,1,UPO,2006-2010,incoming
https://ror.org/02q6q1660,Institute of Molecular Physiology and Genetics of the Slovak Academy of Sciences,SK,Slovakia,1,UPO,2006-2010,incoming
https://ror.org/02q73ep21,Laboratory of Organic Chemistry,CH,Switzerland,18,UPO,2006-2010,incoming
https://ror.org/02q854y08,Changi General Hospital,SG,Singapore,2,UPO,2006-2010,incoming
https://ror.org/02q8ggc38,Transnational Family Research Institute,US,United States,6,UPO,2006-2010,incoming
https://ror.org/02q8vys74,American Institute of Physics,US,United States,1,UPO,2006-2010,incoming
https://ror.org/02qa1x782,Fisheries and Oceans Canada,CA,Canada,1,UPO,2006-2010,incoming
https://ror.org/02qb3f692,St Anna Children's Hospital,AT,Austria,11,UPO,2006-2010,incoming
https://ror.org/02qbc3192,ZheJiang Academy of Agricultural Sciences,CN,China,2,UPO,2006-2010,incoming
https://ror.org/02qdbgx97,Geisinger Health System,US,United States,10,UPO,2006-2010,incoming
https://ror.org/02qeh3c90,University of Louisiana at Monroe,US,United States,2,UPO,2006-2010,incoming
https://ror.org/02qezmz13,Joint Research Centre,IT,Italy,15,UPO,2006-2010,incoming
https://ror.org/02qh3e530,Hokkaido Pharmaceutical University,JP,Japan,1,UPO,2006-2010,incoming
https://ror.org/02qjrjx09,University of Cyprus,CY,Cyprus,881,UPO,2006-2010,incoming
https://ror.org/02qm18h86,VA Pittsburgh Healthcare System,US,United States,10,UPO,2006-2010,incoming
https://ror.org/02qmnbs26,Nopparat Rajathanee Hospital,TH,Thailand,1,UPO,2006-2010,incoming
https://ror.org/02qn0hf26,"University of Agricultural Sciences, Dharwad",IN,India,5,UPO,2006-2010,incoming
https://ror.org/02qnnz951,University of Mons,BE,Belgium,956,UPO,2006-2010,incoming
https://ror.org/02qnsw591,Centre for European Economic Research,DE,Germany,4,UPO,2006-2010,incoming
https://ror.org/02qp3tb03,Mayo Clinic,US,United States,360,UPO,2006-2010,incoming
https://ror.org/02qqy8j09,Instituto de Ciencia de Materiales de Madrid,ES,Spain,1,UPO,2006-2010,incoming
https://ror.org/02qrg5a24,Royal College of Surgeons of England,GB,United Kingdom,1,UPO,2006-2010,incoming
https://ror.org/02qrt6d45,Institut Préparatoire aux Études d'Ingénieurs de Monastir,TN,Tunisia,1,UPO,2006-2010,incoming
https://ror.org/02qs1a797,Spanish National Centre for Cardiovascular Research,ES,Spain,4,UPO,2006-2010,incoming
https://ror.org/02qs84g94,University of Piraeus,GR,Greece,3,UPO,2006-2010,incoming
https://ror.org/02qskvh78,"University of Maryland, Baltimore County",US,United States,7,UPO,2006-2010,incoming
https://ror.org/02qsmb048,University of Belgrade,RS,Serbia,1165,UPO,2006-2010,incoming
https://ror.org/02qt0xs84,Cal Poly Humboldt,US,United States,16,UPO,2006-2010,incoming
https://ror.org/02qt1p572,Hôpital Edouard Herriot,FR,France,17,UPO,2006-2010,incoming
https://ror.org/02qte9q33,University of Stavanger,NO,Norway,5,UPO,2006-2010,incoming
https://ror.org/02qthww36,Libin Cardiovascular Institute of Alberta,CA,Canada,6,UPO,2006-2010,incoming
https://ror.org/02qtvee93,Carleton University,CA,Canada,42,UPO,2006-2010,incoming
https://ror.org/02qv90y91,Nagasaki Medical Center,JP,Japan,4,UPO,2006-2010,incoming
https://ror.org/02qwkrw10,National Institute of Health,AM,Armenia,5,UPO,2006-2010,incoming
https://ror.org/02qx1ae98,First Affiliated Hospital of Xinjiang Medical University,CN,China,4,UPO,2006-2010,incoming
https://ror.org/02qx2s478,Southern and Eastern Norway Regional Health Authority,NO,Norway,3,UPO,2006-2010,incoming
https://ror.org/02qy5zc16,Women's Health In Women's Hands,CA,Canada,1,UPO,2006-2010,incoming
https://ror.org/02qyf5152,Indian Institute of Technology Bombay,IN,India,630,UPO,2006-2010,incoming
https://ror.org/02qz3vm75,Institute for Quality and Efficiency in Health Care,DE,Germany,2,UPO,2006-2010,incoming
https://ror.org/02qz8b764,Cold Spring Harbor Laboratory,US,United States,24,UPO,2006-2010,incoming
https://ror.org/02qzsgg04,NATO Science and Technology Organization,BE,Belgium,2,UPO,2006-2010,incoming
https://ror.org/02r0rps05,Ospedale Sant'Orsola di Brescia,IT,Italy,1,UPO,2006-2010,incoming
https://ror.org/02r0vmn14,Kamineni Hospitals,IN,India,1,UPO,2006-2010,incoming
https://ror.org/02r1wpw81,Virginia Mason Franciscan Health,US,United States,22,UPO,2006-2010,incoming
https://ror.org/02r25sw81,Hôpital Pontchaillou,FR,France,4,UPO,2006-2010,incoming
https://ror.org/02r276210,Avondale University,AU,Australia,1,UPO,2006-2010,incoming
https://ror.org/02r29r389,Hôpital André Mignot,FR,France,2,UPO,2006-2010,incoming
https://ror.org/02r2k1c68,National Institute of Science Education and Research,IN,India,26,UPO,2006-2010,incoming
https://ror.org/02r2q1d96,Leibniz Institute of Virology (LIV),DE,Germany,3,UPO,2006-2010,incoming
https://ror.org/02r2qbj91,SUNY Westchester Community College,US,United States,1,UPO,2006-2010,incoming
https://ror.org/02r3e0967,St. Jude Children's Research Hospital,US,United States,46,UPO,2006-2010,incoming
https://ror.org/02r3ym141,SUNY Oneonta,US,United States,3,UPO,2006-2010,incoming
https://ror.org/02r40rn49,Central Adelaide Local Health Network,AU,Australia,23,UPO,2006-2010,incoming
https://ror.org/02r581p42,Hospital de Santa Cruz,PT,Portugal,2,UPO,2006-2010,incoming
https://ror.org/02r5cmz65,Babol University of Medical Sciences,IR,Iran,1,UPO,2006-2010,incoming
https://ror.org/02r625m11,Frankfurt University of Applied Sciences,DE,Germany,4,UPO,2006-2010,incoming
https://ror.org/02r6fpx29,National Health Research Institutes,TW,Taiwan,19,UPO,2006-2010,incoming
https://ror.org/02r6pfc06,Nnamdi Azikiwe University,NG,Nigeria,1,UPO,2006-2010,incoming
https://ror.org/02r839n55,Saint Mary's College,US,United States,1,UPO,2006-2010,incoming
https://ror.org/02r91my29,University of Kelaniya,LK,Sri Lanka,1,UPO,2006-2010,incoming
https://ror.org/02r946p38,Kagoshima City Hospital,JP,Japan,1,UPO,2006-2010,incoming
https://ror.org/02rc97e94,University of Calabria,IT,Italy,343,UPO,2006-2010,incoming
https://ror.org/02rcdta59,Centre Hospitalier d'Angoulême,FR,France,2,UPO,2006-2010,incoming
https://ror.org/02rcrvv70,Government of the United States of America,US,United States,12,UPO,2006-2010,incoming
https://ror.org/02rdhhs90,Emmanuel College - Massachusetts,US,United States,1,UPO,2006-2010,incoming
https://ror.org/02rdkx920,United States Army Combat Capabilities Development Command,US,United States,1,UPO,2006-2010,incoming
https://ror.org/02re32a17,University of Applied Sciences Mainz,DE,Germany,24,UPO,2006-2010,incoming
https://ror.org/02retg991,University of Jammu,IN,India,576,UPO,2006-2010,incoming
https://ror.org/02rg6ka44,Southwest Bahia State University,BR,Brazil,2,UPO,2006-2010,incoming
https://ror.org/02rgb2k63,Universiti Sains Malaysia,MY,Malaysia,18,UPO,2006-2010,incoming
https://ror.org/02rhp5f96,Mulago Hospital,UG,Uganda,1,UPO,2006-2010,incoming
https://ror.org/02rjhbb08,Universidade Federal Fluminense,BR,Brazil,13,UPO,2006-2010,incoming
https://ror.org/02rjj2m04,Vanderbilt-Ingram Cancer Center,US,United States,18,UPO,2006-2010,incoming
https://ror.org/02rjj7s91,University Clinical Centre Maribor,SI,Slovenia,1,UPO,2006-2010,incoming
https://ror.org/02rka3n91,Mianyang Normal University,CN,China,1,UPO,2006-2010,incoming
https://ror.org/02rkgge26,Lawson Research Institute,CA,Canada,7,UPO,2006-2010,incoming
https://ror.org/02rktxt32,Royal Children's Hospital,AU,Australia,17,UPO,2006-2010,incoming
https://ror.org/02rkvz144,Northeast Normal University,CN,China,49,UPO,2006-2010,incoming
https://ror.org/02rkzhe22,Mote Marine Laboratory,US,United States,1,UPO,2006-2010,incoming
https://ror.org/02rmd1t30,Babeș-Bolyai University,RO,Romania,12,UPO,2006-2010,incoming
https://ror.org/02rn83489,Corniche Hospital,AE,United Arab Emirates,1,UPO,2006-2010,incoming
https://ror.org/02rnb8t27,Katholieke Hogeschool Vives,BE,Belgium,11,UPO,2006-2010,incoming
https://ror.org/02rppq041,Krankenhaus Nordwest,DE,Germany,2,UPO,2006-2010,incoming
https://ror.org/02rrdvm96,Center for Excellence in Molecular Cell Science,CN,China,4,UPO,2006-2010,incoming
https://ror.org/02rrha849,Universidade Santa Cecília,BR,Brazil,2,UPO,2006-2010,incoming
https://ror.org/02rsjh069,Carilion Clinic,US,United States,1,UPO,2006-2010,incoming
https://ror.org/02rsjqy82,Point Loma Nazarene University,US,United States,2,UPO,2006-2010,incoming
https://ror.org/02rsnav77,National University of San Juan,AR,Argentina,2,UPO,2006-2010,incoming
https://ror.org/02rsx0d74,Universidad de Puebla,MX,Mexico,1,UPO,2006-2010,incoming
https://ror.org/02rt1qz74,Institute of Electrical Engineering of the Slovak Academy of Sciences,SK,Slovakia,1,UPO,2006-2010,incoming
https://ror.org/02rthxz10,St Vincent's Clinic,AU,Australia,1,UPO,2006-2010,incoming
https://ror.org/02rv1bf67,Centre de Recherche de l'Institut de Démographie de l'Université Paris 1,FR,France,5,UPO,2006-2010,incoming
https://ror.org/02rv3w387,Universidade Aberta,PT,Portugal,4,UPO,2006-2010,incoming
https://ror.org/02rvm6b03,Defence Science and Technology Agency,SG,Singapore,1,UPO,2006-2010,incoming
https://ror.org/02rw39616,Jawaharlal Nehru Technological University Anantapur,IN,India,1,UPO,2006-2010,incoming
https://ror.org/02rwycx38,San Raffaele University of Rome,IT,Italy,7,UPO,2006-2010,incoming
https://ror.org/02rx3b187,Université Grenoble Alpes,FR,France,1579,UPO,2006-2010,incoming
https://ror.org/02rxa1r38,"Islamic Azad University, UAE Branch",AE,United Arab Emirates,4,UPO,2006-2010,incoming
https://ror.org/02rxc7m23,Universidad de Navarra,ES,Spain,60,UPO,2006-2010,incoming
https://ror.org/02ryc4y44,East and North Hertfordshire NHS Trust,GB,United Kingdom,8,UPO,2006-2010,incoming
https://ror.org/02ryfmr77,Université des Antilles,GP,Guadeloupe,1,UPO,2006-2010,incoming
https://ror.org/02rzqza52,University Ferhat Abbas of Setif,DZ,Algeria,1,UPO,2006-2010,incoming
https://ror.org/02s2qzh96,Centre Jean Bernard,FR,France,1,UPO,2006-2010,incoming
https://ror.org/02s376052,École Polytechnique Fédérale de Lausanne,CH,Switzerland,259,UPO,2006-2010,incoming
https://ror.org/02s3d7j94,Chang Jung Christian University,TW,Taiwan,6,UPO,2006-2010,incoming
https://ror.org/02s3fnw45,Advanced Technology & Materials (China),CN,China,1,UPO,2006-2010,incoming
https://ror.org/02s4gkg68,Adıyaman University,TR,Turkey,66,UPO,2006-2010,incoming
https://ror.org/02s4h3z39,Ural Branch of the Russian Academy of Sciences,RU,Russia,1,UPO,2006-2010,incoming
https://ror.org/02s61w335,Ospedale Regionale di Bellinzona e Valli,CH,Switzerland,3,UPO,2006-2010,incoming
https://ror.org/02s65tk16,Spanish Biomedical Research Centre in Physiopathology of Obesity and Nutrition,ES,Spain,1,UPO,2006-2010,incoming
https://ror.org/02s6byd36,Center for Outcomes Research in Liver Diseases,US,United States,1,UPO,2006-2010,incoming
https://ror.org/02s6h0431,Ospedale di Circolo e Fondazione Macchi,IT,Italy,2,UPO,2006-2010,incoming
https://ror.org/02s70bh95,Cardiovascular Research Center,BR,Brazil,13,UPO,2006-2010,incoming
https://ror.org/02s7c9e98,Fourth Affiliated Hospital of Harbin Medical University,CN,China,1,UPO,2006-2010,incoming
https://ror.org/02s7et124,Azienda Ospedaliera Universitaria Senese,IT,Italy,26,UPO,2006-2010,incoming
https://ror.org/02s7fkk92,Hospital Arnau de Vilanova,ES,Spain,7,UPO,2006-2010,incoming
https://ror.org/02s7hnh67,Thammasat University Hospital,TH,Thailand,3,UPO,2006-2010,incoming
https://ror.org/02s7xpw31,St. Josef Krankenhaus,DE,Germany,1,UPO,2006-2010,incoming
https://ror.org/02s8dab97,Junta de Castilla y León,ES,Spain,3,UPO,2006-2010,incoming
https://ror.org/02s8jk784,PVS Memorial Hospital,IN,India,1,UPO,2006-2010,incoming
https://ror.org/02s8k0k61,"Istituto Nazionale di Fisica Nucleare, Laboratori Nazionali del Gran Sasso",IT,Italy,47,UPO,2006-2010,incoming
https://ror.org/02sc3r913,Griffith University,AU,Australia,59,UPO,2006-2010,incoming
https://ror.org/02scqqt19,National Institute for Research and Development for Industrial Ecology,RO,Romania,1,UPO,2006-2010,incoming
https://ror.org/02sd77t30,Baewha Women's University,KR,South Korea,2,UPO,2006-2010,incoming
https://ror.org/02sdeme12,Innovation Research Center,US,United States,1,UPO,2006-2010,incoming
https://ror.org/02se0t636,Leibniz Institute of Photonic Technology,DE,Germany,1,UPO,2006-2010,incoming
https://ror.org/02sepg748,Institute of Materials Research and Engineering,SG,Singapore,1,UPO,2006-2010,incoming
https://ror.org/02sghbs34,University of Rio Grande and Rio Grande Community College,US,United States,2,UPO,2006-2010,incoming
https://ror.org/02shmve39,Mongolian University of Science and Technology,MN,Mongolia,1,UPO,2006-2010,incoming
https://ror.org/02sjef319,Washington State University Tri-Cities,US,United States,1,UPO,2006-2010,incoming
https://ror.org/02sjnfb25,Versiti Blood Center of Wisconsin,US,United States,4,UPO,2006-2010,incoming
https://ror.org/02sk64d67,Inn-Salzach-Klinikum,DE,Germany,1,UPO,2006-2010,incoming
https://ror.org/02skbsp27,Leibniz-Institut für Pflanzengenetik und Kulturpflanzenforschung (IPK),DE,Germany,3,UPO,2006-2010,incoming
https://ror.org/02skytd81,IMDEA Nanoscience,ES,Spain,1,UPO,2006-2010,incoming
https://ror.org/02smfhw86,Virginia Tech,US,United States,90,UPO,2006-2010,incoming
https://ror.org/02smq5q54,Birmingham City Hospital,GB,United Kingdom,2,UPO,2006-2010,incoming
https://ror.org/02snf5j61,"University Hospital, Newark",US,United States,1,UPO,2006-2010,incoming
https://ror.org/02snwfx66,Trafford General Hospital,GB,United Kingdom,3,UPO,2006-2010,incoming
https://ror.org/02sp1z620,Burke Medical Research Institute,US,United States,3,UPO,2006-2010,incoming
https://ror.org/02sp3q482,"The University of Agriculture, Peshawar",PK,Pakistan,3,UPO,2006-2010,incoming
https://ror.org/02sp8x745,Royal Jubilee Hospital,CA,Canada,1,UPO,2006-2010,incoming
https://ror.org/02sprfq10,Autorité de Sûreté Nucléaire,FR,France,10,UPO,2006-2010,incoming
https://ror.org/02sps0775,Chubu University,JP,Japan,57,UPO,2006-2010,incoming
https://ror.org/02spzyy34,University of Oregon,US,United States,37,UPO,2006-2010,incoming
https://ror.org/02sqt9870,University of Louisiana System,US,United States,37,UPO,2006-2010,incoming
https://ror.org/02ss0kx69,Kyung Hee University Dental Hospital,KR,South Korea,1,UPO,2006-2010,incoming
https://ror.org/02st4q439,Institut de Chimie des Substances Naturelles,FR,France,54,UPO,2006-2010,incoming
https://ror.org/02stey378,The University of Notre Dame Australia,AU,Australia,4,UPO,2006-2010,incoming
https://ror.org/02stwhg86,St. Charles Medical Center,US,United States,2,UPO,2006-2010,incoming
https://ror.org/02stzb903,Victoria Hospital,GB,United Kingdom,1,UPO,2006-2010,incoming
https://ror.org/02svzjn28,Walter Sisulu University,ZA,South Africa,1,UPO,2006-2010,incoming
https://ror.org/02swcnz29,Department of Health and Aged Care,AU,Australia,1,UPO,2006-2010,incoming
https://ror.org/02sy42d13,Bambino Gesù Children's Hospital,IT,Italy,48,UPO,2006-2010,incoming
https://ror.org/02syg0q74,Hirosaki University,JP,Japan,21,UPO,2006-2010,incoming
https://ror.org/02t0qr014,University of North Carolina Wilmington,US,United States,8,UPO,2006-2010,incoming
https://ror.org/02t1bej08,Monash Health,AU,Australia,7,UPO,2006-2010,incoming
https://ror.org/02t1cke57,Laboratoire de Photochimie et d'Ingénierie Macromoléculaire,FR,France,1,UPO,2006-2010,incoming
https://ror.org/02t274463,"University of California, Santa Barbara",US,United States,921,UPO,2006-2010,incoming
https://ror.org/02t2qwf81,University of Peshawar,PK,Pakistan,1,UPO,2006-2010,incoming
https://ror.org/02t4ekc95,Medical University of Lodz,PL,Poland,45,UPO,2006-2010,incoming
https://ror.org/02t6gq889,Instituto de Investigaciones Fisicoquímicas Teóricas y Aplicadas,AR,Argentina,7,UPO,2006-2010,incoming
https://ror.org/02t771148,National Cancer Institute,UA,Ukraine,2,UPO,2006-2010,incoming
https://ror.org/02t7d8g08,International Sturgeon Research Institute,IR,Iran,1,UPO,2006-2010,incoming
https://ror.org/02t83f864,Wessex Regional Genetics Laboratory,GB,United Kingdom,2,UPO,2006-2010,incoming
https://ror.org/02t989p36,Chihaya Hospital,JP,Japan,1,UPO,2006-2010,incoming
https://ror.org/02t9fsj94,Obihiro University of Agriculture and Veterinary Medicine,JP,Japan,6,UPO,2006-2010,incoming
https://ror.org/02tbz8k15,University Research Co (United States),US,United States,2,UPO,2006-2010,incoming
https://ror.org/02tc2qe44,General Hospital of Rhodes,GR,Greece,1,UPO,2006-2010,incoming
https://ror.org/02tcf7a68,Centre Hospitalier Universitaire de Clermont-Ferrand,FR,France,12,UPO,2006-2010,incoming
https://ror.org/02tdmfk69,Belfast Health and Social Care Trust,GB,United Kingdom,19,UPO,2006-2010,incoming
https://ror.org/02tdtzx53,Sainsbury Laboratory,GB,United Kingdom,2,UPO,2006-2010,incoming
https://ror.org/02te3c603,Institute of Chemistry of the Slovak Academy of Sciences,SK,Slovakia,3,UPO,2006-2010,incoming
https://ror.org/02teamz63,La Rabida Children's Hospital,US,United States,1,UPO,2006-2010,incoming
https://ror.org/02tefzr61,University of Tokyo Health Sciences,JP,Japan,2,UPO,2006-2010,incoming
https://ror.org/02teq1165,University of Mississippi,US,United States,888,UPO,2006-2010,incoming
https://ror.org/02tj04e91,Sydney Children's Hospital,AU,Australia,2,UPO,2006-2010,incoming
https://ror.org/02tj7r959,Environmental Defense Fund,US,United States,1,UPO,2006-2010,incoming
https://ror.org/02tjxem41,Steacie Institute for Molecular Sciences,CA,Canada,5,UPO,2006-2010,incoming
https://ror.org/02tmb4981,Postgraduate Institute of Medical Education and Research,IN,India,1,UPO,2006-2010,incoming
https://ror.org/02tpgw303,Institute for Systems Biology,US,United States,8,UPO,2006-2010,incoming
https://ror.org/02tphfq59,National University of Rosario,AR,Argentina,3,UPO,2006-2010,incoming
https://ror.org/02trgd202,Institut Municipal d'Assistència Sanitària,ES,Spain,1,UPO,2006-2010,incoming
https://ror.org/02trn6p95,Comisión Sectorial de Investigación Científica,UY,Uruguay,1,UPO,2006-2010,incoming
https://ror.org/02tryst02,Agilent Technologies (United States),US,United States,3,UPO,2006-2010,incoming
https://ror.org/02tsanh21,National Cancer Center,KR,South Korea,13,UPO,2006-2010,incoming
https://ror.org/02tsjqn73,Nagaoka Red Cross Hospital,JP,Japan,1,UPO,2006-2010,incoming
https://ror.org/02tsqtg57,Maxwell Institute for Mathematical Sciences,GB,United Kingdom,2,UPO,2006-2010,incoming
https://ror.org/02ttmd632,Polessky State University,BY,Belarus,1,UPO,2006-2010,incoming
https://ror.org/02ttsq026,University of Colorado Boulder,US,United States,966,UPO,2006-2010,incoming
https://ror.org/02tv7db43,Balıkesir University,TR,Turkey,2,UPO,2006-2010,incoming
https://ror.org/02tvcev59,New School,US,United States,6,UPO,2006-2010,incoming
https://ror.org/02tvj3q58,Centre National des Sciences et Technologies Nucléaires,TN,Tunisia,1,UPO,2006-2010,incoming
https://ror.org/02tvx6482,Key Laboratory of Chemistry for Natural Products of Guizhou Province and Chinese Academy of Sciences,CN,China,1,UPO,2006-2010,incoming
https://ror.org/02twt6343,Institut universitaire en santé mentale de Montréal,CA,Canada,1,UPO,2006-2010,incoming
https://ror.org/02tyer376,Leibniz Institute DSMZ – German Collection of Microorganisms and Cell Cultures,DE,Germany,17,UPO,2006-2010,incoming
https://ror.org/02typaz40,National Children’s Research Centre,IE,Ireland,2,UPO,2006-2010,incoming
https://ror.org/02tyrky19,Trinity College Dublin,IE,Ireland,80,UPO,2006-2010,incoming
https://ror.org/02tzt0b78,Universidad de León,ES,Spain,3,UPO,2006-2010,incoming
https://ror.org/02v0mj573,Royal Albert Edward Infirmary,GB,United Kingdom,1,UPO,2006-2010,incoming
https://ror.org/02v2svk17,Laboratoire Hétérochimie Fondamentale et Appliquée,FR,France,5,UPO,2006-2010,incoming
https://ror.org/02v3sdn51,MRC/CSO Social and Public Health Sciences Unit,GB,United Kingdom,1,UPO,2006-2010,incoming
https://ror.org/02v3txv81,Portland VA Medical Center,US,United States,2,UPO,2006-2010,incoming
https://ror.org/02v4dqa55,Al-Qalam University for Humanities and Applied Sciences,YE,Yemen,1,UPO,2006-2010,incoming
https://ror.org/02v51f717,Peking University,CN,China,1103,UPO,2006-2010,incoming
https://ror.org/02v5bgz72,"Groupe Hospitalier Cochin - Port-Royal, Hôtel-Dieu, Broca - La Collégiale",FR,France,32,UPO,2006-2010,incoming
https://ror.org/02v5mzt02,St David's Medical Center,US,United States,1,UPO,2006-2010,incoming
https://ror.org/02v66pf20,Novartis (Singapore),SG,Singapore,3,UPO,2006-2010,incoming
https://ror.org/02v6aqf52,Camosun College,CA,Canada,1,UPO,2006-2010,incoming
https://ror.org/02v6kpv12,Université Toulouse III - Paul Sabatier,FR,France,164,UPO,2006-2010,incoming
https://ror.org/02v6vej93,Institute of Liver and Biliary Sciences,IN,India,5,UPO,2006-2010,incoming
https://ror.org/02v7qv571,Santa Clara Valley Medical Center,US,United States,2,UPO,2006-2010,incoming
https://ror.org/02v80fc35,Auburn University,US,United States,27,UPO,2006-2010,incoming
https://ror.org/02v89pq06,"Istituto Nazionale di Fisica Nucleare, Sezione di Genova",IT,Italy,13,UPO,2006-2010,incoming
https://ror.org/02v8rz176,Guru Teg Bahadur Hospital,IN,India,1,UPO,2006-2010,incoming
https://ror.org/02v8wkr26,Cancer Research Institute of the Slovak Academy of Sciences,SK,Slovakia,1,UPO,2006-2010,incoming
https://ror.org/02v8yp068,Konyang University,KR,South Korea,8,UPO,2006-2010,incoming
https://ror.org/02v9bqx10,Başkent University,TR,Turkey,17,UPO,2006-2010,incoming
https://ror.org/02v9m6h26,SUNY College of Optometry,US,United States,1,UPO,2006-2010,incoming
https://ror.org/02vb7sj25,Geneva College,US,United States,18,UPO,2006-2010,incoming
https://ror.org/02vde2j43,Institute for Medical Research,RS,Serbia,6,UPO,2006-2010,incoming
https://ror.org/02veq1j93,Universitäts Frauenklinik,DE,Germany,2,UPO,2006-2010,incoming
https://ror.org/02verss31,Chang Gung Memorial Hospital,TW,Taiwan,38,UPO,2006-2010,incoming
https://ror.org/02vg22c33,Desert Research Institute,US,United States,3,UPO,2006-2010,incoming
https://ror.org/02vg5vv12,Noguchi Institute,JP,Japan,2,UPO,2006-2010,incoming
https://ror.org/02vg7mz57,Guangdong Pharmaceutical University,CN,China,3,UPO,2006-2010,incoming
https://ror.org/02vg92y09,Whittington Health NHS Trust,GB,United Kingdom,3,UPO,2006-2010,incoming
https://ror.org/02vgb0r89,Kinki Central Hospital,JP,Japan,1,UPO,2006-2010,incoming
https://ror.org/02vgs9327,Kumamoto University Hospital,JP,Japan,1,UPO,2006-2010,incoming
https://ror.org/02vh2pt65,Ludwig Cancer Research,AU,Australia,1,UPO,2006-2010,incoming
https://ror.org/02vh8a032,Bilkent University,TR,Turkey,17,UPO,2006-2010,incoming
https://ror.org/02vj1vm13,Minnan Normal University,CN,China,1,UPO,2006-2010,incoming
https://ror.org/02vjkv261,Inserm,FR,France,472,UPO,2006-2010,incoming
https://ror.org/02vkw2772,Allgemeiner Deutscher Hochschulsportverband,DE,Germany,1,UPO,2006-2010,incoming
https://ror.org/02vm5rt34,Vanderbilt University,US,United States,1028,UPO,2006-2010,incoming
https://ror.org/02vnd0e65,"Laboratoire de Probabilités, Statistique et Modélisation",FR,France,1,UPO,2006-2010,incoming
https://ror.org/02vnf0c38,Laboratoire Lorrain de Recherche en Informatique et ses Applications,FR,France,3,UPO,2006-2010,incoming
https://ror.org/02vnjj382,Krishna Institute of Medical Sciences Deemed University,IN,India,2,UPO,2006-2010,incoming
https://ror.org/02vnyaz83,Mills Peninsula Health Services,US,United States,1,UPO,2006-2010,incoming
https://ror.org/02vpfbn76,Boston University Brussels,BE,Belgium,4,UPO,2006-2010,incoming
https://ror.org/02vqh3346,James Cook University Hospital,GB,United Kingdom,8,UPO,2006-2010,incoming
https://ror.org/02vr0ne26,European Institute of Oncology,IT,Italy,189,UPO,2006-2010,incoming
https://ror.org/02vrd8j29,The Chicago School,US,United States,1,UPO,2006-2010,incoming
https://ror.org/02vt68k07,Dongguk University Medical Center,KR,South Korea,2,UPO,2006-2010,incoming
https://ror.org/02vtd2q19,Hospital Universitario Reina Sofía,ES,Spain,18,UPO,2006-2010,incoming
https://ror.org/02vtmt724,Institute of Synthetic Polymeric Materials,RU,Russia,3,UPO,2006-2010,incoming
https://ror.org/02vv5y108,"Istituto Nazionale di Fisica Nucleare, Sezione di Firenze",IT,Italy,6,UPO,2006-2010,incoming
https://ror.org/02vwzrd76,Thomas Jefferson National Accelerator Facility,US,United States,149,UPO,2006-2010,incoming
https://ror.org/02vxbm786,The Retina Center,US,United States,1,UPO,2006-2010,incoming
https://ror.org/02vxngq63,Latvian Academy of Sciences,LV,Latvia,1,UPO,2006-2010,incoming
https://ror.org/02vyk6z19,Argentine Antarctic Institute,AR,Argentina,2,UPO,2006-2010,incoming
https://ror.org/02vymnc26,Sanitas (Spain),ES,Spain,1,UPO,2006-2010,incoming
https://ror.org/02vz80y09,Centro Medico Nacional Siglo XXI,MX,Mexico,4,UPO,2006-2010,incoming
https://ror.org/02vznxv75,Instituto de Química Médica,ES,Spain,9,UPO,2006-2010,incoming
https://ror.org/02w0trx84,Montana State University,US,United States,17,UPO,2006-2010,incoming
https://ror.org/02w1djg46,Fecunditas Instituto de Medicina Reproductiva,AR,Argentina,1,UPO,2006-2010,incoming
https://ror.org/02w1g0f30,Bashkir State Medical University,RU,Russia,1,UPO,2006-2010,incoming
https://ror.org/02w35z347,Hôpital Gui de Chauliac,FR,France,1,UPO,2006-2010,incoming
https://ror.org/02w3gk008,Silla University,KR,South Korea,2,UPO,2006-2010,incoming
https://ror.org/02w42ss30,Budapest University of Technology and Economics,HU,Hungary,19,UPO,2006-2010,incoming
https://ror.org/02w4f2z17,Silesian University in Opava,CZ,Czechia,8,UPO,2006-2010,incoming
https://ror.org/02w4gwv87,University of Antananarivo,MG,Madagascar,1,UPO,2006-2010,incoming
https://ror.org/02w5pxz31,Assiut University Hospitals,EG,Egypt,3,UPO,2006-2010,incoming
https://ror.org/02w5vxx03,Centre de recherche en santé publique,CA,Canada,3,UPO,2006-2010,incoming
https://ror.org/02w6gr951,Shanghai Institute of Applied Physics,CN,China,9,UPO,2006-2010,incoming
https://ror.org/02w7mbm90,Institute of Metallurgy and Materials Science,PL,Poland,1,UPO,2006-2010,incoming
https://ror.org/02w7vnb60,Bharathidasan University,IN,India,2,UPO,2006-2010,incoming
https://ror.org/02w7x5c08,Royal Surrey County Hospital,GB,United Kingdom,4,UPO,2006-2010,incoming
https://ror.org/02w7z1d65,Stem Cell Institute,PA,Panama,3,UPO,2006-2010,incoming
https://ror.org/02w8ws377,Chung Yuan Christian University,TW,Taiwan,9,UPO,2006-2010,incoming
https://ror.org/02wbcav28,Walther-Straub-Institut für Pharmakologie und Toxikologie,DE,Germany,1,UPO,2006-2010,incoming
https://ror.org/02wbrth70,Fatih University,TR,Turkey,2,UPO,2006-2010,incoming
https://ror.org/02wc1yz29,Eye & ENT Hospital of Fudan University,CN,China,1,UPO,2006-2010,incoming
https://ror.org/02wcq1q49,Fundacio Investigacio Hospital General Universitari De Valencia,ES,Spain,1,UPO,2006-2010,incoming
https://ror.org/02wdwnk04,British Heart Foundation,GB,United Kingdom,4,UPO,2006-2010,incoming
https://ror.org/02we6hx96,Institute of Physics,UA,Ukraine,6,UPO,2006-2010,incoming
https://ror.org/02wfxqa76,Berufsgenossenschaftliche Unfallklinik Ludwigshafen,DE,Germany,1,UPO,2006-2010,incoming
https://ror.org/02wgf5858,Surugadai Nihon University Hospital,JP,Japan,1,UPO,2006-2010,incoming
https://ror.org/02wgx3e98,Sohag University,EG,Egypt,2,UPO,2006-2010,incoming
https://ror.org/02wj89n04,Université Ibn-Tofail,MA,Morocco,1,UPO,2006-2010,incoming
https://ror.org/02wk2vx54,Ss. Cyril and Methodius University in Skopje,MK,North Macedonia,1,UPO,2006-2010,incoming
https://ror.org/02wmsc916,Guizhou University,CN,China,1,UPO,2006-2010,incoming
https://ror.org/02wn5qz54,University of St Andrews,GB,United Kingdom,46,UPO,2006-2010,incoming
https://ror.org/02wna9e57,Instituto Adolfo Lutz,BR,Brazil,3,UPO,2006-2010,incoming
https://ror.org/02wnaj108,Ufa University of Science and Technology,RU,Russia,1,UPO,2006-2010,incoming
https://ror.org/02wncmm17,Hellenic Health Foundation,GR,Greece,5,UPO,2006-2010,incoming
https://ror.org/02wndzd81,Heart and Diabetes Center North Rhine-Westphalia,DE,Germany,8,UPO,2006-2010,incoming
https://ror.org/02wnmk332,Centro Brasileiro de Pesquisas Físicas,BR,Brazil,741,UPO,2006-2010,incoming
https://ror.org/02wnqcb97,National Health Service,GB,United Kingdom,17,UPO,2006-2010,incoming
https://ror.org/02wnxgj78,Chungbuk National University,KR,South Korea,572,UPO,2006-2010,incoming
https://ror.org/02wq1s711,Fédération de recherche Matière et Interactions,FR,France,96,UPO,2006-2010,incoming
https://ror.org/02wrme198,GIPSA-Lab,FR,France,1,UPO,2006-2010,incoming
https://ror.org/02ws1xc11,Universitat Jaume I,ES,Spain,21,UPO,2006-2010,incoming
https://ror.org/02ws33e43,Kanazawa Institute of Technology,JP,Japan,2,UPO,2006-2010,incoming
https://ror.org/02wsd5p50,Vietnam Academy of Science and Technology,VN,Vietnam,4,UPO,2006-2010,incoming
https://ror.org/02wtdvm35,Saskatchewan Health Authority,CA,Canada,4,UPO,2006-2010,incoming
https://ror.org/02wwzvj46,Université de Tours,FR,France,67,UPO,2006-2010,incoming
https://ror.org/02wxx3e24,Brandenburg University of Technology Cottbus-Senftenberg,DE,Germany,70,UPO,2006-2010,incoming
https://ror.org/02wzb5b52,Grand Forks Human Nutrition Research Center,US,United States,3,UPO,2006-2010,incoming
https://ror.org/02wzwfh06,Oregon Center for Clinical Investigation,US,United States,1,UPO,2006-2010,incoming
https://ror.org/02x011m46,Baystate Health,US,United States,3,UPO,2006-2010,incoming
https://ror.org/02x1pa065,Guizhou Normal University,CN,China,1,UPO,2006-2010,incoming
https://ror.org/02x1vjk79,Pontifícia Universidade Católica do Paraná,BR,Brazil,1,UPO,2006-2010,incoming
https://ror.org/02x2aj034,Millersville University,US,United States,1,UPO,2006-2010,incoming
https://ror.org/02x2gpf88,University of Northwestern Ohio,US,United States,1,UPO,2006-2010,incoming
https://ror.org/02x3e4q36,Vilnius Gediminas Technical University,LT,Lithuania,1,UPO,2006-2010,incoming
https://ror.org/02x435584,Theological University Utrecht,NL,The Netherlands,1,UPO,2006-2010,incoming
https://ror.org/02x4b0932,Cleveland Clinic Lerner College of Medicine,US,United States,38,UPO,2006-2010,incoming
https://ror.org/02x581406,Hôpital Pellegrin,FR,France,6,UPO,2006-2010,incoming
https://ror.org/02x681a42,Swiss Federal Laboratories for Materials Science and Technology,CH,Switzerland,3,UPO,2006-2010,incoming
https://ror.org/02x6rcb77,Máxima Medisch Centrum,NL,The Netherlands,1,UPO,2006-2010,incoming
https://ror.org/02x7x4c86,DNA Medicine Institute (United States),US,United States,1,UPO,2006-2010,incoming
https://ror.org/02x8svs93,Near East University,CY,Cyprus,1,UPO,2006-2010,incoming
https://ror.org/02x91aj62,Peter the Great St. Petersburg Polytechnic University,RU,Russia,47,UPO,2006-2010,incoming
https://ror.org/02x99ac45,Yazd University,IR,Iran,18,UPO,2006-2010,incoming
https://ror.org/02x9y0j10,Centre François Baclesse,FR,France,3,UPO,2006-2010,incoming
https://ror.org/02xa5mk57,Brooklyn Hospital Center,US,United States,1,UPO,2006-2010,incoming
https://ror.org/02xankh89,Universidade Nova de Lisboa,PT,Portugal,44,UPO,2006-2010,incoming
https://ror.org/02xbmha33,Montagu Hospital,GB,United Kingdom,1,UPO,2006-2010,incoming
https://ror.org/02xccmw71,The Courtald Institute of Art,GB,United Kingdom,1,UPO,2006-2010,incoming
https://ror.org/02xdygm42,Prevention Institute,US,United States,6,UPO,2006-2010,incoming
https://ror.org/02xe5ns62,Jinan University,CN,China,9,UPO,2006-2010,incoming
https://ror.org/02xe89706,John Wiley & Sons (United States),US,United States,3,UPO,2006-2010,incoming
https://ror.org/02xerpt86,St. Boniface Hospital,CA,Canada,9,UPO,2006-2010,incoming
https://ror.org/02xesw687,North Manchester General Hospital,GB,United Kingdom,1,UPO,2006-2010,incoming
https://ror.org/02xey9a22,Fogarty International Center,US,United States,11,UPO,2006-2010,incoming
https://ror.org/02xf66n48,University of Debrecen,HU,Hungary,1070,UPO,2006-2010,incoming
https://ror.org/02xf7p935,Incheon National University,KR,South Korea,3,UPO,2006-2010,incoming
https://ror.org/02xf8rf51,State Key Laboratory of Supramolecular Structure and Materials,CN,China,5,UPO,2006-2010,incoming
https://ror.org/02xfnnq52,Bio Products Laboratory (United Kingdom),GB,United Kingdom,1,UPO,2006-2010,incoming
https://ror.org/02xfp8v59,Universidade de Brasília,BR,Brazil,16,UPO,2006-2010,incoming
https://ror.org/02xg1m795,National Institute of Genetics,JP,Japan,2,UPO,2006-2010,incoming
https://ror.org/02xh23b55,Evolution et Diversité Biologique,FR,France,3,UPO,2006-2010,incoming
https://ror.org/02xh9x144,University of Prince Edward Island,CA,Canada,4,UPO,2006-2010,incoming
https://ror.org/02xj89f04,Universidade Veiga de Almeida,BR,Brazil,1,UPO,2006-2010,incoming
https://ror.org/02xjrkt08,Second Affiliated Hospital of Soochow University,CN,China,2,UPO,2006-2010,incoming
https://ror.org/02xkdev90,Department of Mathematical Sciences,RU,Russia,23,UPO,2006-2010,incoming
https://ror.org/02xkmx604,Kosin University Gospel Hospital,KR,South Korea,1,UPO,2006-2010,incoming
https://ror.org/02xkx3e48,Queen Mary Hospital,HK,Hong Kong,17,UPO,2006-2010,incoming
https://ror.org/02xm06c56,Universidad Abierta Interamericana,AR,Argentina,1,UPO,2006-2010,incoming
https://ror.org/02xm1d907,Escola Nacional de Saúde Pública,BR,Brazil,3,UPO,2006-2010,incoming
https://ror.org/02xmkec90,Kaohsiung Medical University Chung-Ho Memorial Hospital,TW,Taiwan,30,UPO,2006-2010,incoming
https://ror.org/02xp6nt38,Wheeling Hospital,US,United States,1,UPO,2006-2010,incoming
https://ror.org/02xq0ba35,European Pathway Association,BE,Belgium,45,UPO,2006-2010,incoming
https://ror.org/02xqkcw08,National Institute of Technology,JP,Japan,9,UPO,2006-2010,incoming
https://ror.org/02xrw9r68,Université du Québec à Trois-Rivières,CA,Canada,7,UPO,2006-2010,incoming
https://ror.org/02xsh5r57,Leeds Beckett University,GB,United Kingdom,4,UPO,2006-2010,incoming
https://ror.org/02xtbq882,Institute of Theoretical Physics,CN,China,28,UPO,2006-2010,incoming
https://ror.org/02xtpdq88,Hospital Clínico de la Universidad de Chile,CL,Chile,1,UPO,2006-2010,incoming
https://ror.org/02xvc5r05,Government of Victoria,AU,Australia,2,UPO,2006-2010,incoming
https://ror.org/02xvk2686,Muhimbili National Hospital,TZ,Tanzania,3,UPO,2006-2010,incoming
https://ror.org/02xvrx776,"Jerzy Haber Institute of Catalysis and Surface Chemistry, Polish Academy of Sciences",PL,Poland,3,UPO,2006-2010,incoming
https://ror.org/02xvvvp28,Foshan University,CN,China,2,UPO,2006-2010,incoming
https://ror.org/02xwa6p02,Cubist Pharmaceuticals (United States),US,United States,6,UPO,2006-2010,incoming
https://ror.org/02xyaf767,Transnational University Limburg,BE,Belgium,1,UPO,2006-2010,incoming
https://ror.org/02xyyna25,International Society for Quality in Health Care,IE,Ireland,1,UPO,2006-2010,incoming
https://ror.org/02xz6bf62,Czech Geological Survey,CZ,Czechia,1,UPO,2006-2010,incoming
https://ror.org/02xz7d723,Harry Perkins Institute of Medical Research,AU,Australia,8,UPO,2006-2010,incoming
https://ror.org/02xznz413,Office of Energy Efficiency and Renewable Energy,US,United States,4,UPO,2006-2010,incoming
https://ror.org/02xzytt36,Manipal Academy of Higher Education,IN,India,5,UPO,2006-2010,incoming
https://ror.org/02y070a55,Jackson Memorial Hospital,US,United States,2,UPO,2006-2010,incoming
https://ror.org/02y0rxk19,Nanjing University of Information Science and Technology,CN,China,1,UPO,2006-2010,incoming
https://ror.org/02y0vze35,Xiyuan Hospital,CN,China,2,UPO,2006-2010,incoming
https://ror.org/02y18ts25,Bushehr University of Medical Sciences,IR,Iran,1,UPO,2006-2010,incoming
https://ror.org/02y22ws83,Institute of Natural Sciences,BE,Belgium,2,UPO,2006-2010,incoming
https://ror.org/02y28sc20,Visva-Bharati University,IN,India,695,UPO,2006-2010,incoming
https://ror.org/02y2htg06,Chi Mei Medical Center,TW,Taiwan,20,UPO,2006-2010,incoming
https://ror.org/02y2p9e58,Prognosys Biosciences (United States),US,United States,1,UPO,2006-2010,incoming
https://ror.org/02y3ad647,University of Florida,US,United States,1121,UPO,2006-2010,incoming
https://ror.org/02y3dtg29,German Red Cross,DE,Germany,5,UPO,2006-2010,incoming
https://ror.org/02y4qch95,Lovelace Medical Center,US,United States,1,UPO,2006-2010,incoming
https://ror.org/02y6ewg31,Bashkir State Agrarian University,RU,Russia,1,UPO,2006-2010,incoming
https://ror.org/02y72wh86,Queen's University,CA,Canada,61,UPO,2006-2010,incoming
https://ror.org/02y7bdg71,Lymphoma Research Foundation,US,United States,4,UPO,2006-2010,incoming
https://ror.org/02y8hn179,Klinikum St. Georg,DE,Germany,2,UPO,2006-2010,incoming
https://ror.org/02y9nww90,University of Nairobi,KE,Kenya,6,UPO,2006-2010,incoming
https://ror.org/02y9qjz38,Cancer Genomics Centre,NL,The Netherlands,5,UPO,2006-2010,incoming
https://ror.org/02y9xvd02,Shenyang Medical College,CN,China,3,UPO,2006-2010,incoming
https://ror.org/02ybsz607,Hospital General Universitario de Alicante Doctor Balmis,ES,Spain,5,UPO,2006-2010,incoming
https://ror.org/02ycs5538,Parkinson's Research and Education Foundation,US,United States,1,UPO,2006-2010,incoming
https://ror.org/02ycvrx49,Program for Appropriate Technology in Health,US,United States,1,UPO,2006-2010,incoming
https://ror.org/02ycyys66,Istituto Ortopedico Rizzoli,IT,Italy,30,UPO,2006-2010,incoming
https://ror.org/02yd1yr68,Jinzhou Medical University,CN,China,1,UPO,2006-2010,incoming
https://ror.org/02yg0nm07,University of Puerto Rico System,PR,Puerto Rico,711,UPO,2006-2010,incoming
https://ror.org/02yhj4v17,FZU ‒ Institute of Physics of the Academy of Sciences of the Czech Republic,CZ,Czechia,20,UPO,2006-2010,incoming
https://ror.org/02yhx1447,Western Pennsylvania Hospital,US,United States,4,UPO,2006-2010,incoming
https://ror.org/02yj55q56,Kunsan National University,KR,South Korea,12,UPO,2006-2010,incoming
https://ror.org/02yjhrp74,State Key Laboratory of Plant Physiology and Biochemistry,CN,China,2,UPO,2006-2010,incoming
https://ror.org/02yjksy18,Princess Anne Hospital,GB,United Kingdom,1,UPO,2006-2010,incoming
https://ror.org/02yjyfs84,Max Planck Institute for Neurobiology of Behavior – caesar,DE,Germany,1,UPO,2006-2010,incoming
https://ror.org/02yk7ya44,Zhejiang University Medical College Affiliated Stomatological Hospital,CN,China,1,UPO,2006-2010,incoming
https://ror.org/02ymhq538,Instituut Verbeeten,NL,The Netherlands,10,UPO,2006-2010,incoming
https://ror.org/02ymw8z06,University of Missouri,US,United States,54,UPO,2006-2010,incoming
https://ror.org/02yn5by09,Universidad Católica de Cuyo,AR,Argentina,2,UPO,2006-2010,incoming
https://ror.org/02ynb0474,Razi University,IR,Iran,9,UPO,2006-2010,incoming
https://ror.org/02ynbzc81,Universidade de Fortaleza,BR,Brazil,1,UPO,2006-2010,incoming
https://ror.org/02ynrme92,Institute for the Conservation and Valorization of Cultural Heritage,SM,San Marino,1,UPO,2006-2010,incoming
https://ror.org/02yq33n72,Maidstone and Tunbridge Wells NHS Trust,GB,United Kingdom,1,UPO,2006-2010,incoming
https://ror.org/02yqqv993,Sechenov University,RU,Russia,3,UPO,2006-2010,incoming
https://ror.org/02yrq0923,Memorial Sloan Kettering Cancer Center,US,United States,137,UPO,2006-2010,incoming
https://ror.org/02yrs2n53,Constructor University,DE,Germany,11,UPO,2006-2010,incoming
https://ror.org/02ys5x139,Illinois College,US,United States,1,UPO,2006-2010,incoming
https://ror.org/02ysayy16,Institut d'Investigacions Biomèdiques de Barcelona,ES,Spain,27,UPO,2006-2010,incoming
https://ror.org/02ysgwq33,Institut Pasteur de Dakar,SN,Senegal,1,UPO,2006-2010,incoming
https://ror.org/02ytfzr55,"Indian Institute of Engineering Science and Technology, Shibpur",IN,India,4,UPO,2006-2010,incoming
https://ror.org/02ytgbr67,Sports Turf Research Institute (United Kingdom),GB,United Kingdom,2,UPO,2006-2010,incoming
https://ror.org/02yv0b554,Centre d’Economie Industrielle - CERNA,FR,France,2,UPO,2006-2010,incoming
https://ror.org/02yw1f353,Institut Bergonié,FR,France,9,UPO,2006-2010,incoming
https://ror.org/02yxnh564,Northeast Forestry University,CN,China,6,UPO,2006-2010,incoming
https://ror.org/02yy8x990,Swedish University of Agricultural Sciences,SE,Sweden,26,UPO,2006-2010,incoming
https://ror.org/02yzaka98,Universitätsklinik Balgrist,CH,Switzerland,6,UPO,2006-2010,incoming
https://ror.org/02yzgww51,Universidad de Costa Rica,CR,Costa Rica,5,UPO,2006-2010,incoming
https://ror.org/02z0cah89,Universidad Publica de Navarra,ES,Spain,7,UPO,2006-2010,incoming
https://ror.org/02z125451,Zhongshan Hospital of Xiamen University,CN,China,13,UPO,2006-2010,incoming
https://ror.org/02z1n9q24,University of the Ryukyus,JP,Japan,16,UPO,2006-2010,incoming
https://ror.org/02z1vqm45,Peking University First Hospital,CN,China,9,UPO,2006-2010,incoming
https://ror.org/02z296148,Royal Meteorological Society,GB,United Kingdom,4,UPO,2006-2010,incoming
https://ror.org/02z2yec16,"Zhongshan Ophthalmic Center, Sun Yat-sen University",CN,China,2,UPO,2006-2010,incoming
https://ror.org/02z310y44,Wheeling Jesuit University,US,United States,1,UPO,2006-2010,incoming
https://ror.org/02z31g829,Skåne University Hospital,SE,Sweden,11,UPO,2006-2010,incoming
https://ror.org/02z43xh36,Stevens Institute of Technology,US,United States,4,UPO,2006-2010,incoming
https://ror.org/02z58ft15,University of Charleston,US,United States,1,UPO,2006-2010,incoming
https://ror.org/02z5aj645,South Central VA Health Care Network,US,United States,5,UPO,2006-2010,incoming
https://ror.org/02z5d2h92,"VA Healthcare System Serving Ohio, Indiana and Michigan",US,United States,7,UPO,2006-2010,incoming
https://ror.org/02z749649,Universidad Pablo de Olavide,ES,Spain,2,UPO,2006-2010,incoming
https://ror.org/02z9t1k38,Universidad Anáhuac,MX,Mexico,1,UPO,2006-2010,incoming
https://ror.org/02za18p66,Institut de Physique et Chimie des Matériaux de Strasbourg,FR,France,2,UPO,2006-2010,incoming
https://ror.org/02zbb2597,Poznan University of Medical Sciences,PL,Poland,20,UPO,2006-2010,incoming
https://ror.org/02zdnfn05,Institut National Agronomique de Tunisie,TN,Tunisia,1,UPO,2006-2010,incoming
https://ror.org/02zdz1m23,"Ministry of Agriculture, Forestry and Fisheries",JP,Japan,1,UPO,2006-2010,incoming
https://ror.org/02zekek97,Centre Hospitalier Universitaire de Tivoli,BE,Belgium,1,UPO,2006-2010,incoming
https://ror.org/02zg49d29,Leicester General Hospital,GB,United Kingdom,1,UPO,2006-2010,incoming
https://ror.org/02zg69r60,Vancouver General Hospital,CA,Canada,13,UPO,2006-2010,incoming
https://ror.org/02zhjb475,Thompson Cancer Survival Center,US,United States,3,UPO,2006-2010,incoming
https://ror.org/02zhkt134,Krylov State Research Center,RU,Russia,1,UPO,2006-2010,incoming
https://ror.org/02zhqgq86,University of Hong Kong,HK,Hong Kong,192,UPO,2006-2010,incoming
https://ror.org/02znffm54,Osaka Institute of Technology,JP,Japan,1,UPO,2006-2010,incoming
https://ror.org/02zngfv65,Menéndez Pelayo International University,ES,Spain,1,UPO,2006-2010,incoming
https://ror.org/02zpxgh81,Guru Jambheshwar University of Science and Technology,IN,India,2,UPO,2006-2010,incoming
https://ror.org/02zrae794,Stockholm County Council,SE,Sweden,6,UPO,2006-2010,incoming
https://ror.org/02zrb2v54,University Medical Center New Orleans,US,United States,3,UPO,2006-2010,incoming
https://ror.org/02zrtpp84,Visvesvaraya National Institute of Technology,IN,India,1,UPO,2006-2010,incoming
https://ror.org/02zsxwr40,University of Alabama in Huntsville,US,United States,2,UPO,2006-2010,incoming
https://ror.org/02zsyt821,Jouf University,SA,Saudi Arabia,1,UPO,2006-2010,incoming
https://ror.org/02zt1gg83,International Atomic Energy Agency,AT,Austria,4,UPO,2006-2010,incoming
https://ror.org/02ztq4x57,Ludwig Boltzmann Institute for Science Outreach and Pandemic Preparedness,AT,Austria,2,UPO,2006-2010,incoming
https://ror.org/02zv4ka60,Australian Museum,AU,Australia,2,UPO,2006-2010,incoming
https://ror.org/02zv7ne49,South Australian Museum,AU,Australia,1,UPO,2006-2010,incoming
https://ror.org/02zvhxb95,Puer University,CN,China,1,UPO,2006-2010,incoming
https://ror.org/02zwb6n98,Hamad Medical Corporation,QA,Qatar,2,UPO,2006-2010,incoming
https://ror.org/02zwyfg51,Virginia Union University,US,United States,1077,UPO,2006-2010,incoming
https://ror.org/02zx40v98,Central European University,AT,Austria,2,UPO,2006-2010,incoming
https://ror.org/02zzw8g45,Mayo Clinic Health System,US,United States,1,UPO,2006-2010,incoming
https://ror.org/0300pwe30,Ospedale San Giovanni Bosco,IT,Italy,4,UPO,2006-2010,incoming
https://ror.org/0300yd604,Escola Bahiana de Medicina e Saúde Pública,BR,Brazil,1,UPO,2006-2010,incoming
https://ror.org/03025ga79,AC Camargo Hospital,BR,Brazil,3,UPO,2006-2010,incoming
https://ror.org/0303y7a51,Durban University of Technology,ZA,South Africa,1,UPO,2006-2010,incoming
https://ror.org/0304hq317,Leibniz University Hannover,DE,Germany,15,UPO,2006-2010,incoming
https://ror.org/0306aeb62,SUNY Brockport,US,United States,1,UPO,2006-2010,incoming
https://ror.org/0306e5z24,Multiple Sclerosis Center of Atlanta,US,United States,3,UPO,2006-2010,incoming
https://ror.org/03078rq26,Athens Medical Center,GR,Greece,1,UPO,2006-2010,incoming
https://ror.org/0307crw42,Albany Medical Center Hospital,US,United States,21,UPO,2006-2010,incoming
https://ror.org/030847t23,Universiti Teknologi MARA System,MY,Malaysia,5,UPO,2006-2010,incoming
https://ror.org/03085z545,Royal Devon & Exeter NHS Foundation Trust,GB,United Kingdom,5,UPO,2006-2010,incoming
https://ror.org/0308pxz24,Services Hospital,PK,Pakistan,1,UPO,2006-2010,incoming
https://ror.org/0308wzx30,State Key Laboratory of Molecular Biology,CN,China,2,UPO,2006-2010,incoming
https://ror.org/0309cs235,École Nationale Supérieure de Techniques Avancées,FR,France,3,UPO,2006-2010,incoming
https://ror.org/0309m1r07,Institute of Avian Research,DE,Germany,1,UPO,2006-2010,incoming
https://ror.org/030avcv93,Sukhoi State Technical University of Gomel,BY,Belarus,2,UPO,2006-2010,incoming
https://ror.org/030bbe882,Universidad de la República de Uruguay,UY,Uruguay,19,UPO,2006-2010,incoming
https://ror.org/030bhbq32,Acadia Pharmaceuticals (United States),US,United States,1,UPO,2006-2010,incoming
https://ror.org/030c92375,"Department of Agriculture, Water and the Environment",AU,Australia,1,UPO,2006-2010,incoming
https://ror.org/030cwsf88,Yancheng Third People's Hospital,CN,China,1,UPO,2006-2010,incoming
https://ror.org/030de3d66,Merrell University of Beauty Arts and Science,US,United States,1,UPO,2006-2010,incoming
https://ror.org/030deh410,IHE Delft Institute for Water Education,NL,The Netherlands,1,UPO,2006-2010,incoming
https://ror.org/030ea6w47,NOAA Physical Sciences Laboratory,US,United States,2,UPO,2006-2010,incoming
https://ror.org/030eybx10,Universidade de Santiago de Compostela,ES,Spain,829,UPO,2006-2010,incoming
https://ror.org/030g3hg75,Lankenau Institute for Medical Research,US,United States,1,UPO,2006-2010,incoming
https://ror.org/030h9s280,St. Petersburg Department of Steklov Institute of Mathematics,RU,Russia,2,UPO,2006-2010,incoming
https://ror.org/030hj3061,IMT Atlantique,FR,France,562,UPO,2006-2010,incoming
https://ror.org/030j5vf66,Statistics Austria,AT,Austria,1,UPO,2006-2010,incoming
https://ror.org/030j6qm79,Northwick Park Hospital,GB,United Kingdom,7,UPO,2006-2010,incoming
https://ror.org/030jqbn26,Department of Health,HK,Hong Kong,1,UPO,2006-2010,incoming
https://ror.org/030kaa114,Alessandro Manzoni Hospital,IT,Italy,2,UPO,2006-2010,incoming
https://ror.org/030ma0n95,Ralph H. Johnson VA Medical Center,US,United States,1,UPO,2006-2010,incoming
https://ror.org/030ms0x66,Hospital Universitario Dr José Eleuterio Gonzalez,MX,Mexico,7,UPO,2006-2010,incoming
https://ror.org/030mwrt98,Nord University,NO,Norway,2,UPO,2006-2010,incoming
https://ror.org/030pj1w51,Uzsoki Hospital,HU,Hungary,1,UPO,2006-2010,incoming
https://ror.org/030pydv62,Norfolk State University,US,United States,30,UPO,2006-2010,incoming
https://ror.org/030qq9y73,Hachinohe National College of Technology,JP,Japan,1,UPO,2006-2010,incoming
https://ror.org/030reqw53,Goa University,IN,India,1231,UPO,2006-2010,incoming
https://ror.org/030sbze61,Institute for Molecular Medicine Finland,FI,Finland,5,UPO,2006-2010,incoming
https://ror.org/030sc3x20,First Affiliated Hospital of GuangXi Medical University,CN,China,3,UPO,2006-2010,incoming
https://ror.org/030sjb889,Osmania University,IN,India,1,UPO,2006-2010,incoming
https://ror.org/030syve83,Observatoire Midi-Pyrénées,FR,France,3,UPO,2006-2010,incoming
https://ror.org/030t7nd77,Beijing Radiation Center,CN,China,3,UPO,2006-2010,incoming
https://ror.org/030tcae29,"Maulana Abul Kalam Azad University of Technology, West Bengal",IN,India,2,UPO,2006-2010,incoming
https://ror.org/030tvx861,Klinikum Wels-Grieskirchen,AT,Austria,2,UPO,2006-2010,incoming
https://ror.org/030v5kp38,University Hospital of North Norway,NO,Norway,2,UPO,2006-2010,incoming
https://ror.org/030vbmf58,RIKEN Advanced Science Institute,JP,Japan,1,UPO,2006-2010,incoming
https://ror.org/030vvs717,Purdue Pharma (United States),US,United States,1,UPO,2006-2010,incoming
https://ror.org/030wyr187,Finnish Institute of Occupational Health,FI,Finland,18,UPO,2006-2010,incoming
https://ror.org/030xykx52,The Northern Ireland Cancer Centre,GB,United Kingdom,5,UPO,2006-2010,incoming
https://ror.org/030ym6p85,Laboratoire de Physique Théorique d’Orsay,FR,France,9,UPO,2006-2010,incoming
https://ror.org/030zsh764,Worcestershire Acute Hospitals NHS Trust,GB,United Kingdom,1,UPO,2006-2010,incoming
https://ror.org/03108sf43,Jiangsu Cancer Hospital,CN,China,2,UPO,2006-2010,incoming
https://ror.org/0312k4k82,Massachusetts Eye Research and Surgery Institute,US,United States,1,UPO,2006-2010,incoming
https://ror.org/0312m2266,University Hospital of Heraklion,GR,Greece,39,UPO,2006-2010,incoming
https://ror.org/0312pnr83,De Montfort University,GB,United Kingdom,2,UPO,2006-2010,incoming
https://ror.org/0312xab44,Servicio Canario de la Salud,ES,Spain,1,UPO,2006-2010,incoming
https://ror.org/031382m70,Royal Hobart Hospital,AU,Australia,2,UPO,2006-2010,incoming
https://ror.org/0313f3w77,Başkent University Hospital,TR,Turkey,3,UPO,2006-2010,incoming
https://ror.org/0313jb750,Chinese Academy of Agricultural Sciences,CN,China,7,UPO,2006-2010,incoming
https://ror.org/0314zyy82,Ferris University,JP,Japan,98,UPO,2006-2010,incoming
https://ror.org/03151rh82,Louisiana State University Health Sciences Center Shreveport,US,United States,15,UPO,2006-2010,incoming
https://ror.org/0315ea826,Children's Hospital Agia Sophia,GR,Greece,12,UPO,2006-2010,incoming
https://ror.org/0315s4978,Centre de Médecine Préventive,FR,France,1,UPO,2006-2010,incoming
https://ror.org/031699d98,Payame Noor University,IR,Iran,5,UPO,2006-2010,incoming
https://ror.org/0316ej306,Weizmann Institute of Science,IL,Israel,285,UPO,2006-2010,incoming
https://ror.org/0317dzj93,Tisch Cancer Institute,US,United States,22,UPO,2006-2010,incoming
https://ror.org/0317ekv86,University of Bahrain,BH,Bahrain,1,UPO,2006-2010,incoming
https://ror.org/0317prg89,Bastyr University,US,United States,2,UPO,2006-2010,incoming
https://ror.org/03187yj51,"Islamic Azad University, Science and Research Branch",IR,Iran,3,UPO,2006-2010,incoming
https://ror.org/0319y6677,Stafford University,UG,Uganda,3,UPO,2006-2010,incoming
https://ror.org/031b7yx83,Lucigen Corporation,US,United States,1,UPO,2006-2010,incoming
https://ror.org/031bsb921,University of Mannheim,DE,Germany,16,UPO,2006-2010,incoming
https://ror.org/031cw6h45,I.C. Medical (United States),US,United States,3,UPO,2006-2010,incoming
https://ror.org/031d5vw30,University of Medicine and Pharmacy of Craiova,RO,Romania,7,UPO,2006-2010,incoming
https://ror.org/031dhcv14,Hainan Normal University,CN,China,3,UPO,2006-2010,incoming
https://ror.org/031eaaa87,Canadian Pharmacists Association,CA,Canada,1,UPO,2006-2010,incoming
https://ror.org/031ex4j83,Canadian Rivers Institute,CA,Canada,1,UPO,2006-2010,incoming
https://ror.org/031f8kt38,Universidad Autónoma del Estado de Hidalgo,MX,Mexico,3,UPO,2006-2010,incoming
https://ror.org/031g2ra50,PLA Air Force Aviation University,CN,China,1,UPO,2006-2010,incoming
https://ror.org/031gqrq04,Meteorological Research Institute,JP,Japan,2,UPO,2006-2010,incoming
https://ror.org/031kmgt53,Central Illinois Neuroscience Foundation,US,United States,1,UPO,2006-2010,incoming
https://ror.org/031m0eg77,Chung Hwa University of Medical Technology,TW,Taiwan,1,UPO,2006-2010,incoming
https://ror.org/031n2c920,Instituto de Nanociencia y Materiales de Aragón,ES,Spain,15,UPO,2006-2010,incoming
https://ror.org/031p4kj21,Bristol Royal Infirmary,GB,United Kingdom,8,UPO,2006-2010,incoming
https://ror.org/031ph8d53,University of Applied Sciences Worms,DE,Germany,357,UPO,2006-2010,incoming
https://ror.org/031q21x57,University of Wisconsin–Milwaukee,US,United States,17,UPO,2006-2010,incoming
https://ror.org/031qpfn56,VA Desert Pacific Healthcare Network,US,United States,2,UPO,2006-2010,incoming
https://ror.org/031rekg67,Swinburne University of Technology,AU,Australia,12,UPO,2006-2010,incoming
https://ror.org/031t5w623,German Centre for Cardiovascular Research,DE,Germany,5,UPO,2006-2010,incoming
https://ror.org/031tdwf58,Texas Diabetes Institute,US,United States,1,UPO,2006-2010,incoming
https://ror.org/031va9m79,Universidade Federal do Amapá,BR,Brazil,2,UPO,2006-2010,incoming
https://ror.org/031vc2293,TU Bergakademie Freiberg,DE,Germany,7,UPO,2006-2010,incoming
https://ror.org/031vxrj29,National Institute of Malaria Research,IN,India,1,UPO,2006-2010,incoming
https://ror.org/031wwqy14,Sound Shore Medical Center,US,United States,1,UPO,2006-2010,incoming
https://ror.org/031wwwj55,University of Žilina,SK,Slovakia,1,UPO,2006-2010,incoming
https://ror.org/031yh0y38,Center for Integrated Nanotechnologies,US,United States,4,UPO,2006-2010,incoming
https://ror.org/031yz7195,Centre for Interdisciplinary Research in Rehabilitation,CA,Canada,6,UPO,2006-2010,incoming
https://ror.org/031z5jh56,State Key Laboratory of Metal Matrix Composites,CN,China,2,UPO,2006-2010,incoming
https://ror.org/031z68d90,Institut Universitaire de Gériatrie de Montréal,CA,Canada,2,UPO,2006-2010,incoming
https://ror.org/031z8pr38,Mount Holyoke College,US,United States,8,UPO,2006-2010,incoming
https://ror.org/031zc8d88,City Hospital,GB,United Kingdom,18,UPO,2006-2010,incoming
https://ror.org/031zps173,Jiangsu Ocean University,CN,China,4,UPO,2006-2010,incoming
https://ror.org/032000t02,Universität Ulm,DE,Germany,146,UPO,2006-2010,incoming
https://ror.org/0321g0743,Institut Gustave Roussy,FR,France,124,UPO,2006-2010,incoming
https://ror.org/032214n64,National Archives and Records Administration,US,United States,3,UPO,2006-2010,incoming
https://ror.org/0322p7317,Kitakyushu Municipal Medical Center,JP,Japan,2,UPO,2006-2010,incoming
https://ror.org/0323bjj73,Centre for Women’s Research,LK,Sri Lanka,1,UPO,2006-2010,incoming
https://ror.org/0324c8f61,Mahak Hospital and Rehabilitation Complex,IR,Iran,1,UPO,2006-2010,incoming
https://ror.org/0324fzh77,Long Island University,US,United States,6,UPO,2006-2010,incoming
https://ror.org/03265fv13,University College Cork,IE,Ireland,29,UPO,2006-2010,incoming
https://ror.org/0326egx05,Delta State University,US,United States,1,UPO,2006-2010,incoming
https://ror.org/0326knt82,Adolfo Ibáñez University,CL,Chile,1,UPO,2006-2010,incoming
https://ror.org/0326v3z14,Toshiba (Japan),JP,Japan,1,UPO,2006-2010,incoming
https://ror.org/0327f2m07,Consiglio per la ricerca in agricoltura e l’analisi dell’economia agraria,IT,Italy,8,UPO,2006-2010,incoming
https://ror.org/0327f3359,Anhui Agricultural University,CN,China,2,UPO,2006-2010,incoming
https://ror.org/0329s8h62,Oeschger Centre for Climate Change Research,CH,Switzerland,1,UPO,2006-2010,incoming
https://ror.org/0329ynx05,German Environment Agency,DE,Germany,5,UPO,2006-2010,incoming
https://ror.org/032atxq54,David and Lucile Packard Foundation,US,United States,1,UPO,2006-2010,incoming
https://ror.org/032bg8m67,Centro Universitário da Cidade,BR,Brazil,12,UPO,2006-2010,incoming
https://ror.org/032bw1116,Hunan Women'S University,CN,China,9,UPO,2006-2010,incoming
https://ror.org/032cph770,SGH Warsaw School of Economics,PL,Poland,6,UPO,2006-2010,incoming
https://ror.org/032d3jq51,Waikato District Health Board,NZ,New Zealand,2,UPO,2006-2010,incoming
https://ror.org/032d4f246,China Medical University,CN,China,26,UPO,2006-2010,incoming
https://ror.org/032d59j24,Tan Tock Seng Hospital,SG,Singapore,8,UPO,2006-2010,incoming
https://ror.org/032db5x82,University of South Florida,US,United States,504,UPO,2006-2010,incoming
https://ror.org/032e6b942,Alfred-Wegener-Institut Helmholtz-Zentrum für Polar- und Meeresforschung,DE,Germany,60,UPO,2006-2010,incoming
https://ror.org/032exky44,Parc de Salut,ES,Spain,1,UPO,2006-2010,incoming
https://ror.org/032fk0x53,Urmia University,IR,Iran,1,UPO,2006-2010,incoming
https://ror.org/032fvf508,Institute of Technology Sligo,IE,Ireland,1,UPO,2006-2010,incoming
https://ror.org/032hdk172,University of Mumbai,IN,India,4,UPO,2006-2010,incoming
https://ror.org/032hfv632,Bristol-Myers Squibb (Germany),DE,Germany,11,UPO,2006-2010,incoming
https://ror.org/032hx4q18,Dow Chemical (United States),US,United States,4,UPO,2006-2010,incoming
https://ror.org/032hzb643,Center for Integrated Protein Science Munich,DE,Germany,8,UPO,2006-2010,incoming
https://ror.org/032jtv165,Hawaii Biotech (United States),US,United States,2,UPO,2006-2010,incoming
https://ror.org/032kdwk38,University of Ilorin,NG,Nigeria,2,UPO,2006-2010,incoming
https://ror.org/032m55064,Korea Institute of Ocean Science and Technology,KR,South Korea,11,UPO,2006-2010,incoming
https://ror.org/032mwd808,Médecins Sans Frontières,CH,Switzerland,1,UPO,2006-2010,incoming
https://ror.org/032nzv584,Universitätsklinikum Gießen und Marburg,DE,Germany,14,UPO,2006-2010,incoming
https://ror.org/032q5ym94,Athinoula A. Martinos Center for Biomedical Imaging,US,United States,21,UPO,2006-2010,incoming
https://ror.org/032q95r88,Laboratoire de Recherche Vasculaire Translationnelle,FR,France,5,UPO,2006-2010,incoming
https://ror.org/032qezt74,Institut de Recherche pour le Développement,BJ,Benin,2,UPO,2006-2010,incoming
https://ror.org/032qqvq76,Cardiovascular Institute Hospital,JP,Japan,4,UPO,2006-2010,incoming
https://ror.org/032rtvf56,Fukui-ken Saiseikai Hospital,JP,Japan,1,UPO,2006-2010,incoming
https://ror.org/032sgfc78,Ivanovo State Medical Academy,RU,Russia,1,UPO,2006-2010,incoming
https://ror.org/032tyv240,Institute of Molecular Science and Technologies,IT,Italy,174,UPO,2006-2010,incoming
https://ror.org/032x22645,Zhongshan Hospital,CN,China,26,UPO,2006-2010,incoming
https://ror.org/032xf8h46,Kyonggi University,KR,South Korea,1,UPO,2006-2010,incoming
https://ror.org/032xfst36,University of Kashmir,IN,India,3,UPO,2006-2010,incoming
https://ror.org/032xgdx47,Citigroup,US,United States,2,UPO,2006-2010,incoming
https://ror.org/032y0n460,Instituto Nacional de Salud Pública,MX,Mexico,14,UPO,2006-2010,incoming
https://ror.org/03302rx63,Centro de Estatística e Aplicações,PT,Portugal,1,UPO,2006-2010,incoming
https://ror.org/0331kj160,Pedagogical University,MZ,Mozambique,10,UPO,2006-2010,incoming
https://ror.org/0331wat71,Akershus University Hospital,NO,Norway,6,UPO,2006-2010,incoming
https://ror.org/0331z5r71,Zhejiang Shuren University,CN,China,97,UPO,2006-2010,incoming
https://ror.org/0331zs648,Siriraj Hospital,TH,Thailand,4,UPO,2006-2010,incoming
https://ror.org/0332bbh94,Juvenile Diabetes Research Foundation,GB,United Kingdom,4,UPO,2006-2010,incoming
https://ror.org/0333j0897,Canada's Michael Smith Genome Sciences Centre,CA,Canada,4,UPO,2006-2010,incoming
https://ror.org/0334tmt82,Centre d'économie et de sociologie appliquées à l'agriculture et aux espaces ruraux,FR,France,1,UPO,2006-2010,incoming
https://ror.org/033647p67,Otsu Red Cross Hospital,JP,Japan,3,UPO,2006-2010,incoming
https://ror.org/0336mm561,Oxford University Press (United Kingdom),GB,United Kingdom,3,UPO,2006-2010,incoming
https://ror.org/0338jc112,St. Petersburg State Technological Institute,RU,Russia,17,UPO,2006-2010,incoming
https://ror.org/0338xea48,University of Venda,ZA,South Africa,74,UPO,2006-2010,incoming
https://ror.org/033c46s90,Université Européenne de Bretagne,FR,France,3,UPO,2006-2010,incoming
https://ror.org/033ca2d23,Institute of World Economics and Politics,CN,China,1,UPO,2006-2010,incoming
https://ror.org/033cbzv42,Institute of Plasma Physics,CN,China,4,UPO,2006-2010,incoming
https://ror.org/033dfsn42,Institute of Software,CN,China,5,UPO,2006-2010,incoming
https://ror.org/033dx8j94,University B.D.T College of Engineering,IN,India,5,UPO,2006-2010,incoming
https://ror.org/033eqas34,Justus-Liebig-Universität Gießen,DE,Germany,143,UPO,2006-2010,incoming
https://ror.org/033gfa640,Royal Hospital Haslar,GB,United Kingdom,18,UPO,2006-2010,incoming
https://ror.org/033gfj842,Centro de Investigación y Tecnología Agroalimentaria de Aragón,ES,Spain,1,UPO,2006-2010,incoming
https://ror.org/033jaw121,College of Intensive Care Medicine,AU,Australia,2,UPO,2006-2010,incoming
https://ror.org/033js6g46,Institute of Electrical Engineering,CN,China,1,UPO,2006-2010,incoming
https://ror.org/033m02g29,National Hellenic Research Foundation,GR,Greece,17,UPO,2006-2010,incoming
https://ror.org/033mjf763,Ospedale per gli Infermi,IT,Italy,1,UPO,2006-2010,incoming
https://ror.org/033mqx355,NOAA National Marine Fisheries Service,US,United States,1,UPO,2006-2010,incoming
https://ror.org/033n3pw66,University of South Bohemia in České Budějovice,CZ,Czechia,7,UPO,2006-2010,incoming
https://ror.org/033n9gh91,Carl von Ossietzky Universität Oldenburg,DE,Germany,26,UPO,2006-2010,incoming
https://ror.org/033nbnf69,Shanghai Pulmonary Hospital,CN,China,1,UPO,2006-2010,incoming
https://ror.org/033p9g875,Institut National Polytechnique de Toulouse,FR,France,9,UPO,2006-2010,incoming
https://ror.org/033pa2k60,Ceinge Biotecnologie Avanzate (Italy),IT,Italy,17,UPO,2006-2010,incoming
https://ror.org/033qpss18,IRCCS Istituto Auxologico Italiano,IT,Italy,114,UPO,2006-2010,incoming
https://ror.org/033sspj46,Kagawa University Hospital,JP,Japan,1,UPO,2006-2010,incoming
https://ror.org/033tt8e33,NOAA Earth System Research Laboratory,US,United States,5,UPO,2006-2010,incoming
https://ror.org/033tx3651,KAGRA,JP,Japan,8,UPO,2006-2010,incoming
https://ror.org/033vfbz75,Mälardalen University,SE,Sweden,5,UPO,2006-2010,incoming
https://ror.org/033vjfk17,Wuhan University,CN,China,39,UPO,2006-2010,incoming
https://ror.org/033vnzz93,The Affiliated Yongchuan Hospital of Chongqing Medical University,CN,China,3,UPO,2006-2010,incoming
https://ror.org/033wn8m60,Institute for Systems Engineering and Computers,PT,Portugal,13,UPO,2006-2010,incoming
https://ror.org/033xvax87,Medisch Spectrum Twente,NL,The Netherlands,7,UPO,2006-2010,incoming
https://ror.org/033xwx807,Policlinico Universitario di Catania,IT,Italy,10,UPO,2006-2010,incoming
https://ror.org/033y26782,Mitsubishi Electric (Japan),JP,Japan,4,UPO,2006-2010,incoming
https://ror.org/033yb0967,Hôpitaux Universitaires Henri-Mondor,FR,France,8,UPO,2006-2010,incoming
https://ror.org/033z83z59,Centre d’Investigation Clinique 1436,FR,France,10,UPO,2006-2010,incoming
https://ror.org/0340t0585,General Hospital of Shenyang Military Region,CN,China,3,UPO,2006-2010,incoming
https://ror.org/0341vw408,Ministero dell'università e della ricerca,IT,Italy,1,UPO,2006-2010,incoming
https://ror.org/0342s9s13,Laboratory of Inorganic Chemistry,CH,Switzerland,10,UPO,2006-2010,incoming
https://ror.org/0343mwx11,Mexico International University,MX,Mexico,1,UPO,2006-2010,incoming
https://ror.org/0344x6030,Institute of Experimental Medicine,RU,Russia,3,UPO,2006-2010,incoming
https://ror.org/03455bm37,Epix Pharmaceuticals (United States),US,United States,28,UPO,2006-2010,incoming
https://ror.org/0345bxe71,Society of Critical Care Medicine,US,United States,4,UPO,2006-2010,incoming
https://ror.org/0346k0491,Gulbenkian Institute for Molecular Medicine,PT,Portugal,13,UPO,2006-2010,incoming
https://ror.org/03471w967,Hôpital Larrey,FR,France,3,UPO,2006-2010,incoming
https://ror.org/0347fy350,Rothamsted Research,GB,United Kingdom,5,UPO,2006-2010,incoming
https://ror.org/034882z59,Saint Petersburg State Forest Technical University,RU,Russia,2,UPO,2006-2010,incoming
https://ror.org/034900433,"Ministry of Economy, Industry and Competitiveness",ES,Spain,12,UPO,2006-2010,incoming
https://ror.org/034a4bk84,Laboratoire de Physique des deux infinis Bordeaux,FR,France,4,UPO,2006-2010,incoming
https://ror.org/034adnw64,Durham VA Medical Center,US,United States,7,UPO,2006-2010,incoming
https://ror.org/034afnt37,Our Lady's Hospital,IE,Ireland,5,UPO,2006-2010,incoming
https://ror.org/034agrd14,Lebanese International University,LB,Lebanon,2,UPO,2006-2010,incoming
https://ror.org/034akh239,Stem Cell Technology Research Center,IR,Iran,1,UPO,2006-2010,incoming
https://ror.org/034b4g685,Nuclear Research and Consultancy Group,NL,The Netherlands,4,UPO,2006-2010,incoming
https://ror.org/034c0pj78,Aomori City Hospital,JP,Japan,1,UPO,2006-2010,incoming
https://ror.org/034dn0836,Institute of Psychology,PL,Poland,1,UPO,2006-2010,incoming
https://ror.org/034dw6775,Merrimack Pharmaceuticals (United States),US,United States,1,UPO,2006-2010,incoming
https://ror.org/034e48p94,Kantonsspital Baden,CH,Switzerland,1,UPO,2006-2010,incoming
https://ror.org/034ffbg36,Bayer (United States),US,United States,5,UPO,2006-2010,incoming
https://ror.org/034g04n73,Institute of Biophysics,BG,Bulgaria,5,UPO,2006-2010,incoming
https://ror.org/034gcgw60,Institute of Space and Astronautical Science,JP,Japan,8,UPO,2006-2010,incoming
https://ror.org/034haf133,First Hospital of Jilin University,CN,China,2,UPO,2006-2010,incoming
https://ror.org/034m2b326,Shahid Beheshti University of Medical Sciences,IR,Iran,12,UPO,2006-2010,incoming
https://ror.org/034mtvk83,University of New Orleans,US,United States,4,UPO,2006-2010,incoming
https://ror.org/034nc1205,Institut de Nanociència i Nanotecnologia de la Universitat de Barcelona,ES,Spain,1,UPO,2006-2010,incoming
https://ror.org/034nkkr84,Robert Bosch Hospital,DE,Germany,16,UPO,2006-2010,incoming
https://ror.org/034nvrd87,Royal Berkshire NHS Foundation Trust,GB,United Kingdom,1,UPO,2006-2010,incoming
https://ror.org/034nz8723,Bayreuth Medical Center,DE,Germany,1,UPO,2006-2010,incoming
https://ror.org/034pdr896,Dallas VA Medical Center,US,United States,2,UPO,2006-2010,incoming
https://ror.org/034qe8j39,Endocrine and Metabolism Research Center,IR,Iran,9,UPO,2006-2010,incoming
https://ror.org/034qxt397,Azienda Ospedaliero-Universitaria Cagliari,IT,Italy,1,UPO,2006-2010,incoming
https://ror.org/034t30j35,Chinese Academy of Sciences,CN,China,572,UPO,2006-2010,incoming
https://ror.org/034t3zs45,Shaanxi University of Science and Technology,CN,China,2,UPO,2006-2010,incoming
https://ror.org/034tvp782,"Institute of Biochemistry and Biophysics, Polish Academy of Sciences",PL,Poland,1,UPO,2006-2010,incoming
https://ror.org/034vb5t35,Royal Marsden Hospital,GB,United Kingdom,37,UPO,2006-2010,incoming
https://ror.org/034vpja60,Universidade Federal de Alfenas,BR,Brazil,1,UPO,2006-2010,incoming
https://ror.org/034w22c34,Epicentre,FR,France,1,UPO,2006-2010,incoming
https://ror.org/034wxcc35,European Organisation for Research and Treatment of Cancer,BE,Belgium,2,UPO,2006-2010,incoming
https://ror.org/034x1af55,University of Nordland,NO,Norway,1,UPO,2006-2010,incoming
https://ror.org/034xvzb47,United States Food and Drug Administration,US,United States,14,UPO,2006-2010,incoming
https://ror.org/034yrjf77,Institut national de l'environnement industriel et des risques,FR,France,5,UPO,2006-2010,incoming
https://ror.org/034zgem50,Agenzia Spaziale Italiana,IT,Italy,2,UPO,2006-2010,incoming
https://ror.org/034zn5b34,Hôpital Rangueil,FR,France,11,UPO,2006-2010,incoming
https://ror.org/035367g48,Tomakomai Komazawa University,JP,Japan,5,UPO,2006-2010,incoming
https://ror.org/0353kya20,Hospital Curry Cabral,PT,Portugal,2,UPO,2006-2010,incoming
https://ror.org/0353q6p88,Sydney South West Area Health Service,AU,Australia,5,UPO,2006-2010,incoming
https://ror.org/0355zfr67,University of North Carolina Hospitals,US,United States,2,UPO,2006-2010,incoming
https://ror.org/0356c4a29,Medical Products Agency,SE,Sweden,3,UPO,2006-2010,incoming
https://ror.org/0358tcd02,Northamptonshire Healthcare NHS Foundation Trust,GB,United Kingdom,68,UPO,2006-2010,incoming
https://ror.org/03599d813,Ochanomizu University,JP,Japan,5,UPO,2006-2010,incoming
https://ror.org/035adwg89,Peking University People's Hospital,CN,China,3,UPO,2006-2010,incoming
https://ror.org/035b05819,University of Copenhagen,DK,Denmark,894,UPO,2006-2010,incoming
https://ror.org/035cy3r13,Pasteur Hellenic Institute,GR,Greece,6,UPO,2006-2010,incoming
https://ror.org/035dsb084,HUN-REN Wigner Research Centre for Physics,HU,Hungary,1071,UPO,2006-2010,incoming
https://ror.org/035f23321,Frobenius-Institut,DE,Germany,21,UPO,2006-2010,incoming
https://ror.org/035f5f914,NIHR Leeds Musculoskeletal Biomedical Research Unit,GB,United Kingdom,1,UPO,2006-2010,incoming
https://ror.org/035gh3a49,IMT School for Advanced Studies Lucca,IT,Italy,2,UPO,2006-2010,incoming
https://ror.org/035gna214,Nova Scotia Health Authority,CA,Canada,4,UPO,2006-2010,incoming
https://ror.org/035hd8d68,Shepherd Center,US,United States,1,UPO,2006-2010,incoming
https://ror.org/035j0tq82,Orange (France),FR,France,1,UPO,2006-2010,incoming
https://ror.org/035mh1293,Link Campus University,IT,Italy,3,UPO,2006-2010,incoming
https://ror.org/035n7q728,Saudi Aramco (United States),US,United States,4,UPO,2006-2010,incoming
https://ror.org/035nzyk88,Hope Center for Neurological Disorders,US,United States,6,UPO,2006-2010,incoming
https://ror.org/035psfh38,Donghua University,CN,China,1,UPO,2006-2010,incoming
https://ror.org/035qedt02,Ministero della cultura,IT,Italy,23,UPO,2006-2010,incoming
https://ror.org/035r7hb75,Keimyung University Dongsan Medical Center,KR,South Korea,8,UPO,2006-2010,incoming
https://ror.org/035rpst33,Hospital das Clínicas da Universidade Federal de Minas Gerais,BR,Brazil,2,UPO,2006-2010,incoming
https://ror.org/035rr9c26,Institute of Developmental Physiology,RU,Russia,1,UPO,2006-2010,incoming
https://ror.org/035rreb34,Department of National Defence,CA,Canada,2,UPO,2006-2010,incoming
https://ror.org/035rzkx15,Jena University Hospital,DE,Germany,16,UPO,2006-2010,incoming
https://ror.org/035t17984,Beijing Jishuitan Hospital,CN,China,1,UPO,2006-2010,incoming
https://ror.org/035t8zc32,The University of Osaka,JP,Japan,242,UPO,2006-2010,incoming
https://ror.org/035vb3h42,University Children's Hospital Zurich,CH,Switzerland,4,UPO,2006-2010,incoming
https://ror.org/035w1gb98,United States Department of the Army,US,United States,11,UPO,2006-2010,incoming
https://ror.org/035x96431,Hôpital d'Instruction des Armées Bégin,FR,France,1,UPO,2006-2010,incoming
https://ror.org/035xhk118,Audie L. Murphy Memorial VA Hospital,US,United States,2,UPO,2006-2010,incoming
https://ror.org/035xkbk20,Aix-Marseille Université,FR,France,401,UPO,2006-2010,incoming
https://ror.org/035xqz322,Center for Functional Nanomaterials,US,United States,10,UPO,2006-2010,incoming
https://ror.org/035z2ew45,Eastern Illinois University,US,United States,1,UPO,2006-2010,incoming
https://ror.org/035z6xf33,Oklahoma Medical Research Foundation,US,United States,52,UPO,2006-2010,incoming
https://ror.org/035zrb927,Georgetown Lombardi Comprehensive Cancer Center,US,United States,1,UPO,2006-2010,incoming
https://ror.org/036054d36,Italian institute for Genomic Medicine,IT,Italy,5,UPO,2006-2010,incoming
https://ror.org/0360cq027,LDS Hospital,US,United States,5,UPO,2006-2010,incoming
https://ror.org/0360dkv71,Chinese Academy of Forestry,CN,China,1,UPO,2006-2010,incoming
https://ror.org/03613d656,Brno University of Technology,CZ,Czechia,2,UPO,2006-2010,incoming
https://ror.org/0361c8163,Ruppin Academic Center,IL,Israel,2,UPO,2006-2010,incoming
https://ror.org/036266993,National Laboratory of the Rockies,US,United States,4,UPO,2006-2010,incoming
https://ror.org/0362za439,Ministry of Health,OM,Oman,2,UPO,2006-2010,incoming
https://ror.org/0363pts49,Institute for Nuclear Science and Technology,VN,Vietnam,1,UPO,2006-2010,incoming
https://ror.org/0364a8z71,Denizli Devlet Hastanesi,TR,Turkey,1,UPO,2006-2010,incoming
https://ror.org/036568k33,National Botanical Research Institute,IN,India,3,UPO,2006-2010,incoming
https://ror.org/03660jn93,Mayo Clinic Hospital,US,United States,1,UPO,2006-2010,incoming
https://ror.org/0366d2847,Universidade Federal de Mato Grosso do Sul,BR,Brazil,2,UPO,2006-2010,incoming
https://ror.org/0367gm239,"Daejeon Eulji Medical Center, Eulji University",KR,South Korea,1,UPO,2006-2010,incoming
https://ror.org/0367njg58,East Central University,US,United States,1,UPO,2006-2010,incoming
https://ror.org/0367sye10,Atrium Medisch Centrum Parkstad,NL,The Netherlands,8,UPO,2006-2010,incoming
https://ror.org/0368qtc02,Nestlé (United States),US,United States,1,UPO,2006-2010,incoming
https://ror.org/0368s4g32,China Medical University Hospital,TW,Taiwan,23,UPO,2006-2010,incoming
https://ror.org/036999x25,Advanced Engineering Services (Japan),JP,Japan,1,UPO,2006-2010,incoming
https://ror.org/036a3f271,Institute for Medical Research,AR,Argentina,1,UPO,2006-2010,incoming
https://ror.org/036b2ns30,Universidad Católica Boliviana San Pablo,BO,Bolivia,1,UPO,2006-2010,incoming
https://ror.org/036b2ww28,Universidad de Málaga,ES,Spain,18,UPO,2006-2010,incoming
https://ror.org/036bcm133,Asian Development Bank,PH,Philippines,1,UPO,2006-2010,incoming
https://ror.org/036c27j91,Washington University Medical Center,US,United States,4,UPO,2006-2010,incoming
https://ror.org/036c9yv20,University of Kansas Medical Center,US,United States,33,UPO,2006-2010,incoming
https://ror.org/036d5sh68,Institute of Food Science & Technology,GB,United Kingdom,1,UPO,2006-2010,incoming
https://ror.org/036dyz052,PLA Navy General Hospital,CN,China,2,UPO,2006-2010,incoming
https://ror.org/036eg1q44,Institut de Recherche en Infectiologie de Montpellier,FR,France,3,UPO,2006-2010,incoming
https://ror.org/036gejb44,Tuba City Regional Health Care,US,United States,1,UPO,2006-2010,incoming
https://ror.org/036gzhj81,University of Tuzla,BA,Bosnia and Herzegovina,1,UPO,2006-2010,incoming
https://ror.org/036h6g940,Government of India,IN,India,30,UPO,2006-2010,incoming
https://ror.org/036h9st94,St Savas Hospital,GR,Greece,3,UPO,2006-2010,incoming
https://ror.org/036j6sg82,Singapore General Hospital,SG,Singapore,22,UPO,2006-2010,incoming
https://ror.org/036jn4298,The San Raffaele Telethon Institute for Gene Therapy,IT,Italy,1,UPO,2006-2010,incoming
https://ror.org/036jqmy94,University of Iowa,US,United States,964,UPO,2006-2010,incoming
https://ror.org/036kgyt43,Chouaib Doukkali University,MA,Morocco,4,UPO,2006-2010,incoming
https://ror.org/036metx20,Chinese People's Armed Police General Hospital,CN,China,4,UPO,2006-2010,incoming
https://ror.org/036nfer12,University of Central Florida,US,United States,21,UPO,2006-2010,incoming
https://ror.org/036nxkh98,Carilion Roanoke Memorial Hospital,US,United States,1,UPO,2006-2010,incoming
https://ror.org/036pfyf12,Seirei Hamamatsu General Hospital,JP,Japan,1,UPO,2006-2010,incoming
https://ror.org/036pt7h44,University Medical Center,US,United States,21,UPO,2006-2010,incoming
https://ror.org/036qrqq32,ARS University,ID,Indonesia,6,UPO,2006-2010,incoming
https://ror.org/036rp1748,Universidade de São Paulo,BR,Brazil,11,UPO,2006-2010,incoming
https://ror.org/036s9kg65,Monash Medical Centre,AU,Australia,6,UPO,2006-2010,incoming
https://ror.org/036trcv74,Nanjing Normal University,CN,China,10,UPO,2006-2010,incoming
https://ror.org/036vg8r71,Colorado Cancer Research Program,US,United States,1,UPO,2006-2010,incoming
https://ror.org/036wvs663,HUN-REN Research Centre for Astronomy and Earth Sciences,HU,Hungary,2,UPO,2006-2010,incoming
https://ror.org/036wvzt09,"Agency for Science, Technology and Research",SG,Singapore,63,UPO,2006-2010,incoming
https://ror.org/036x5ad56,University of Luxembourg,LU,Luxembourg,12,UPO,2006-2010,incoming
https://ror.org/036x6gt55,North Bristol NHS Trust,GB,United Kingdom,20,UPO,2006-2010,incoming
https://ror.org/036xhtv26,Institut de génétique et de développement de Rennes,FR,France,1,UPO,2006-2010,incoming
https://ror.org/036ypft38,Centro Hospitalar de Lisboa Ocidental,PT,Portugal,1,UPO,2006-2010,incoming
https://ror.org/036z4mp18,Usman Institute of Technology,PK,Pakistan,1,UPO,2006-2010,incoming
https://ror.org/036zr1b90,Institute of Clinical and Experimental Medicine,CZ,Czechia,21,UPO,2006-2010,incoming
https://ror.org/0370htr03,UCL Queen Square Institute of Neurology,GB,United Kingdom,73,UPO,2006-2010,incoming
https://ror.org/0371fqr87,Wuhan Union Hospital,CN,China,4,UPO,2006-2010,incoming
https://ror.org/0371gg960,Purdue University Institute for Cancer Research,US,United States,2,UPO,2006-2010,incoming
https://ror.org/0371hy230,Institució Catalana de Recerca i Estudis Avançats,ES,Spain,48,UPO,2006-2010,incoming
https://ror.org/0371yc337,Laboratoire de Chimie-Physique Macromoléculaire,FR,France,1,UPO,2006-2010,incoming
https://ror.org/0372t5741,Gifu Pharmaceutical University,JP,Japan,2,UPO,2006-2010,incoming
https://ror.org/0372th171,Université de Bretagne Occidentale,FR,France,56,UPO,2006-2010,incoming
https://ror.org/0373nm262,Kongju National University,KR,South Korea,3,UPO,2006-2010,incoming
https://ror.org/037403209,Gunma Prefectural Cardiovascular Center,JP,Japan,1,UPO,2006-2010,incoming
https://ror.org/037405308,Queensland Government,AU,Australia,11,UPO,2006-2010,incoming
https://ror.org/037405c78,Cancer Research UK Manchester Institute,GB,United Kingdom,7,UPO,2006-2010,incoming
https://ror.org/03754ky26,Tennessee Oncology,US,United States,7,UPO,2006-2010,incoming
https://ror.org/03758j340,Universidad Privada Boliviana,BO,Bolivia,4,UPO,2006-2010,incoming
https://ror.org/03763ep67,Children's Hospital of Pittsburgh,US,United States,7,UPO,2006-2010,incoming
https://ror.org/0376mc966,Haskell Indian Nations University,US,United States,1,UPO,2006-2010,incoming
https://ror.org/0376t7t08,Södertälje Sjukhus,SE,Sweden,1,UPO,2006-2010,incoming
https://ror.org/0377kyv52,United Lincolnshire Hospitals NHS Trust,GB,United Kingdom,1,UPO,2006-2010,incoming
https://ror.org/0377srw41,MetroHealth,US,United States,12,UPO,2006-2010,incoming
https://ror.org/0377z4z10,CHU Dijon Bourgogne,FR,France,13,UPO,2006-2010,incoming
https://ror.org/0378e9394,Saitama Municipal Hospital,JP,Japan,2,UPO,2006-2010,incoming
https://ror.org/0378szg41,Université Djilali de Sidi Bel Abbès,DZ,Algeria,1,UPO,2006-2010,incoming
https://ror.org/03791x537,U-center,NL,The Netherlands,11,UPO,2006-2010,incoming
https://ror.org/03792qf33,Chinese Academy of Agricultural Mechanization Sciences,CN,China,1,UPO,2006-2010,incoming
https://ror.org/037b1pp87,Beijing University of Technology,CN,China,15,UPO,2006-2010,incoming
https://ror.org/037b5pv06,University of Pecs,HU,Hungary,30,UPO,2006-2010,incoming
https://ror.org/037bsar61,Bundeskriminalamt,DE,Germany,1,UPO,2006-2010,incoming
https://ror.org/037cjxp13,China-Japan Friendship Hospital,CN,China,2,UPO,2006-2010,incoming
https://ror.org/037cnag11,University of Missouri–St. Louis,US,United States,2,UPO,2006-2010,incoming
https://ror.org/037d0vf92,Nizhny Novgorod State Technical University,RU,Russia,4,UPO,2006-2010,incoming
https://ror.org/037d7yy80,Rheumatology Research Center,IR,Iran,1,UPO,2006-2010,incoming
https://ror.org/037f2xv36,Buckinghamshire Healthcare NHS Trust,GB,United Kingdom,1,UPO,2006-2010,incoming
https://ror.org/037gty358,Universidad Metropolitana,PR,Puerto Rico,1,UPO,2006-2010,incoming
https://ror.org/037hby126,Établissement Français du Sang,FR,France,2,UPO,2006-2010,incoming
https://ror.org/037m83a38,Royal Institution of Great Britain,GB,United Kingdom,18,UPO,2006-2010,incoming
https://ror.org/037mrss42,Tshwane University of Technology,ZA,South Africa,7,UPO,2006-2010,incoming
https://ror.org/037p13h95,Universidad CES,CO,Colombia,1,UPO,2006-2010,incoming
https://ror.org/037p24858,"The First Affiliated Hospital, Sun Yat-sen University",CN,China,4,UPO,2006-2010,incoming
https://ror.org/037pkxm09,Kyungnam University,KR,South Korea,2,UPO,2006-2010,incoming
https://ror.org/037pq2a43,Klinikum Dortmund,DE,Germany,6,UPO,2006-2010,incoming
https://ror.org/037r2ff59,Wells Fargo (United States),US,United States,2,UPO,2006-2010,incoming
https://ror.org/037r57b62,Buddhist Tzu Chi General Hospital,TW,Taiwan,7,UPO,2006-2010,incoming
https://ror.org/037rvh518,Jining University,CN,China,4,UPO,2006-2010,incoming
https://ror.org/037s24f05,Clemson University,US,United States,14,UPO,2006-2010,incoming
https://ror.org/037s71n47,Imelda Hospital,BE,Belgium,1,UPO,2006-2010,incoming
https://ror.org/037styt87,Petersburg Nuclear Physics Institute,RU,Russia,1207,UPO,2006-2010,incoming
https://ror.org/037t3ry66,Illinois Institute of Technology,US,United States,25,UPO,2006-2010,incoming
https://ror.org/037tm7f56,Courant Institute of Mathematical Sciences,US,United States,5,UPO,2006-2010,incoming
https://ror.org/037tz0e16,London Health Sciences Centre,CA,Canada,19,UPO,2006-2010,incoming
https://ror.org/037va9e86,Hirakata Kohsai Hospital,JP,Japan,1,UPO,2006-2010,incoming
https://ror.org/037w8vx49,Labor für Immunologische und Molekulare Krebsforschung,AT,Austria,7,UPO,2006-2010,incoming
https://ror.org/037wmsn67,Nagoya Sangyo University,JP,Japan,1,UPO,2006-2010,incoming
https://ror.org/037wny167,International Center for Tropical Agriculture,CO,Colombia,2,UPO,2006-2010,incoming
https://ror.org/037wpkx04,University of Minho,PT,Portugal,38,UPO,2006-2010,incoming
https://ror.org/037wq4b75,Klinikum Ludwigshafen,DE,Germany,2,UPO,2006-2010,incoming
https://ror.org/037wy0p68,Children's Oncology Group,CH,Switzerland,3,UPO,2006-2010,incoming
https://ror.org/037xafn82,William S. Middleton Memorial Veterans Hospital,US,United States,1,UPO,2006-2010,incoming
https://ror.org/037yff262,Tokyo Metropolitan Matsuzawa Hospital,JP,Japan,1,UPO,2006-2010,incoming
https://ror.org/037zgn354,Johns Hopkins Medicine,US,United States,217,UPO,2006-2010,incoming
https://ror.org/0380mmw63,Centre of Experimental Medicine of the Slovak Academy of Sciences,SK,Slovakia,28,UPO,2006-2010,incoming
https://ror.org/0380w8h49,Ealing Hospital NHS Trust,GB,United Kingdom,1,UPO,2006-2010,incoming
https://ror.org/0381bab64,Fondazione Edmund Mach,IT,Italy,6,UPO,2006-2010,incoming
https://ror.org/038207k30,Laboratoire Génome et Développement des Plantes,FR,France,5,UPO,2006-2010,incoming
https://ror.org/038483r84,Eni (Italy),IT,Italy,1,UPO,2006-2010,incoming
https://ror.org/0384j8v12,The University of Sydney,AU,Australia,223,UPO,2006-2010,incoming
https://ror.org/0384yev14,Otterbein University,US,United States,10,UPO,2006-2010,incoming
https://ror.org/0385nmy68,Ministry of Industry and Information Technology,CN,China,11,UPO,2006-2010,incoming
https://ror.org/038792a28,Instituto de Tecnología Química,ES,Spain,15,UPO,2006-2010,incoming
https://ror.org/0387j8q89,Grupo Hospitalar Conceição,BR,Brazil,1,UPO,2006-2010,incoming
https://ror.org/0387jng26,Max Planck Institute for Human Cognitive and Brain Sciences,DE,Germany,5,UPO,2006-2010,incoming
https://ror.org/0387raj07,Asklepios Klinik St. Georg,DE,Germany,6,UPO,2006-2010,incoming
https://ror.org/0388c3403,Sichuan Agricultural University,CN,China,9,UPO,2006-2010,incoming
https://ror.org/03893we55,Zhejiang Sci-Tech University,CN,China,2,UPO,2006-2010,incoming
https://ror.org/038avdt50,Xi'an University of Technology,CN,China,3,UPO,2006-2010,incoming
https://ror.org/038b8e254,Addis Ababa University,ET,Ethiopia,1,UPO,2006-2010,incoming
https://ror.org/038bmak92,Namur Research Institute for Life Sciences,BE,Belgium,1,UPO,2006-2010,incoming
https://ror.org/038c3w259,Kunming Medical University,CN,China,4,UPO,2006-2010,incoming
https://ror.org/038dg9e86,Hiroshima University Hospital,JP,Japan,5,UPO,2006-2010,incoming
https://ror.org/038e2g226,Fujitsu (Japan),JP,Japan,1,UPO,2006-2010,incoming
https://ror.org/038ehsm73,Mitsubishi Tanabe Pharma Corporation,JP,Japan,4,UPO,2006-2010,incoming
https://ror.org/038esz880,Institute of Social and Preventive Medicine,CH,Switzerland,3,UPO,2006-2010,incoming
https://ror.org/038f7y939,Universitair Ziekenhuis Brussel,BE,Belgium,6,UPO,2006-2010,incoming
https://ror.org/038fcbc74,Institut de Génomique Fonctionnelle de Lyon,FR,France,1,UPO,2006-2010,incoming
https://ror.org/038ftrz90,Western Attica General Hospital,GR,Greece,1,UPO,2006-2010,incoming
https://ror.org/038hzq450,Henan Medical University,CN,China,1,UPO,2006-2010,incoming
https://ror.org/038j9sn30,Shanghai Institute of Hypertension,CN,China,8,UPO,2006-2010,incoming
https://ror.org/038jp4m40,"National Centre of Scientific Research ""Demokritos""",GR,Greece,726,UPO,2006-2010,incoming
https://ror.org/038kffh84,Hellenic Centre for Marine Research,GR,Greece,13,UPO,2006-2010,incoming
https://ror.org/038kp1442,Minnesota Supercomputing Institute,US,United States,2,UPO,2006-2010,incoming
https://ror.org/038kr2d80,Emory National Primate Research Center,US,United States,1,UPO,2006-2010,incoming
https://ror.org/038kx6574,Intercell (Austria),AT,Austria,2,UPO,2006-2010,incoming
https://ror.org/038mfx688,National Academy of Sciences,US,United States,5,UPO,2006-2010,incoming
https://ror.org/038mzt421,Nerviano Medical Sciences,IT,Italy,5,UPO,2006-2010,incoming
https://ror.org/038pa9k74,Children’s Health Research Institute,CA,Canada,2,UPO,2006-2010,incoming
https://ror.org/038qbqz41,Lovelace Respiratory Research Institute,US,United States,2,UPO,2006-2010,incoming
https://ror.org/038rjvd86,Department of Biological Sciences,RU,Russia,84,UPO,2006-2010,incoming
https://ror.org/038t36y30,Heidelberg University,DE,Germany,1296,UPO,2006-2010,incoming
https://ror.org/038wddm10,Gyeongnam Provincial Geochang College,KR,South Korea,1,UPO,2006-2010,incoming
https://ror.org/038x2fh14,Charles R. Drew University of Medicine and Science,US,United States,9,UPO,2006-2010,incoming
https://ror.org/038xmzj21,Shanghai East Hospital,CN,China,1,UPO,2006-2010,incoming
https://ror.org/038ygd080,Inner Mongolia Medical College Hospital,CN,China,1,UPO,2006-2010,incoming
https://ror.org/038z7hb11,Institute of Laboratory Animal Science,CN,China,1,UPO,2006-2010,incoming
https://ror.org/038zf2n28,Youngstown State University,US,United States,5,UPO,2006-2010,incoming
https://ror.org/038zpvz53,Centre Hospitalier Ibn Sina,MA,Morocco,3,UPO,2006-2010,incoming
https://ror.org/038zxea36,Chelsea and Westminster Hospital,GB,United Kingdom,12,UPO,2006-2010,incoming
https://ror.org/0390vdb22,Institute on Aging,US,United States,8,UPO,2006-2010,incoming
https://ror.org/0394z0v14,Harborview Injury Prevention and Research Center,US,United States,2,UPO,2006-2010,incoming
https://ror.org/03964hc96,Borgess Medical Center,US,United States,1,UPO,2006-2010,incoming
https://ror.org/0396bvs97,Truman State University,US,United States,1,UPO,2006-2010,incoming
https://ror.org/0396v4y86,Hôpital Louis Pradel,FR,France,1,UPO,2006-2010,incoming
https://ror.org/039713658,First Affiliated Hospital of Chinese PLA General Hospital,CN,China,2,UPO,2006-2010,incoming
https://ror.org/03971n288,Hospital Universitario Doctor Peset,ES,Spain,1,UPO,2006-2010,incoming
https://ror.org/0397knh37,Collegio Carlo Alberto,IT,Italy,15,UPO,2006-2010,incoming
https://ror.org/0397tsa92,Clark Atlanta University,US,United States,15,UPO,2006-2010,incoming
https://ror.org/0398xv274,Daeshin University,KR,South Korea,4,UPO,2006-2010,incoming
https://ror.org/039965637,University of Pavol Jozef Šafárik,SK,Slovakia,26,UPO,2006-2010,incoming
https://ror.org/0399mhs52,Langley Research Center,US,United States,2,UPO,2006-2010,incoming
https://ror.org/039a53269,Leibniz Institute on Aging - Fritz Lipmann Institute (FLI),DE,Germany,2,UPO,2006-2010,incoming
https://ror.org/039bhhz46,Anahuac University Network,MX,Mexico,2,UPO,2006-2010,incoming
https://ror.org/039bjqg32,University of Warsaw,PL,Poland,1225,UPO,2006-2010,incoming
https://ror.org/039bp8j42,University of Verona,IT,Italy,340,UPO,2006-2010,incoming
https://ror.org/039c6rk82,Ninewells Hospital,GB,United Kingdom,17,UPO,2006-2010,incoming
https://ror.org/039ce0m20,Hellenic Mediterranean University,GR,Greece,2,UPO,2006-2010,incoming
https://ror.org/039cf4q47,University of Mosul,IQ,Iraq,1,UPO,2006-2010,incoming
https://ror.org/039d9es10,Petra University,JO,Jordan,3,UPO,2006-2010,incoming
https://ror.org/039d9wr27,National Heart Foundation of Australia,AU,Australia,3,UPO,2006-2010,incoming
https://ror.org/039e7bg24,University of Taipei,TW,Taiwan,18,UPO,2006-2010,incoming
https://ror.org/039epzh36,"Istituto Nazionale di Fisica Nucleare, Gruppo Collegato di Cosenza",IT,Italy,34,UPO,2006-2010,incoming
https://ror.org/039evc422,Municipal Institute for Medical Research,ES,Spain,16,UPO,2006-2010,incoming
https://ror.org/039fj2469,Observatoire de la Côte d’Azur,FR,France,1,UPO,2006-2010,incoming
https://ror.org/039g8ab81,Fourth People's Hospital of Shenzhen,CN,China,1,UPO,2006-2010,incoming
https://ror.org/039h1gd08,Institute of Plant Biology,HU,Hungary,6,UPO,2006-2010,incoming
https://ror.org/039h3vh71,Capital and Coast District Health Board,NZ,New Zealand,1,UPO,2006-2010,incoming
https://ror.org/039javj55,Institut de Recherches en Technologies et Sciences pour le Vivant,FR,France,2,UPO,2006-2010,incoming
https://ror.org/039m95m06,Hubei University of Automotive Technology,CN,China,1,UPO,2006-2010,incoming
https://ror.org/039nw9e11,Third Affiliated Hospital of Zhengzhou University,CN,China,1,UPO,2006-2010,incoming
https://ror.org/039pa0a74,DES Pune University,IN,India,14,UPO,2006-2010,incoming
https://ror.org/039s6n838,Novartis (United Kingdom),GB,United Kingdom,3,UPO,2006-2010,incoming
https://ror.org/039shy520,Institute of High Energy Physics,AT,Austria,31,UPO,2006-2010,incoming
https://ror.org/039thcs93,Sri Venkateswara Institute of Medical Sciences,IN,India,1,UPO,2006-2010,incoming
https://ror.org/039vqpp67,China Academy of Engineering Physics,CN,China,1,UPO,2006-2010,incoming
https://ror.org/039vw4178,Instituto de Agricultura Sostenible,ES,Spain,3,UPO,2006-2010,incoming
https://ror.org/039xnh269,Yanbian University,CN,China,8,UPO,2006-2010,incoming
https://ror.org/039ygjf22,Jikei University School of Medicine,JP,Japan,12,UPO,2006-2010,incoming
https://ror.org/039zedc16,St George’s University Hospitals NHS Foundation Trust,GB,United Kingdom,21,UPO,2006-2010,incoming
https://ror.org/039zhhm92,"Islamic Azad University, Isfahan",IR,Iran,1,UPO,2006-2010,incoming
https://ror.org/039zvsn29,Natural History Museum,GB,United Kingdom,7,UPO,2006-2010,incoming
https://ror.org/039zxt351,IRCCS Ospedale San Raffaele,IT,Italy,59,UPO,2006-2010,incoming
https://ror.org/03a0vt050,Institute of Inorganic Methodologies and Plasmas,IT,Italy,1,UPO,2006-2010,incoming
https://ror.org/03a11m818,Islamic Azad University Central Tehran Branch,IR,Iran,6,UPO,2006-2010,incoming
https://ror.org/03a1crh56,Afyon Kocatepe University,TR,Turkey,3,UPO,2006-2010,incoming
https://ror.org/03a1gte98,Canadian Space Agency,CA,Canada,1,UPO,2006-2010,incoming
https://ror.org/03a1kt624,Universidad de Huelva,ES,Spain,7,UPO,2006-2010,incoming
https://ror.org/03a1kwz48,University of Tübingen,DE,Germany,178,UPO,2006-2010,incoming
https://ror.org/03a26mh11,Laboratoire de Physique de l'Ecole Normale Supérieure,FR,France,3,UPO,2006-2010,incoming
https://ror.org/03a2hf118,Shinshu University Hospital,JP,Japan,1,UPO,2006-2010,incoming
https://ror.org/03a2tac74,Florey Institute of Neuroscience and Mental Health,AU,Australia,9,UPO,2006-2010,incoming
https://ror.org/03a3qwm26,Augustana University,US,United States,4,UPO,2006-2010,incoming
https://ror.org/03a4d7t12,Saitama Cancer Center,JP,Japan,3,UPO,2006-2010,incoming
https://ror.org/03a60m280,Hubei University,CN,China,5,UPO,2006-2010,incoming
https://ror.org/03a62bv60,University of Malta,MT,Malta,6,UPO,2006-2010,incoming
https://ror.org/03a64bh57,University of Catania,IT,Italy,1741,UPO,2006-2010,incoming
https://ror.org/03a6zw892,Lurie Children's Hospital,US,United States,4,UPO,2006-2010,incoming
https://ror.org/03a7ksb41,Birsa Agricultural University,IN,India,1,UPO,2006-2010,incoming
https://ror.org/03a8gac78,Hospital Del Mar,ES,Spain,21,UPO,2006-2010,incoming
https://ror.org/03a9mf398,Moscow State Pedagogical University,RU,Russia,8,UPO,2006-2010,incoming
https://ror.org/03aaw7g70,Centro Regional de Investigação Pesqueira do Sul,PT,Portugal,1,UPO,2006-2010,incoming
https://ror.org/03ab0at74,State Key Laboratory of Digital Medical Engineering,CN,China,5,UPO,2006-2010,incoming
https://ror.org/03ab8zv57,International Centre for Mathematical Sciences,GB,United Kingdom,9,UPO,2006-2010,incoming
https://ror.org/03abrgd14,Centre for Research on Ecology and Forestry Applications,ES,Spain,1,UPO,2006-2010,incoming
https://ror.org/03acrxj66,North Memorial Health Care,US,United States,2,UPO,2006-2010,incoming
https://ror.org/03ad39j10,University of Pisa,IT,Italy,1503,UPO,2006-2010,incoming
https://ror.org/03ad6jw85,State Research Institute of Highly Pure Biopreparations,RU,Russia,1,UPO,2006-2010,incoming
https://ror.org/03adh2020,Kure Kyosai Hospital,JP,Japan,1,UPO,2006-2010,incoming
https://ror.org/03adhka07,Swiss Tropical and Public Health Institute,CH,Switzerland,4,UPO,2006-2010,incoming
https://ror.org/03af1ns45,Ospedale di Circolo di Busto Arsizio,IT,Italy,1,UPO,2006-2010,incoming
https://ror.org/03af1tj71,Queen Charlotte's and Chelsea Hospital,GB,United Kingdom,1,UPO,2006-2010,incoming
https://ror.org/03agge938,Smith & Nephew (United Kingdom),GB,United Kingdom,2,UPO,2006-2010,incoming
https://ror.org/03am10p12,Amrita Vishwa Vidyapeetham,IN,India,3,UPO,2006-2010,incoming
https://ror.org/03am2jy38,Université de Perpignan,FR,France,9,UPO,2006-2010,incoming
https://ror.org/03am4ny08,Maine Community College System,US,United States,1,UPO,2006-2010,incoming
https://ror.org/03am7sg53,l'Assurance Maladie,FR,France,1,UPO,2006-2010,incoming
https://ror.org/03anc3s24,Austrian Academy of Sciences,AT,Austria,946,UPO,2006-2010,incoming
https://ror.org/03angcq70,University of Birmingham,GB,United Kingdom,946,UPO,2006-2010,incoming
https://ror.org/03ap5bg83,National Dairy Research Institute,IN,India,1,UPO,2006-2010,incoming
https://ror.org/03ap6wx93,Queen's Medical Centre,GB,United Kingdom,35,UPO,2006-2010,incoming
https://ror.org/03apz2q12,Institute of Molecular Genetics,RU,Russia,10,UPO,2006-2010,incoming
https://ror.org/03aqj2f62,Institut des Sciences du Végétal,FR,France,1,UPO,2006-2010,incoming
https://ror.org/03artm726,"Beaumont Hospital, Royal Oak",US,United States,15,UPO,2006-2010,incoming
https://ror.org/03as2w117,Columbia St. Mary's Hospital,US,United States,1,UPO,2006-2010,incoming
https://ror.org/03atapr58,Laboratoire d'Electrochimie Moléculaire,FR,France,1,UPO,2006-2010,incoming
https://ror.org/03ate3e03,Max Planck Institute for Molecular Genetics,DE,Germany,16,UPO,2006-2010,incoming
https://ror.org/03atxgt72,Coney Island Hospital,US,United States,2,UPO,2006-2010,incoming
https://ror.org/03av75f26,Max Planck Institute for Multidisciplinary Sciences,DE,Germany,30,UPO,2006-2010,incoming
https://ror.org/03aw5sn18,University of California San Diego Medical Center,US,United States,5,UPO,2006-2010,incoming
https://ror.org/03awzbc87,Northeastern University,CN,China,6,UPO,2006-2010,incoming
https://ror.org/03ay27p09,European Brain Research Institute,IT,Italy,3,UPO,2006-2010,incoming
https://ror.org/03aydme10,Scuola Normale Superiore,IT,Italy,1199,UPO,2006-2010,incoming
https://ror.org/03ayf0c60,Kagawa Nutrition University,JP,Japan,2,UPO,2006-2010,incoming
https://ror.org/03ayjn504,Tecnológico de Monterrey,MX,Mexico,5,UPO,2006-2010,incoming
https://ror.org/03az1t892,Qinghai Normal University,CN,China,1,UPO,2006-2010,incoming
https://ror.org/03azxga02,Nebraska Medical Center,US,United States,26,UPO,2006-2010,incoming
https://ror.org/03azyh744,Institute of Organic Chemistry,HU,Hungary,4,UPO,2006-2010,incoming
https://ror.org/03b08sh51,Beltsville Agricultural Research Center,US,United States,3,UPO,2006-2010,incoming
https://ror.org/03b0k9c14,University Hospital Augsburg,DE,Germany,5,UPO,2006-2010,incoming
https://ror.org/03b5vk392,Center for Neurosciences,US,United States,24,UPO,2006-2010,incoming
https://ror.org/03b657f73,Kio University,JP,Japan,2,UPO,2006-2010,incoming
https://ror.org/03b6cpn03,Odesa I. I. Mechnikov National University,UA,Ukraine,1,UPO,2006-2010,incoming
https://ror.org/03b6sp482,Southern University System,US,United States,8,UPO,2006-2010,incoming
https://ror.org/03b94tp07,University of Auckland,NZ,New Zealand,914,UPO,2006-2010,incoming
https://ror.org/03b9snr86,Universidade Católica Portuguesa,PT,Portugal,7,UPO,2006-2010,incoming
https://ror.org/03ba1t516,Sistema Nazionale per la Protezione dell'Ambiente,IT,Italy,21,UPO,2006-2010,incoming
https://ror.org/03ba28x55,Vall d'Hebron Hospital Universitari,ES,Spain,41,UPO,2006-2010,incoming
https://ror.org/03bbd8g15,Society of General Internal Medicine,US,United States,1,UPO,2006-2010,incoming
https://ror.org/03bcvkf46,Fleet Science Center,US,United States,1,UPO,2006-2010,incoming
https://ror.org/03bcvxv20,Sisters of Providence Health System,US,United States,1,UPO,2006-2010,incoming
https://ror.org/03bczw616,Federal Service for Surveillance on Consumer Rights Protection and Human Wellbeing,RU,Russia,2,UPO,2006-2010,incoming
https://ror.org/03bd8jh67,Vancouver Coastal Health,CA,Canada,23,UPO,2006-2010,incoming
https://ror.org/03bdvdc06,Public Library of Science,GB,United Kingdom,1,UPO,2006-2010,incoming
https://ror.org/03be58a36,Southern Arkansas University Tech,US,United States,19,UPO,2006-2010,incoming
https://ror.org/03bea9k73,Ollscoil na Gaillimhe – University of Galway,IE,Ireland,24,UPO,2006-2010,incoming
https://ror.org/03bf2nz41,Centre Hospitalier du Mans,FR,France,1,UPO,2006-2010,incoming
https://ror.org/03bfqnx40,Democritus University of Thrace,GR,Greece,36,UPO,2006-2010,incoming
https://ror.org/03bh65t82,Department of Chemistry and Earth Sciences,BY,Belarus,2,UPO,2006-2010,incoming
https://ror.org/03bktwf13,Aichi Gakusen University,JP,Japan,1,UPO,2006-2010,incoming
https://ror.org/03bndpq63,Centre for Research and Technology Hellas,GR,Greece,4,UPO,2006-2010,incoming
https://ror.org/03bnmw459,University of Potsdam,DE,Germany,23,UPO,2006-2010,incoming
https://ror.org/03bp5hc83,Universidad de Antioquia,CO,Colombia,10,UPO,2006-2010,incoming
https://ror.org/03bpc5f92,Institute for Medical Research,MY,Malaysia,1,UPO,2006-2010,incoming
https://ror.org/03bpj1h80,Centre for Community Based Research,CA,Canada,1,UPO,2006-2010,incoming
https://ror.org/03bps0m03,Wuhan University of Engineering Science,CN,China,4,UPO,2006-2010,incoming
https://ror.org/03bpyhp77,Social Insurance Institute,GR,Greece,1,UPO,2006-2010,incoming
https://ror.org/03bqk3e80,National Cancer Centre Singapore,SG,Singapore,2,UPO,2006-2010,incoming
https://ror.org/03bqmcz70,Jagiellonian University,PL,Poland,440,UPO,2006-2010,incoming
https://ror.org/03br1wy20,Institut Fresnel,FR,France,1,UPO,2006-2010,incoming
https://ror.org/03btvgn05,Université Lille Nord de France,FR,France,1,UPO,2006-2010,incoming
https://ror.org/03bw34a45,UPMC Hillman Cancer Center,US,United States,48,UPO,2006-2010,incoming
https://ror.org/03bwzch55,Kyushu Dental University,JP,Japan,1,UPO,2006-2010,incoming
https://ror.org/03bx4c072,The Spine Institute,US,United States,1,UPO,2006-2010,incoming
https://ror.org/03bx60s49,Cancer Prevention Institute of California,US,United States,5,UPO,2006-2010,incoming
https://ror.org/03by16w37,Jeonbuk National University Hospital,KR,South Korea,4,UPO,2006-2010,incoming
https://ror.org/03bygaq51,Takeda (United States),US,United States,1,UPO,2006-2010,incoming
https://ror.org/03bz9t645,Bedford Institute of Oceanography,CA,Canada,5,UPO,2006-2010,incoming
https://ror.org/03c0nx407,Institut de Chimie Moléculaire de Reims,FR,France,6,UPO,2006-2010,incoming
https://ror.org/03c24n351,Armed Forces Institute of Pathology,PK,Pakistan,2,UPO,2006-2010,incoming
https://ror.org/03c36x865,Oregon Institute of Technology,US,United States,1,UPO,2006-2010,incoming
https://ror.org/03c3d1v10,General University Hospital of Patras,GR,Greece,6,UPO,2006-2010,incoming
https://ror.org/03c3r2d17,Center for Astrophysics Harvard & Smithsonian,US,United States,3,UPO,2006-2010,incoming
https://ror.org/03c44v465,Polytechnic University of Bari,IT,Italy,1427,UPO,2006-2010,incoming
https://ror.org/03c4atk17,Università della Svizzera italiana,CH,Switzerland,89,UPO,2006-2010,incoming
https://ror.org/03c4kec23,Lyon College,US,United States,41,UPO,2006-2010,incoming
https://ror.org/03c4mmv16,University of Ottawa,CA,Canada,107,UPO,2006-2010,incoming
https://ror.org/03c4shz64,Abdelmalek Essaâdi University,MA,Morocco,1,UPO,2006-2010,incoming
https://ror.org/03c59nw07,Institute of Physics,HR,Croatia,7,UPO,2006-2010,incoming
https://ror.org/03c62dg59,Ottawa Hospital,CA,Canada,21,UPO,2006-2010,incoming
https://ror.org/03c6c9520,Israel Academy of Sciences and Humanities,IL,Israel,108,UPO,2006-2010,incoming
https://ror.org/03c6e8r26,Dayeh University,TW,Taiwan,2,UPO,2006-2010,incoming
https://ror.org/03c75ky76,Frimley Park Hospital,GB,United Kingdom,1,UPO,2006-2010,incoming
https://ror.org/03c8c9n80,Cathay General Hospital,TW,Taiwan,7,UPO,2006-2010,incoming
https://ror.org/03c8hnh70,German Breast group,DE,Germany,1,UPO,2006-2010,incoming
https://ror.org/03c8qq315,Tver State University,RU,Russia,1,UPO,2006-2010,incoming
https://ror.org/03c9fpk55,Korea National University of Education,KR,South Korea,1,UPO,2006-2010,incoming
https://ror.org/03c9ncn37,Wuhan National Laboratory for Optoelectronics,CN,China,3,UPO,2006-2010,incoming
https://ror.org/03capj968,Institut de Recherche en Cancérologie de Montpellier,FR,France,4,UPO,2006-2010,incoming
https://ror.org/03cbwf726,Lakeland Regional Medical Center,US,United States,2,UPO,2006-2010,incoming
https://ror.org/03cbz4r60,Harold C. Simmons Comprehensive Cancer Center,US,United States,4,UPO,2006-2010,incoming
https://ror.org/03cd02q50,United States Army Medical Research and Development Command,US,United States,5,UPO,2006-2010,incoming
https://ror.org/03cd4ja39,Lanzhou City University,CN,China,6,UPO,2006-2010,incoming
https://ror.org/03cdgfs84,Landschaftsverband Westfalen-Lippe,DE,Germany,1,UPO,2006-2010,incoming
https://ror.org/03cebjr81,Anderson University - Indiana,US,United States,1,UPO,2006-2010,incoming
https://ror.org/03cegwq60,McMaster Children's Hospital,CA,Canada,1,UPO,2006-2010,incoming
https://ror.org/03ceheh96,Qufu Normal University,CN,China,23,UPO,2006-2010,incoming
https://ror.org/03cf87p34,Center for Engineering and Industrial Development,MX,Mexico,1,UPO,2006-2010,incoming
https://ror.org/03cfem402,Laboratoire des Multimatériaux et Interfaces,FR,France,3,UPO,2006-2010,incoming
https://ror.org/03cg5md32,Hospital Universitario de La Princesa,ES,Spain,20,UPO,2006-2010,incoming
https://ror.org/03cg7cp61,Nile University,EG,Egypt,1,UPO,2006-2010,incoming
https://ror.org/03chnr738,Hope College,US,United States,3,UPO,2006-2010,incoming
https://ror.org/03cht9689,Royal Hospital,OM,Oman,2,UPO,2006-2010,incoming
https://ror.org/03cjece29,Pacific National University,RU,Russia,2,UPO,2006-2010,incoming
https://ror.org/03cjntr43,Bio-Rad (United States),US,United States,1,UPO,2006-2010,incoming
https://ror.org/03cjqqq10,Institut Clinique de la Souris,FR,France,4,UPO,2006-2010,incoming
https://ror.org/03ckh6215,National Institute of Genetic Engineering and Biotechnology,IR,Iran,2,UPO,2006-2010,incoming
https://ror.org/03ckrg061,International Collaboration On Repair Discoveries,CA,Canada,2,UPO,2006-2010,incoming
https://ror.org/03cmqx484,Institut für Muskuloskelettale Medizin,DE,Germany,1,UPO,2006-2010,incoming
https://ror.org/03cn6tr16,Centro de Investigación Biomédica en Red de Enfermedades Hepáticas y Digestivas,ES,Spain,15,UPO,2006-2010,incoming
https://ror.org/03cp5cj42,Sarah Cannon Research Institute,GB,United Kingdom,8,UPO,2006-2010,incoming
https://ror.org/03cpe7c52,Allen Institute,US,United States,3,UPO,2006-2010,incoming
https://ror.org/03cq4gr50,Khon Kaen University,TH,Thailand,6,UPO,2006-2010,incoming
https://ror.org/03cqd3e64,Connecticut Department of Public Health,US,United States,4,UPO,2006-2010,incoming
https://ror.org/03cqe8w59,Consejo Nacional de Investigaciones Científicas y Técnicas,AR,Argentina,158,UPO,2006-2010,incoming
https://ror.org/03cqsth74,Muhlenberg College,US,United States,9,UPO,2006-2010,incoming
https://ror.org/03cv38k47,University Medical Center Groningen,NL,The Netherlands,157,UPO,2006-2010,incoming
https://ror.org/03cv6f983,Texas A&M University School of Law,US,United States,1,UPO,2006-2010,incoming
https://ror.org/03cve4549,Tsinghua University,CN,China,96,UPO,2006-2010,incoming
https://ror.org/03cw63y62,Women's College Hospital,CA,Canada,3,UPO,2006-2010,incoming
https://ror.org/03cwzta72,Direction des Energies,FR,France,5,UPO,2006-2010,incoming
https://ror.org/03cx6bg69,National Technical University of Athens,GR,Greece,58,UPO,2006-2010,incoming
https://ror.org/03cxsty68,Universidade Estadual do Centro-Oeste,BR,Brazil,1,UPO,2006-2010,incoming
https://ror.org/03cxys317,Yamaguchi University,JP,Japan,18,UPO,2006-2010,incoming
https://ror.org/03czfpz43,Emory University,US,United States,182,UPO,2006-2010,incoming
https://ror.org/03d0p2685,Helmholtz Centre for Infection Research,DE,Germany,24,UPO,2006-2010,incoming
https://ror.org/03d1maw17,University of Namur,BE,Belgium,99,UPO,2006-2010,incoming
https://ror.org/03d1se459,St Cadoc's Hospital,GB,United Kingdom,1,UPO,2006-2010,incoming
https://ror.org/03d1wq758,Maine Medical Center Research Institute,US,United States,2,UPO,2006-2010,incoming
https://ror.org/03d47z838,National Observatory,BR,Brazil,1,UPO,2006-2010,incoming
https://ror.org/03d4d3711,Central Taiwan University of Science and Technology,TW,Taiwan,6,UPO,2006-2010,incoming
https://ror.org/03d532p87,Hôpital Xavier Arnozan,FR,France,4,UPO,2006-2010,incoming
https://ror.org/03d543283,Children's Minnesota,US,United States,1,UPO,2006-2010,incoming
https://ror.org/03d58dr58,National Neuroscience Institute,SG,Singapore,3,UPO,2006-2010,incoming
https://ror.org/03d5a9t15,Department of Medical Sciences,TH,Thailand,1,UPO,2006-2010,incoming
https://ror.org/03d5w9863,École Nationale Supérieure Agronomique de Toulouse,FR,France,2,UPO,2006-2010,incoming
https://ror.org/03d7a9c68,Valencia Catholic University Saint Vincent Martyr,ES,Spain,1,UPO,2006-2010,incoming
https://ror.org/03d7sax13,South Central Minzu University,CN,China,20,UPO,2006-2010,incoming
https://ror.org/03d8mqt26,Princess Royal University Hospital,GB,United Kingdom,2,UPO,2006-2010,incoming
https://ror.org/03db5ay71,Yale Peabody Museum,US,United States,2,UPO,2006-2010,incoming
https://ror.org/03db90279,Kaohsiung Municipal Ta-Tung Hospital,TW,Taiwan,1,UPO,2006-2010,incoming
https://ror.org/03dbpxy52,DRK Kliniken Berlin,DE,Germany,1,UPO,2006-2010,incoming
https://ror.org/03dbr7087,University of Toronto,CA,Canada,542,UPO,2006-2010,incoming
https://ror.org/03df8gj37,Defense Health Agency,US,United States,23,UPO,2006-2010,incoming
https://ror.org/03dftj863,Anatomische Anstalt,DE,Germany,19,UPO,2006-2010,incoming
https://ror.org/03dgaqz26,Chongqing University of Posts and Telecommunications,CN,China,1,UPO,2006-2010,incoming
https://ror.org/03dhqyc75,"Islamic Azad University, Lahijan Branch",IR,Iran,5,UPO,2006-2010,incoming
https://ror.org/03dhz6n86,Kanagawa University of Human Services,JP,Japan,1,UPO,2006-2010,incoming
https://ror.org/03dj8sp02,Providence Montana Health Foundation,US,United States,1,UPO,2006-2010,incoming
https://ror.org/03djtgh02,Primary Health Care,QA,Qatar,5,UPO,2006-2010,incoming
https://ror.org/03dk6an77,Hiroshima International University,JP,Japan,1,UPO,2006-2010,incoming
https://ror.org/03dkvy735,New York Medical College,US,United States,57,UPO,2006-2010,incoming
https://ror.org/03dm2se39,Christ Hospital,US,United States,7,UPO,2006-2010,incoming
https://ror.org/03dmz0111,Makerere University,UG,Uganda,2,UPO,2006-2010,incoming
https://ror.org/03dnc6n82,National Institute for Biological Standards and Control,GB,United Kingdom,1,UPO,2006-2010,incoming
https://ror.org/03dnytd23,Shenyang Pharmaceutical University,CN,China,4,UPO,2006-2010,incoming
https://ror.org/03dre3v93,Institute of Leadership & Institutional Development,US,United States,1,UPO,2006-2010,incoming
https://ror.org/03dtejd64,Fraunhofer USA Center for Molecular Biotechnology,US,United States,2,UPO,2006-2010,incoming
https://ror.org/03dtnq041,"Arab Academy for Management, Banking and Financial Sciences",EG,Egypt,3,UPO,2006-2010,incoming
https://ror.org/03dveyr97,Guangxi Medical University,CN,China,8,UPO,2006-2010,incoming
https://ror.org/03dvm1235,Glasgow Caledonian University,GB,United Kingdom,12,UPO,2006-2010,incoming
https://ror.org/03dwvx056,Elazığ Eğitim ve Araştırma Hastanesi,TR,Turkey,1,UPO,2006-2010,incoming
https://ror.org/03dwx1z96,Maulana Azad Medical College,IN,India,3,UPO,2006-2010,incoming
https://ror.org/03dwxvb85,Jamia Hamdard,IN,India,1,UPO,2006-2010,incoming
https://ror.org/03dx46b94,Royal National Orthopaedic Hospital NHS Trust,GB,United Kingdom,3,UPO,2006-2010,incoming
https://ror.org/03dy10t98,National Geophysical Research Institute,IN,India,1,UPO,2006-2010,incoming
https://ror.org/03dy61e04,ScienCentral (United States),US,United States,2,UPO,2006-2010,incoming
https://ror.org/03dykc861,Fondazione Istituto G. Giglio di Cefalù,IT,Italy,2,UPO,2006-2010,incoming
https://ror.org/03dzc0485,University of Regina,CA,Canada,19,UPO,2006-2010,incoming
https://ror.org/03e04g978,Tanzania Commission for Science and Technology,TZ,Tanzania,16,UPO,2006-2010,incoming
https://ror.org/03e05fb06,DSO National Laboratories,SG,Singapore,1,UPO,2006-2010,incoming
https://ror.org/03e06qt98,GE Global Research (United States),US,United States,5,UPO,2006-2010,incoming
https://ror.org/03e10x626,Universitat de les Illes Balears,ES,Spain,38,UPO,2006-2010,incoming
https://ror.org/03e1ayz78,University of Minnesota Medical Center,US,United States,2,UPO,2006-2010,incoming
https://ror.org/03e1sv842,Abdus Salam Centre for Physics,PK,Pakistan,692,UPO,2006-2010,incoming
https://ror.org/03e26wv14,"California State University, Sacramento",US,United States,3,UPO,2006-2010,incoming
https://ror.org/03e29r284,National Taipei University,TW,Taiwan,28,UPO,2006-2010,incoming
https://ror.org/03e4g1593,West Hertfordshire Hospitals NHS Trust,GB,United Kingdom,3,UPO,2006-2010,incoming
https://ror.org/03e59a529,Molecular Cardiology and Neuromuscular Institute,US,United States,11,UPO,2006-2010,incoming
https://ror.org/03e5eem51,Budker Institute of Nuclear Physics,RU,Russia,608,UPO,2006-2010,incoming
https://ror.org/03e5mzp60,University of West London,GB,United Kingdom,1,UPO,2006-2010,incoming
https://ror.org/03e71c577,Centre for Addiction and Mental Health,CA,Canada,7,UPO,2006-2010,incoming
https://ror.org/03e76ya46,Max Planck Institute for Biophysical Chemistry,DE,Germany,2,UPO,2006-2010,incoming
https://ror.org/03e81x648,Institute of Health Economics,CA,Canada,1,UPO,2006-2010,incoming
https://ror.org/03e8rf594,IMT Mines Alès,FR,France,1,UPO,2006-2010,incoming
https://ror.org/03e8s1d88,Potsdam Institute for Climate Impact Research,DE,Germany,1,UPO,2006-2010,incoming
https://ror.org/03e8tm275,Shriners Hospitals for Children,US,United States,10,UPO,2006-2010,incoming
https://ror.org/03eaxvz05,Institute of Applied Physics,MD,Moldova,1,UPO,2006-2010,incoming
https://ror.org/03ebg0v16,Boys Town,US,United States,1,UPO,2006-2010,incoming
https://ror.org/03ec8vy26,Autonomous University of Aguascalientes,MX,Mexico,1,UPO,2006-2010,incoming
https://ror.org/03ed91q10,State Key Laboratory of Inorganic Synthesis and Preparative Chemistry,CN,China,18,UPO,2006-2010,incoming
https://ror.org/03edth057,Teikyo University Chiba Medical Center,JP,Japan,2,UPO,2006-2010,incoming
https://ror.org/03ee58b76,Kellokoski Hospital,FI,Finland,1,UPO,2006-2010,incoming
https://ror.org/03ef4a036,Universität für Weiterbildung Krems,AT,Austria,10,UPO,2006-2010,incoming
https://ror.org/03efmqc40,Arizona State University,US,United States,84,UPO,2006-2010,incoming
https://ror.org/03efxn362,Universidad Veracruzana,MX,Mexico,7,UPO,2006-2010,incoming
https://ror.org/03eg72e39,Tochigi Cancer Center,JP,Japan,2,UPO,2006-2010,incoming
https://ror.org/03eh3y714,Paul Scherrer Institute,CH,Switzerland,1047,UPO,2006-2010,incoming
https://ror.org/03ehcbt32,Saiseikai Suita Hospital,JP,Japan,2,UPO,2006-2010,incoming
https://ror.org/03ehgrz61,Ministry of Health,SI,Slovenia,1,UPO,2006-2010,incoming
https://ror.org/03ehp1h78,Universidade Federal de Roraima,BR,Brazil,1,UPO,2006-2010,incoming
https://ror.org/03ehzxb24,St. Francis Medical Center,US,United States,1,UPO,2006-2010,incoming
https://ror.org/03ej9xm26,Hospital de Clínicas Universidade Federal do Paraná,BR,Brazil,4,UPO,2006-2010,incoming
https://ror.org/03ek23472,Huaibei Normal University,CN,China,5,UPO,2006-2010,incoming
https://ror.org/03ek62e72,Public Health Agency,GB,United Kingdom,2,UPO,2006-2010,incoming
https://ror.org/03ekhbz91,Renmin Hospital of Wuhan University,CN,China,5,UPO,2006-2010,incoming
https://ror.org/03eksqx74,Winthrop-University Hospital,US,United States,4,UPO,2006-2010,incoming
https://ror.org/03ekzka28,Antioch University,US,United States,2,UPO,2006-2010,incoming
https://ror.org/03emf1n04,Bristol-Myers Squibb (United Kingdom),GB,United Kingdom,1,UPO,2006-2010,incoming
https://ror.org/03emtbt60,Ministry of Science and Technology,IN,India,48,UPO,2006-2010,incoming
https://ror.org/03enmdz06,"California State University, Fresno",US,United States,16,UPO,2006-2010,incoming
https://ror.org/03ep23f07,Korea Research Institute of Bioscience and Biotechnology,KR,South Korea,19,UPO,2006-2010,incoming
https://ror.org/03epxcz56,National Institute of Research and Development for Optoelectronics,RO,Romania,1,UPO,2006-2010,incoming
https://ror.org/03eqd4a41,National Institute of Chemical Physics and Biophysics,EE,Estonia,855,UPO,2006-2010,incoming
https://ror.org/03eqeqg74,Institute of Protein Biochemistry,IT,Italy,10,UPO,2006-2010,incoming
https://ror.org/03eqttr49,Research Triangle Park Foundation,US,United States,61,UPO,2006-2010,incoming
https://ror.org/03ery9d53,Office of Fossil Energy,US,United States,6,UPO,2006-2010,incoming
https://ror.org/03et1qs84,Loma Linda University Medical Center,US,United States,6,UPO,2006-2010,incoming
https://ror.org/03et85d35,Ningbo University,CN,China,7,UPO,2006-2010,incoming
https://ror.org/03eta9142,Rowland Institute at Harvard,US,United States,5,UPO,2006-2010,incoming
https://ror.org/03etyjw28,Pontificia Universidad Javeriana,CO,Colombia,2,UPO,2006-2010,incoming
https://ror.org/03evbwn87,Centre Hospitalier Régional Universitaire de Brest,FR,France,12,UPO,2006-2010,incoming
https://ror.org/03ewx7v96,TOBB University of Economics and Technology,TR,Turkey,12,UPO,2006-2010,incoming
https://ror.org/03exf6a43,Reproductive Science Medical Center,US,United States,4,UPO,2006-2010,incoming
https://ror.org/03exgrk66,Ewha Womans University Medical Center,KR,South Korea,2,UPO,2006-2010,incoming
https://ror.org/03eykgw84,Fujirebio (Japan),JP,Japan,1,UPO,2006-2010,incoming
https://ror.org/03f015z81,Zhejiang Center for Disease Control and Prevention,CN,China,1,UPO,2006-2010,incoming
https://ror.org/03f099r71,Instituts Universitaires de Technologie,FR,France,1,UPO,2006-2010,incoming
https://ror.org/03f0apy98,Laboratoire de Physique Subatomique et de Cosmologie,FR,France,551,UPO,2006-2010,incoming
https://ror.org/03f0f6041,University of Technology Sydney,AU,Australia,7,UPO,2006-2010,incoming
https://ror.org/03f0njg03,Université des Sciences et Techniques de Masuku,GA,Gabon,1,UPO,2006-2010,incoming
https://ror.org/03f27y887,Universidad Nacional de Asunción,PY,Paraguay,2,UPO,2006-2010,incoming
https://ror.org/03f4jbs89,NOAA Chemical Sciences Laboratory,US,United States,3,UPO,2006-2010,incoming
https://ror.org/03f61zm76,National Research Centre for the Working Environment,DK,Denmark,9,UPO,2006-2010,incoming
https://ror.org/03f6h9044,Camilo José Cela University,ES,Spain,3,UPO,2006-2010,incoming
https://ror.org/03f6n9m15,University Hospital Frankfurt,DE,Germany,13,UPO,2006-2010,incoming
https://ror.org/03fa2nf38,Methodist University,US,United States,1,UPO,2006-2010,incoming
https://ror.org/03fag5224,West Bengal University of Health Sciences,IN,India,17,UPO,2006-2010,incoming
https://ror.org/03fb58t45,Maharishi University of Management and Technology,IN,India,1,UPO,2006-2010,incoming
https://ror.org/03fbwjm33,Cancer Research Center,US,United States,1,UPO,2006-2010,incoming
https://ror.org/03fc1k060,University of Salento,IT,Italy,112,UPO,2006-2010,incoming
https://ror.org/03fcgva33,Westchester Medical Center,US,United States,3,UPO,2006-2010,incoming
https://ror.org/03fcjvn64,Centre Inria de l'Université de Lorraine,FR,France,1,UPO,2006-2010,incoming
https://ror.org/03fcpsq87,Providence University,TW,Taiwan,3,UPO,2006-2010,incoming
https://ror.org/03fd77x13,Institut National de Physique Nucléaire et de Physique des Particules,FR,France,2151,UPO,2006-2010,incoming
https://ror.org/03fdnmv92,Hôpital Bichat-Claude-Bernard,FR,France,3,UPO,2006-2010,incoming
https://ror.org/03fe56089,GlaxoSmithKline (Italy),IT,Italy,3,UPO,2006-2010,incoming
https://ror.org/03fe7t173,Wuhan University of Technology,CN,China,4,UPO,2006-2010,incoming
https://ror.org/03fgcf430,Energy Institute,GB,United Kingdom,1,UPO,2006-2010,incoming
https://ror.org/03fgher32,UC Irvine Health,US,United States,7,UPO,2006-2010,incoming
https://ror.org/03fhjvs31,Center for Molecular Medicine and Immunology,US,United States,6,UPO,2006-2010,incoming
https://ror.org/03fj01431,Korean Institute of Tuberculosis,KR,South Korea,1,UPO,2006-2010,incoming
https://ror.org/03fjc3817,Shanghai Chest Hospital,CN,China,6,UPO,2006-2010,incoming
https://ror.org/03fkbz285,Saint Louis University,ES,Spain,5,UPO,2006-2010,incoming
https://ror.org/03fkc8c64,University of the West Indies,JM,Jamaica,3,UPO,2006-2010,incoming
https://ror.org/03fkrcm40,Centre Occitanie-Montpellier,FR,France,3,UPO,2006-2010,incoming
https://ror.org/03fnv7n42,Nanjing Xiaozhuang University,CN,China,2,UPO,2006-2010,incoming
https://ror.org/03fp59e94,Institute of Groundwater Ecology,DE,Germany,1,UPO,2006-2010,incoming
https://ror.org/03fpqn433,Hospital Juan Ramón Jiménez,ES,Spain,2,UPO,2006-2010,incoming
https://ror.org/03fqqej38,Johns Hopkins Children's Center,US,United States,1,UPO,2006-2010,incoming
https://ror.org/03frdh605,Huaqiao University,CN,China,1,UPO,2006-2010,incoming
https://ror.org/03frj4r98,Japan Advanced Institute of Science and Technology,JP,Japan,9,UPO,2006-2010,incoming
https://ror.org/03frjya69,Daegu Gyeongbuk Institute of Science and Technology,KR,South Korea,1,UPO,2006-2010,incoming
https://ror.org/03ftcvv28,Science & Technology Park (Czechia),CZ,Czechia,1,UPO,2006-2010,incoming
https://ror.org/03ftejk10,V. N. Karazin Kharkiv National University,UA,Ukraine,4,UPO,2006-2010,incoming
https://ror.org/03ftngr23,Institute for Technical Physics and Materials Science,HU,Hungary,2,UPO,2006-2010,incoming
https://ror.org/03fvp2v86,Lokmanya Tilak Municipal General Hospital and Lokmanya Tilak Municipal Medical College,IN,India,1,UPO,2006-2010,incoming
https://ror.org/03fvwxc59,National Center For Child Health and Development,JP,Japan,4,UPO,2006-2010,incoming
https://ror.org/03fwfk305,Instituto de Neurociencias de Castilla y León,ES,Spain,2,UPO,2006-2010,incoming
https://ror.org/03fx3ra47,Ottawa Research and Development Centre,CA,Canada,1,UPO,2006-2010,incoming
https://ror.org/03fyv3102,Hospital Clínico Universitario Lozano Blesa,ES,Spain,10,UPO,2006-2010,incoming
https://ror.org/03fyvh407,Dokkyo Medical University Saitama Medical Center,JP,Japan,1,UPO,2006-2010,incoming
https://ror.org/03fz4ce66,Shanghai Institute of Hematology,CN,China,4,UPO,2006-2010,incoming
https://ror.org/03fzyry86,Hospital Universitari Sagrat Cor,ES,Spain,1,UPO,2006-2010,incoming
https://ror.org/03g03ge92,Amgen (United States),US,United States,28,UPO,2006-2010,incoming
https://ror.org/03g267s60,Max Planck Institute for Biological Intelligence,DE,Germany,5,UPO,2006-2010,incoming
https://ror.org/03g3m1w62,DuPont (United States),US,United States,8,UPO,2006-2010,incoming
https://ror.org/03g47g866,University Hospitals of North Midlands NHS Trust,GB,United Kingdom,5,UPO,2006-2010,incoming
https://ror.org/03g4hym73,University of Birjand,IR,Iran,1,UPO,2006-2010,incoming
https://ror.org/03g5d6c96,Cancer Council Queensland,AU,Australia,3,UPO,2006-2010,incoming
https://ror.org/03g5ew477,Institute of Photonic Sciences,ES,Spain,1,UPO,2006-2010,incoming
https://ror.org/03g5f5777,Maine Medical Center,US,United States,4,UPO,2006-2010,incoming
https://ror.org/03g83vg44,ALS Biopharma (United States),US,United States,2,UPO,2006-2010,incoming
https://ror.org/03g9v2404,University of Tirana,AL,Albania,1,UPO,2006-2010,incoming
https://ror.org/03g9zwv89,Institut für Diagnostische und Interventionelle Neuroradiologie,DE,Germany,1,UPO,2006-2010,incoming
https://ror.org/03gb7n667,University General Hospital Attikon,GR,Greece,19,UPO,2006-2010,incoming
https://ror.org/03gbw6p94,University of Technology,RU,Russia,83,UPO,2006-2010,incoming
https://ror.org/03gc1p724,Laboratoire de Physique des 2 Infinis Irène Joliot-Curie,FR,France,873,UPO,2006-2010,incoming
https://ror.org/03gd0dm95,Aga Khan University,PK,Pakistan,16,UPO,2006-2010,incoming
https://ror.org/03gd3wz76,Sher-i-Kashmir Institute of Medical Sciences,IN,India,4,UPO,2006-2010,incoming
https://ror.org/03gd5jm66,Texas Scottish Rite Hospital for Children,US,United States,3,UPO,2006-2010,incoming
https://ror.org/03gd99e09,Center of Immunology Pierre Fabre,FR,France,3,UPO,2006-2010,incoming
https://ror.org/03gddmx06,Calmette Hospital,KH,Cambodia,2,UPO,2006-2010,incoming
https://ror.org/03gds6c39,The University of Texas Health Science Center at Houston,US,United States,124,UPO,2006-2010,incoming
https://ror.org/03ge26363,Okinaka Memorial Institute for Medical Research,JP,Japan,2,UPO,2006-2010,incoming
https://ror.org/03gf02c22,Folkwang University of the Arts,DE,Germany,108,UPO,2006-2010,incoming
https://ror.org/03gf7z214,Institut universitaire de cardiologie et de pneumologie de Québec,CA,Canada,7,UPO,2006-2010,incoming
https://ror.org/03gfgbw10,Institut für Prophylaxe und Epidemiologie der Kreislaufkrankheiten,DE,Germany,1,UPO,2006-2010,incoming
https://ror.org/03gfs5c49,Nordic School of Public Health,SE,Sweden,6,UPO,2006-2010,incoming
https://ror.org/03gk81f96,Kaohsiung Medical University,TW,Taiwan,48,UPO,2006-2010,incoming
https://ror.org/03gn3ta84,Wroclaw University of Health and Sport Sciences,PL,Poland,2,UPO,2006-2010,incoming
https://ror.org/03gn5cg19,Kahramanmaraş Sütçü İmam University,TR,Turkey,3,UPO,2006-2010,incoming
https://ror.org/03gn7k041,Nestlé (China),CN,China,2,UPO,2006-2010,incoming
https://ror.org/03gnehp03,National Institute for Health Development,EE,Estonia,2,UPO,2006-2010,incoming
https://ror.org/03gngkv54,Sapporo City Institute of Public Health,JP,Japan,2,UPO,2006-2010,incoming
https://ror.org/03gnh5541,Institute of Science and Technology Austria,AT,Austria,1,UPO,2006-2010,incoming
https://ror.org/03gnr7b55,Nantes Université,FR,France,696,UPO,2006-2010,incoming
https://ror.org/03gq1d339,University of Ngaoundéré,CM,Cameroon,2,UPO,2006-2010,incoming
https://ror.org/03gq8fr08,Rutherford Appleton Laboratory,GB,United Kingdom,1185,UPO,2006-2010,incoming
https://ror.org/03gqc7y13,Institute for Exercise and Environmental Medicine,US,United States,1,UPO,2006-2010,incoming
https://ror.org/03gqzdg87,Steno Diabetes Center Copenhagen,DK,Denmark,3,UPO,2006-2010,incoming
https://ror.org/03gr30s78,Buckland Hospital,GB,United Kingdom,1,UPO,2006-2010,incoming
https://ror.org/03grc6f14,Mount Allison University,CA,Canada,13,UPO,2006-2010,incoming
https://ror.org/03grnna41,Royal Women's Hospital,AU,Australia,3,UPO,2006-2010,incoming
https://ror.org/03grvy078,University of Minnesota System,US,United States,673,UPO,2006-2010,incoming
https://ror.org/03gsgk545,University of the Amazon,CO,Colombia,1,UPO,2006-2010,incoming
https://ror.org/03gsvvm69,Nagoya Gakuin University,JP,Japan,2,UPO,2006-2010,incoming
https://ror.org/03gtdcg60,Universidad Diego Portales,CL,Chile,5,UPO,2006-2010,incoming
https://ror.org/03gvhpa76,Centro Internacional de Mejoramiento de Maíz Y Trigo,MX,Mexico,2,UPO,2006-2010,incoming
https://ror.org/03gvnh520,Paris Cardiovascular Research Center,FR,France,5,UPO,2006-2010,incoming
https://ror.org/03gvptg28,Ludwig Cancer Research,SE,Sweden,1,UPO,2006-2010,incoming
https://ror.org/03gwbzf29,"Universitatea de Medicină, Farmacie, Științe și Tehnologie „George Emil Palade” din Târgu Mureș",RO,Romania,2,UPO,2006-2010,incoming
https://ror.org/03gyssm79,China Railway Construction Corporation (China),CN,China,1,UPO,2006-2010,incoming
https://ror.org/03gzbrs57,NewYork–Presbyterian Hospital,US,United States,24,UPO,2006-2010,incoming
https://ror.org/03gzr6j88,Université d'Abomey-Calavi,BJ,Benin,4,UPO,2006-2010,incoming
https://ror.org/03h0qfp10,Halmstad University,SE,Sweden,1,UPO,2006-2010,incoming
https://ror.org/03h1gw307,St. Eugenio Hospital,IT,Italy,16,UPO,2006-2010,incoming
https://ror.org/03h2ajh11,Saint Francis Hospital & Medical Center,US,United States,6,UPO,2006-2010,incoming
https://ror.org/03h2bh287,Oxford University Hospitals NHS Trust,GB,United Kingdom,82,UPO,2006-2010,incoming
https://ror.org/03h2bxq36,University of Dundee,GB,United Kingdom,89,UPO,2006-2010,incoming
https://ror.org/03h2xy876,Institute of Cardiology,PL,Poland,46,UPO,2006-2010,incoming
https://ror.org/03h3jqn23,European Space Research and Technology Centre,NL,The Netherlands,4,UPO,2006-2010,incoming
https://ror.org/03h4e4c54,Model Animal Research Center,CN,China,1,UPO,2006-2010,incoming
https://ror.org/03h4fx826,Lehigh Valley Hospital,US,United States,4,UPO,2006-2010,incoming
https://ror.org/03h4zjr91,Carnegie Observatories,US,United States,4,UPO,2006-2010,incoming
https://ror.org/03h7qq074,Slovak Academy of Sciences,SK,Slovakia,1530,UPO,2006-2010,incoming
https://ror.org/03h7r5v07,Università Cattolica del Sacro Cuore,IT,Italy,410,UPO,2006-2010,incoming
https://ror.org/03h86rm10,Centro de Estudos do Ambiente e do Mar,PT,Portugal,3,UPO,2006-2010,incoming
https://ror.org/03h954e30,Centro de Investigación en Materiales Avanzados,MX,Mexico,3,UPO,2006-2010,incoming
https://ror.org/03ha2q922,National Science Centre,PL,Poland,347,UPO,2006-2010,incoming
https://ror.org/03ha64j07,Universidad Francisco de Vitoria,ES,Spain,1,UPO,2006-2010,incoming
https://ror.org/03hamhx47,University of Massachusetts Lowell,US,United States,5,UPO,2006-2010,incoming
https://ror.org/03hasqf61,Institut de Ciència de Materials de Barcelona,ES,Spain,20,UPO,2006-2010,incoming
https://ror.org/03hbkgr83,Chengdu Center for Disease Control and Prevention,CN,China,1,UPO,2006-2010,incoming
https://ror.org/03hbp5t65,University of Idaho,US,United States,6,UPO,2006-2010,incoming
https://ror.org/03hd30t45,Grigore T. Popa University of Medicine and Pharmacy,RO,Romania,2,UPO,2006-2010,incoming
https://ror.org/03hdrgy42,Thomas Young Centre,GB,United Kingdom,1,UPO,2006-2010,incoming
https://ror.org/03hf69k85,bioMérieux (France),FR,France,2,UPO,2006-2010,incoming
https://ror.org/03hgxtg28,Beijing Institute of Fashion Technology,CN,China,2,UPO,2006-2010,incoming
https://ror.org/03hj6c016,Berenson Allen Center for Noninvasive Brain Stimulation,US,United States,18,UPO,2006-2010,incoming
https://ror.org/03hjekm25,"Czech Academy of Sciences, Institute of Experimental Medicine",CZ,Czechia,2,UPO,2006-2010,incoming
https://ror.org/03hknyb50,Jimei University,CN,China,3,UPO,2006-2010,incoming
https://ror.org/03hnwy706,Experimental Medicine and Biology Institute,AR,Argentina,4,UPO,2006-2010,incoming
https://ror.org/03hp93w41,Aegera Therapeutics (Canada),CA,Canada,1,UPO,2006-2010,incoming
https://ror.org/03hq67y94,University of Life Sciences in Lublin,PL,Poland,1,UPO,2006-2010,incoming
https://ror.org/03hrf8236,Norwegian Institute for Water Research,NO,Norway,10,UPO,2006-2010,incoming
https://ror.org/03hsf0573,William & Mary,US,United States,81,UPO,2006-2010,incoming
https://ror.org/03ht0cf17,Sher-e-Bangla Agricultural University,BD,Bangladesh,5,UPO,2006-2010,incoming
https://ror.org/03ht1xw27,Tata Institute of Fundamental Research,IN,India,959,UPO,2006-2010,incoming
https://ror.org/03ht2dx40,Institut Pasteur du Cambodge,KH,Cambodia,1,UPO,2006-2010,incoming
https://ror.org/03hv1ad10,Akita University,JP,Japan,8,UPO,2006-2010,incoming
https://ror.org/03hvr8395,Universidad Cuauhtémoc Guadalajara,MX,Mexico,16,UPO,2006-2010,incoming
https://ror.org/03hx19n93,Naval Research Laboratory Space Science Division,US,United States,1,UPO,2006-2010,incoming
https://ror.org/03hx4fx74,Keuka College,US,United States,1,UPO,2006-2010,incoming
https://ror.org/03hxyy717,Institut für Humangenetik,DE,Germany,65,UPO,2006-2010,incoming
https://ror.org/03hxzy361,Institute of Physics,NL,The Netherlands,46,UPO,2006-2010,incoming
https://ror.org/03hypw319,Université de Reims Champagne-Ardenne,FR,France,26,UPO,2006-2010,incoming
https://ror.org/03hz8wd80,Lundbeck Foundation,DK,Denmark,1,UPO,2006-2010,incoming
https://ror.org/03j0pmr56,National Water Research Institute,US,United States,1,UPO,2006-2010,incoming
https://ror.org/03j1rr444,Pontifícia Universidade Católica de Minas Gerais,BR,Brazil,1,UPO,2006-2010,incoming
https://ror.org/03j249425,Mount Medical Centre,AU,Australia,1,UPO,2006-2010,incoming
https://ror.org/03j283p93,State Key Laboratory of Molecular Reaction Dynamics,CN,China,11,UPO,2006-2010,incoming
https://ror.org/03j33bp92,State Key Laboratory of Fine Chemicals,CN,China,9,UPO,2006-2010,incoming
https://ror.org/03j3dbz94,Trinity College,US,United States,1,UPO,2006-2010,incoming
https://ror.org/03j4rrt43,International Centre for Genetic Engineering and Biotechnology,IN,India,2,UPO,2006-2010,incoming
https://ror.org/03j4x9j18,Institute of Process Engineering,CN,China,4,UPO,2006-2010,incoming
https://ror.org/03j4zvd18,Foro Italico University of Rome,IT,Italy,2,UPO,2006-2010,incoming
https://ror.org/03j546b66,Klinik und Poliklinik für Psychiatrie und Psychotherapie,DE,Germany,3,UPO,2006-2010,incoming
https://ror.org/03j5gm982,Institute for Molecular Systems Biology,CH,Switzerland,1,UPO,2006-2010,incoming
https://ror.org/03j6pc929,Emirates International University,YE,Yemen,6,UPO,2006-2010,incoming
https://ror.org/03j6rvb05,Hôpital Ambroise-Paré,FR,France,6,UPO,2006-2010,incoming
https://ror.org/03j7sze86,Yale Cancer Center,US,United States,5,UPO,2006-2010,incoming
https://ror.org/03j85fc72,Fraunhofer Institute for Molecular Biology and Applied Ecology,DE,Germany,3,UPO,2006-2010,incoming
https://ror.org/03j8tnm47,Federal Center for Technological Education Celso Suckow da Fonseca,BR,Brazil,1,UPO,2006-2010,incoming
https://ror.org/03j9npf54,Geisinger Medical Center,US,United States,8,UPO,2006-2010,incoming
https://ror.org/03j9xzm13,Naval Research Laboratory Optical Sciences Division,US,United States,5,UPO,2006-2010,incoming
https://ror.org/03ja1ak26,MedStar Georgetown University Hospital,US,United States,3,UPO,2006-2010,incoming
https://ror.org/03jb89v85,W. L. Gore & Associates (Germany),DE,Germany,1,UPO,2006-2010,incoming
https://ror.org/03jbbze48,University of San Diego,US,United States,3,UPO,2006-2010,incoming
https://ror.org/03jbf6q27,Max-Born-Institute for Nonlinear Optics and Short Pulse Spectroscopy,DE,Germany,4,UPO,2006-2010,incoming
https://ror.org/03jc41j30,Jiangsu University,CN,China,4,UPO,2006-2010,incoming
https://ror.org/03jcejr58,The Institute of Statistical Mathematics,JP,Japan,2,UPO,2006-2010,incoming
https://ror.org/03jcj5d12,Fortis Flt. Lt. Rajan Dhall Hospital,IN,India,1,UPO,2006-2010,incoming
https://ror.org/03jckbw05,First Affiliated Hospital of Chengdu Medical College,CN,China,1,UPO,2006-2010,incoming
https://ror.org/03jczk481,"Institut National du Sport, de l'Expertise et de la Performance",FR,France,2,UPO,2006-2010,incoming
https://ror.org/03jd4q354,Ospedale G.B. Morgagni - L.Pierantoni,IT,Italy,2,UPO,2006-2010,incoming
https://ror.org/03jdj0g52,Applied Research Laboratory at Penn State,US,United States,6,UPO,2006-2010,incoming
https://ror.org/03je5c526,Atatürk University,TR,Turkey,6,UPO,2006-2010,incoming
https://ror.org/03jeg4p28,Cone Health,US,United States,4,UPO,2006-2010,incoming
https://ror.org/03jfagf20,Canadian Memorial Chiropractic College,CA,Canada,2,UPO,2006-2010,incoming
https://ror.org/03jfzsd28,Shigei Medical Research Institute,JP,Japan,1,UPO,2006-2010,incoming
https://ror.org/03jgh1p68,Abington Memorial Hospital,US,United States,1,UPO,2006-2010,incoming
https://ror.org/03jgmfc14,Postgraduate School of Molecular Medicine,PL,Poland,4,UPO,2006-2010,incoming
https://ror.org/03jh5a977,Center for Information Technology,US,United States,6,UPO,2006-2010,incoming
https://ror.org/03jjdcp59,University of Belgrade – Faculty of Chemistry,RS,Serbia,3,UPO,2006-2010,incoming
https://ror.org/03jjm4b17,Hangzhou Vocational and Technical College,CN,China,1,UPO,2006-2010,incoming
https://ror.org/03jkshc47,Medical University of Varna,BG,Bulgaria,2,UPO,2006-2010,incoming
https://ror.org/03jkz2y73,Leicester Royal Infirmary,GB,United Kingdom,4,UPO,2006-2010,incoming
https://ror.org/03jmfdf59,Agency for Healthcare Research and Quality,US,United States,9,UPO,2006-2010,incoming
https://ror.org/03jmt9g16,Akita Kousei Medical Center,JP,Japan,1,UPO,2006-2010,incoming
https://ror.org/03jp40720,Mayo Clinic in Arizona,US,United States,50,UPO,2006-2010,incoming
https://ror.org/03jpt8f29,Prevent Cancer Foundation,US,United States,3,UPO,2006-2010,incoming
https://ror.org/03jq88n71,Seattle Cancer Care Alliance,US,United States,1,UPO,2006-2010,incoming
https://ror.org/03jqa2c59,Institute for Prevention and Occupational Medicine,DE,Germany,2,UPO,2006-2010,incoming
https://ror.org/03jqp6d56,University of Applied Sciences Upper Austria,AT,Austria,1,UPO,2006-2010,incoming
https://ror.org/03jqs2n27,Macau University of Science and Technology,MO,Macao,1,UPO,2006-2010,incoming
https://ror.org/03jrh3t05,Royal Devon and Exeter Hospital,GB,United Kingdom,5,UPO,2006-2010,incoming
https://ror.org/03jrmgg47,Alvin J. Siteman Cancer Center,US,United States,3,UPO,2006-2010,incoming
https://ror.org/03jrtp196,Miyazaki Welfare Medical College,JP,Japan,7,UPO,2006-2010,incoming
https://ror.org/03jrxta72,Princess Margaret Hospital,HK,Hong Kong,1,UPO,2006-2010,incoming
https://ror.org/03jsnw290,Australian College of Nursing,AU,Australia,1,UPO,2006-2010,incoming
https://ror.org/03jss6s30,Dr. Euryclides Hospital de Jesus Zerbini,BR,Brazil,1,UPO,2006-2010,incoming
https://ror.org/03jt4wj37,Universitätskliniken Salzburg,AT,Austria,5,UPO,2006-2010,incoming
https://ror.org/03jth0z95,Natural Pharmacia International (United States),US,United States,1,UPO,2006-2010,incoming
https://ror.org/03jtrja12,Dumlupinar University,TR,Turkey,4,UPO,2006-2010,incoming
https://ror.org/03jtvc520,Institute of Energy Economics at the University of Cologne,DE,Germany,2,UPO,2006-2010,incoming
https://ror.org/03jty3219,A.E. Arbuzov Institute of Organic and Physical Chemistry,RU,Russia,18,UPO,2006-2010,incoming
https://ror.org/03jvfq589,Deutsche Bundesbank,DE,Germany,1,UPO,2006-2010,incoming
https://ror.org/03jwrn541,Fashion Institute of Technology,US,United States,1,UPO,2006-2010,incoming
https://ror.org/03jygq783,Carroll Hospital,US,United States,1,UPO,2006-2010,incoming
https://ror.org/03jyr9x65,The Open University of Japan,JP,Japan,5,UPO,2006-2010,incoming
https://ror.org/03jyzk483,Hôpital Beaujon,FR,France,13,UPO,2006-2010,incoming
https://ror.org/03jzs4815,A. N. Nesmeyanov Institute of Organoelement Compounds,RU,Russia,28,UPO,2006-2010,incoming
https://ror.org/03jzxkg37,Senshu University,JP,Japan,1,UPO,2006-2010,incoming
https://ror.org/03k0jff29,Thunder Bay Regional Health Sciences Centre,CA,Canada,1,UPO,2006-2010,incoming
https://ror.org/03k0md330,Taipei Medical University Hospital,TW,Taiwan,6,UPO,2006-2010,incoming
https://ror.org/03k174p87,Xuchang University,CN,China,2,UPO,2006-2010,incoming
https://ror.org/03k1bsr36,Université de Bourgogne,FR,France,40,UPO,2006-2010,incoming
https://ror.org/03k1gpj17,Colorado State University,US,United States,48,UPO,2006-2010,incoming
https://ror.org/03k2z9h56,Presses Universitaires de Franche-Comté,FR,France,3,UPO,2006-2010,incoming
https://ror.org/03k36hk88,Yokkaichi Municipal Hospital,JP,Japan,1,UPO,2006-2010,incoming
https://ror.org/03k3bq214,National Center of Biomedical Analysis,CN,China,4,UPO,2006-2010,incoming
https://ror.org/03k3c2t50,University of Alaska Anchorage,US,United States,10,UPO,2006-2010,incoming
https://ror.org/03k3ky186,Federal Institute for Risk Assessment,DE,Germany,1,UPO,2006-2010,incoming
https://ror.org/03k3p7647,Universidade Federal da Bahia,BR,Brazil,19,UPO,2006-2010,incoming
https://ror.org/03k4xgp92,Guangzhou Psychiatric Hospital,CN,China,8,UPO,2006-2010,incoming
https://ror.org/03k51z204,Hotchkiss Brain Institute,CA,Canada,5,UPO,2006-2010,incoming
https://ror.org/03k6yxq48,Oklahoma City VA Health Care System,US,United States,1,UPO,2006-2010,incoming
https://ror.org/03k7r0z51,Fachhochschule Wiener Neustadt,AT,Austria,5,UPO,2006-2010,incoming
https://ror.org/03k84rm07,Center for Environmental Health,US,United States,10,UPO,2006-2010,incoming
https://ror.org/03k8zj440,Servicio de Salud de Castilla La Mancha,ES,Spain,4,UPO,2006-2010,incoming
https://ror.org/03k95ve17,Yokohama City University Medical Center,JP,Japan,4,UPO,2006-2010,incoming
https://ror.org/03kd28f18,University of Buckingham,GB,United Kingdom,2,UPO,2006-2010,incoming
https://ror.org/03kdm3q80,Poole Hospital NHS Foundation Trust,GB,United Kingdom,1,UPO,2006-2010,incoming
https://ror.org/03kdvpr29,Federal Institute of Hydrology,DE,Germany,2,UPO,2006-2010,incoming
https://ror.org/03ke6ew70,Department of Fisheries,ZM,Zambia,1,UPO,2006-2010,incoming
https://ror.org/03kf4rc21,Ohio University Lancaster,US,United States,50,UPO,2006-2010,incoming
https://ror.org/03kfjwy31,"Laboratoire d'Automatique, de Génie des Procédés et de Génie Pharmaceutique",FR,France,1,UPO,2006-2010,incoming
https://ror.org/03kfmm080,Aichi Cancer Center,JP,Japan,10,UPO,2006-2010,incoming
https://ror.org/03kgj4539,TRIUMF,CA,Canada,38,UPO,2006-2010,incoming
https://ror.org/03kgsv495,Bar-Ilan University,IL,Israel,15,UPO,2006-2010,incoming
https://ror.org/03kjjhe36,Tokyo Women's Medical University,JP,Japan,73,UPO,2006-2010,incoming
https://ror.org/03kjmz544,Université de Nantes,FR,France,524,UPO,2006-2010,incoming
https://ror.org/03kjyy960,Instituto de Biomedicina y Genética Molecular de Valladolid,ES,Spain,1,UPO,2006-2010,incoming
https://ror.org/03kk7td41,Cardiff University,GB,United Kingdom,217,UPO,2006-2010,incoming
https://ror.org/03kk9k137,Nigerian Institute of Medical Research,NG,Nigeria,1,UPO,2006-2010,incoming
https://ror.org/03kkfk814,University of Jijel,DZ,Algeria,1,UPO,2006-2010,incoming
https://ror.org/03kkjyb15,Peking University Shenzhen Hospital,CN,China,3,UPO,2006-2010,incoming
https://ror.org/03kkrza17,Centro de Investigaciones Interdisciplinarias en Ciencias y Humanidades,MX,Mexico,4,UPO,2006-2010,incoming
https://ror.org/03kn4xv14,Institute for High Energy Physics,RU,Russia,1250,UPO,2006-2010,incoming
https://ror.org/03kpa7r53,Herttoniemi Hospital,FI,Finland,1,UPO,2006-2010,incoming
https://ror.org/03kpps236,Barcelona Institute of Science and Technology,ES,Spain,98,UPO,2006-2010,incoming
https://ror.org/03kqpb082,Czech Technical University in Prague,CZ,Czechia,747,UPO,2006-2010,incoming
https://ror.org/03kr30n36,Manchester Royal Infirmary,GB,United Kingdom,6,UPO,2006-2010,incoming
https://ror.org/03ks1vk59,Centro di Riferimento Oncologico,IT,Italy,347,UPO,2006-2010,incoming
https://ror.org/03ks2a131,Mitre (United States),US,United States,1,UPO,2006-2010,incoming
https://ror.org/03ksn2k92,University of Dental Medicine,MM,Myanmar,3,UPO,2006-2010,incoming
https://ror.org/03kt3v622,Fondazione Poliambulanza Istituto Ospedaliero,IT,Italy,26,UPO,2006-2010,incoming
https://ror.org/03kv08d37,Taiyuan University of Technology,CN,China,3,UPO,2006-2010,incoming
https://ror.org/03kw5ag50,Halla University,KR,South Korea,14,UPO,2006-2010,incoming
https://ror.org/03kw9gc02,Aligarh Muslim University,IN,India,588,UPO,2006-2010,incoming
https://ror.org/03kwaeq96,Population Health Research Institute,CA,Canada,8,UPO,2006-2010,incoming
https://ror.org/03kwnqq69,Centre d’Élaboration de Matériaux et d’Études Structurales,FR,France,2,UPO,2006-2010,incoming
https://ror.org/03kwrfk72,Women's and Children's Hospital,AU,Australia,3,UPO,2006-2010,incoming
https://ror.org/03kwycy34,Harris Birthright Research Centre for Fetal Medicine,GB,United Kingdom,1,UPO,2006-2010,incoming
https://ror.org/03kx2pj14,Royal Society of Edinburgh,GB,United Kingdom,1,UPO,2006-2010,incoming
https://ror.org/03m04df46,University Hospital Magdeburg,DE,Germany,10,UPO,2006-2010,incoming
https://ror.org/03m098d13,Damascus University,SY,Syria,1,UPO,2006-2010,incoming
https://ror.org/03m0f1043,Tsukuba Central Hospital,JP,Japan,1,UPO,2006-2010,incoming
https://ror.org/03m0n3c07,Istituto di Matematica Applicata e Tecnologie Informatiche,IT,Italy,3,UPO,2006-2010,incoming
https://ror.org/03m0vk445,Kunming Institute of Zoology,CN,China,3,UPO,2006-2010,incoming
https://ror.org/03m0zs870,Institut Cellule Souche et Cerveau,FR,France,3,UPO,2006-2010,incoming
https://ror.org/03m1g2s55,Sanford Burnham Prebys Medical Discovery Institute,US,United States,25,UPO,2006-2010,incoming
https://ror.org/03m2kj587,Hochschule Hannover,DE,Germany,15,UPO,2006-2010,incoming
https://ror.org/03m2x1q45,University of Arizona,US,United States,193,UPO,2006-2010,incoming
https://ror.org/03m3gzv89,École Nationale Vétérinaire de Toulouse,FR,France,4,UPO,2006-2010,incoming
https://ror.org/03m5bv793,Marianjoy Rehabilitation Hospital,US,United States,1,UPO,2006-2010,incoming
https://ror.org/03m5fme96,Nagahama Institute of Bio-Science and Technology,JP,Japan,3,UPO,2006-2010,incoming
https://ror.org/03m6tev69,Morristown Medical Center,US,United States,1,UPO,2006-2010,incoming
https://ror.org/03m775f27,Institute of Social Sciences of the Centre of Social and Psychological Sciences of the Slovak Academy of Sciences,SK,Slovakia,3,UPO,2006-2010,incoming
https://ror.org/03m7a5q02,University of the Thai Chamber of Commerce,TH,Thailand,1,UPO,2006-2010,incoming
https://ror.org/03m8r7k33,Hôpital d'instruction des Armées Desgenettes,FR,France,3,UPO,2006-2010,incoming
https://ror.org/03m8vkq32,Institut National du Cancer,FR,France,3,UPO,2006-2010,incoming
https://ror.org/03m8w6896,Quantum Chemistry Research Institute,JP,Japan,3,UPO,2006-2010,incoming
https://ror.org/03m908832,Lehman College,US,United States,3,UPO,2006-2010,incoming
https://ror.org/03m964n84,Aichi University of Education,JP,Japan,21,UPO,2006-2010,incoming
https://ror.org/03m9crh17,III-N Technology (United States),US,United States,1,UPO,2006-2010,incoming
https://ror.org/03ma3hr46,St. Mary-Corwin Medical Center,US,United States,1,UPO,2006-2010,incoming
https://ror.org/03mahcv92,LIKES – Foundation for Sport and Health Sciences,FI,Finland,1,UPO,2006-2010,incoming
https://ror.org/03mb27p64,Tokyo Woman's Christian University,JP,Japan,2,UPO,2006-2010,incoming
https://ror.org/03mb6wj31,Universitat Politècnica de Catalunya,ES,Spain,22,UPO,2006-2010,incoming
https://ror.org/03mchdq19,Rigshospitalet,DK,Denmark,77,UPO,2006-2010,incoming
https://ror.org/03mcsbr76,Swiss Ornithological Institute,CH,Switzerland,4,UPO,2006-2010,incoming
https://ror.org/03md8p445,The Cancer Institute Hospital,JP,Japan,3,UPO,2006-2010,incoming
https://ror.org/03mezqr97,Shujitsu University,JP,Japan,1,UPO,2006-2010,incoming
https://ror.org/03mfyme49,Instituto de Investigación Biomédica de Lleida,ES,Spain,5,UPO,2006-2010,incoming
https://ror.org/03mg3ec15,European Hospital,IT,Italy,10,UPO,2006-2010,incoming
https://ror.org/03mhcky17,Minneapolis Heart Institute Foundation,US,United States,4,UPO,2006-2010,incoming
https://ror.org/03mj2tv58,Ewos Innovation (Norway),NO,Norway,2,UPO,2006-2010,incoming
https://ror.org/03mjcd737,University of the East,PH,Philippines,167,UPO,2006-2010,incoming
https://ror.org/03mjtdk61,Mater Health Services,AU,Australia,4,UPO,2006-2010,incoming
https://ror.org/03mkjjy25,Université de Versailles Saint-Quentin-en-Yvelines,FR,France,52,UPO,2006-2010,incoming
https://ror.org/03mnm0t94,University of Wisconsin–Eau Claire,US,United States,1,UPO,2006-2010,incoming
https://ror.org/03mp6cc45,Instytut Oceanologii Polskiej Akademii Nauk,PL,Poland,6,UPO,2006-2010,incoming
https://ror.org/03mqfn238,University of South China,CN,China,10,UPO,2006-2010,incoming
https://ror.org/03mstc592,European Molecular Biology Laboratory,DE,Germany,48,UPO,2006-2010,incoming
https://ror.org/03mt5nv96,Institut Universitaire en Santé Mentale de Québec,CA,Canada,1,UPO,2006-2010,incoming
https://ror.org/03mtd9a03,Stanford Medicine,US,United States,54,UPO,2006-2010,incoming
https://ror.org/03mvdc478,Pennsylvania Hospital,US,United States,4,UPO,2006-2010,incoming
https://ror.org/03mw4pt79,State Key Laboratory for Structural Chemistry of Unstable and Stable Species,CN,China,1,UPO,2006-2010,incoming
https://ror.org/03mwa7s65,Ministry of Health Labour and Welfare,JP,Japan,69,UPO,2006-2010,incoming
https://ror.org/03mwgfy56,Tarbiat Modares University,IR,Iran,24,UPO,2006-2010,incoming
https://ror.org/03mwypp50,Veolia (France),FR,France,1,UPO,2006-2010,incoming
https://ror.org/03mx8d427,National Institute of Health Dr. Ricardo Jorge,PT,Portugal,2,UPO,2006-2010,incoming
https://ror.org/03myafa32,"Oxford Centre for Diabetes, Endocrinology and Metabolism",GB,United Kingdom,6,UPO,2006-2010,incoming
https://ror.org/03mzbnj03,VA Southeast Network,US,United States,5,UPO,2006-2010,incoming
https://ror.org/03n0fp725,Children's Hospital at Montefiore,US,United States,5,UPO,2006-2010,incoming
https://ror.org/03n0nnh89,Hospital Kuala Lumpur,MY,Malaysia,1,UPO,2006-2010,incoming
https://ror.org/03n15ch10,CEA Paris-Saclay,FR,France,86,UPO,2006-2010,incoming
https://ror.org/03n2ay196,South Texas Veterans Health Care System,US,United States,13,UPO,2006-2010,incoming
https://ror.org/03n2mgj60,Persian Gulf University,IR,Iran,4,UPO,2006-2010,incoming
https://ror.org/03n3yg876,Laboratoire de physique des lasers,FR,France,35,UPO,2006-2010,incoming
https://ror.org/03n5gdd09,Anhui Provincial Hospital,CN,China,6,UPO,2006-2010,incoming
https://ror.org/03n6nwv02,Universidad Politécnica de Madrid,ES,Spain,7,UPO,2006-2010,incoming
https://ror.org/03n6qxm88,Hôpital Saint-Jacques,FR,France,3,UPO,2006-2010,incoming
https://ror.org/03n6vs369,Hôpital Avicenne,FR,France,20,UPO,2006-2010,incoming
https://ror.org/03n7a5z57,Huainan Normal University,CN,China,3,UPO,2006-2010,incoming
https://ror.org/03n7vd314,Prisma Health,US,United States,1,UPO,2006-2010,incoming
https://ror.org/03n7yzv56,Adnan Menderes University,TR,Turkey,3,UPO,2006-2010,incoming
https://ror.org/03na8p459,Yokohama Rosai Hospital,JP,Japan,1,UPO,2006-2010,incoming
https://ror.org/03nadee84,Vilnius University,LT,Lithuania,344,UPO,2006-2010,incoming
https://ror.org/03nadks56,Riga Stradiņš University,LV,Latvia,1,UPO,2006-2010,incoming
https://ror.org/03nawhv43,"University of California, Riverside",US,United States,923,UPO,2006-2010,incoming
https://ror.org/03nb1x490,Fraunhofer Institute for Chemical Technology,DE,Germany,3,UPO,2006-2010,incoming
https://ror.org/03nb7bx92,Centro Andaluz de Biología Molecular y Medicina Regenerativa,ES,Spain,1,UPO,2006-2010,incoming
https://ror.org/03nb7yk44,Centro de Física Teórica e Computacional,PT,Portugal,6,UPO,2006-2010,incoming
https://ror.org/03nd63441,The Christie Hospital,GB,United Kingdom,23,UPO,2006-2010,incoming
https://ror.org/03ndnx171,Centre for Research in Integrated Care,CA,Canada,2,UPO,2006-2010,incoming
https://ror.org/03ne66j56,Flushing Hospital Medical Center,US,United States,1,UPO,2006-2010,incoming
https://ror.org/03neybp41,Ospedale Microcitemico,IT,Italy,1,UPO,2006-2010,incoming
https://ror.org/03nf36p02,University of Beira Interior,PT,Portugal,1,UPO,2006-2010,incoming
https://ror.org/03nfnpg30,North Central Organized Regionally For Total Health,US,United States,1,UPO,2006-2010,incoming
https://ror.org/03nhjew95,Université de Rouen Normandie,FR,France,49,UPO,2006-2010,incoming
https://ror.org/03nj2kd75,Houston Health and Human Services Department,US,United States,50,UPO,2006-2010,incoming
https://ror.org/03njebb69,IRCCS San Camillo Hospital,IT,Italy,36,UPO,2006-2010,incoming
https://ror.org/03njmea73,Duke Medical Center,US,United States,158,UPO,2006-2010,incoming
https://ror.org/03njrcx45,Laboratoire de Biologie et Pharmacologie Appliquée,FR,France,5,UPO,2006-2010,incoming
https://ror.org/03nk2rw89,Atomic Energy Commission of Syria,SY,Syria,1,UPO,2006-2010,incoming
https://ror.org/03nknpw16,Laboratoire de Chimie Physique et Microbiologie pour l'Environnement,FR,France,1,UPO,2006-2010,incoming
https://ror.org/03nmxrr49,Research Institute of Health Sciences,ES,Spain,45,UPO,2006-2010,incoming
https://ror.org/03nnxqz81,RISE Research Institutes of Sweden,SE,Sweden,2,UPO,2006-2010,incoming
https://ror.org/03np4e098,Haukeland University Hospital,NO,Norway,17,UPO,2006-2010,incoming
https://ror.org/03nqwhd11,Saudi Arabia Basic Industries (Saudi Arabia),SA,Saudi Arabia,1,UPO,2006-2010,incoming
https://ror.org/03nr2fs68,NOVA School of Business and Economics,PT,Portugal,1,UPO,2006-2010,incoming
https://ror.org/03nszce13,Ospedale Pediatrico Giovanni XXIII,IT,Italy,1,UPO,2006-2010,incoming
https://ror.org/03ntccx93,National Hospital Organization,JP,Japan,36,UPO,2006-2010,incoming
https://ror.org/03nteze27,National Taiwan University Hospital,TW,Taiwan,53,UPO,2006-2010,incoming
https://ror.org/03nvpm562,Shimane University Hospital,JP,Japan,2,UPO,2006-2010,incoming
https://ror.org/03nvtfm43,Concordia University,US,United States,328,UPO,2006-2010,incoming
https://ror.org/03nxfhe13,Baylor University Medical Center,US,United States,12,UPO,2006-2010,incoming
https://ror.org/03nyjqm54,Universidad del Valle de Guatemala,GT,Guatemala,1,UPO,2006-2010,incoming
https://ror.org/03nyxmy82,Sumitomo Chemical (Japan),JP,Japan,2,UPO,2006-2010,incoming
https://ror.org/03nzegx43,Hospital de Cruces,ES,Spain,17,UPO,2006-2010,incoming
https://ror.org/03p14d497,University of Augsburg,DE,Germany,52,UPO,2006-2010,incoming
https://ror.org/03p15s250,National Center for Health Statistics,US,United States,2,UPO,2006-2010,incoming
https://ror.org/03p2z7827,Benemérita Universidad Autónoma de Puebla,MX,Mexico,822,UPO,2006-2010,incoming
https://ror.org/03p30f964,Lincoln County Hospital,GB,United Kingdom,1,UPO,2006-2010,incoming
https://ror.org/03p3aeb86,Universidad de Murcia,ES,Spain,81,UPO,2006-2010,incoming
https://ror.org/03p4y9t51,Probiodrug (Germany),DE,Germany,1,UPO,2006-2010,incoming
https://ror.org/03p64mj41,Greenwood Genetic Center,US,United States,1,UPO,2006-2010,incoming
https://ror.org/03p6gt485,American Medical Association,US,United States,1,UPO,2006-2010,incoming
https://ror.org/03p74gp79,University of Cape Town,ZA,South Africa,595,UPO,2006-2010,incoming
https://ror.org/03p7jen43,Direction des Sciences du Vivant,FR,France,22,UPO,2006-2010,incoming
https://ror.org/03p8qrw52,Texas A&M Engineering Experiment Station,US,United States,1,UPO,2006-2010,incoming
https://ror.org/03p96ke84,Développement Adaptation et Vieillissement,FR,France,1,UPO,2006-2010,incoming
https://ror.org/03pa1rf77,Institute of Metal Research,CN,China,2,UPO,2006-2010,incoming
https://ror.org/03pa87f90,Institut Claudius Regaud,FR,France,11,UPO,2006-2010,incoming
https://ror.org/03padqz24,Laboratoire Plasticité du Cerveau,FR,France,10,UPO,2006-2010,incoming
https://ror.org/03panb555,Lanzhou University of Technology,CN,China,15,UPO,2006-2010,incoming
https://ror.org/03paz5966,"Istituto Nazionale di Fisica Nucleare, Sezione di Cagliari",IT,Italy,13,UPO,2006-2010,incoming
https://ror.org/03pbmtd68,Recherche translationnelle sur le diabète,FR,France,2,UPO,2006-2010,incoming
https://ror.org/03pcc9z86,Université de franche-comté,FR,France,51,UPO,2006-2010,incoming
https://ror.org/03pd82777,Cardinal Health (United States),US,United States,1,UPO,2006-2010,incoming
https://ror.org/03pef0w96,Hôpital Raymond-Poincaré,FR,France,9,UPO,2006-2010,incoming
https://ror.org/03pfmgq50,Fooyin University,TW,Taiwan,5,UPO,2006-2010,incoming
https://ror.org/03pfqk412,Allergan (United States),US,United States,1,UPO,2006-2010,incoming
https://ror.org/03pfshj32,München Klinik,DE,Germany,3,UPO,2006-2010,incoming
https://ror.org/03pfsnq21,University of Rzeszów,PL,Poland,25,UPO,2006-2010,incoming
https://ror.org/03phkbp27,Wolters Kluwer Health,NZ,New Zealand,6,UPO,2006-2010,incoming
https://ror.org/03phm3r45,Clinica Universidad de Navarra,ES,Spain,19,UPO,2006-2010,incoming
https://ror.org/03pj6ge82,Ministry of Education and Science of the Republic of Kazakhstan,KZ,Kazakhstan,19,UPO,2006-2010,incoming
https://ror.org/03pm18j10,Hofstra University,US,United States,17,UPO,2006-2010,incoming
https://ror.org/03pnp1a74,Lamsade,FR,France,1,UPO,2006-2010,incoming
https://ror.org/03pnv4752,Queensland University of Technology,AU,Australia,101,UPO,2006-2010,incoming
https://ror.org/03pp86w19,Beatson West of Scotland Cancer Centre,GB,United Kingdom,5,UPO,2006-2010,incoming
https://ror.org/03ppaqb54,FIR e. V. an der RWTH Aachen,DE,Germany,4,UPO,2006-2010,incoming
https://ror.org/03ppx1p25,University of Nagasaki,JP,Japan,2,UPO,2006-2010,incoming
https://ror.org/03pqde616,Okayama Shoka University,JP,Japan,4,UPO,2006-2010,incoming
https://ror.org/03prydq77,University of Vienna,AT,Austria,178,UPO,2006-2010,incoming
https://ror.org/03ps48j85,Hochschule für Musik Karlsruhe,DE,Germany,15,UPO,2006-2010,incoming
https://ror.org/03ps5d564,Boston University School of Medicine,US,United States,11,UPO,2006-2010,incoming
https://ror.org/03pt86f80,Innsbruck Medical University,AT,Austria,56,UPO,2006-2010,incoming
https://ror.org/03ptaj492,Seikei University,JP,Japan,4,UPO,2006-2010,incoming
https://ror.org/03pv0jn66,Institute of Public Health of Serbia,RS,Serbia,1,UPO,2006-2010,incoming
https://ror.org/03pv69j64,Cancer Research UK Scotland Institute,GB,United Kingdom,9,UPO,2006-2010,incoming
https://ror.org/03pvr2g57,Universitätsklinikum Würzburg,DE,Germany,25,UPO,2006-2010,incoming
https://ror.org/03pwcc270,Auburn University System,US,United States,27,UPO,2006-2010,incoming
https://ror.org/03px2kh57,Institut de Médecine Tropicale du Service de Santé des Armées,FR,France,1,UPO,2006-2010,incoming
https://ror.org/03px70152,Government of Prince Edward Island,CA,Canada,4,UPO,2006-2010,incoming
https://ror.org/03pxqyk55,Universidade Regional do Noroeste do Estado do Rio Grande do Sul,BR,Brazil,1,UPO,2006-2010,incoming
https://ror.org/03pxvf904,Clinica Mediterranea,IT,Italy,4,UPO,2006-2010,incoming
https://ror.org/03pz4q672,Centre de Recherche en Géographie,FR,France,1,UPO,2006-2010,incoming
https://ror.org/03q0t9252,Jiangxi University of Science and Technology,CN,China,3,UPO,2006-2010,incoming
https://ror.org/03q11y497,Japan Community Healthcare Organization,JP,Japan,7,UPO,2006-2010,incoming
https://ror.org/03q1rgc19,Advanced Research Projects Agency - Energy,US,United States,12,UPO,2006-2010,incoming
https://ror.org/03q21mh05,Cairo University,EG,Egypt,42,UPO,2006-2010,incoming
https://ror.org/03q36qm19,Centro de Estudos Ambientais e Marinhos,PT,Portugal,2,UPO,2006-2010,incoming
https://ror.org/03q397159,Data61,AU,Australia,2,UPO,2006-2010,incoming
https://ror.org/03q3a8095,A.V. Zhirmunsky National Scientific Center of Marine Biology Far Eastern Branch of the Russian Academy of Sciences,RU,Russia,2,UPO,2006-2010,incoming
https://ror.org/03q3gmk48,MedStar National Rehabilitation Hospital,US,United States,3,UPO,2006-2010,incoming
https://ror.org/03q4c3e69,Andalusian Health Service,ES,Spain,30,UPO,2006-2010,incoming
https://ror.org/03q674f15,Polish Academy of Learning,PL,Poland,1524,UPO,2006-2010,incoming
https://ror.org/03q6jrh90,Centro Universitário das Faculdades Metropolitanas Unidas,BR,Brazil,1,UPO,2006-2010,incoming
https://ror.org/03q7p3t30,Laboratoire de Chimie Moléculaire et Thioorganique,FR,France,4,UPO,2006-2010,incoming
https://ror.org/03q82t418,NHS Lothian,GB,United Kingdom,28,UPO,2006-2010,incoming
https://ror.org/03q83t159,Fund for Scientific Research,BE,Belgium,1,UPO,2006-2010,incoming
https://ror.org/03q8dnn23,City University of Hong Kong,HK,Hong Kong,44,UPO,2006-2010,incoming
https://ror.org/03q8fh922,Wojskowy Instytut Higieny i Epidemiologii,PL,Poland,1,UPO,2006-2010,incoming
https://ror.org/03q8sby79,İstanbul Esenyurt Üniversitesi,TR,Turkey,45,UPO,2006-2010,incoming
https://ror.org/03q92e557,Yanka Kupala State University of Grodno,BY,Belarus,1,UPO,2006-2010,incoming
https://ror.org/03q9sr818,Universidade Federal do Pará,BR,Brazil,18,UPO,2006-2010,incoming
https://ror.org/03qafph14,Istituto di Astrofisica Spaziale e Fisica cosmica di Palermo,IT,Italy,1,UPO,2006-2010,incoming
https://ror.org/03qan4b12,Centro Científico Tecnológico - La Plata,AR,Argentina,14,UPO,2006-2010,incoming
https://ror.org/03qbxj466,University of North Texas System,US,United States,206,UPO,2006-2010,incoming
https://ror.org/03qc8vh97,University of Trás-os-Montes and Alto Douro,PT,Portugal,2,UPO,2006-2010,incoming
https://ror.org/03qd7mz70,Johnson & Johnson (United States),US,United States,11,UPO,2006-2010,incoming
https://ror.org/03qeacd72,École Nationale Supérieure de l'Électronique et de ses Applications,FR,France,1,UPO,2006-2010,incoming
https://ror.org/03qehyx72,Ministry of Patriots and Veterans Affairs,KR,South Korea,2,UPO,2006-2010,incoming
https://ror.org/03qfdvc46,Centre of Excellence in Molecular Biology,PK,Pakistan,5,UPO,2006-2010,incoming
https://ror.org/03qfmrs34,Central Institute of Fisheries Education,IN,India,1,UPO,2006-2010,incoming
https://ror.org/03qg6r976,The Catholic University of Korea Catholic Medical Center,KR,South Korea,15,UPO,2006-2010,incoming
https://ror.org/03qh32912,Food and Health Bureau,HK,Hong Kong,2,UPO,2006-2010,incoming
https://ror.org/03qhz4n98,Center for Excellence in Education,US,United States,4,UPO,2006-2010,incoming
https://ror.org/03qjb5r86,Friends Research Institute,US,United States,2,UPO,2006-2010,incoming
https://ror.org/03qjsrb10,Soonchunhyang University,KR,South Korea,8,UPO,2006-2010,incoming
https://ror.org/03qn8fb07,Commonwealth Scientific and Industrial Research Organisation,AU,Australia,41,UPO,2006-2010,incoming
https://ror.org/03qng4b58,Wonkwang University Sanbon Hospital,KR,South Korea,1,UPO,2006-2010,incoming
https://ror.org/03qnxaf80,Fordham University,US,United States,3,UPO,2006-2010,incoming
https://ror.org/03qp5ww24,"Centre for Immunity, Infection and Evolution",GB,United Kingdom,1,UPO,2006-2010,incoming
https://ror.org/03qp8ma69,Center for Clinical Research Dalarna,SE,Sweden,10,UPO,2006-2010,incoming
https://ror.org/03qpd8w66,Istituto di Genetica Molecolare,IT,Italy,1,UPO,2006-2010,incoming
https://ror.org/03qpz0718,Sri Sri University,IN,India,1,UPO,2006-2010,incoming
https://ror.org/03qq7fj62,Maple Leaf Medical Clinic,CA,Canada,1,UPO,2006-2010,incoming
https://ror.org/03qryx823,Technion – Israel Institute of Technology,IL,Israel,92,UPO,2006-2010,incoming
https://ror.org/03qt6ba18,Georgia State University,US,United States,33,UPO,2006-2010,incoming
https://ror.org/03qtxy027,Research Foundation - Flanders,BE,Belgium,1,UPO,2006-2010,incoming
https://ror.org/03qv5tx95,Hygeia Hospital,GR,Greece,4,UPO,2006-2010,incoming
https://ror.org/03qv8yq19,Toronto Western Hospital,CA,Canada,16,UPO,2006-2010,incoming
https://ror.org/03qvjzj64,St. John's National Academy of Health Sciences,IN,India,1,UPO,2006-2010,incoming
https://ror.org/03qvtpc38,Dong-A University,KR,South Korea,15,UPO,2006-2010,incoming
https://ror.org/03qwghy04,Duran i Reynals Hospital,ES,Spain,2,UPO,2006-2010,incoming
https://ror.org/03qwx2883,Puigvert Foundation,ES,Spain,1,UPO,2006-2010,incoming
https://ror.org/03qxff017,Hebrew University of Jerusalem,IL,Israel,128,UPO,2006-2010,incoming
https://ror.org/03qxwgf98,Centro de Ingeniería Genética y Biotecnología,CU,Cuba,6,UPO,2006-2010,incoming
https://ror.org/03qygnx22,Wills Eye Hospital,US,United States,2,UPO,2006-2010,incoming
https://ror.org/03r06fs10,Nordic Institute for Theoretical Physics,SE,Sweden,24,UPO,2006-2010,incoming
https://ror.org/03r0ha626,University of Utah,US,United States,114,UPO,2006-2010,incoming
https://ror.org/03r1ch818,Indiana Institute of Technology,US,United States,4,UPO,2006-2010,incoming
https://ror.org/03r29tc70,Lungenklinik Hemer,DE,Germany,10,UPO,2006-2010,incoming
https://ror.org/03r30hs79,Israelitisches Krankenhaus,DE,Germany,1,UPO,2006-2010,incoming
https://ror.org/03r42d171,Zahedan University of Medical Sciences,IR,Iran,2,UPO,2006-2010,incoming
https://ror.org/03r493e52,Institute of Bioorganic Chemistry,BY,Belarus,2,UPO,2006-2010,incoming
https://ror.org/03r519674,RIKEN Center for Computational Science,JP,Japan,1,UPO,2006-2010,incoming
https://ror.org/03r5mk904,Hospital Sírio-Libanês,BR,Brazil,13,UPO,2006-2010,incoming
https://ror.org/03r6hpz93,State University of Trade and Economics,UA,Ukraine,68,UPO,2006-2010,incoming
https://ror.org/03r6k1a05,Institute of Occupational Medicine,GB,United Kingdom,1,UPO,2006-2010,incoming
https://ror.org/03r6qg857,Cambridge Hospital,US,United States,1,UPO,2006-2010,incoming
https://ror.org/03r781319,Bronovo Hospital,NL,The Netherlands,1,UPO,2006-2010,incoming
https://ror.org/03r782805,Danish Pain Research Center,DK,Denmark,1,UPO,2006-2010,incoming
https://ror.org/03r7eh527,Laboratoire de Photophysique et Photochimie Supramoléculaires et Macromoléculaires,FR,France,1,UPO,2006-2010,incoming
https://ror.org/03r8nx235,Albert B. Chandler Hospital,US,United States,5,UPO,2006-2010,incoming
https://ror.org/03r8s5x58,Osiris Therapeutics (United States),US,United States,1,UPO,2006-2010,incoming
https://ror.org/03r8z3t63,UNSW Sydney,AU,Australia,112,UPO,2006-2010,incoming
https://ror.org/03r9k1585,Iowa City VA Medical Center,US,United States,1,UPO,2006-2010,incoming
https://ror.org/03r9qc142,UCL Biomedical Research Centre,GB,United Kingdom,7,UPO,2006-2010,incoming
https://ror.org/03rafms67,Plant Gene Expression Center,US,United States,2,UPO,2006-2010,incoming
https://ror.org/03rbjx398,National Suicide Research Foundation,IE,Ireland,1,UPO,2006-2010,incoming
https://ror.org/03rc6as71,Tongji University,CN,China,46,UPO,2006-2010,incoming
https://ror.org/03rc99w60,Second Hospital of Tianjin Medical University,CN,China,4,UPO,2006-2010,incoming
https://ror.org/03rcspa57,Kettering University,US,United States,2,UPO,2006-2010,incoming
https://ror.org/03rcwtr18,Laurentian University,CA,Canada,6,UPO,2006-2010,incoming
https://ror.org/03rd0p893,Tokyo Metropolitan Institute of Gerontology,JP,Japan,5,UPO,2006-2010,incoming
https://ror.org/03rdc4968,Hôpital Maisonneuve-Rosemont,CA,Canada,1,UPO,2006-2010,incoming
https://ror.org/03rfvyw43,Slovak University of Agriculture in Nitra,SK,Slovakia,1,UPO,2006-2010,incoming
https://ror.org/03rh3e906,TERI University,IN,India,2,UPO,2006-2010,incoming
https://ror.org/03rke0285,Baker Heart and Diabetes Institute,AU,Australia,9,UPO,2006-2010,incoming
https://ror.org/03rm3gk43,National Cancer Center Hospital East,JP,Japan,4,UPO,2006-2010,incoming
https://ror.org/03rm49h74,Jodhpur National University,IN,India,1,UPO,2006-2010,incoming
https://ror.org/03rmrcq20,University of British Columbia,CA,Canada,260,UPO,2006-2010,incoming
https://ror.org/03rn0z073,Ministry of Public Health,TH,Thailand,6,UPO,2006-2010,incoming
https://ror.org/03rnk6m14,Institut Agro Montpellier,FR,France,5,UPO,2006-2010,incoming
https://ror.org/03rp50x72,University of the Witwatersrand,ZA,South Africa,34,UPO,2006-2010,incoming
https://ror.org/03rppv730,Aga Khan University Hospital Nairobi,KE,Kenya,1,UPO,2006-2010,incoming
https://ror.org/03rpsvy57,Research Center for Eco-Environmental Sciences,CN,China,10,UPO,2006-2010,incoming
https://ror.org/03rq50d77,Royal Victoria Hospital,GB,United Kingdom,6,UPO,2006-2010,incoming
https://ror.org/03rq94151,Institute of Astronomy and Space Physics,AR,Argentina,1,UPO,2006-2010,incoming
https://ror.org/03rqk8h36,National Chengchi University,TW,Taiwan,1,UPO,2006-2010,incoming
https://ror.org/03rqm8n56,Ivanovo State University,RU,Russia,1,UPO,2006-2010,incoming
https://ror.org/03rqtqb02,Institute of Biostructure and Bioimaging,IT,Italy,131,UPO,2006-2010,incoming
https://ror.org/03rr7q548,Armstrong Atlantic State University,US,United States,40,UPO,2006-2010,incoming
https://ror.org/03rrh5171,Centro de Investigação Interdisciplinar Egas Moniz,PT,Portugal,1,UPO,2006-2010,incoming
https://ror.org/03rs0fg31,Division of Materials Science and Engineering,AU,Australia,7,UPO,2006-2010,incoming
https://ror.org/03rt48n94,Délégation Paris 6,FR,France,3,UPO,2006-2010,incoming
https://ror.org/03rtgjq94,University of South Carolina System,US,United States,114,UPO,2006-2010,incoming
https://ror.org/03rth4p18,Université Lumière Lyon 2,FR,France,2,UPO,2006-2010,incoming
https://ror.org/03rx00z90,Sakurabashi Watanabe Hospital,JP,Japan,1,UPO,2006-2010,incoming
https://ror.org/03rxtdc22,École Normale Supérieure de Rennes,FR,France,3,UPO,2006-2010,incoming
https://ror.org/03ryywt80,Gachon University,KR,South Korea,8,UPO,2006-2010,incoming
https://ror.org/03rzb4f20,Universidad Autónoma del Estado de Morelos,MX,Mexico,20,UPO,2006-2010,incoming
https://ror.org/03rzyjb72,Centre de Recherche en Nutrition Humaine d'Auvergne,FR,France,1,UPO,2006-2010,incoming
https://ror.org/03s0pzj56,Station Biologique de Roscoff,FR,France,2,UPO,2006-2010,incoming
https://ror.org/03s251g81,University of Craiova,RO,Romania,2,UPO,2006-2010,incoming
https://ror.org/03s262162,Athens University of Economics and Business,GR,Greece,1,UPO,2006-2010,incoming
https://ror.org/03s2x9d90,Ramapo College,US,United States,1,UPO,2006-2010,incoming
https://ror.org/03s2zgf58,Polish Stem Cell Bank,PL,Poland,1,UPO,2006-2010,incoming
https://ror.org/03s33gc98,Ospedale Bassini,IT,Italy,1,UPO,2006-2010,incoming
https://ror.org/03s3dhf22,St Mary's Hospital Centre,CA,Canada,9,UPO,2006-2010,incoming
https://ror.org/03s4khd80,Cliniques Universitaires Saint-Luc,BE,Belgium,24,UPO,2006-2010,incoming
https://ror.org/03s4wsx37,Southern Plains Agricultural Research Center,US,United States,2,UPO,2006-2010,incoming
https://ror.org/03s53g630,National High Magnetic Field Laboratory,US,United States,6,UPO,2006-2010,incoming
https://ror.org/03s53tn92,Akademia Pożarnicza,PL,Poland,4,UPO,2006-2010,incoming
https://ror.org/03s5q0090,Asan Medical Center,KR,South Korea,31,UPO,2006-2010,incoming
https://ror.org/03s5t0r17,National Institute of Biology,SI,Slovenia,10,UPO,2006-2010,incoming
https://ror.org/03s5z5x70,Institut des Sciences Analytiques,FR,France,3,UPO,2006-2010,incoming
https://ror.org/03s65by71,"University of California, Santa Cruz",US,United States,50,UPO,2006-2010,incoming
https://ror.org/03s7fvd27,Sakakibara Hospital,JP,Japan,1,UPO,2006-2010,incoming
https://ror.org/03s7gtk40,Leipzig University,DE,Germany,101,UPO,2006-2010,incoming
https://ror.org/03s8txj32,Second Affiliated Hospital of Harbin Medical University,CN,China,2,UPO,2006-2010,incoming
https://ror.org/03s8xc553,Shanxi Datong University,CN,China,5,UPO,2006-2010,incoming
https://ror.org/03s9ada67,HealthPartners,US,United States,7,UPO,2006-2010,incoming
https://ror.org/03sab2a45,Ulsan University Hospital,KR,South Korea,2,UPO,2006-2010,incoming
https://ror.org/03savr706,"Temple University, Japan",JP,Japan,1,UPO,2006-2010,incoming
https://ror.org/03sbhge02,Hallym University,KR,South Korea,12,UPO,2006-2010,incoming
https://ror.org/03sbpja79,Department of Health and Social Care,GB,United Kingdom,24,UPO,2006-2010,incoming
https://ror.org/03sc1p174,Laboratoire Interuniversitaire de Biologie de la Motricité,FR,France,3,UPO,2006-2010,incoming
https://ror.org/03scbek41,Royal Orthopaedic Hospital,GB,United Kingdom,2,UPO,2006-2010,incoming
https://ror.org/03sd35x91,Nanjing Tech University,CN,China,18,UPO,2006-2010,incoming
https://ror.org/03se9eg94,Hospital das Clínicas da Faculdade de Medicina da Universidade de São Paulo,BR,Brazil,18,UPO,2006-2010,incoming
https://ror.org/03sf5ja42,Swiss Stem Cell Foundation,CH,Switzerland,4,UPO,2006-2010,incoming
https://ror.org/03sfybe47,BC Cancer Agency,CA,Canada,24,UPO,2006-2010,incoming
https://ror.org/03sgbh608,La Jolla Bioengineering Institute,US,United States,1,UPO,2006-2010,incoming
https://ror.org/03sgyqj04,École Nationale Supérieure de Chimie de Montpellier,FR,France,51,UPO,2006-2010,incoming
https://ror.org/03shav252,Kazan State Technological University,RU,Russia,19,UPO,2006-2010,incoming
https://ror.org/03sjk9a61,"Ministère de l'Enseignement Supérieur, de la Recherche et de l'Espace",FR,France,16,UPO,2006-2010,incoming
https://ror.org/03sk1we31,National Nuclear Security Administration,US,United States,11,UPO,2006-2010,incoming
https://ror.org/03skt0t88,Laboratoire de Biométrie et Biologie Evolutive,FR,France,1,UPO,2006-2010,incoming
https://ror.org/03sm1ej59,Cancer Registry of Norway,NO,Norway,10,UPO,2006-2010,incoming
https://ror.org/03smk3872,Centre de Recherche en Acquisition et Traitement de l'Image pour la Santé,FR,France,2,UPO,2006-2010,incoming
https://ror.org/03sna8255,Izhevsk State Medical Academy,RU,Russia,1,UPO,2006-2010,incoming
https://ror.org/03snrmr61,Genesys Regional Medical Center,US,United States,1,UPO,2006-2010,incoming
https://ror.org/03spdpm68,State Marine Technical University of St. Petersburg,RU,Russia,3,UPO,2006-2010,incoming
https://ror.org/03spzdh62,Computational Sciences (United States),US,United States,3,UPO,2006-2010,incoming
https://ror.org/03sqy6516,Agricultural Research Service - Plains Area,US,United States,5,UPO,2006-2010,incoming
https://ror.org/03srn9y98,Institute of Advanced Chemistry of Catalonia,ES,Spain,4,UPO,2006-2010,incoming
https://ror.org/03srtnf24,Universidade Federal do Ceará,BR,Brazil,8,UPO,2006-2010,incoming
https://ror.org/03sry2h30,Max Planck Institute for Gravitational Physics,DE,Germany,2,UPO,2006-2010,incoming
https://ror.org/03ss88z23,Kagoshima University,JP,Japan,46,UPO,2006-2010,incoming
https://ror.org/03stptj97,Izmir Institute of Technology,TR,Turkey,271,UPO,2006-2010,incoming
https://ror.org/03svjbs84,Liverpool School of Tropical Medicine,GB,United Kingdom,2,UPO,2006-2010,incoming
https://ror.org/03svwq685,Università degli Studi della Tuscia,IT,Italy,18,UPO,2006-2010,incoming
https://ror.org/03swz6y49,Conselho Nacional de Desenvolvimento Científico e Tecnológico,BR,Brazil,4,UPO,2006-2010,incoming
https://ror.org/03sx84n71,Teagasc - The Irish Agriculture and Food Development Authority,IE,Ireland,4,UPO,2006-2010,incoming
https://ror.org/03sxdvx36,Nevada System of Higher Education,US,United States,44,UPO,2006-2010,incoming
https://ror.org/03sxpbt26,Institute of Applied Physics and Computational Mathematics,CN,China,9,UPO,2006-2010,incoming
https://ror.org/03sz8rb35,Hospital General Universitario De Valencia,ES,Spain,6,UPO,2006-2010,incoming
https://ror.org/03t0t6y08,University of California Division of Agriculture and Natural Resources,US,United States,1,UPO,2006-2010,incoming
https://ror.org/03t1yn780,First Affiliated Hospital of Anhui Medical University,CN,China,7,UPO,2006-2010,incoming
https://ror.org/03t1ztz45,Shibuya (Japan),JP,Japan,1,UPO,2006-2010,incoming
https://ror.org/03t2f0a12,Institut des NanoSciences de Paris,FR,France,1,UPO,2006-2010,incoming
https://ror.org/03t4gr691,Amsterdam UMC Location University of Amsterdam,NL,The Netherlands,26,UPO,2006-2010,incoming
https://ror.org/03t52dk35,Western Sydney University,AU,Australia,23,UPO,2006-2010,incoming
https://ror.org/03t54am93,Jönköping University,SE,Sweden,2,UPO,2006-2010,incoming
https://ror.org/03t5hbz89,Institute of Organic Chemistry,UA,Ukraine,4,UPO,2006-2010,incoming
https://ror.org/03t78wx29,Hiroshima University,JP,Japan,651,UPO,2006-2010,incoming
https://ror.org/03t78za89,Regional Medical Center,US,United States,2,UPO,2006-2010,incoming
https://ror.org/03t879f74,American Samoa Government,AS,American Samoa,2,UPO,2006-2010,incoming
https://ror.org/03t995d97,St. Joseph Health System,US,United States,3,UPO,2006-2010,incoming
https://ror.org/03t9adt98,Beijing University of Agriculture,CN,China,1,UPO,2006-2010,incoming
https://ror.org/03ta25k06,Universidade Estadual de Goiás,BR,Brazil,3,UPO,2006-2010,incoming
https://ror.org/03taest98,Max Planck Institute for Plasma Physics,DE,Germany,1,UPO,2006-2010,incoming
https://ror.org/03tawch75,Catholic University of Pusan,KR,South Korea,1,UPO,2006-2010,incoming
https://ror.org/03taz7m60,University of Southern California,US,United States,156,UPO,2006-2010,incoming
https://ror.org/03tb37539,Moorfields Eye Hospital,GB,United Kingdom,4,UPO,2006-2010,incoming
https://ror.org/03tb4gf50,New South Wales Department of Health,AU,Australia,2,UPO,2006-2010,incoming
https://ror.org/03tc05689,University of Basilicata,IT,Italy,858,UPO,2006-2010,incoming
https://ror.org/03tebt685,Malawi-Liverpool-Wellcome Trust Clinical Research Programme,MW,Malawi,1,UPO,2006-2010,incoming
https://ror.org/03tf0c761,Finnish Institute for Health and Welfare,FI,Finland,27,UPO,2006-2010,incoming
https://ror.org/03tf96d34,"Azienda Ospedaliera Universitaria Policlinico ""G. Martino""",IT,Italy,5,UPO,2006-2010,incoming
https://ror.org/03tg3eb07,Bursa Uludağ Üni̇versi̇tesi̇,TR,Turkey,520,UPO,2006-2010,incoming
https://ror.org/03tgsfw79,Kobe University,JP,Japan,131,UPO,2006-2010,incoming
https://ror.org/03thb3e06,American Museum of Natural History,US,United States,27,UPO,2006-2010,incoming
https://ror.org/03ths8210,Universidad Carlos III de Madrid,ES,Spain,12,UPO,2006-2010,incoming
https://ror.org/03thzz813,Meikai University,JP,Japan,1,UPO,2006-2010,incoming
https://ror.org/03tj5qd85,Tampa General Hospital,US,United States,1,UPO,2006-2010,incoming
https://ror.org/03tjsyq23,Department of Biotechnology,IN,India,32,UPO,2006-2010,incoming
https://ror.org/03tma2759,Associação Paulista de Medicina,BR,Brazil,1,UPO,2006-2010,incoming
https://ror.org/03tmbn325,GM University Davanagere Karnataka,IN,India,1,UPO,2006-2010,incoming
https://ror.org/03tn5ee41,Benha University,EG,Egypt,1,UPO,2006-2010,incoming
https://ror.org/03tncyc93,Institut des Sciences du Mouvement Etienne-Jules Marey,FR,France,8,UPO,2006-2010,incoming
https://ror.org/03tnjrr49,Laboratoire AstroParticule et Cosmologie,FR,France,2,UPO,2006-2010,incoming
https://ror.org/03tns0030,Environmental Protection Agency,US,United States,12,UPO,2006-2010,incoming
https://ror.org/03tp0ty93,Geha Mental Health Center,IL,Israel,1,UPO,2006-2010,incoming
https://ror.org/03tqb8s11,Yangzhou University,CN,China,12,UPO,2006-2010,incoming
https://ror.org/03trnsb56,Vikram Sarabhai Space Centre,IN,India,1,UPO,2006-2010,incoming
https://ror.org/03trvqr13,Victor Chang Cardiac Research Institute,AU,Australia,6,UPO,2006-2010,incoming
https://ror.org/03tth1e03,University of Life Sciences in Poznań,PL,Poland,1,UPO,2006-2010,incoming
https://ror.org/03tv0az53,Fairfield General Hospital,GB,United Kingdom,1,UPO,2006-2010,incoming
https://ror.org/03tw5w184,Institut für Kardiovaskuläre Physiologie und Pathophysiologie,DE,Germany,3,UPO,2006-2010,incoming
https://ror.org/03tzaeb71,University of Hawaii System,US,United States,39,UPO,2006-2010,incoming
https://ror.org/03tzb2h73,Ajou University,KR,South Korea,27,UPO,2006-2010,incoming
https://ror.org/03v0qd864,"Universidad de Los Andes, Chile",CL,Chile,3,UPO,2006-2010,incoming
https://ror.org/03v0r5n49,Indian Institute of Technology Madras,IN,India,16,UPO,2006-2010,incoming
https://ror.org/03v2nbx43,Bank of Italy,IT,Italy,2,UPO,2006-2010,incoming
https://ror.org/03v2wv079,Colorado Center for Reproductive Medicine,US,United States,4,UPO,2006-2010,incoming
https://ror.org/03v4gjf40,Technische Universität Berlin,DE,Germany,19,UPO,2006-2010,incoming
https://ror.org/03v5jj203,Stazione Zoologica Anton Dohrn,IT,Italy,58,UPO,2006-2010,incoming
https://ror.org/03v64vs34,Epidemic Intelligence Service,US,United States,1,UPO,2006-2010,incoming
https://ror.org/03v6a2j28,Trillium Health Centre,CA,Canada,1,UPO,2006-2010,incoming
https://ror.org/03v6yxf25,Institut National de la Statistique et des Etudes Economiques,FR,France,1,UPO,2006-2010,incoming
https://ror.org/03v76x132,Yale University,US,United States,1280,UPO,2006-2010,incoming
https://ror.org/03v783k16,University of Kalyani,IN,India,3,UPO,2006-2010,incoming
https://ror.org/03v7h1165,Institute for Microstructural Sciences,CA,Canada,1,UPO,2006-2010,incoming
https://ror.org/03v7tx966,Huntsman Cancer Institute,US,United States,24,UPO,2006-2010,incoming
https://ror.org/03v85ar63,Hospital Universitario Central de Asturias,ES,Spain,30,UPO,2006-2010,incoming
https://ror.org/03v8adn41,"Queens College, CUNY",US,United States,2,UPO,2006-2010,incoming
https://ror.org/03v8ter60,University of Zululand,ZA,South Africa,1,UPO,2006-2010,incoming
https://ror.org/03v8tnc06,Institute of High Energy Physics,CN,China,769,UPO,2006-2010,incoming
https://ror.org/03v958f45,Kliniken Essen-Mitte,DE,Germany,1,UPO,2006-2010,incoming
https://ror.org/03v9e8t09,Centro de Biología Molecular Severo Ochoa,ES,Spain,16,UPO,2006-2010,incoming
https://ror.org/03v9efr22,The Christie NHS Foundation Trust,GB,United Kingdom,43,UPO,2006-2010,incoming
https://ror.org/03vamsh08,County Durham and Darlington NHS Foundation Trust,GB,United Kingdom,3,UPO,2006-2010,incoming
https://ror.org/03vaxkw63,Institute of Physics and Technology,KZ,Kazakhstan,19,UPO,2006-2010,incoming
https://ror.org/03vayv672,University of Veterinary Medicine,HU,Hungary,9,UPO,2006-2010,incoming
https://ror.org/03vb6df93,Nepean Hospital,AU,Australia,3,UPO,2006-2010,incoming
https://ror.org/03vba6259,Centre Spatial de l'Université de Montpellier,FR,France,1,UPO,2006-2010,incoming
https://ror.org/03vcm6439,Laboratoire d'Analyse et d'Architecture des Systèmes,FR,France,3,UPO,2006-2010,incoming
https://ror.org/03vcw1x21,King Edward Memorial Hospital and Seth G.S. Medical College,IN,India,1,UPO,2006-2010,incoming
https://ror.org/03vcx3f97,Hôpital Purpan,FR,France,7,UPO,2006-2010,incoming
https://ror.org/03veakt65,Military Institute of Engineering,BR,Brazil,4,UPO,2006-2010,incoming
https://ror.org/03vek6s52,Harvard University,US,United States,1,UPO,2006-2010,incoming
https://ror.org/03vgdd632,Ichor Medical Systems (United States),US,United States,3,UPO,2006-2010,incoming
https://ror.org/03vgfxd91,Institut Pascal,FR,France,11,UPO,2006-2010,incoming
https://ror.org/03vgz7r63,Centre for Electrochemical Technologies,ES,Spain,1,UPO,2006-2010,incoming
https://ror.org/03vhnve41,Southern California Earthquake Center,US,United States,5,UPO,2006-2010,incoming
https://ror.org/03vjkf643,Shanghai Tenth People's Hospital,CN,China,2,UPO,2006-2010,incoming
https://ror.org/03vmmgg57,Singapore Immunology Network,SG,Singapore,1,UPO,2006-2010,incoming
https://ror.org/03vn1bh77,Istituto Nazionale di Ricerca Metrologica,IT,Italy,5,UPO,2006-2010,incoming
https://ror.org/03vpj4s62,Max Planck Institute of Molecular Physiology,DE,Germany,3,UPO,2006-2010,incoming
https://ror.org/03vr22992,Connecticut State Colleges and Universities,US,United States,1,UPO,2006-2010,incoming
https://ror.org/03vrj4p82,Federal University of São João del-Rei,BR,Brazil,747,UPO,2006-2010,incoming
https://ror.org/03vrx7m55,University of Allahabad,IN,India,2,UPO,2006-2010,incoming
https://ror.org/03vs03g62,Montreal Heart Institute,CA,Canada,26,UPO,2006-2010,incoming
https://ror.org/03vt3fq09,Affiliated Hospital of Liaoning University of Traditional Chinese Medicine,CN,China,1,UPO,2006-2010,incoming
https://ror.org/03vt5c527,Royal Gwent Hospital,GB,United Kingdom,1,UPO,2006-2010,incoming
https://ror.org/03vt5je06,Scienta Scientific (Sweden),SE,Sweden,3,UPO,2006-2010,incoming
https://ror.org/03vv60b83,Laboratoire de physiologie cellulaire et moléculaire,FR,France,3,UPO,2006-2010,incoming
https://ror.org/03vvhya80,Arkansas Children's Nutrition Center,US,United States,24,UPO,2006-2010,incoming
https://ror.org/03vvynj75,United States Department of State,US,United States,1,UPO,2006-2010,incoming
https://ror.org/03vw2zn10,Hôpital Saint-Vincent-de-Paul,FR,France,4,UPO,2006-2010,incoming
https://ror.org/03vx93323,Norsk Hydro (Norway),NO,Norway,2,UPO,2006-2010,incoming
https://ror.org/03vxay285,Cedar Crest College,US,United States,3,UPO,2006-2010,incoming
https://ror.org/03vxkne37,Centro Científico Tecnológico - Córdoba,AR,Argentina,2,UPO,2006-2010,incoming
https://ror.org/03vyjkj45,Centre d’Immunologie de Marseille-Luminy,FR,France,8,UPO,2006-2010,incoming
https://ror.org/03vyzg221,Groupe de Spectrométrie Moléculaire et Atmosphérique,FR,France,1,UPO,2006-2010,incoming
https://ror.org/03vz8ns51,Ziauddin University,PK,Pakistan,1,UPO,2006-2010,incoming
https://ror.org/03vzbgh69,University Medical Center Freiburg,DE,Germany,60,UPO,2006-2010,incoming
https://ror.org/03vzpaf33,Einstein Medical Center Philadelphia,US,United States,3,UPO,2006-2010,incoming
https://ror.org/03vzvbw58,Riley Hospital for Children,US,United States,3,UPO,2006-2010,incoming
https://ror.org/03w03n990,Centre for Disability Prevention and Rehabilitation,CA,Canada,1,UPO,2006-2010,incoming
https://ror.org/03w04rv71,Iran University of Medical Sciences,IR,Iran,15,UPO,2006-2010,incoming
https://ror.org/03w0kj141,Army Medical College,PK,Pakistan,1,UPO,2006-2010,incoming
https://ror.org/03w11wq45,El Hospital General de Agudos Carlos G. Durand,AR,Argentina,1,UPO,2006-2010,incoming
https://ror.org/03w28pb62,South Eastern Sydney Local Health District,AU,Australia,1,UPO,2006-2010,incoming
https://ror.org/03w2j5y17,National University of Sciences and Technology,PK,Pakistan,493,UPO,2006-2010,incoming
https://ror.org/03w44ff23,Brigham and Women's Faulkner Hospital,US,United States,347,UPO,2006-2010,incoming
https://ror.org/03w4gz080,Advanced Analysis Center,JP,Japan,1,UPO,2006-2010,incoming
https://ror.org/03w4jzj90,Health and Care Research Wales,GB,United Kingdom,1,UPO,2006-2010,incoming
https://ror.org/03w5j8p12,Rega Institute for Medical Research,BE,Belgium,6,UPO,2006-2010,incoming
https://ror.org/03w5sq511,Indian Institute of Technology Kharagpur,IN,India,6,UPO,2006-2010,incoming
https://ror.org/03w6mtb84,Niigata Institute of Technology,JP,Japan,1,UPO,2006-2010,incoming
https://ror.org/03w6p2n94,Bendigo Health,AU,Australia,1,UPO,2006-2010,incoming
https://ror.org/03w7awk87,Steno Diabetes Centers,DK,Denmark,3,UPO,2006-2010,incoming
https://ror.org/03w8cva37,Centro Científico Tecnológico - Tucumán,AR,Argentina,1,UPO,2006-2010,incoming
https://ror.org/03w8m2977,Yibin University,CN,China,5,UPO,2006-2010,incoming
https://ror.org/03wa2q724,Children's National,US,United States,32,UPO,2006-2010,incoming
https://ror.org/03wct8w46,CERMICS,FR,France,4,UPO,2006-2010,incoming
https://ror.org/03wcw7m36,Business Breakthrough University,JP,Japan,3,UPO,2006-2010,incoming
https://ror.org/03wd9za21,European Space Agency,FR,France,4,UPO,2006-2010,incoming
https://ror.org/03wdrmh81,Sahand University of Technology,IR,Iran,1,UPO,2006-2010,incoming
https://ror.org/03wed5r38,Eginition Hospital,GR,Greece,7,UPO,2006-2010,incoming
https://ror.org/03wefcv03,Sunnybrook Health Science Centre,CA,Canada,39,UPO,2006-2010,incoming
https://ror.org/03wevmz92,Harvard Medical School,US,United States,72,UPO,2006-2010,incoming
https://ror.org/03wf7ed39,Wexham Park Hospital,GB,United Kingdom,1,UPO,2006-2010,incoming
https://ror.org/03wfqwh68,Duke University Health System,US,United States,152,UPO,2006-2010,incoming
https://ror.org/03wg7b808,Soonchunhyang University Hospital Bucheon,KR,South Korea,2,UPO,2006-2010,incoming
https://ror.org/03wgsrq67,Vestre Viken Hospital Trust,NO,Norway,1,UPO,2006-2010,incoming
https://ror.org/03whr7s66,Center for Interdisciplinary Studies,IN,India,3,UPO,2006-2010,incoming
https://ror.org/03wjwyj98,Eppendorf (Germany),DE,Germany,7,UPO,2006-2010,incoming
https://ror.org/03wkg3b53,National Eye Institute,US,United States,7,UPO,2006-2010,incoming
https://ror.org/03wkt5x30,Muséum national d'Histoire naturelle,FR,France,8,UPO,2006-2010,incoming
https://ror.org/03wmf1y16,University of Colorado Anschutz Medical Campus,US,United States,26,UPO,2006-2010,incoming
https://ror.org/03wnay029,Abbott (United Kingdom),GB,United Kingdom,4,UPO,2006-2010,incoming
https://ror.org/03wneb138,National Institute for Parasitic Diseases,CN,China,1,UPO,2006-2010,incoming
https://ror.org/03wnrsb51,Shandong Provincial QianFoShan Hospital,CN,China,1,UPO,2006-2010,incoming
https://ror.org/03wqxws86,Teine Keijinkai Hospital,JP,Japan,1,UPO,2006-2010,incoming
https://ror.org/03wv1cb14,Ministry of Education and Research,NO,Norway,1,UPO,2006-2010,incoming
https://ror.org/03wvsyq85,University Hospitals Sussex NHS Foundation Trust,GB,United Kingdom,3,UPO,2006-2010,incoming
https://ror.org/03wvtrq14,National Institute of Fundamental Studies,LK,Sri Lanka,6,UPO,2006-2010,incoming
https://ror.org/03wx2rr30,University of Ibadan,NG,Nigeria,5,UPO,2006-2010,incoming
https://ror.org/03wxndv36,Centre de Recherche Saint-Antoine,FR,France,3,UPO,2006-2010,incoming
https://ror.org/03wy09077,Groupe Hospitalo-Universitaire Paris Nord,FR,France,6,UPO,2006-2010,incoming
https://ror.org/03wyf0g15,Istituto di Chimica Biomolecolare,IT,Italy,26,UPO,2006-2010,incoming
https://ror.org/03wyzt892,Centre for Genomic Regulation,ES,Spain,11,UPO,2006-2010,incoming
https://ror.org/03x0d4x24,Pacific Northwest Diabetes Research Institute,US,United States,3,UPO,2006-2010,incoming
https://ror.org/03x1ewr52,Thermo Fisher Scientific (United States),US,United States,4,UPO,2006-2010,incoming
https://ror.org/03x1jna21,Central China Normal University,CN,China,630,UPO,2006-2010,incoming
https://ror.org/03x1z2w73,Laboratoire d'Écologie Alpine,FR,France,1,UPO,2006-2010,incoming
https://ror.org/03x1zq178,College of Business Administration,LV,Latvia,2,UPO,2006-2010,incoming
https://ror.org/03x2a1f75,Instituto de Ciencias de La Construcción Eduardo Torroja,ES,Spain,1,UPO,2006-2010,incoming
https://ror.org/03x2xt559,Pfizer (Spain),ES,Spain,3,UPO,2006-2010,incoming
https://ror.org/03x3axr33,University of Bacău,RO,Romania,1,UPO,2006-2010,incoming
https://ror.org/03x3g5467,Taylor Family Institute for Innovative Psychiatric Research,US,United States,1,UPO,2006-2010,incoming
https://ror.org/03x42jk29,Université Gustave Eiffel,FR,France,7,UPO,2006-2010,incoming
https://ror.org/03x516a66,Federal Institute For Materials Research and Testing,DE,Germany,4,UPO,2006-2010,incoming
https://ror.org/03x57gn41,Australian Institute of Marine Science,AU,Australia,4,UPO,2006-2010,incoming
https://ror.org/03x6bc282,American Medical Student Association,US,United States,1,UPO,2006-2010,incoming
https://ror.org/03x7fn667,Western Regional Research Center,US,United States,2,UPO,2006-2010,incoming
https://ror.org/03x7xkr71,Institute of Sciences of Food Production,IT,Italy,19,UPO,2006-2010,incoming
https://ror.org/03x80pn82,Harbin Engineering University,CN,China,1,UPO,2006-2010,incoming
https://ror.org/03x8p5f11,Molecular Sciences Software Institute,US,United States,5,UPO,2006-2010,incoming
https://ror.org/03x8rhq63,Institute of Modern Physics,CN,China,36,UPO,2006-2010,incoming
https://ror.org/03x94j517,Medical Research Council,GB,United Kingdom,149,UPO,2006-2010,incoming
https://ror.org/03x9g7m54,Lebanese German University,LB,Lebanon,1,UPO,2006-2010,incoming
https://ror.org/03xabzk72,Galway Clinic,IE,Ireland,2,UPO,2006-2010,incoming
https://ror.org/03xawq568,Agricultural University of Athens,GR,Greece,1,UPO,2006-2010,incoming
https://ror.org/03xaz7s88,Claremont Colleges,US,United States,3,UPO,2006-2010,incoming
https://ror.org/03xb04968,Anhui Medical University,CN,China,19,UPO,2006-2010,incoming
https://ror.org/03xba7c91,Fiona Stanley Fremantle Hospitals Group,AU,Australia,5,UPO,2006-2010,incoming
https://ror.org/03xbccz06,Wellcome Centre for Cell Biology,GB,United Kingdom,1,UPO,2006-2010,incoming
https://ror.org/03xbkmz44,Athens Naval & Veterans Hospital,GR,Greece,1,UPO,2006-2010,incoming
https://ror.org/03xcn0p72,Institute of Himalayan Bioresource Technology,IN,India,2,UPO,2006-2010,incoming
https://ror.org/03xddgg98,Mexican Social Security Institute,MX,Mexico,18,UPO,2006-2010,incoming
https://ror.org/03xe7w214,East–West University,US,United States,3,UPO,2006-2010,incoming
https://ror.org/03xejxm22,"Istituto Nazionale di Fisica Nucleare, Sezione di Milano Bicocca",IT,Italy,14,UPO,2006-2010,incoming
https://ror.org/03xez1567,Salk Institute for Biological Studies,US,United States,15,UPO,2006-2010,incoming
https://ror.org/03xfq7a50,Centre Oscar Lambret,FR,France,19,UPO,2006-2010,incoming
https://ror.org/03xg1f311,Kansai University,JP,Japan,5,UPO,2006-2010,incoming
https://ror.org/03xg85719,Institute for Advanced Study,DE,Germany,1,UPO,2006-2010,incoming
https://ror.org/03xgnzp28,Colorado Center for Bone Research,US,United States,1,UPO,2006-2010,incoming
https://ror.org/03xgxw153,Subaru (Japan),JP,Japan,2,UPO,2006-2010,incoming
https://ror.org/03xh9nq73,Leibniz Institute for Baltic Sea Research Warnemünde,DE,Germany,7,UPO,2006-2010,incoming
https://ror.org/03xhggy77,Centre Interuniversitaire de Recherche et d’Ingénierie des Matériaux,FR,France,2,UPO,2006-2010,incoming
https://ror.org/03xj2sn10,Complejo Hospitalario Universitario de Ferrol,ES,Spain,3,UPO,2006-2010,incoming
https://ror.org/03xj60w92,St Michael’s Hospital,GB,United Kingdom,1,UPO,2006-2010,incoming
https://ror.org/03xjacd83,Cleveland Clinic,US,United States,215,UPO,2006-2010,incoming
https://ror.org/03xjwb503,Université Paris-Saclay,FR,France,1636,UPO,2006-2010,incoming
https://ror.org/03xk60j79,Instituto de Química Física Blas Cabrera,ES,Spain,9,UPO,2006-2010,incoming
https://ror.org/03xpwj629,Liaoning University,CN,China,12,UPO,2006-2010,incoming
https://ror.org/03xq4x896,Instituut voor Tropische Geneeskunde,BE,Belgium,5,UPO,2006-2010,incoming
https://ror.org/03xq7w797,Centre Hospitalier de Luxembourg,LU,Luxembourg,3,UPO,2006-2010,incoming
https://ror.org/03xqffv86,Royal Bournemouth and Christchurch Hospitals NHS Foundation Trust,GB,United Kingdom,16,UPO,2006-2010,incoming
https://ror.org/03xqtf034,The Netherlands Cancer Institute,NL,The Netherlands,64,UPO,2006-2010,incoming
https://ror.org/03xrhmk39,Vlaams Instituut voor Biotechnologie,BE,Belgium,12,UPO,2006-2010,incoming
https://ror.org/03xrrjk67,University of Alabama,US,United States,44,UPO,2006-2010,incoming
https://ror.org/03xrts777,Shizuoka Medical Center,JP,Japan,4,UPO,2006-2010,incoming
https://ror.org/03xs9yg50,Rural Development Administration,KR,South Korea,2,UPO,2006-2010,incoming
https://ror.org/03xssrp53,Délégation Régionale Occitanie Pyrénées,FR,France,9,UPO,2006-2010,incoming
https://ror.org/03xt0bg88,Dr. B. R. Ambedkar National Institute of Technology Jalandhar,IN,India,6,UPO,2006-2010,incoming
https://ror.org/03xwa9562,University of Pennsylvania Press,US,United States,348,UPO,2006-2010,incoming
https://ror.org/03xww6m08,Nicolae Testemițanu State University of Medicine and Pharmacy,MD,Moldova,1,UPO,2006-2010,incoming
https://ror.org/03xy0wx88,Biomedical Research Council,SG,Singapore,48,UPO,2006-2010,incoming
https://ror.org/03xygw105,Universidad de Oriente,VE,Venezuela,2,UPO,2006-2010,incoming
https://ror.org/03xyjdy64,Los Angeles County Department of Health Services,US,United States,33,UPO,2006-2010,incoming
https://ror.org/03xzagw65,Hôpital Lapeyronie,FR,France,3,UPO,2006-2010,incoming
https://ror.org/03y191s38,Yan Chai Hospital,HK,Hong Kong,1,UPO,2006-2010,incoming
https://ror.org/03y1rev40,Hyvinkää Hospital,FI,Finland,2,UPO,2006-2010,incoming
https://ror.org/03y1zyv86,Oklahoma State University Oklahoma City,US,United States,1,UPO,2006-2010,incoming
https://ror.org/03y2x8717,University of Medicine Tirana,AL,Albania,1,UPO,2006-2010,incoming
https://ror.org/03y2yf271,Time Université,TN,Tunisia,4,UPO,2006-2010,incoming
https://ror.org/03y3e3s17,Shanxi University,CN,China,18,UPO,2006-2010,incoming
https://ror.org/03y4dt428,University of Nottingham Ningbo China,CN,China,2,UPO,2006-2010,incoming
https://ror.org/03y5egs41,University of Pannonia,HU,Hungary,3,UPO,2006-2010,incoming
https://ror.org/03y6k2j68,Universidad Católica de la Santísima Concepción,CL,Chile,2,UPO,2006-2010,incoming
https://ror.org/03y71xh61,University of Richmond,US,United States,30,UPO,2006-2010,incoming
https://ror.org/03y76pe29,Albany Molecular Research (United States),US,United States,3,UPO,2006-2010,incoming
https://ror.org/03y7q9t39,University of Canterbury,NZ,New Zealand,872,UPO,2006-2010,incoming
https://ror.org/03y8mtb59,Jordan University of Science and Technology,JO,Jordan,4,UPO,2006-2010,incoming
https://ror.org/03ybx0x41,Department of Biomedicine Basel,CH,Switzerland,641,UPO,2006-2010,incoming
https://ror.org/03ycmew18,Matsushita Memorial Hospital,JP,Japan,1,UPO,2006-2010,incoming
https://ror.org/03ycms792,National Nuclear Energy Commission,BR,Brazil,4,UPO,2006-2010,incoming
https://ror.org/03ycqrz18,Centro Nacional de Microelectrónica,ES,Spain,6,UPO,2006-2010,incoming
https://ror.org/03yczjf25,Universidad Peruana Cayetano Heredia,PE,Peru,2,UPO,2006-2010,incoming
https://ror.org/03ydkyb10,University of Wisconsin System,US,United States,728,UPO,2006-2010,incoming
https://ror.org/03yeq9x20,University of Lincoln,GB,United Kingdom,6,UPO,2006-2010,incoming
https://ror.org/03yez3163,King Fahd University of Petroleum and Minerals,SA,Saudi Arabia,6,UPO,2006-2010,incoming
https://ror.org/03yfnyw34,"National Medical Research Center for Obstetrics, Gynecology and Perinatology named after Academician V.I.Kulakov of the Ministry of Healthcare of the Russian Federation",RU,Russia,1,UPO,2006-2010,incoming
https://ror.org/03yg7hz06,Centre for Cancer Biology,AU,Australia,2,UPO,2006-2010,incoming
https://ror.org/03yghzc09,University of Exeter,GB,United Kingdom,29,UPO,2006-2010,incoming
https://ror.org/03ygmq230,Trent University,CA,Canada,11,UPO,2006-2010,incoming
https://ror.org/03yh0n709,Liaocheng University,CN,China,1,UPO,2006-2010,incoming
https://ror.org/03yj89h83,University of Oulu,FI,Finland,395,UPO,2006-2010,incoming
https://ror.org/03yjb2x39,University of Calgary,CA,Canada,106,UPO,2006-2010,incoming
https://ror.org/03yk4dt83,Hospital Universitario Lluís Alcanyís,ES,Spain,1,UPO,2006-2010,incoming
https://ror.org/03yk8xt33,Shikoku Cancer Center,JP,Japan,1,UPO,2006-2010,incoming
https://ror.org/03ykbk197,University of Portsmouth,GB,United Kingdom,11,UPO,2006-2010,incoming
https://ror.org/03ykm7q16,Saitama Prefecture,JP,Japan,2,UPO,2006-2010,incoming
https://ror.org/03ymk3103,University of Washington School of Medicine,US,United States,32,UPO,2006-2010,incoming
https://ror.org/03ymmms77,Institute of Continuous Media Mechanics,RU,Russia,2,UPO,2006-2010,incoming
https://ror.org/03ymy8z76,Taipei Veterans General Hospital,TW,Taiwan,51,UPO,2006-2010,incoming
https://ror.org/03yn44v82,Institut Georges Lopez,FR,France,1,UPO,2006-2010,incoming
https://ror.org/03yn8s215,Vienna University of Economics and Business,AT,Austria,1,UPO,2006-2010,incoming
https://ror.org/03ynhs115,Rocky Mountain Cancer Centers,US,United States,1,UPO,2006-2010,incoming
https://ror.org/03yp8z857,University of Missouri Health System,US,United States,64,UPO,2006-2010,incoming
https://ror.org/03ypap427,Saudi Aramco (Saudi Arabia),SA,Saudi Arabia,4,UPO,2006-2010,incoming
https://ror.org/03ypbx660,Renji Hospital,CN,China,12,UPO,2006-2010,incoming
https://ror.org/03yph8055,Changsha University of Science and Technology,CN,China,3,UPO,2006-2010,incoming
https://ror.org/03yppfm65,Université Stendhal – Grenoble 3,FR,France,1,UPO,2006-2010,incoming
https://ror.org/03yq5aa85,Medtronic (Italy),IT,Italy,4,UPO,2006-2010,incoming
https://ror.org/03yr0pg70,Biomedical Research Institute,US,United States,11,UPO,2006-2010,incoming
https://ror.org/03yrrjy16,University of Southern Denmark,DK,Denmark,99,UPO,2006-2010,incoming
https://ror.org/03ysk5e42,University of Suwon,KR,South Korea,4,UPO,2006-2010,incoming
https://ror.org/03ytdtb31,Sanofi (Germany),DE,Germany,2,UPO,2006-2010,incoming
https://ror.org/03ytt7k16,Danish Cancer Society,DK,Denmark,67,UPO,2006-2010,incoming
https://ror.org/03yv4n892,Vanderbilt University School of Medicine,US,United States,2,UPO,2006-2010,incoming
https://ror.org/03yvabt26,Instituto de Ecología,MX,Mexico,3,UPO,2006-2010,incoming
https://ror.org/03yvcww04,North Shore Hospital,NZ,New Zealand,1,UPO,2006-2010,incoming
https://ror.org/03yvpw311,State Key Laboratory of High Performance Ceramics and Superfine Microstructure,CN,China,5,UPO,2006-2010,incoming
https://ror.org/03yw66316,Hospital Universitario De Cabueñes,ES,Spain,2,UPO,2006-2010,incoming
https://ror.org/03ywn7d79,Institut de Chimie Organique et Analytique,FR,France,6,UPO,2006-2010,incoming
https://ror.org/03yxgmm62,Fremantle Hospital,AU,Australia,5,UPO,2006-2010,incoming
https://ror.org/03yxnpp24,Universidad de Sevilla,ES,Spain,37,UPO,2006-2010,incoming
https://ror.org/03yzt0q73,Penn State Beaver,US,United States,1,UPO,2006-2010,incoming
https://ror.org/03z0bdc81,Bundang Jesaeng Hospital,KR,South Korea,1,UPO,2006-2010,incoming
https://ror.org/03z0mke78,Royal Victoria Eye and Ear Hospital,IE,Ireland,1,UPO,2006-2010,incoming
https://ror.org/03z1w3b90,CHI Health Creighton University Medical Center - Bergan Mercy,US,United States,8,UPO,2006-2010,incoming
https://ror.org/03z27es23,Universidad Mayor de San Simón,BO,Bolivia,1,UPO,2006-2010,incoming
https://ror.org/03z28c516,Rio Tinto (Australia),AU,Australia,1,UPO,2006-2010,incoming
https://ror.org/03z391397,Guilin University of Technology,CN,China,1,UPO,2006-2010,incoming
https://ror.org/03z3mg085,Paracelsus Medical University,AT,Austria,16,UPO,2006-2010,incoming
https://ror.org/03z475876,Policlinico Tor Vergata,IT,Italy,1,UPO,2006-2010,incoming
https://ror.org/03z4c6358,Institute of Nuclear Physics of Lyon,FR,France,1443,UPO,2006-2010,incoming
https://ror.org/03z58xd74,Institute for the Dynamics of Environmental Processes,IT,Italy,2,UPO,2006-2010,incoming
https://ror.org/03z5b5h37,S:t Eriks Ögonsjukhus,SE,Sweden,1,UPO,2006-2010,incoming
https://ror.org/03z698x91,National Pingtung University,TW,Taiwan,1,UPO,2006-2010,incoming
https://ror.org/03z77qz90,University of Tartu,EE,Estonia,55,UPO,2006-2010,incoming
https://ror.org/03z7kp760,Asia University,TW,Taiwan,11,UPO,2006-2010,incoming
https://ror.org/03z8fyr40,Karadeniz Technical University,TR,Turkey,6,UPO,2006-2010,incoming
https://ror.org/03z8sn326,Women & Infants Hospital of Rhode Island,US,United States,2,UPO,2006-2010,incoming
https://ror.org/03z8x2j90,Frenchay Hospital,GB,United Kingdom,11,UPO,2006-2010,incoming
https://ror.org/03z9tma90,Boğaziçi University,TR,Turkey,871,UPO,2006-2010,incoming
https://ror.org/03zaddr67,Moorfields Eye Hospital NHS Foundation Trust,GB,United Kingdom,5,UPO,2006-2010,incoming
https://ror.org/03zav0w05,Institut Universitaire de Technologie de Dijon/Auxerre,FR,France,2,UPO,2006-2010,incoming
https://ror.org/03zayce58,Princess Margaret Cancer Centre,CA,Canada,39,UPO,2006-2010,incoming
https://ror.org/03zbnzt98,Woods Hole Oceanographic Institution,US,United States,4,UPO,2006-2010,incoming
https://ror.org/03zcpvf19,University Hospitals of the Ruhr-University of Bochum,DE,Germany,32,UPO,2006-2010,incoming
https://ror.org/03zd3ta61,Shanxi Normal University,CN,China,31,UPO,2006-2010,incoming
https://ror.org/03zd7qx32,Ústav pro Péči o Matku a Dítě,CZ,Czechia,2,UPO,2006-2010,incoming
https://ror.org/03zdwsf69,University of Rostock,DE,Germany,69,UPO,2006-2010,incoming
https://ror.org/03zeg8w71,Steklov Mathematical Institute,RU,Russia,1,UPO,2006-2010,incoming
https://ror.org/03zek0r74,Institut Agro Dijon,FR,France,6,UPO,2006-2010,incoming
https://ror.org/03zfa9g67,State Key Laboratory of Animal Nutrition,CN,China,1,UPO,2006-2010,incoming
https://ror.org/03zga2b32,University of Bergen,NO,Norway,687,UPO,2006-2010,incoming
https://ror.org/03zhhr656,Kyoto University of Education,JP,Japan,3,UPO,2006-2010,incoming
https://ror.org/03zhk7994,London Chest Hospital,GB,United Kingdom,2,UPO,2006-2010,incoming
https://ror.org/03zhmy467,San Gallicano Hospital,IT,Italy,21,UPO,2006-2010,incoming
https://ror.org/03zjj0p70,Population Council,US,United States,4,UPO,2006-2010,incoming
https://ror.org/03zjqec80,Hospital for Special Surgery,US,United States,14,UPO,2006-2010,incoming
https://ror.org/03zjvnn91,Edinburgh Napier University,GB,United Kingdom,4,UPO,2006-2010,incoming
https://ror.org/03zk9v026,Sutter Medical Center,US,United States,2,UPO,2006-2010,incoming
https://ror.org/03zmrmn05,Xi’an Jiaotong-Liverpool University,CN,China,20,UPO,2006-2010,incoming
https://ror.org/03zn16x61,Myongji Hospital,KR,South Korea,4,UPO,2006-2010,incoming
https://ror.org/03zn9nd89,Department of Health,PH,Philippines,2,UPO,2006-2010,incoming
https://ror.org/03znpfq81,Institute of Nuclear and Particle Physics,GR,Greece,3,UPO,2006-2010,incoming
https://ror.org/03zpnb459,Bikur Cholim Hospital,IL,Israel,7,UPO,2006-2010,incoming
https://ror.org/03zrdpv47,Institute of Molecular Biology and Biotechnology,BG,Bulgaria,1,UPO,2006-2010,incoming
https://ror.org/03zsjhd07,University of Arkansas at Pine Bluff,US,United States,2,UPO,2006-2010,incoming
https://ror.org/03zsp3p94,University of the Aegean,GR,Greece,127,UPO,2006-2010,incoming
https://ror.org/03zww1h73,University Hospital of Ioannina,GR,Greece,9,UPO,2006-2010,incoming
https://ror.org/03zwxja46,HUN-REN Research Centre for Natural Sciences,HU,Hungary,20,UPO,2006-2010,incoming
https://ror.org/03zx86w41,ESPCI Paris,FR,France,47,UPO,2006-2010,incoming
https://ror.org/03zxjdk07,Saxon Academy of Sciences and Humanities in Leipzig,DE,Germany,1,UPO,2006-2010,incoming
https://ror.org/03zydm450,Great Ormond Street Hospital for Children NHS Foundation Trust,GB,United Kingdom,7,UPO,2006-2010,incoming
https://ror.org/03zyp6p76,Yokohama National University,JP,Japan,4,UPO,2006-2010,incoming
https://ror.org/03zyxxj44,Centre intégré universitaire de santé et de services sociaux de l'Est-de-l'Île-de-Montréal,CA,Canada,4,UPO,2006-2010,incoming
https://ror.org/03zzj3f20,Fields Institute for Research in Mathematical Sciences,CA,Canada,1,UPO,2006-2010,incoming
https://ror.org/03zzmyz63,Philadelphia University,US,United States,17,UPO,2006-2010,incoming
https://ror.org/03zzvtn22,Klinikum im Friedrichshain,DE,Germany,1,UPO,2006-2010,incoming
https://ror.org/03zzw1w08,Mayo Clinic in Florida,US,United States,31,UPO,2006-2010,incoming
https://ror.org/03zzzks34,Liverpool Hospital,AU,Australia,11,UPO,2006-2010,incoming
https://ror.org/0400avk24,University of Bedfordshire,GB,United Kingdom,1,UPO,2006-2010,incoming
https://ror.org/0400g8r85,Sun Yat-sen University Cancer Center,CN,China,6,UPO,2006-2010,incoming
https://ror.org/0400j3f74,GTx (United States),US,United States,1,UPO,2006-2010,incoming
https://ror.org/0402pty94,University of Chemical Technology and Metallurgy,BG,Bulgaria,1,UPO,2006-2010,incoming
https://ror.org/04031z735,Universidade Brasil,BR,Brazil,3,UPO,2006-2010,incoming
https://ror.org/04032fz76,Hospitais da Universidade de Coimbra,PT,Portugal,4,UPO,2006-2010,incoming
https://ror.org/0403byw97,Hungarian Demographic Research Institute,HU,Hungary,1,UPO,2006-2010,incoming
https://ror.org/0403nr398,Presbyterian Healthcare Services,US,United States,9,UPO,2006-2010,incoming
https://ror.org/0403qcr87,Asian Institute of Technology,TH,Thailand,3,UPO,2006-2010,incoming
https://ror.org/04043k259,Austral University,AR,Argentina,1,UPO,2006-2010,incoming
https://ror.org/0404psf52,Quantitative Genomics Medicine Laboratories (qGenomics),ES,Spain,1,UPO,2006-2010,incoming
https://ror.org/0405mnx93,Texas Tech University,US,United States,915,UPO,2006-2010,incoming
https://ror.org/0405n5e57,National Institute of Mental Health and Neurosciences,IN,India,11,UPO,2006-2010,incoming
https://ror.org/0405thq08,Saint Ambrose University,US,United States,1,UPO,2006-2010,incoming
https://ror.org/0406gha72,"University of Nevada, Las Vegas",US,United States,6,UPO,2006-2010,incoming
https://ror.org/0407f1r36,Uniwersytet SWPS,PL,Poland,2,UPO,2006-2010,incoming
https://ror.org/040896072,"University Hospital for Infectious Diseases ""Dr Fran Mihaljevic""",HR,Croatia,1,UPO,2006-2010,incoming
https://ror.org/04091f946,Széchenyi István University,HU,Hungary,1,UPO,2006-2010,incoming
https://ror.org/0409dgb37,Universidade Federal de Viçosa,BR,Brazil,6,UPO,2006-2010,incoming
https://ror.org/0409k5a27,Shenzhen Children's Hospital,CN,China,2,UPO,2006-2010,incoming
https://ror.org/0409zd934,University of Cartagena,CO,Colombia,1,UPO,2006-2010,incoming
https://ror.org/040af2s02,University of Helsinki,FI,Finland,1457,UPO,2006-2010,incoming
https://ror.org/040at6s67,Centro de Investigação em Química,PT,Portugal,3,UPO,2006-2010,incoming
https://ror.org/040baw385,Centrale Marseille,FR,France,4,UPO,2006-2010,incoming
https://ror.org/040c17130,Kyungpook National University,KR,South Korea,1065,UPO,2006-2010,incoming
https://ror.org/040cmp171,Asahi Kasei (Germany),DE,Germany,2,UPO,2006-2010,incoming
https://ror.org/040cnym54,Pennington Biomedical Research Center,US,United States,8,UPO,2006-2010,incoming
https://ror.org/040dd7568,Arthritis and Rheumatology Clinics of Kansas,US,United States,3,UPO,2006-2010,incoming
https://ror.org/040djv263,Max Planck Institute for Molecular Biomedicine,DE,Germany,1,UPO,2006-2010,incoming
https://ror.org/040dky007,Indian Institute of Chemical Technology,IN,India,10,UPO,2006-2010,incoming
https://ror.org/040dkzz12,Yahoo (United States),US,United States,16,UPO,2006-2010,incoming
https://ror.org/040f08y74,"St George's, University of London",GB,United Kingdom,44,UPO,2006-2010,incoming
https://ror.org/040f6ar92,Tafresh University,IR,Iran,14,UPO,2006-2010,incoming
https://ror.org/040gcmg81,National Cancer Institute,US,United States,290,UPO,2006-2010,incoming
https://ror.org/040gykh71,Universidad de Ingeniería y Tecnología,PE,Peru,5,UPO,2006-2010,incoming
https://ror.org/040hqpc16,Mater Misericordiae University Hospital,IE,Ireland,7,UPO,2006-2010,incoming
https://ror.org/040hwdc70,Université Lille 1,FR,France,10,UPO,2006-2010,incoming
https://ror.org/040jf9322,Luxembourg Institute of Socio-Economic Research,LU,Luxembourg,1,UPO,2006-2010,incoming
https://ror.org/040kfrw16,SUNY Upstate Medical University,US,United States,22,UPO,2006-2010,incoming
https://ror.org/040kx1j83,Instituto de Física de Cantabria,ES,Spain,711,UPO,2006-2010,incoming
https://ror.org/040nggs60,West China Medical Center of Sichuan University,CN,China,1,UPO,2006-2010,incoming
https://ror.org/040qhpb54,Aomori University,JP,Japan,3,UPO,2006-2010,incoming
https://ror.org/040qrra89,G.V. (Sonny) Montgomery VA Medical Center,US,United States,1,UPO,2006-2010,incoming
https://ror.org/040r3xq19,Universidad de León,MX,Mexico,4,UPO,2006-2010,incoming
https://ror.org/040r57n67,Nicolaus Copernicus Astronomical Center,PL,Poland,2,UPO,2006-2010,incoming
https://ror.org/040r8fr65,Aarhus University Hospital,DK,Denmark,106,UPO,2006-2010,incoming
https://ror.org/040scgh75,Comunidad de Madrid,ES,Spain,132,UPO,2006-2010,incoming
https://ror.org/040w2dm02,Interuniversity Institute for High Energies,BE,Belgium,72,UPO,2006-2010,incoming
https://ror.org/040wb2y55,University of Luhansk,UA,Ukraine,16,UPO,2006-2010,incoming
https://ror.org/040wg7k59,Chalmers University of Technology,SE,Sweden,51,UPO,2006-2010,incoming
https://ror.org/040wrkp27,Institute of Biomedical Chemistry,RU,Russia,2,UPO,2006-2010,incoming
https://ror.org/040xzg562,Hospital Universitario Puerta del Mar,ES,Spain,3,UPO,2006-2010,incoming
https://ror.org/040ypnf94,Women‘s Healthcare Group,DE,Germany,1,UPO,2006-2010,incoming
https://ror.org/0410a8y51,Centre Hospitalier de l’Université de Montréal,CA,Canada,25,UPO,2006-2010,incoming
https://ror.org/0410k9915,China Shipbuilding Industry Corporation (China),CN,China,9,UPO,2006-2010,incoming
https://ror.org/041137e25,Central Institute of Freshwater Aquaculture,IN,India,1,UPO,2006-2010,incoming
https://ror.org/0411seq30,Kocaeli Üniversitesi,TR,Turkey,9,UPO,2006-2010,incoming
https://ror.org/0413xn342,Houston Advanced Research Center,US,United States,5,UPO,2006-2010,incoming
https://ror.org/04155gf20,Institute of Technologists,JP,Japan,6,UPO,2006-2010,incoming
https://ror.org/0415vcw02,Czech University of Life Sciences Prague,CZ,Czechia,4,UPO,2006-2010,incoming
https://ror.org/041621784,Texas Health and Science University,US,United States,7,UPO,2006-2010,incoming
https://ror.org/041684t28,Mental Health Research Institute,AU,Australia,26,UPO,2006-2010,incoming
https://ror.org/04175wc52,Düzce Üniversitesi,TR,Turkey,3,UPO,2006-2010,incoming
https://ror.org/0417sdw47,Korea Basic Science Institute,KR,South Korea,5,UPO,2006-2010,incoming
https://ror.org/0417ye583,Statens Serum Institut,DK,Denmark,12,UPO,2006-2010,incoming
https://ror.org/0419bgt07,University of Florida Health Science Center,US,United States,2,UPO,2006-2010,incoming
https://ror.org/0419drx70,Hokkaido University Hospital,JP,Japan,4,UPO,2006-2010,incoming
https://ror.org/0419nfc77,China Three Gorges University,CN,China,1,UPO,2006-2010,incoming
https://ror.org/041akq887,Universidade Federal de Santa Catarina,BR,Brazil,42,UPO,2006-2010,incoming
https://ror.org/041b8zc76,Institute for Work & Health,CA,Canada,2,UPO,2006-2010,incoming
https://ror.org/041bf1s37,Kanto Gakuin University,JP,Japan,1,UPO,2006-2010,incoming
https://ror.org/041c6tx10,Southwest General Health Center,US,United States,1,UPO,2006-2010,incoming
https://ror.org/041gqhg24,University of Maine at Augusta,US,United States,1,UPO,2006-2010,incoming
https://ror.org/041gvmd67,Fundació de Recerca Clínic Barcelona-Institut d’Investigacions Biomèdiques August Pi i Sunyer,ES,Spain,60,UPO,2006-2010,incoming
https://ror.org/041hz9568,Korea Institute for Advanced Study,KR,South Korea,12,UPO,2006-2010,incoming
https://ror.org/041j8js14,Qingdao University of Science and Technology,CN,China,7,UPO,2006-2010,incoming
https://ror.org/041jswc25,Central Research Institute of Electric Power Industry,JP,Japan,2,UPO,2006-2010,incoming
https://ror.org/041jx2z70,Triangle Research and Development Center,IL,Israel,1,UPO,2006-2010,incoming
https://ror.org/041jyzp61,Van Yüzüncü Yıl Üniversitesi,TR,Turkey,12,UPO,2006-2010,incoming
https://ror.org/041kmwe10,Imperial College London,GB,United Kingdom,1405,UPO,2006-2010,incoming
https://ror.org/041m9xr71,Ames National Laboratory,US,United States,6,UPO,2006-2010,incoming
https://ror.org/041mcya16,Nagano Red Cross Hospital,JP,Japan,1,UPO,2006-2010,incoming
https://ror.org/041nas322,University of Bonn,DE,Germany,662,UPO,2006-2010,incoming
https://ror.org/041ndzj79,University of New Mexico,US,United States,117,UPO,2006-2010,incoming
https://ror.org/041nhzq95,Penn State Berks,US,United States,8,UPO,2006-2010,incoming
https://ror.org/041nk4h53,Lawrence Livermore National Laboratory,US,United States,1369,UPO,2006-2010,incoming
https://ror.org/041pakw92,Renmin University of China,CN,China,10,UPO,2006-2010,incoming
https://ror.org/041pjwa23,Universidade do Vale do Itajaí,BR,Brazil,1,UPO,2006-2010,incoming
https://ror.org/041px5t13,Centro de Física Miguel Antonio Catalán,ES,Spain,1,UPO,2006-2010,incoming
https://ror.org/041pxbv16,Ushiku Aiwa General Hospital,JP,Japan,1,UPO,2006-2010,incoming
https://ror.org/041q3q398,Nnamdi Azikiwe University Teaching Hospital,NG,Nigeria,1,UPO,2006-2010,incoming
https://ror.org/041qf4r12,"China University of Petroleum, Beijing",CN,China,1,UPO,2006-2010,incoming
https://ror.org/041rhpw39,Centre Hospitalier Universitaire de Grenoble,FR,France,14,UPO,2006-2010,incoming
https://ror.org/041rme308,Heart of England NHS Foundation Trust,GB,United Kingdom,6,UPO,2006-2010,incoming
https://ror.org/041sz8d87,University of Reggio Calabria,IT,Italy,3,UPO,2006-2010,incoming
https://ror.org/041tgg678,Kuwait Institute for Scientific Research,KW,Kuwait,1,UPO,2006-2010,incoming
https://ror.org/041tqx430,Ningbo College of Health Sciences,CN,China,2,UPO,2006-2010,incoming
https://ror.org/041v5th48,Affiliated Hospital of Shaanxi University of Chinese Medicine,CN,China,1,UPO,2006-2010,incoming
https://ror.org/041vekr17,Argosy University,US,United States,1,UPO,2006-2010,incoming
https://ror.org/041vn2102,Cedars-Sinai Smidt Heart Institute,US,United States,5,UPO,2006-2010,incoming
https://ror.org/041vwff03,Fuso Pharmaceutical Industries (Japan),JP,Japan,1,UPO,2006-2010,incoming
https://ror.org/041w4x997,Chelsea Hospital,US,United States,1,UPO,2006-2010,incoming
https://ror.org/041xya991,University of Wisconsin School of Medicine and Public Health,US,United States,4,UPO,2006-2010,incoming
https://ror.org/041xzk838,Instituto di Biofisica,ES,Spain,10,UPO,2006-2010,incoming
https://ror.org/041yg4h55,École Nationale Supérieure de Chimie de Lille,FR,France,7,UPO,2006-2010,incoming
https://ror.org/041yj5753,Stomatology Hospital,CN,China,1,UPO,2006-2010,incoming
https://ror.org/041yk2d64,Universidade Federal do Rio Grande do Sul,BR,Brazil,3,UPO,2006-2010,incoming
https://ror.org/041yqj635,Steel Authority of India Limited,IN,India,27,UPO,2006-2010,incoming
https://ror.org/041zkgm14,University of Ferrara,IT,Italy,423,UPO,2006-2010,incoming
https://ror.org/04204gr61,University of Havana,CU,Cuba,10,UPO,2006-2010,incoming
https://ror.org/0420db125,Rockefeller University,US,United States,872,UPO,2006-2010,incoming
https://ror.org/0421ba211,Turku Centre for Biotechnology,FI,Finland,10,UPO,2006-2010,incoming
https://ror.org/0421dgn24,Taipei Municipal Women and Children's Hospital,TW,Taiwan,1,UPO,2006-2010,incoming
https://ror.org/0421f6a14,Naval Hospital Jacksonville,US,United States,1,UPO,2006-2010,incoming
https://ror.org/0421w8947,Immanuel Kant Baltic Federal University,RU,Russia,1,UPO,2006-2010,incoming
https://ror.org/0424bsv16,Universitair Ziekenhuis Leuven,BE,Belgium,3,UPO,2006-2010,incoming
https://ror.org/0424g0k78,Istituto Giannina Gaslini,IT,Italy,55,UPO,2006-2010,incoming
https://ror.org/0424h4e32,Institute of Atmospheric Physics,CN,China,1,UPO,2006-2010,incoming
https://ror.org/0425pg203,Gobierno de Aragón,ES,Spain,1,UPO,2006-2010,incoming
https://ror.org/042765079,Instituto Nacional de Limnología,AR,Argentina,1,UPO,2006-2010,incoming
https://ror.org/04276xd64,Universidade dos Açores,PT,Portugal,7,UPO,2006-2010,incoming
https://ror.org/0427e1040,Adventist HealthCare,US,United States,3,UPO,2006-2010,incoming
https://ror.org/0427k1a73,Bose (United States),US,United States,3,UPO,2006-2010,incoming
https://ror.org/0428ctr80,Institute for Neurosciences of Montpellier,FR,France,1,UPO,2006-2010,incoming
https://ror.org/0428qnk54,W. L. Gore & Associates (United States),US,United States,1,UPO,2006-2010,incoming
https://ror.org/0429x9p85,Children's Hospital of Michigan,US,United States,3,UPO,2006-2010,incoming
https://ror.org/042aqky30,Technische Universität Dresden,DE,Germany,123,UPO,2006-2010,incoming
https://ror.org/042asnw05,Castle Hill Hospital,GB,United Kingdom,3,UPO,2006-2010,incoming
https://ror.org/042bbge36,Nova Southeastern University,US,United States,7,UPO,2006-2010,incoming
https://ror.org/042ck3w97,Hyogo Ion Beam Medical Center,JP,Japan,1,UPO,2006-2010,incoming
https://ror.org/042dnf796,National Academy of Medical Sciences of Ukraine,UA,Ukraine,9,UPO,2006-2010,incoming
https://ror.org/042drmv40,University of Puget Sound,US,United States,1,UPO,2006-2010,incoming
https://ror.org/042e6sa59,Novartis (Spain),ES,Spain,1,UPO,2006-2010,incoming
https://ror.org/042f28677,Tehran Heart Center,IR,Iran,1,UPO,2006-2010,incoming
https://ror.org/042fmc481,Groupe d'Analyse et de Théorie Economique Lyon St Etienne,FR,France,1,UPO,2006-2010,incoming
https://ror.org/042fqyp44,University College London Hospitals NHS Foundation Trust,GB,United Kingdom,26,UPO,2006-2010,incoming
https://ror.org/042fv2404,Musgrove Park Hospital,GB,United Kingdom,1,UPO,2006-2010,incoming
https://ror.org/042gmmd19,South Australian Research and Development Institute,AU,Australia,3,UPO,2006-2010,incoming
https://ror.org/042hptv04,Medical University of Ilam,IR,Iran,2,UPO,2006-2010,incoming
https://ror.org/042jpy919,Centro Hospitalar de Vila Nova de Gaia,PT,Portugal,6,UPO,2006-2010,incoming
https://ror.org/042jtt364,Air Force General Hospital PLA,CN,China,1,UPO,2006-2010,incoming
https://ror.org/042nb2s44,Massachusetts Institute of Technology,US,United States,1166,UPO,2006-2010,incoming
https://ror.org/042nkmz09,Hospital del Mar Research Institute,ES,Spain,1,UPO,2006-2010,incoming
https://ror.org/042pgcv68,China Academy of Chinese Medical Sciences,CN,China,4,UPO,2006-2010,incoming
https://ror.org/042r36z33,Universidade do Estado do Pará,BR,Brazil,1,UPO,2006-2010,incoming
https://ror.org/042rz6s74,Nissan Tamagawa Hospital,JP,Japan,1,UPO,2006-2010,incoming
https://ror.org/042ser453,Sendai City Hospital,JP,Japan,1,UPO,2006-2010,incoming
https://ror.org/042t7yh44,"Women's Hospital, School of Medicine, Zhejiang University",CN,China,14,UPO,2006-2010,incoming
https://ror.org/042t93s57,Italian Institute of Technology,IT,Italy,79,UPO,2006-2010,incoming
https://ror.org/042tdr378,Southern Methodist University,US,United States,48,UPO,2006-2010,incoming
https://ror.org/042tfbd02,Institut Polytechnique de Paris,FR,France,1140,UPO,2006-2010,incoming
https://ror.org/042twtr12,Centers for Disease Control and Prevention,US,United States,44,UPO,2006-2010,incoming
https://ror.org/042v6xz23,Nanchang University,CN,China,12,UPO,2006-2010,incoming
https://ror.org/042xt5161,University Health Network,CA,Canada,94,UPO,2006-2010,incoming
https://ror.org/042ze4p12,Ben Taub Hospital,US,United States,3,UPO,2006-2010,incoming
https://ror.org/043071f54,University of Roehampton,GB,United Kingdom,3,UPO,2006-2010,incoming
https://ror.org/0430z0381,Endocrinology and Metabolism Clinical Sciences Institute,IR,Iran,12,UPO,2006-2010,incoming
https://ror.org/04310tc15,Laboratoire de Cristallographie et Sciences des Matériaux,FR,France,4,UPO,2006-2010,incoming
https://ror.org/0431ec194,Institut für Experimentelle Pneumologie,DE,Germany,7,UPO,2006-2010,incoming
https://ror.org/0431j1t39,University of Iowa Health Care,US,United States,10,UPO,2006-2010,incoming
https://ror.org/0431sk359,Marine Biological Association of the United Kingdom,GB,United Kingdom,1,UPO,2006-2010,incoming
https://ror.org/0431v7h69,Fundación Instituto Leloir,AR,Argentina,1,UPO,2006-2010,incoming
https://ror.org/0431x1p15,Gunma Children's Medical Center,JP,Japan,4,UPO,2006-2010,incoming
https://ror.org/0432jq872,Mississippi State University,US,United States,18,UPO,2006-2010,incoming
https://ror.org/0433abe34,K.N.Toosi University of Technology,IR,Iran,1,UPO,2006-2010,incoming
https://ror.org/0433e6t24,Universität Koblenz,DE,Germany,1,UPO,2006-2010,incoming
https://ror.org/0433kqc49,Pukyong National University,KR,South Korea,14,UPO,2006-2010,incoming
https://ror.org/04353mq94,Chungnam National University Hospital,KR,South Korea,7,UPO,2006-2010,incoming
https://ror.org/0435rc536,Novo Nordisk (Denmark),DK,Denmark,10,UPO,2006-2010,incoming
https://ror.org/0435tej63,Shaoxing University,CN,China,1,UPO,2006-2010,incoming
https://ror.org/0436mv865,Czech Agrifood Research Center,CZ,Czechia,3,UPO,2006-2010,incoming
https://ror.org/04374qe70,SickKids Foundation,CA,Canada,42,UPO,2006-2010,incoming
https://ror.org/04378d909,Draper Laboratory,US,United States,1,UPO,2006-2010,incoming
https://ror.org/04387x656,Università degli Studi del Piemonte Orientale “Amedeo Avogadro”,IT,Italy,9621,UPO,2006-2010,incoming
https://ror.org/0438wbg98,Organisation de Coopération et de Développement Economiques,FR,France,1,UPO,2006-2010,incoming
https://ror.org/0439y7842,Engineering and Physical Sciences Research Council,GB,United Kingdom,1,UPO,2006-2010,incoming
https://ror.org/043ae9h44,Regis University,US,United States,1,UPO,2006-2010,incoming
https://ror.org/043axf581,St. Marianna University School of Medicine,JP,Japan,4,UPO,2006-2010,incoming
https://ror.org/043bgf219,International Centre for Genetic Engineering and Biotechnology,IT,Italy,66,UPO,2006-2010,incoming
https://ror.org/043bhwh19,Istituto Nazionale Biostrutture e Biosistemi,IT,Italy,3,UPO,2006-2010,incoming
https://ror.org/043bpky34,Nanjing University of Posts and Telecommunications,CN,China,2,UPO,2006-2010,incoming
https://ror.org/043c0p156,Royal Netherlands Academy of Arts and Sciences,NL,The Netherlands,13,UPO,2006-2010,incoming
https://ror.org/043cdzb63,South Carolina Department of Natural Resources,US,United States,2,UPO,2006-2010,incoming
https://ror.org/043cec594,AstraZeneca (United States),US,United States,1,UPO,2006-2010,incoming
https://ror.org/043dxc061,Sichuan Normal University,CN,China,3,UPO,2006-2010,incoming
https://ror.org/043ea4m21,State Key Laboratory of Pharmaceutical Biotechnology,CN,China,5,UPO,2006-2010,incoming
https://ror.org/043ehm030,UNC Lineberger Comprehensive Cancer Center,US,United States,51,UPO,2006-2010,incoming
https://ror.org/043eknq26,General Hospital of Nikea,GR,Greece,4,UPO,2006-2010,incoming
https://ror.org/043h2w593,Akita Red Cross Hospital,JP,Japan,1,UPO,2006-2010,incoming
https://ror.org/043hmxn40,Takeda General Hospital,JP,Japan,2,UPO,2006-2010,incoming
https://ror.org/043htjv09,CY Cergy Paris Université,FR,France,10,UPO,2006-2010,incoming
https://ror.org/043hyzt56,Ladoke Akintola University of Technology,NG,Nigeria,1,UPO,2006-2010,incoming
https://ror.org/043j0f473,German Center for Neurodegenerative Diseases,DE,Germany,8,UPO,2006-2010,incoming
https://ror.org/043j90n04,MRC Prion Unit,GB,United Kingdom,1,UPO,2006-2010,incoming
https://ror.org/043jqrs76,Sunchon National University,KR,South Korea,1,UPO,2006-2010,incoming
https://ror.org/043jzw605,Institute of Cancer Research,GB,United Kingdom,98,UPO,2006-2010,incoming
https://ror.org/043k4kk20,Korea Research Institute of Chemical Technology,KR,South Korea,15,UPO,2006-2010,incoming
https://ror.org/043m85342,Povisa Hospital,ES,Spain,1,UPO,2006-2010,incoming
https://ror.org/043mer456,University of Nebraska–Lincoln,US,United States,915,UPO,2006-2010,incoming
https://ror.org/043mrw780,Institute For Community Research,US,United States,1,UPO,2006-2010,incoming
https://ror.org/043mz5j54,"University of California, San Francisco",US,United States,565,UPO,2006-2010,incoming
https://ror.org/043mzjj67,Beaumont Hospital,IE,Ireland,74,UPO,2006-2010,incoming
https://ror.org/043nxc105,Universitat de València,ES,Spain,301,UPO,2006-2010,incoming
https://ror.org/043pgqy52,Universities Space Research Association,US,United States,4,UPO,2006-2010,incoming
https://ror.org/043pqsk20,Japanese Red Cross Nagoya Daini Hospital,JP,Japan,4,UPO,2006-2010,incoming
https://ror.org/043pwc612,Universidade do Porto,PT,Portugal,6,UPO,2006-2010,incoming
https://ror.org/043q8yx54,Ontario Institute for Cancer Research,CA,Canada,27,UPO,2006-2010,incoming
https://ror.org/043qqcs43,Japan Wildlife Research Center,JP,Japan,1,UPO,2006-2010,incoming
https://ror.org/043raxx74,University of Houston Sugar Land,US,United States,8,UPO,2006-2010,incoming
https://ror.org/043rdsw72,North Metropolitan Health Service,AU,Australia,1,UPO,2006-2010,incoming
https://ror.org/043sbvg03,Eastern Hepatobiliary Surgery Hospital,CN,China,6,UPO,2006-2010,incoming
https://ror.org/043v8pc22,Institute for Research and Innovation in Biomedicine,FR,France,1,UPO,2006-2010,incoming
https://ror.org/043vr8e29,Instituto de Biología Molecular y Celular del Cáncer de Salamanca,ES,Spain,11,UPO,2006-2010,incoming
https://ror.org/043wmc583,Institut de Génomique Fonctionnelle,FR,France,2,UPO,2006-2010,incoming
https://ror.org/043xksz40,International Christian University,CR,Costa Rica,2,UPO,2006-2010,incoming
https://ror.org/043y3sk06,Ohio Heart & Vascular Center,US,United States,1,UPO,2006-2010,incoming
https://ror.org/043z25g17,Louisiana State University of Alexandria,US,United States,1,UPO,2006-2010,incoming
https://ror.org/043z4tv69,National Institute of Allergy and Infectious Diseases,US,United States,42,UPO,2006-2010,incoming
https://ror.org/043z88g18,Hôpital Sahloul,TN,Tunisia,1,UPO,2006-2010,incoming
https://ror.org/0440c3437,Information Technology Laboratory,US,United States,2,UPO,2006-2010,incoming
https://ror.org/0440p1d37,GITAM University,IN,India,1,UPO,2006-2010,incoming
https://ror.org/0442n1j98,Stockton University,US,United States,3,UPO,2006-2010,incoming
https://ror.org/0442rdt85,Kangda College of Nanjing Medical University,CN,China,4,UPO,2006-2010,incoming
https://ror.org/0442zbe52,Universidade da Madeira,PT,Portugal,4,UPO,2006-2010,incoming
https://ror.org/0443cwa12,Tallinn University of Technology,EE,Estonia,2,UPO,2006-2010,incoming
https://ror.org/0444j5556,Xi'an Institute of Optics and Precision Mechanics,CN,China,1,UPO,2006-2010,incoming
https://ror.org/0445ctr76,Hôpital des Diaconesses,FR,France,1,UPO,2006-2010,incoming
https://ror.org/0445phv87,University of Toyama,JP,Japan,25,UPO,2006-2010,incoming
https://ror.org/0446qvy77,Fuji Heavy Industries Health Insurance Society Ota Memorial Hospital,JP,Japan,1,UPO,2006-2010,incoming
https://ror.org/04476hk95,Institute for Social and Economic Research,GB,United Kingdom,7,UPO,2006-2010,incoming
https://ror.org/0447kww10,University of Miyazaki,JP,Japan,80,UPO,2006-2010,incoming
https://ror.org/04488qa52,Centro Interdisciplinar de Investigação Psicossocial,PT,Portugal,20,UPO,2006-2010,incoming
https://ror.org/0448gbh81,International Epidemiology Institute,US,United States,3,UPO,2006-2010,incoming
https://ror.org/0449bkp65,University of Kerbala,IQ,Iraq,1,UPO,2006-2010,incoming
https://ror.org/0449k9183,Turgut Özal Tıp Merkezi,TR,Turkey,1,UPO,2006-2010,incoming
https://ror.org/0449kf092,Prairie View A&M University,US,United States,4,UPO,2006-2010,incoming
https://ror.org/044bfsy89,Research Institute on Sustainable Economic Growth,IT,Italy,9,UPO,2006-2010,incoming
https://ror.org/044bma518,Forestry and Forest Products Research Institute,JP,Japan,1,UPO,2006-2010,incoming
https://ror.org/044cqax96,Helicos Biosciences (United States),US,United States,4,UPO,2006-2010,incoming
https://ror.org/044cqdj35,Mie Chukyo University,JP,Japan,6,UPO,2006-2010,incoming
https://ror.org/044e2ja82,Scotland's Rural College,GB,United Kingdom,4,UPO,2006-2010,incoming
https://ror.org/044feat76,SUMMIT,FR,France,1,UPO,2006-2010,incoming
https://ror.org/044fgj614,Institut de Ciències del Cosmos,ES,Spain,8,UPO,2006-2010,incoming
https://ror.org/044fxjq88,Saint Joseph University,LB,Lebanon,2,UPO,2006-2010,incoming
https://ror.org/044g3zk14,Max Planck Institute for Plant Breeding Research,DE,Germany,9,UPO,2006-2010,incoming
https://ror.org/044j5mm75,Centre d'Etudes et De Recherche en Informatique et Communications,FR,France,1,UPO,2006-2010,incoming
https://ror.org/044j76961,University of Lethbridge,CA,Canada,19,UPO,2006-2010,incoming
https://ror.org/044jdke57,National Institute of Technology and Evaluation,JP,Japan,1,UPO,2006-2010,incoming
https://ror.org/044jp1563,Analysis Group (United States),US,United States,1,UPO,2006-2010,incoming
https://ror.org/044jxhp58,Ifremer,FR,France,40,UPO,2006-2010,incoming
https://ror.org/044k9ta02,University of Palermo,IT,Italy,203,UPO,2006-2010,incoming
https://ror.org/044kjp413,Severance Hospital,KR,South Korea,4,UPO,2006-2010,incoming
https://ror.org/044kkfr75,AlbaNova,SE,Sweden,28,UPO,2006-2010,incoming
https://ror.org/044knj408,Complexo Hospitalario Universitario A Coruña,ES,Spain,9,UPO,2006-2010,incoming
https://ror.org/044m46d61,Technological Educational Institute of Athens,GR,Greece,3,UPO,2006-2010,incoming
https://ror.org/044mbfr67,Institute of Aging,CA,Canada,2,UPO,2006-2010,incoming
https://ror.org/044mj7r89,Institut de Biologia Evolutiva,ES,Spain,2,UPO,2006-2010,incoming
https://ror.org/044mt4802,Central European Cooperative Oncology Group,AT,Austria,1,UPO,2006-2010,incoming
https://ror.org/044nptt90,King's College Hospital,GB,United Kingdom,50,UPO,2006-2010,incoming
https://ror.org/044ntvm43,Montefiore Medical Center,US,United States,34,UPO,2006-2010,incoming
https://ror.org/044pcn091,University of Mississippi Medical Center,US,United States,12,UPO,2006-2010,incoming
https://ror.org/044qmqe70,Institute for Biological Research “Siniša Stanković”,RS,Serbia,6,UPO,2006-2010,incoming
https://ror.org/044rb3f07,Délégation Régionale Nouvelle-Aquitaine,FR,France,1,UPO,2006-2010,incoming
https://ror.org/044s2fj67,Yaroslavl State University,RU,Russia,2,UPO,2006-2010,incoming
https://ror.org/044s61914,Centre Hospitalier Universitaire de Liège,BE,Belgium,25,UPO,2006-2010,incoming
https://ror.org/044s9gr80,"Japanese Red Cross Society, Japan",JP,Japan,12,UPO,2006-2010,incoming
https://ror.org/044tecp05,Institutul de Fizică Atomică,RO,Romania,3,UPO,2006-2010,incoming
https://ror.org/044vhe029,UF Health Cancer Center,US,United States,9,UPO,2006-2010,incoming
https://ror.org/044vy1d05,Tokushima University,JP,Japan,30,UPO,2006-2010,incoming
https://ror.org/044w3nw43,Bioinformatics Institute,SG,Singapore,5,UPO,2006-2010,incoming
https://ror.org/044w7a341,Towson University,US,United States,3,UPO,2006-2010,incoming
https://ror.org/044wq1q96,Deutsche Zentren der Gesundheitsforschung,DE,Germany,14,UPO,2006-2010,incoming
https://ror.org/044xepv65,Rosetta Genomics (Israel),IL,Israel,1,UPO,2006-2010,incoming
https://ror.org/044yd9t77,Joint Institute for Nuclear Research,RU,Russia,2240,UPO,2006-2010,incoming
https://ror.org/044zqqy65,National Park Service,US,United States,1,UPO,2006-2010,incoming
https://ror.org/045016w83,Norwegian School of Sport Sciences,NO,Norway,3,UPO,2006-2010,incoming
https://ror.org/04509n826,Uganda Virus Research Institute,UG,Uganda,1,UPO,2006-2010,incoming
https://ror.org/04523zj19,Nanjing University of Chinese Medicine,CN,China,1,UPO,2006-2010,incoming
https://ror.org/0452jzg20,Chapman University,US,United States,5,UPO,2006-2010,incoming
https://ror.org/0452rtt80,Laboratoire de Neurobiologie Cellulaire et Moléculaire,FR,France,3,UPO,2006-2010,incoming
https://ror.org/04533wk67,Kearney Agricultural Research and Extension Center,US,United States,1,UPO,2006-2010,incoming
https://ror.org/0453c4485,Institut Cardiovasculaire Paris Sud,FR,France,1,UPO,2006-2010,incoming
https://ror.org/0453j3c58,Mahasarakham University,TH,Thailand,2,UPO,2006-2010,incoming
https://ror.org/0453v4r20,University of Puerto Rico at Río Piedras,PR,Puerto Rico,5,UPO,2006-2010,incoming
https://ror.org/04567sh69,United Nations Office on Drugs and Crime,AT,Austria,2,UPO,2006-2010,incoming
https://ror.org/0456r8d26,Gates Foundation,US,United States,2,UPO,2006-2010,incoming
https://ror.org/0457x4y88,St. Catharine College,US,United States,1,UPO,2006-2010,incoming
https://ror.org/0457zbj98,University of Oklahoma Health Sciences Center,US,United States,38,UPO,2006-2010,incoming
https://ror.org/0458dap48,Atlantic Technological University,IE,Ireland,3,UPO,2006-2010,incoming
https://ror.org/045ady436,Stiftelsen Norsk Luftambulanse,NO,Norway,3,UPO,2006-2010,incoming
https://ror.org/045ae7j03,Universidade São Francisco,BR,Brazil,1,UPO,2006-2010,incoming
https://ror.org/045bk1a41,Fondation du CHUM,CA,Canada,1,UPO,2006-2010,incoming
https://ror.org/045e26x92,Gettysburg College,US,United States,1,UPO,2006-2010,incoming
https://ror.org/045g3sx57,Armed Forces Capital Hospital,KR,South Korea,1,UPO,2006-2010,incoming
https://ror.org/045gxp391,Aneurin Bevan University Health Board,GB,United Kingdom,2,UPO,2006-2010,incoming
https://ror.org/045hgzm75,Selçuk University,TR,Turkey,12,UPO,2006-2010,incoming
https://ror.org/045k2fq98,Institute of Metals Research,CH,Switzerland,1,UPO,2006-2010,incoming
https://ror.org/045kb1d14,Kyoto Medical Center,JP,Japan,7,UPO,2006-2010,incoming
https://ror.org/045kpgw45,Guangdong Provincial People's Hospital,CN,China,3,UPO,2006-2010,incoming
https://ror.org/045ktmd28,Laboratoire National des Champs Magnétiques Intenses,FR,France,2,UPO,2006-2010,incoming
https://ror.org/045m9y072,Moses H Cone Memorial Hospital,US,United States,4,UPO,2006-2010,incoming
https://ror.org/045n1e339,Mile End Hospital,GB,United Kingdom,55,UPO,2006-2010,incoming
https://ror.org/045ney286,Oulu University Hospital,FI,Finland,73,UPO,2006-2010,incoming
https://ror.org/045ns1x37,Cancer Treatment Centers of America,US,United States,1,UPO,2006-2010,incoming
https://ror.org/045ntgf29,Oklahoma State University System,US,United States,29,UPO,2006-2010,incoming
https://ror.org/045p44t13,National Institutes of Health,MY,Malaysia,5,UPO,2006-2010,incoming
https://ror.org/045p8e908,Mochida Pharmaceutical (Japan),JP,Japan,1,UPO,2006-2010,incoming
https://ror.org/045pn2j94,BGI Group (China),CN,China,6,UPO,2006-2010,incoming
https://ror.org/045r28721,Newham University Hospital,GB,United Kingdom,1,UPO,2006-2010,incoming
https://ror.org/045r80n66,Cincinnati VA Medical Center,US,United States,6,UPO,2006-2010,incoming
https://ror.org/045syc608,"Czech Academy of Sciences, Institute of Molecular Genetics",CZ,Czechia,1,UPO,2006-2010,incoming
https://ror.org/045thge14,Finnish Red Cross,FI,Finland,7,UPO,2006-2010,incoming
https://ror.org/045wgfr59,University of Stirling,GB,United Kingdom,24,UPO,2006-2010,incoming
https://ror.org/045wr3278,Daegu Haany University,KR,South Korea,1,UPO,2006-2010,incoming
https://ror.org/045x93337,Yeshiva University,US,United States,40,UPO,2006-2010,incoming
https://ror.org/045y6d111,University of Vechta,DE,Germany,1,UPO,2006-2010,incoming
https://ror.org/045ybte48,Center for Nanoscale Materials,US,United States,2,UPO,2006-2010,incoming
https://ror.org/045ydbe97,Institutos Nacionais de Ciência e Tecnologia,BR,Brazil,2,UPO,2006-2010,incoming
https://ror.org/045yr8682,Ecole Nationale d'Ingénieurs de Monastir,TN,Tunisia,1,UPO,2006-2010,incoming
https://ror.org/045ysha14,Nara Medical University,JP,Japan,15,UPO,2006-2010,incoming
https://ror.org/045yy3r21,Instituto de Ciencia y Tecnología de Alimentos y Nutrición,ES,Spain,6,UPO,2006-2010,incoming
https://ror.org/045z05062,St. Agnes University,JP,Japan,3,UPO,2006-2010,incoming
https://ror.org/045zrcm98,University of Mohaghegh Ardabili,IR,Iran,1,UPO,2006-2010,incoming
https://ror.org/0460jpj73,University of Concepción,CL,Chile,14,UPO,2006-2010,incoming
https://ror.org/0460vf117,Neurosciences Institute,US,United States,2,UPO,2006-2010,incoming
https://ror.org/0461cvh40,Gangneung–Wonju National University,KR,South Korea,405,UPO,2006-2010,incoming
https://ror.org/04647g470,Radford University,US,United States,1,UPO,2006-2010,incoming
https://ror.org/0464eyp60,University of Massachusetts Chan Medical School,US,United States,97,UPO,2006-2010,incoming
https://ror.org/0464wn274,Sericultural Research Institute,CN,China,3,UPO,2006-2010,incoming
https://ror.org/0465x5x63,National Comprehensive Cancer Network,US,United States,4,UPO,2006-2010,incoming
https://ror.org/04664mr26,"Institute for Materials Research, Tohoku University",JP,Japan,2,UPO,2006-2010,incoming
https://ror.org/046865y68,Hanyang University,KR,South Korea,50,UPO,2006-2010,incoming
https://ror.org/0468j1635,Recep Tayyip Erdoğan University,TR,Turkey,1,UPO,2006-2010,incoming
https://ror.org/0469ejq24,Instituto de Química y Fisicoquímica Biológicas,AR,Argentina,3,UPO,2006-2010,incoming
https://ror.org/046ak2485,Freie Universität Berlin,DE,Germany,92,UPO,2006-2010,incoming
https://ror.org/046aym564,Lock Haven University,US,United States,1,UPO,2006-2010,incoming
https://ror.org/046b3cj80,École Pratique des Hautes Études,FR,France,15,UPO,2006-2010,incoming
https://ror.org/046e90j34,Instituto Nacional de Cardiología,MX,Mexico,4,UPO,2006-2010,incoming
https://ror.org/046eh8t80,CHDI Foundation,US,United States,3,UPO,2006-2010,incoming
https://ror.org/046f6cx68,Fujita Health University,JP,Japan,8,UPO,2006-2010,incoming
https://ror.org/046fa4y88,The Heart Research Institute,AU,Australia,19,UPO,2006-2010,incoming
https://ror.org/046fb4113,ZheJiang Economic and Trade Polytechnic,CN,China,1,UPO,2006-2010,incoming
https://ror.org/046fcjp93,Instituto Pasteur,BR,Brazil,1,UPO,2006-2010,incoming
https://ror.org/046ffzj20,Universidad de Cantabria,ES,Spain,876,UPO,2006-2010,incoming
https://ror.org/046fm7598,Gunma University,JP,Japan,27,UPO,2006-2010,incoming
https://ror.org/046ft6c74,West Anhui University,CN,China,2,UPO,2006-2010,incoming
https://ror.org/046gga527,King Khalid University Hospital,SA,Saudi Arabia,3,UPO,2006-2010,incoming
https://ror.org/046gme853,Dandenong Hospital,AU,Australia,1,UPO,2006-2010,incoming
https://ror.org/046jrga91,Zikei Institute of Psychiatry,JP,Japan,1,UPO,2006-2010,incoming
https://ror.org/046mhfn38,Belarusian Research Center For Pediatric Oncology and Hematology,BY,Belarus,1,UPO,2006-2010,incoming
https://ror.org/046n57345,Hefei Institutes of Physical Science,CN,China,4,UPO,2006-2010,incoming
https://ror.org/046nvst19,Norwegian Institute of Public Health,NO,Norway,18,UPO,2006-2010,incoming
https://ror.org/046r13h33,Ministère de la Santé et des Services Sociaux (Québec),CA,Canada,2,UPO,2006-2010,incoming
https://ror.org/046rm7j60,"University of California, Los Angeles",US,United States,1281,UPO,2006-2010,incoming
https://ror.org/046s2rf49,Applied Research Laboratory at the University of Hawai‘i,US,United States,1,UPO,2006-2010,incoming
https://ror.org/046sqxa62,Hospital Universitari de Tortosa Verge de la Cinta,ES,Spain,1,UPO,2006-2010,incoming
https://ror.org/046vare28,St. Josef-Hospital,DE,Germany,18,UPO,2006-2010,incoming
https://ror.org/046vje122,MRC Biostatistics Unit,GB,United Kingdom,3,UPO,2006-2010,incoming
https://ror.org/046w3ze59,Laboratoire de l'Accélérateur Linéaire,FR,France,3,UPO,2006-2010,incoming
https://ror.org/046wwv897,Hospital Virgen del Camino,ES,Spain,4,UPO,2006-2010,incoming
https://ror.org/046xy0k58,NIHR Wellcome Trust Southampton Clinical Research Facility,GB,United Kingdom,1,UPO,2006-2010,incoming
https://ror.org/046yatd98,Midwestern University,US,United States,3,UPO,2006-2010,incoming
https://ror.org/046yyq968,Defence Research Laboratory,IN,India,2,UPO,2006-2010,incoming
https://ror.org/046zezr58,Office of Disease Prevention,US,United States,1,UPO,2006-2010,incoming
https://ror.org/04708aj14,Pediatric Epilepsy Research Foundation,US,United States,1,UPO,2006-2010,incoming
https://ror.org/0470cgs30,Swedish Defence Research Agency,SE,Sweden,4,UPO,2006-2010,incoming
https://ror.org/0470men05,Tainan Municipal Hospital,TW,Taiwan,1,UPO,2006-2010,incoming
https://ror.org/04718hx42,Srinakharinwirot University,TH,Thailand,1,UPO,2006-2010,incoming
https://ror.org/047272k79,The University of Western Australia,AU,Australia,100,UPO,2006-2010,incoming
https://ror.org/047302w76,University for Foreigners Perugia,IT,Italy,1,UPO,2006-2010,incoming
https://ror.org/047426m28,University of Illinois Urbana-Champaign,US,United States,101,UPO,2006-2010,incoming
https://ror.org/0475kvb92,Moldova State University,MD,Moldova,3,UPO,2006-2010,incoming
https://ror.org/0476td389,Tibet Autonomous Region People's Hospital,CN,China,1,UPO,2006-2010,incoming
https://ror.org/04770s302,International Center of Neurologic Restoration,CU,Cuba,1,UPO,2006-2010,incoming
https://ror.org/0478ng049,Roger Williams Medical Center,US,United States,7,UPO,2006-2010,incoming
https://ror.org/047908t24,Universidade Federal de Pernambuco,BR,Brazil,20,UPO,2006-2010,incoming
https://ror.org/0479kf329,"Istituto Nazionale di Fisica Nucleare, Gruppo Collegato di Alessandria",IT,Italy,104,UPO,2006-2010,incoming
https://ror.org/047afsm11,Erasmus MC - Sophia Children’s Hospital,NL,The Netherlands,3,UPO,2006-2010,incoming
https://ror.org/047asq971,Medical Research Institute of New Zealand,NZ,New Zealand,2,UPO,2006-2010,incoming
https://ror.org/047aswc67,National Center for Genetic Engineering and Biotechnology,TH,Thailand,3,UPO,2006-2010,incoming
https://ror.org/047b6f797,Hôpital Jeanne d'Arc,FR,France,5,UPO,2006-2010,incoming
https://ror.org/047c3xe48,Advanced Imaging Research (United States),US,United States,111,UPO,2006-2010,incoming
https://ror.org/047dqcg40,Korea University,KR,South Korea,980,UPO,2006-2010,incoming
https://ror.org/047eze012,Jewish Rehabilitation Hospital,CA,Canada,2,UPO,2006-2010,incoming
https://ror.org/047f8bv22,Institute of Computational Modeling,RU,Russia,1,UPO,2006-2010,incoming
https://ror.org/047fwb937,Biotechnologie et Signalisation Cellulaire,FR,France,1,UPO,2006-2010,incoming
https://ror.org/047g8vk19,Erciyes University,TR,Turkey,50,UPO,2006-2010,incoming
https://ror.org/047gc3g35,University of Chile,CL,Chile,167,UPO,2006-2010,incoming
https://ror.org/047k2at48,Al-Azhar University – Gaza,PS,Palestine,2,UPO,2006-2010,incoming
https://ror.org/047kx5j58,Hanson Institute,AU,Australia,3,UPO,2006-2010,incoming
https://ror.org/047nnbj13,Children's Hospital of The King's Daughters,US,United States,4,UPO,2006-2010,incoming
https://ror.org/047p7y759,Pace University,US,United States,1,UPO,2006-2010,incoming
https://ror.org/047rhhm47,Brigham Young University,US,United States,9,UPO,2006-2010,incoming
https://ror.org/047s2c258,"University of Maryland, College Park",US,United States,976,UPO,2006-2010,incoming
https://ror.org/047s7ag77,Faculdade de Medicina do ABC,BR,Brazil,2,UPO,2006-2010,incoming
https://ror.org/047s7ex42,University of Utah Health Care,US,United States,24,UPO,2006-2010,incoming
https://ror.org/047sbcx71,"Institute of Molecular Biology, Academia Sinica",TW,Taiwan,1,UPO,2006-2010,incoming
https://ror.org/047v2cv91,Maidstone Hospital,GB,United Kingdom,1,UPO,2006-2010,incoming
https://ror.org/047wzf575,ICU Medical (United States),US,United States,1,UPO,2006-2010,incoming
https://ror.org/047x65e68,National Institute of Technology Tiruchirappalli,IN,India,3,UPO,2006-2010,incoming
https://ror.org/047x96110,Johannesburg Hospital,ZA,South Africa,3,UPO,2006-2010,incoming
https://ror.org/047xz1e88,Ottawa Institute of Systems Biology,CA,Canada,1,UPO,2006-2010,incoming
https://ror.org/047ybhc09,"City St George's, University of London",GB,United Kingdom,8,UPO,2006-2010,incoming
https://ror.org/047yhep71,Institute of Microbiology,CN,China,3,UPO,2006-2010,incoming
https://ror.org/047yk3s18,Catholic University of America,US,United States,292,UPO,2006-2010,incoming
https://ror.org/047z4t272,National Heart Institute,MY,Malaysia,2,UPO,2006-2010,incoming
https://ror.org/0480tmh03,"Adolf-Butenandt-Institut für Physiologische Chemie, Physikalische Biochemie und Zellbiologie",DE,Germany,1,UPO,2006-2010,incoming
https://ror.org/0481cg432,Pandit Ravishankar Shukla University,IN,India,2,UPO,2006-2010,incoming
https://ror.org/0482b5b22,Brazilian Agricultural Research Corporation,BR,Brazil,6,UPO,2006-2010,incoming
https://ror.org/0482ksk80,Purdue University in Indianapolis,US,United States,4,UPO,2006-2010,incoming
https://ror.org/0483fn738,Institute of Communication and Computer Systems,GR,Greece,2,UPO,2006-2010,incoming
https://ror.org/0483mr804,Carolinas Medical Center,US,United States,21,UPO,2006-2010,incoming
https://ror.org/0484pjq71,Box Hill Hospital,AU,Australia,7,UPO,2006-2010,incoming
https://ror.org/0485axj58,University Hospital Southampton NHS Foundation Trust,GB,United Kingdom,36,UPO,2006-2010,incoming
https://ror.org/048768v87,USF Health Byrd Alzheimer's Institute,US,United States,1,UPO,2006-2010,incoming
https://ror.org/0487m2n62,Instituto de Investigacao das Pescas e do Mar,PT,Portugal,1,UPO,2006-2010,incoming
https://ror.org/04884sy85,Ramathibodi Hospital,TH,Thailand,8,UPO,2006-2010,incoming
https://ror.org/0488cct49,Orlando Health,US,United States,2,UPO,2006-2010,incoming
https://ror.org/0488dyp14,Centre Hospitalier de Cannes,FR,France,1,UPO,2006-2010,incoming
https://ror.org/0488wxv90,Canadian Partnership Against Cancer,CA,Canada,3,UPO,2006-2010,incoming
https://ror.org/048919h66,North Middlesex University Hospital NHS Trust,GB,United Kingdom,1,UPO,2006-2010,incoming
https://ror.org/0489f6q08,Cardiff and Vale University Health Board,GB,United Kingdom,22,UPO,2006-2010,incoming
https://ror.org/0489ggv38,Canterbury Christ Church University,GB,United Kingdom,2,UPO,2006-2010,incoming
https://ror.org/048a87296,Uppsala University,SE,Sweden,854,UPO,2006-2010,incoming
https://ror.org/048a96r61,Glenfield Hospital,GB,United Kingdom,12,UPO,2006-2010,incoming
https://ror.org/048arep70,Shippensburg University,US,United States,2,UPO,2006-2010,incoming
https://ror.org/048b34d51,National Hospital for Neurology and Neurosurgery,GB,United Kingdom,13,UPO,2006-2010,incoming
https://ror.org/048cwvf49,University of South Africa,ZA,South Africa,4,UPO,2006-2010,incoming
https://ror.org/048d1b238,Miami Children's Hospital,US,United States,1,UPO,2006-2010,incoming
https://ror.org/048emj907,Queen Elizabeth Hospital Birmingham,GB,United Kingdom,3,UPO,2006-2010,incoming
https://ror.org/048f36m54,Instituto de Tecnologías en Detección y Astropartículas,AR,Argentina,1,UPO,2006-2010,incoming
https://ror.org/048f9ne85,Research Institute of Inorganic Chemistry,CZ,Czechia,1,UPO,2006-2010,incoming
https://ror.org/048fyec77,Murdoch Children's Research Institute,AU,Australia,8,UPO,2006-2010,incoming
https://ror.org/048gkf592,Moravian University,US,United States,1,UPO,2006-2010,incoming
https://ror.org/048gmay44,University of the Sciences,US,United States,525,UPO,2006-2010,incoming
https://ror.org/048m0by09,Indian Society of Critical Care Medicine,IN,India,4,UPO,2006-2010,incoming
https://ror.org/048m16q57,Carestream (United States),US,United States,1,UPO,2006-2010,incoming
https://ror.org/048nfjm95,"National University of Ireland, Maynooth",IE,Ireland,9,UPO,2006-2010,incoming
https://ror.org/048q23a93,Xuzhou Central Hospital,CN,China,1,UPO,2006-2010,incoming
https://ror.org/048rj2z13,"Ministry of Education, Culture, Sports, Science and Technology",JP,Japan,91,UPO,2006-2010,incoming
https://ror.org/048rwjb21,Eindhoven Cancer Registry,NL,The Netherlands,3,UPO,2006-2010,incoming
https://ror.org/048sx0r50,University of Houston,US,United States,542,UPO,2006-2010,incoming
https://ror.org/048t93218,National Trauma Research Institute,AU,Australia,1,UPO,2006-2010,incoming
https://ror.org/048tbm396,University of Turin,IT,Italy,5984,UPO,2006-2010,incoming
https://ror.org/048tnm037,Institute of Biochemical Physics NM Emanuel,RU,Russia,5,UPO,2006-2010,incoming
https://ror.org/048v13307,National Institute for Physiological Sciences,JP,Japan,6,UPO,2006-2010,incoming
https://ror.org/048xg4d81,Northern Indiana Cancer Research Consortium,US,United States,3,UPO,2006-2010,incoming
https://ror.org/048xwe611,Institut de Biochimie et Génétique Cellulaires,FR,France,3,UPO,2006-2010,incoming
https://ror.org/048y1rc66,Institute of Chemistry,CN,China,27,UPO,2006-2010,incoming
https://ror.org/048zcaj52,Charles Darwin University,AU,Australia,1,UPO,2006-2010,incoming
https://ror.org/0490dah44,Epigenomics (Germany),DE,Germany,3,UPO,2006-2010,incoming
https://ror.org/0490rfk07,Feed Research Institute,CN,China,1,UPO,2006-2010,incoming
https://ror.org/0491yz035,Saha Institute of Nuclear Physics,IN,India,603,UPO,2006-2010,incoming
https://ror.org/04929s478,NewYork–Presbyterian Brooklyn Methodist Hospital,US,United States,3,UPO,2006-2010,incoming
https://ror.org/0492wrx28,Indian Council of Medical Research,IN,India,14,UPO,2006-2010,incoming
https://ror.org/049317064,Scientific Center of Children's Health,RU,Russia,1,UPO,2006-2010,incoming
https://ror.org/0493xsw21,Berlin Institute of Health at Charité - Universitätsmedizin Berlin,DE,Germany,78,UPO,2006-2010,incoming
https://ror.org/0494jpz02,Centre de Recherche en Cancérologie de Marseille,FR,France,3,UPO,2006-2010,incoming
https://ror.org/0494tzz73,Institut du cancer Rosalind & Morris Goodman,CA,Canada,2,UPO,2006-2010,incoming
https://ror.org/0495fxg12,Institut Pasteur,FR,France,85,UPO,2006-2010,incoming
https://ror.org/04970qw83,National Institute of Nutrition,IN,India,4,UPO,2006-2010,incoming
https://ror.org/049840423,Ministry of Health,BY,Belarus,2,UPO,2006-2010,incoming
https://ror.org/0498kr054,Sapporo City General Hospital,JP,Japan,2,UPO,2006-2010,incoming
https://ror.org/049913966,Kuma Hospital,JP,Japan,4,UPO,2006-2010,incoming
https://ror.org/0499dwk57,Roswell Park Comprehensive Cancer Center,US,United States,42,UPO,2006-2010,incoming
https://ror.org/049am9t04,Hôpital Saint-Louis,FR,France,66,UPO,2006-2010,incoming
https://ror.org/049asqa32,Sabancı Üniversitesi,TR,Turkey,7,UPO,2006-2010,incoming
https://ror.org/049avne82,Yixing People's Hospital,CN,China,1,UPO,2006-2010,incoming
https://ror.org/049bdss47,Joanneum Research,AT,Austria,1,UPO,2006-2010,incoming
https://ror.org/049bjee35,St. Anne's University Hospital Brno,CZ,Czechia,6,UPO,2006-2010,incoming
https://ror.org/049c8eh51,Central Washington University,US,United States,8,UPO,2006-2010,incoming
https://ror.org/049c9xv68,Department of Medical Sciences,BY,Belarus,10,UPO,2006-2010,incoming
https://ror.org/049cbmb74,Children's Hospital of Wisconsin,US,United States,4,UPO,2006-2010,incoming
https://ror.org/049d6bh38,Institute of Geochemistry,CN,China,2,UPO,2006-2010,incoming
https://ror.org/049da5t36,Universidad de Burgos,ES,Spain,5,UPO,2006-2010,incoming
https://ror.org/049dkqr57,Ningxia Medical University General Hospital,CN,China,1,UPO,2006-2010,incoming
https://ror.org/049e6bc10,Northumbria University,GB,United Kingdom,4,UPO,2006-2010,incoming
https://ror.org/049ebw417,Istituto di Fotonica e Nanotecnologie,IT,Italy,1,UPO,2006-2010,incoming
https://ror.org/049ecjx61,A.V. Shubnikov Institute of Crystallography,RU,Russia,3,UPO,2006-2010,incoming
https://ror.org/049emcs32,The University of Texas at Dallas,US,United States,136,UPO,2006-2010,incoming
https://ror.org/049eq0c58,Bydgoszcz University of Science and Technology,PL,Poland,1,UPO,2006-2010,incoming
https://ror.org/049fnxe71,Bioprocessing Technology Institute,SG,Singapore,6,UPO,2006-2010,incoming
https://ror.org/049jf1a25,"Istituto Nazionale di Fisica Nucleare, Laboratori Nazionali di Frascati",IT,Italy,1239,UPO,2006-2010,incoming
https://ror.org/049jtt335,Université du Québec à Rimouski,CA,Canada,18,UPO,2006-2010,incoming
https://ror.org/049kefs16,Southern Illinois University Carbondale,US,United States,14,UPO,2006-2010,incoming
https://ror.org/049kkt456,Institut du Thorax,FR,France,5,UPO,2006-2010,incoming
https://ror.org/049mgby18,National Institute of Child Health,PK,Pakistan,2,UPO,2006-2010,incoming
https://ror.org/049mk3j45,Heart Institute,US,United States,1,UPO,2006-2010,incoming
https://ror.org/049mqh532,State Key Laboratory of Natural and Biomimetic Drugs,CN,China,1,UPO,2006-2010,incoming
https://ror.org/049mrbr98,Intuit (United States),US,United States,1,UPO,2006-2010,incoming
https://ror.org/049nhh297,Laboratoire d’Annecy de Physique des Particules,FR,France,863,UPO,2006-2010,incoming
https://ror.org/049nvyb15,Hospital Universitario Fundación Jiménez Díaz,ES,Spain,1,UPO,2006-2010,incoming
https://ror.org/049peqw80,San Francisco VA Medical Center,US,United States,12,UPO,2006-2010,incoming
https://ror.org/049pfb863,Kent State University,US,United States,42,UPO,2006-2010,incoming
https://ror.org/049prb569,NHS Lanarkshire,GB,United Kingdom,1,UPO,2006-2010,incoming
https://ror.org/049qtwc86,Jesse Brown VA Medical Center,US,United States,7,UPO,2006-2010,incoming
https://ror.org/049rrx986,Universidade Estadual do Paraná,BR,Brazil,27,UPO,2006-2010,incoming
https://ror.org/049s06a25,Southeast Radiation Oncology Group,US,United States,1,UPO,2006-2010,incoming
https://ror.org/049s0rh22,Dartmouth College,US,United States,64,UPO,2006-2010,incoming
https://ror.org/049skhf47,Andhra University,IN,India,5,UPO,2006-2010,incoming
https://ror.org/049sr1d03,Velindre Cancer Centre,GB,United Kingdom,5,UPO,2006-2010,incoming
https://ror.org/049tgcd06,Indian Institute of Technology Delhi,IN,India,18,UPO,2006-2010,incoming
https://ror.org/049v69k10,Rowan University,US,United States,2,UPO,2006-2010,incoming
https://ror.org/049v75w11,National Institute on Aging,US,United States,77,UPO,2006-2010,incoming
https://ror.org/049v7zy31,Chiba Rosai Hospital,JP,Japan,1,UPO,2006-2010,incoming
https://ror.org/049wjac82,Cooper University Hospital,US,United States,5,UPO,2006-2010,incoming
https://ror.org/049ygtv97,Landstinget Dalarna,SE,Sweden,10,UPO,2006-2010,incoming
https://ror.org/049z8cx69,NATO Centre for Maritime Research and Experimentation,IT,Italy,2,UPO,2006-2010,incoming
https://ror.org/049zrh188,Shanghai Sixth People's Hospital,CN,China,3,UPO,2006-2010,incoming
https://ror.org/04a0aep16,Sykehuset i Vestfold,NO,Norway,2,UPO,2006-2010,incoming
https://ror.org/04a0dbe36,Fundación Universitaria San Pablo CEU,ES,Spain,5,UPO,2006-2010,incoming
https://ror.org/04a1a1e81,Dublin City University,IE,Ireland,16,UPO,2006-2010,incoming
https://ror.org/04a1mvv97,Norwegian University of Life Sciences,NO,Norway,7,UPO,2006-2010,incoming
https://ror.org/04a1r5z94,Hashemite University,JO,Jordan,4,UPO,2006-2010,incoming
https://ror.org/04a23br85,Wittenberg University,US,United States,10,UPO,2006-2010,incoming
https://ror.org/04a390q32,TMJ Association,US,United States,1,UPO,2006-2010,incoming
https://ror.org/04a3htt14,Consorzio Interuniversitario Fisica Spaziale,IT,Italy,1,UPO,2006-2010,incoming
https://ror.org/04a3njz22,University Dermatology,US,United States,2,UPO,2006-2010,incoming
https://ror.org/04a46mh28,Shanghai First People's Hospital,CN,China,3,UPO,2006-2010,incoming
https://ror.org/04a496k07,National Health Service Wales,GB,United Kingdom,2,UPO,2006-2010,incoming
https://ror.org/04a5hr295,Complejo Hospitalario Universitario de Albacete,ES,Spain,2,UPO,2006-2010,incoming
https://ror.org/04a7kqd39,Asklepios Klinik Langen,DE,Germany,1,UPO,2006-2010,incoming
https://ror.org/04a7rxb17,University of Hyderabad,IN,India,32,UPO,2006-2010,incoming
https://ror.org/04a7xee56,Institute of Neuroinformatics,CH,Switzerland,3,UPO,2006-2010,incoming
https://ror.org/04a8rt780,UnitedHealth Group (United States),US,United States,2,UPO,2006-2010,incoming
https://ror.org/04a8t1e98,Osaka Gakuin University,JP,Japan,45,UPO,2006-2010,incoming
https://ror.org/04a9tmd77,Icahn School of Medicine at Mount Sinai,US,United States,210,UPO,2006-2010,incoming
https://ror.org/04aaa2n62,Andrews University,US,United States,3,UPO,2006-2010,incoming
https://ror.org/04aah1z61,Norwegian Institute of Bioeconomy Research,NO,Norway,11,UPO,2006-2010,incoming
https://ror.org/04aax7b26,The Health Care Science Institute,JP,Japan,1,UPO,2006-2010,incoming
https://ror.org/04abjq359,Hospital Ruber Internacional,ES,Spain,2,UPO,2006-2010,incoming
https://ror.org/04abnen92,Institut National des Sciences et Technologies de la Mer,TN,Tunisia,6,UPO,2006-2010,incoming
https://ror.org/04abv6630,Ludwig Boltzmann Institute for Cancer Research,AT,Austria,1,UPO,2006-2010,incoming
https://ror.org/04abxn418,Universidade José do Rosário Vellano,BR,Brazil,1,UPO,2006-2010,incoming
https://ror.org/04admxj95,Psychiatry and Psychology Research Center,IR,Iran,1,UPO,2006-2010,incoming
https://ror.org/04af7ga89,Nanyang Polytechnic,SG,Singapore,2,UPO,2006-2010,incoming
https://ror.org/04afcm768,Mediterranean Institute for Life Sciences,HR,Croatia,1,UPO,2006-2010,incoming
https://ror.org/04agmb972,Georgia Southern University,US,United States,1,UPO,2006-2010,incoming
https://ror.org/04agqs597,Institut Européen de Chimie et Biologie,FR,France,20,UPO,2006-2010,incoming
https://ror.org/04ajwkn20,Gangnam Severance Hospital,KR,South Korea,2,UPO,2006-2010,incoming
https://ror.org/04akaak77,Technical Institute of Physics and Chemistry,CN,China,4,UPO,2006-2010,incoming
https://ror.org/04akqfa40,Chung Hsiao Municipal Hospital,TW,Taiwan,1,UPO,2006-2010,incoming
https://ror.org/04akw0j64,Institute of General and Physical Chemistry,RS,Serbia,3,UPO,2006-2010,incoming
https://ror.org/04am5a125,Mount Vernon Hospital,GB,United Kingdom,10,UPO,2006-2010,incoming
https://ror.org/04anb9w92,Kronos Longevity Research Institute,US,United States,2,UPO,2006-2010,incoming
https://ror.org/04andmq85,Institut National de Recherches Archéologiques Préventives,FR,France,3,UPO,2006-2010,incoming
https://ror.org/04anq5q02,Danish Multiple Sclerosis Center,DK,Denmark,1,UPO,2006-2010,incoming
https://ror.org/04aqjf708,New York State Psychiatric Institute,US,United States,12,UPO,2006-2010,incoming
https://ror.org/04as3rk94,Grenoble Institute of Neurosciences,FR,France,2,UPO,2006-2010,incoming
https://ror.org/04asck240,Inonu University,TR,Turkey,8,UPO,2006-2010,incoming
https://ror.org/04asdee31,Université Marie et Louis Pasteur,FR,France,925,UPO,2006-2010,incoming
https://ror.org/04at0zw32,Jichi Medical University Hospital,JP,Japan,1,UPO,2006-2010,incoming
https://ror.org/04atb9h07,Amsterdam Movement Sciences,NL,The Netherlands,4,UPO,2006-2010,incoming
https://ror.org/04athv462,Food Technology Research Unit,IT,Italy,2,UPO,2006-2010,incoming
https://ror.org/04atsbb87,Florida Institute of Technology,US,United States,879,UPO,2006-2010,incoming
https://ror.org/04avk7z79,Sacred Heart Hospital,IE,Ireland,7,UPO,2006-2010,incoming
https://ror.org/04avkmd49,Williams College,US,United States,1,UPO,2006-2010,incoming
https://ror.org/04aw32z04,Poriya Medical Center,IL,Israel,2,UPO,2006-2010,incoming
https://ror.org/04axb7e79,Siemens (United States),US,United States,6,UPO,2006-2010,incoming
https://ror.org/04axnyp10,Samsung Advanced Institute of Technology (South Korea),KR,South Korea,2,UPO,2006-2010,incoming
https://ror.org/04ayype77,Wolfson Medical Center,IL,Israel,6,UPO,2006-2010,incoming
https://ror.org/04azbjn80,Guangdong University of Technology,CN,China,1,UPO,2006-2010,incoming
https://ror.org/04azs9g49,Loyola Medicine,US,United States,1,UPO,2006-2010,incoming
https://ror.org/04b08hq31,Instituto Gulbenkian de Ciência,PT,Portugal,6,UPO,2006-2010,incoming
https://ror.org/04b0n4406,Concord Repatriation General Hospital,AU,Australia,13,UPO,2006-2010,incoming
https://ror.org/04b0z7q78,Institut des Sciences Humaines et Sociales,FR,France,10,UPO,2006-2010,incoming
https://ror.org/04b17kf79,Centre for Clinical Interventions,AU,Australia,1,UPO,2006-2010,incoming
https://ror.org/04b181w54,VTT Technical Research Centre of Finland,FI,Finland,88,UPO,2006-2010,incoming
https://ror.org/04b2dty93,"Merck KGaA, Darmstadt (Germany)",DE,Germany,20,UPO,2006-2010,incoming
https://ror.org/04b2fhx54,Seoul Women's University,KR,South Korea,4,UPO,2006-2010,incoming
https://ror.org/04b6nzv94,Brigham and Women's Hospital,US,United States,15,UPO,2006-2010,incoming
https://ror.org/04b6x2g63,Loyola University Chicago,US,United States,13,UPO,2006-2010,incoming
https://ror.org/04b85d432,Universitäts-HNO-Klinik Heidelberg,DE,Germany,7,UPO,2006-2010,incoming
https://ror.org/04b8v1s79,Tilburg University,NL,The Netherlands,4,UPO,2006-2010,incoming
https://ror.org/04b8zcj45,Roche (Spain),ES,Spain,1,UPO,2006-2010,incoming
https://ror.org/04b9q5f39,Laboratoire de Spectrométrie Ionique et Moléculaire,FR,France,4,UPO,2006-2010,incoming
https://ror.org/04bckew43,Hôpitaux Universitaires de Strasbourg,FR,France,22,UPO,2006-2010,incoming
https://ror.org/04bct7p84,Duke University Hospital,US,United States,152,UPO,2006-2010,incoming
https://ror.org/04bdan579,National Rehabilitation Hospital,IE,Ireland,3,UPO,2006-2010,incoming
https://ror.org/04bdffz58,Drexel University,US,United States,31,UPO,2006-2010,incoming
https://ror.org/04be65q32,Daejin University,KR,South Korea,4,UPO,2006-2010,incoming
https://ror.org/04bewah80,St. Michael Medical Center in Silverdale,US,United States,3,UPO,2006-2010,incoming
https://ror.org/04bg1hy68,Saint Thomas West Hospital,US,United States,1,UPO,2006-2010,incoming
https://ror.org/04bgfm609,Stowers Institute for Medical Research,US,United States,2,UPO,2006-2010,incoming
https://ror.org/04bgneb83,Breast Cancer Help,US,United States,8,UPO,2006-2010,incoming
https://ror.org/04bgrkn57,Moscow State University of Medicine and Dentistry,RU,Russia,2,UPO,2006-2010,incoming
https://ror.org/04bhfmv97,HUN-REN Centre for Ecological Research,HU,Hungary,2,UPO,2006-2010,incoming
https://ror.org/04bhk6583,Azienda Ospedale - Università Padova,IT,Italy,3,UPO,2006-2010,incoming
https://ror.org/04bhsv505,State Key Laboratory of Infectious Disease Prevention and Control,CN,China,1,UPO,2006-2010,incoming
https://ror.org/04bj28v14,Loma Linda University,US,United States,8,UPO,2006-2010,incoming
https://ror.org/04bjg9m96,Defense Acquisition Program Administration,KR,South Korea,1,UPO,2006-2010,incoming
https://ror.org/04bk7v425,Mercer University,US,United States,4,UPO,2006-2010,incoming
https://ror.org/04bkje958,Kliniken Schmieder,DE,Germany,2,UPO,2006-2010,incoming
https://ror.org/04bmzpd39,Pakistan Institute of Nuclear Science and Technology,PK,Pakistan,19,UPO,2006-2010,incoming
https://ror.org/04bpsyk42,Saitama Prefectural University,JP,Japan,1,UPO,2006-2010,incoming
https://ror.org/04bqqa360,Universidade Estadual de Maringá,BR,Brazil,7,UPO,2006-2010,incoming
https://ror.org/04bqs3e84,Health and Environmental Sciences Institute,US,United States,12,UPO,2006-2010,incoming
https://ror.org/04bqwzd17,Bayerisches Landesamt für Gesundheit und Lebensmittelsicherheit,DE,Germany,2,UPO,2006-2010,incoming
https://ror.org/04br0rs05,Health Sciences North,CA,Canada,2,UPO,2006-2010,incoming
https://ror.org/04bs1pb34,Hamburg University of Technology,DE,Germany,1,UPO,2006-2010,incoming
https://ror.org/04bsc0v25,Society for Cardiovascular Angiography and Interventions,US,United States,1,UPO,2006-2010,incoming
https://ror.org/04bspkv73,Zhejiang Gongshang University Hangzhou College of Commerce,CN,China,2,UPO,2006-2010,incoming
https://ror.org/04bssxt85,Universal Technology Corporation (United States),US,United States,1,UPO,2006-2010,incoming
https://ror.org/04bswr545,"Hospital of Stomatology, Sun Yat-sen University",CN,China,1,UPO,2006-2010,incoming
https://ror.org/04bt00m07,Mercy General Hospital,US,United States,1,UPO,2006-2010,incoming
https://ror.org/04bthcb08,La Roche College,US,United States,5,UPO,2006-2010,incoming
https://ror.org/04bwf3e34,Deutsches Zentrum für Luft- und Raumfahrt e. V. (DLR),DE,Germany,6,UPO,2006-2010,incoming
https://ror.org/04bya8j72,Center for Experimental and Clinical Infection Research,DE,Germany,10,UPO,2006-2010,incoming
https://ror.org/04byxyr05,Eunice Kennedy Shriver National Institute of Child Health and Human Development,US,United States,4,UPO,2006-2010,incoming
https://ror.org/04bz6gw73,Sapporo University,JP,Japan,2,UPO,2006-2010,incoming
https://ror.org/04c1s4764,Hospital Monte Naranco,ES,Spain,1,UPO,2006-2010,incoming
https://ror.org/04c1v2b17,Center for Innovation,US,United States,6,UPO,2006-2010,incoming
https://ror.org/04c2v9g63,Nutramax Laboratories (United States),US,United States,1,UPO,2006-2010,incoming
https://ror.org/04c3cen15,Institut de Chimie et des Matériaux Paris-Est,FR,France,2,UPO,2006-2010,incoming
https://ror.org/04c3cgg32,Liaoning Normal University,CN,China,27,UPO,2006-2010,incoming
https://ror.org/04c3yce28,Centre Hospitalier Le Vinatier,FR,France,1,UPO,2006-2010,incoming
https://ror.org/04c3ymz82,Faculdade de Tecnologia e Ciências,BR,Brazil,1,UPO,2006-2010,incoming
https://ror.org/04c4bm785,CGIAR,FR,France,11,UPO,2006-2010,incoming
https://ror.org/04c4bwh63,Cologne Excellence Cluster on Cellular Stress Responses in Aging Associated Diseases,DE,Germany,1,UPO,2006-2010,incoming
https://ror.org/04c4dkn09,University of Science and Technology of China,CN,China,167,UPO,2006-2010,incoming
https://ror.org/04c5jwj47,Collegium Medicum in Bydgoszcz,PL,Poland,3,UPO,2006-2010,incoming
https://ror.org/04c6bry31,St. James's Hospital,IE,Ireland,18,UPO,2006-2010,incoming
https://ror.org/04c7gjr63,Fujioka General Hospital,JP,Japan,1,UPO,2006-2010,incoming
https://ror.org/04c83st90,Gustav Stresemann Institute,DE,Germany,5,UPO,2006-2010,incoming
https://ror.org/04c8e9019,Madurai Kamaraj University,IN,India,2,UPO,2006-2010,incoming
https://ror.org/04c8eg608,Dalian Medical University,CN,China,4,UPO,2006-2010,incoming
https://ror.org/04c8vnp90,Advocate Lutheran General Hospital,US,United States,1,UPO,2006-2010,incoming
https://ror.org/04c9pv832,Krankenhaus Salem,DE,Germany,1,UPO,2006-2010,incoming
https://ror.org/04caj7738,State Key Laboratory of Molecular Developmental Biology,CN,China,3,UPO,2006-2010,incoming
https://ror.org/04cb4je22,Ca' Foncello Hospital,IT,Italy,2,UPO,2006-2010,incoming
https://ror.org/04cbm7s05,Hospital Universitario Insular de Gran Canaria,ES,Spain,1,UPO,2006-2010,incoming
https://ror.org/04ccqwj03,Mitsubishi Electric (Germany),DE,Germany,3,UPO,2006-2010,incoming
https://ror.org/04cd75h10,Iwate University,JP,Japan,4,UPO,2006-2010,incoming
https://ror.org/04cdgtt98,German Cancer Research Center,DE,Germany,231,UPO,2006-2010,incoming
https://ror.org/04cdk4t75,Centre Hospitalier Universitaire de Rouen,FR,France,28,UPO,2006-2010,incoming
https://ror.org/04cdn2797,Banaras Hindu University,IN,India,58,UPO,2006-2010,incoming
https://ror.org/04cdn6p56,ICT University,CM,Cameroon,1,UPO,2006-2010,incoming
https://ror.org/04ce87537,Sherwood Forest Hospitals NHS Foundation Trust,GB,United Kingdom,1,UPO,2006-2010,incoming
https://ror.org/04ceg1205,Centre de Résonance Magnétique Biologique et Médicale,FR,France,1,UPO,2006-2010,incoming
https://ror.org/04cewr321,University of Vermont Medical Center,US,United States,8,UPO,2006-2010,incoming
https://ror.org/04ch49185,Federal Center for Technological Education of Minas Gerais,BR,Brazil,1,UPO,2006-2010,incoming
https://ror.org/04chrp450,Nagoya University,JP,Japan,283,UPO,2006-2010,incoming
https://ror.org/04chzd762,National University of Tucumán,AR,Argentina,6,UPO,2006-2010,incoming
https://ror.org/04ckqgs57,Kenyon College,US,United States,1,UPO,2006-2010,incoming
https://ror.org/04ckvpk15,Hôpital Laennec,FR,France,2,UPO,2006-2010,incoming
https://ror.org/04cm2y595,Toronto General Hospital Research Institute,CA,Canada,9,UPO,2006-2010,incoming
https://ror.org/04cmadr83,Okayama Rosai Hospital,JP,Japan,1,UPO,2006-2010,incoming
https://ror.org/04cnfrn26,University of the Arts London,GB,United Kingdom,2,UPO,2006-2010,incoming
https://ror.org/04cntmc13,London North West Healthcare NHS Trust,GB,United Kingdom,9,UPO,2006-2010,incoming
https://ror.org/04cpxjv19,McGill University Health Centre,CA,Canada,58,UPO,2006-2010,incoming
https://ror.org/04cqn7d42,University of Colorado Cancer Center,US,United States,51,UPO,2006-2010,incoming
https://ror.org/04cqs5j56,Southern Illinois University Edwardsville,US,United States,5,UPO,2006-2010,incoming
https://ror.org/04crh2b66,Institut des Matériaux,FR,France,3,UPO,2006-2010,incoming
https://ror.org/04ct4d772,Southeast University,CN,China,46,UPO,2006-2010,incoming
https://ror.org/04ctejd88,Airlangga University,ID,Indonesia,2,UPO,2006-2010,incoming
https://ror.org/04cvxnb49,Goethe University Frankfurt,DE,Germany,763,UPO,2006-2010,incoming
https://ror.org/04cw6st05,University of London,GB,United Kingdom,366,UPO,2006-2010,incoming
https://ror.org/04cwrbc27,Hospital Israelita Albert Einstein,BR,Brazil,4,UPO,2006-2010,incoming
https://ror.org/04cxjpx43,Vijaya College,IN,India,6,UPO,2006-2010,incoming
https://ror.org/04cxm4j25,Australian Catholic University,AU,Australia,17,UPO,2006-2010,incoming
https://ror.org/04cxs7048,Hospital Universitario de Valme,ES,Spain,8,UPO,2006-2010,incoming
https://ror.org/04cxsn644,"Délégation Nord, Pas-de-Calais et Picardie",FR,France,1,UPO,2006-2010,incoming
https://ror.org/04cy4z909,Hospital de Mataró,ES,Spain,4,UPO,2006-2010,incoming
https://ror.org/04cybtr86,Iwate Medical University,JP,Japan,4,UPO,2006-2010,incoming
https://ror.org/04czhsq43,Centro de Educación Médica e Investigaciones Clínicas Norberto Quirno,AR,Argentina,1,UPO,2006-2010,incoming
https://ror.org/04d0xx942,Ministry of Education,BR,Brazil,5,UPO,2006-2010,incoming
https://ror.org/04d0ybj29,Hospital Clínico San Carlos,ES,Spain,36,UPO,2006-2010,incoming
https://ror.org/04d139241,Tokai National Higher Education and Research System,JP,Japan,305,UPO,2006-2010,incoming
https://ror.org/04d1tk502,Agricultural Research Service - Midwest Area,US,United States,7,UPO,2006-2010,incoming
https://ror.org/04d23a975,United States Naval Research Laboratory,US,United States,8,UPO,2006-2010,incoming
https://ror.org/04d4dr544,Theodor Bilharz Research Institute,EG,Egypt,1,UPO,2006-2010,incoming
https://ror.org/04d4sd432,University of Sfax,TN,Tunisia,16,UPO,2006-2010,incoming
https://ror.org/04d4wjw61,IMU University,MY,Malaysia,4,UPO,2006-2010,incoming
https://ror.org/04d5mb615,University of Nebraska at Kearney,US,United States,396,UPO,2006-2010,incoming
https://ror.org/04d5vba33,The University of Texas at El Paso,US,United States,1,UPO,2006-2010,incoming
https://ror.org/04d70nb60,Centre de recherche Translationnelle en Médecine moléculaire,FR,France,1,UPO,2006-2010,incoming
https://ror.org/04d713p41,Tameside Hospital,GB,United Kingdom,1,UPO,2006-2010,incoming
https://ror.org/04d7e4m76,I-Shou University,TW,Taiwan,3,UPO,2006-2010,incoming
https://ror.org/04d7es448,Ospedale Policlinico San Martino,IT,Italy,6,UPO,2006-2010,incoming
https://ror.org/04d7ez939,VA Eastern Colorado Health Care System,US,United States,1,UPO,2006-2010,incoming
https://ror.org/04d836q62,TU Wien,AT,Austria,260,UPO,2006-2010,incoming
https://ror.org/04d87y574,Sydney Children’s Hospitals Network,AU,Australia,2,UPO,2006-2010,incoming
https://ror.org/04d996474,Southwest University of Science and Technology,CN,China,3,UPO,2006-2010,incoming
https://ror.org/04dawnj30,University of North Carolina at Charlotte,US,United States,13,UPO,2006-2010,incoming
https://ror.org/04db3be62,Laboratoire de Chimie Organique,FR,France,17,UPO,2006-2010,incoming
https://ror.org/04dbzz632,Institut Néel,FR,France,4,UPO,2006-2010,incoming
https://ror.org/04dc8es52,Klinik Donaustauf,DE,Germany,1,UPO,2006-2010,incoming
https://ror.org/04dcc3438,Centre de Calcul de l’Institut National de Physique Nucléaire et de Physique des Particules,FR,France,529,UPO,2006-2010,incoming
https://ror.org/04dcvdp86,Cray (United States),US,United States,1,UPO,2006-2010,incoming
https://ror.org/04dese585,Indian Institute of Science Bangalore,IN,India,88,UPO,2006-2010,incoming
https://ror.org/04dh0w640,Institute of Population and Public Health,CA,Canada,1,UPO,2006-2010,incoming
https://ror.org/04dh87p33,New York State Department of State,US,United States,1,UPO,2006-2010,incoming
https://ror.org/04dj8ng22,Ufuk University,TR,Turkey,1,UPO,2006-2010,incoming
https://ror.org/04djymq25,Kamioka Observatory,JP,Japan,8,UPO,2006-2010,incoming
https://ror.org/04dkns738,Procter & Gamble (United States),US,United States,4,UPO,2006-2010,incoming
https://ror.org/04dkp9463,University of Amsterdam,NL,The Netherlands,410,UPO,2006-2010,incoming
https://ror.org/04dkt5d63,Greek Atomic Energy Commission,GR,Greece,1,UPO,2006-2010,incoming
https://ror.org/04dmgsx60,Center for Neuroscience and Regenerative Medicine,US,United States,2,UPO,2006-2010,incoming
https://ror.org/04dmnxh66,CTBC Business School,TW,Taiwan,1,UPO,2006-2010,incoming
https://ror.org/04dn2ax39,State Key Laboratory of Oncology in South China,CN,China,11,UPO,2006-2010,incoming
https://ror.org/04dndfk38,University of Bío-Bío,CL,Chile,6,UPO,2006-2010,incoming
https://ror.org/04dp43p74,Hallym University Hangang Sacred Heart Hospital,KR,South Korea,3,UPO,2006-2010,incoming
https://ror.org/04dp7tp96,Motilal Nehru National Institute of Technology,IN,India,1,UPO,2006-2010,incoming
https://ror.org/04dp8fd47,Jubilee Hospital,GB,United Kingdom,1,UPO,2006-2010,incoming
https://ror.org/04dpa3g90,Yunnan Agricultural University,CN,China,2,UPO,2006-2010,incoming
https://ror.org/04dpm2z73,Institut Pasteur de Montevideo,UY,Uruguay,5,UPO,2006-2010,incoming
https://ror.org/04dpnfr42,Johnson University,US,United States,1,UPO,2006-2010,incoming
https://ror.org/04dq56617,Max Planck Institute of Psychiatry,DE,Germany,15,UPO,2006-2010,incoming
https://ror.org/04dqdxm60,University of Maryland Center for Environmental Science,US,United States,4,UPO,2006-2010,incoming
https://ror.org/04drvxt59,Beth Israel Deaconess Medical Center,US,United States,164,UPO,2006-2010,incoming
https://ror.org/04ds2ap82,Vector Control Research Centre,IN,India,3,UPO,2006-2010,incoming
https://ror.org/04dt6a039,Military Medical Academy,RS,Serbia,16,UPO,2006-2010,incoming
https://ror.org/04dv4he91,Laboratoire d'Informatique en Images et Systèmes d'Information,FR,France,1,UPO,2006-2010,incoming
https://ror.org/04dw1bf40,Mount Desert Island Biological Laboratory,US,United States,2,UPO,2006-2010,incoming
https://ror.org/04dwpyh46,Centro Hospitalar do Porto,PT,Portugal,7,UPO,2006-2010,incoming
https://ror.org/04dxeze48,Laboratoire de Mécanique des Fluides et d'Acoustique,FR,France,1,UPO,2006-2010,incoming
https://ror.org/04dxgvn87,Istituto Mediterraneo per i Trapianti e Terapie ad Alta Specializzazione,IT,Italy,11,UPO,2006-2010,incoming
https://ror.org/04dyeh227,Bordeaux Imaging Center,FR,France,1,UPO,2006-2010,incoming
https://ror.org/04dyhjr58,Medtronic (Ireland),IE,Ireland,1,UPO,2006-2010,incoming
https://ror.org/04dyqmv49,Ospedale Misericordia - Grosseto,IT,Italy,1,UPO,2006-2010,incoming
https://ror.org/04dyzkj40,Texas Woman's University,US,United States,1,UPO,2006-2010,incoming
https://ror.org/04dzdm737,deCODE Genetics (Iceland),IS,Iceland,43,UPO,2006-2010,incoming
https://ror.org/04dzvks42,XinHua Hospital,CN,China,2,UPO,2006-2010,incoming
https://ror.org/04e0pwy27,National Agricultural Research Foundation,GR,Greece,2,UPO,2006-2010,incoming
https://ror.org/04e1w6923,Hôpital d'Hautepierre,FR,France,12,UPO,2006-2010,incoming
https://ror.org/04e2ah412,University of Atlanta,US,United States,1,UPO,2006-2010,incoming
https://ror.org/04e38yx37,"Institute of Plant Genetics, Polish Academy of Sciences",PL,Poland,3,UPO,2006-2010,incoming
https://ror.org/04e4qaj02,Central Maine Community College,US,United States,1,UPO,2006-2010,incoming
https://ror.org/04e5cyn06,Agricultural & Applied Economics Association,US,United States,1,UPO,2006-2010,incoming
https://ror.org/04e698d63,Ministry of Water Resources of the People's Republic of China,CN,China,4,UPO,2006-2010,incoming
https://ror.org/04e6xj170,Centre For Digestive Diseases,AU,Australia,1,UPO,2006-2010,incoming
https://ror.org/04e79zk25,Institute for Medical Informatics and Biostatistics,CH,Switzerland,4,UPO,2006-2010,incoming
https://ror.org/04e857469,Ospedale Regina Margherita,IT,Italy,72,UPO,2006-2010,incoming
https://ror.org/04e874t64,Einaudi Institute for Economics and Finance,IT,Italy,4,UPO,2006-2010,incoming
https://ror.org/04e8mq383,Hyogo Prefectural Amagasaki General Medical Center,JP,Japan,1,UPO,2006-2010,incoming
https://ror.org/04e8pda19,Laboratoire COBRA,FR,France,2,UPO,2006-2010,incoming
https://ror.org/04ea70f07,Instituto Politécnico de Lisboa,PT,Portugal,6,UPO,2006-2010,incoming
https://ror.org/04eb9e087,Finnish Foundation for Alcohol Studies,FI,Finland,1,UPO,2006-2010,incoming
https://ror.org/04eba5983,Biotechnology Research Institute,CA,Canada,5,UPO,2006-2010,incoming
https://ror.org/04ebbpp93,Istituto Sperimentale Italiano Lazzaro Spallanzani,IT,Italy,2,UPO,2006-2010,incoming
https://ror.org/04ebdby25,Cambridge Cardiac Care Centre,CA,Canada,1,UPO,2006-2010,incoming
https://ror.org/04ebzxq58,Centro de Investigaciones Cardiovasculares,AR,Argentina,2,UPO,2006-2010,incoming
https://ror.org/04ec98z42,Princess Margaret Hospital for Children,AU,Australia,4,UPO,2006-2010,incoming
https://ror.org/04ec9cc06,Alagappa University,IN,India,2,UPO,2006-2010,incoming
https://ror.org/04ed7fw48,Université de Bretagne Sud,FR,France,2,UPO,2006-2010,incoming
https://ror.org/04eeb2398,Post University,US,United States,1,UPO,2006-2010,incoming
https://ror.org/04eexme77,Universidad Autónoma de Chiapas,MX,Mexico,6,UPO,2006-2010,incoming
https://ror.org/04ef91678,Institut de Radiobiologie Cellulaire et Moléculaire,FR,France,5,UPO,2006-2010,incoming
https://ror.org/04efg9a07,Sidi Mohamed Ben Abdellah University,MA,Morocco,2,UPO,2006-2010,incoming
https://ror.org/04eg5s337,Mediterranean Universities Union,IT,Italy,1,UPO,2006-2010,incoming
https://ror.org/04egvzv93,National Institute of Research and Development for Electrochemistry and Condensed,RO,Romania,1,UPO,2006-2010,incoming
https://ror.org/04ehecz88,University of Pittsburgh Medical Center,US,United States,59,UPO,2006-2010,incoming
https://ror.org/04ehrwx42,Fachkrankenhaus Kloster Grafschaft,DE,Germany,4,UPO,2006-2010,incoming
https://ror.org/04ehykb85,Institute of Biomedical Technologies,IT,Italy,45,UPO,2006-2010,incoming
https://ror.org/04ejdtr48,"Institute of Bioorganic Chemistry, Polish Academy of Sciences",PL,Poland,1,UPO,2006-2010,incoming
https://ror.org/04ek06320,Energy and Resources Institute,IN,India,1,UPO,2006-2010,incoming
https://ror.org/04em2sh18,State Key Laboratory of Marine Environmental Science,CN,China,6,UPO,2006-2010,incoming
https://ror.org/04emv5a43,Tokyo Metropolitan Geriatric Hospital,JP,Japan,1,UPO,2006-2010,incoming
https://ror.org/04en4ww09,Institute for Behavioral Medicine,US,United States,1,UPO,2006-2010,incoming
https://ror.org/04epb4p87,Zhejiang Chinese Medical University,CN,China,5,UPO,2006-2010,incoming
https://ror.org/04eps4h65,University of Faisalabad,PK,Pakistan,1,UPO,2006-2010,incoming
https://ror.org/04eq83d71,Henan Agricultural University,CN,China,6,UPO,2006-2010,incoming
https://ror.org/04eqd2f30,Tokyo Metropolitan Komagome Hospital,JP,Japan,5,UPO,2006-2010,incoming
https://ror.org/04er32z07,Rockefeller University Press,US,United States,5,UPO,2006-2010,incoming
https://ror.org/04ers2y35,University of Bremen,DE,Germany,16,UPO,2006-2010,incoming
https://ror.org/04esb6v42,Imam Hossein University,IR,Iran,3,UPO,2006-2010,incoming
https://ror.org/04esegk75,Allina Health,US,United States,3,UPO,2006-2010,incoming
https://ror.org/04esx4891,Dorset HealthCare University NHS Foundation Trust,GB,United Kingdom,21,UPO,2006-2010,incoming
https://ror.org/04etcj997,Inter-University Centre for Astronomy and Astrophysics,IN,India,1,UPO,2006-2010,incoming
https://ror.org/04ev03g22,Science for Life Laboratory,SE,Sweden,1,UPO,2006-2010,incoming
https://ror.org/04ev1zs55,Centre de Recherche sur les Médiations,FR,France,2,UPO,2006-2010,incoming
https://ror.org/04evmpa20,Vajira Hospital,TH,Thailand,1,UPO,2006-2010,incoming
https://ror.org/04ew43640,Center for Excellence in Molecular Plant Sciences,CN,China,6,UPO,2006-2010,incoming
https://ror.org/04ews3245,Deutsches Diabetes-Zentrum e.V.,DE,Germany,14,UPO,2006-2010,incoming
https://ror.org/04ex24z53,Collège de France,FR,France,26,UPO,2006-2010,incoming
https://ror.org/04exd0a76,Jinggangshan University,CN,China,2,UPO,2006-2010,incoming
https://ror.org/04eymdx19,Hebei Medical University,CN,China,14,UPO,2006-2010,incoming
https://ror.org/04ez3r306,Wuhan Engineering Science & Technology Institute,CN,China,3,UPO,2006-2010,incoming
https://ror.org/04ezg6d83,Toyohashi University of Technology,JP,Japan,3,UPO,2006-2010,incoming
https://ror.org/04ezk3x31,Université Toulouse - Jean Jaurès,FR,France,7,UPO,2006-2010,incoming
https://ror.org/04f0qj703,Robert Gordon University,GB,United Kingdom,3,UPO,2006-2010,incoming
https://ror.org/04f0ydx59,Bioengineering Center,RU,Russia,1,UPO,2006-2010,incoming
https://ror.org/04f1eek20,University of Cyberjaya,MY,Malaysia,2,UPO,2006-2010,incoming
https://ror.org/04f2nsd36,Lancaster University,GB,United Kingdom,207,UPO,2006-2010,incoming
https://ror.org/04f49ff35,National Center for Nanoscience and Technology,CN,China,1,UPO,2006-2010,incoming
https://ror.org/04f4syj68,Polo Universitario Città di Prato,IT,Italy,2,UPO,2006-2010,incoming
https://ror.org/04f4wg107,Saga University,JP,Japan,21,UPO,2006-2010,incoming
https://ror.org/04f761z39,Instituto Superior da Maia,PT,Portugal,3,UPO,2006-2010,incoming
https://ror.org/04f7g6845,National Institute for Communicable Disease Control and Prevention,CN,China,1,UPO,2006-2010,incoming
https://ror.org/04f7pyb58,Hospital Universitari Sant Joan de Reus,ES,Spain,6,UPO,2006-2010,incoming
https://ror.org/04f7vj627,University of Kragujevac,RS,Serbia,16,UPO,2006-2010,incoming
https://ror.org/04f81fm77,Sivas Cumhuriyet Üniversitesi,TR,Turkey,8,UPO,2006-2010,incoming
https://ror.org/04f86t017,Hospital de Especialidades,MX,Mexico,2,UPO,2006-2010,incoming
https://ror.org/04f8k9513,National Heart Centre Singapore,SG,Singapore,15,UPO,2006-2010,incoming
https://ror.org/04f90ax67,Ministry of Health and Population,EG,Egypt,1,UPO,2006-2010,incoming
https://ror.org/04facnr46,"EU Business School, Geneva",CH,Switzerland,1,UPO,2006-2010,incoming
https://ror.org/04fc1dc24,Dorset County Hospital,GB,United Kingdom,1,UPO,2006-2010,incoming
https://ror.org/04fcs7q74,Universidad de la Ciénega,MX,Mexico,5,UPO,2006-2010,incoming
https://ror.org/04fctr677,Phillips University,US,United States,8,UPO,2006-2010,incoming
https://ror.org/04fdkjq44,Methodist University Hospital,US,United States,2,UPO,2006-2010,incoming
https://ror.org/04fe46645,University Hospital in Halle,DE,Germany,6,UPO,2006-2010,incoming
https://ror.org/04fe7hy80,Xuzhou Medical College,CN,China,6,UPO,2006-2010,incoming
https://ror.org/04fegvg32,Rosalind Franklin University of Medicine and Science,US,United States,7,UPO,2006-2010,incoming
https://ror.org/04feqxb79,Atomic Energy Organization of Iran,IR,Iran,2,UPO,2006-2010,incoming
https://ror.org/04fev8a92,Centre Hospitalier Public du Cotentin,FR,France,1,UPO,2006-2010,incoming
https://ror.org/04fffmj41,Hospital Clínico Universitario de Valladolid,ES,Spain,6,UPO,2006-2010,incoming
https://ror.org/04fg4sh42,St Peter's Hospital,US,United States,1,UPO,2006-2010,incoming
https://ror.org/04fg7az81,Ziekenhuis Oost-Limburg,BE,Belgium,2,UPO,2006-2010,incoming
https://ror.org/04fg7fb49,Institute of Cell Biology,UA,Ukraine,12,UPO,2006-2010,incoming
https://ror.org/04fgpet95,University Hospital of Wales,GB,United Kingdom,14,UPO,2006-2010,incoming
https://ror.org/04fhrs205,Centre de recherche cerveau et cognition,FR,France,2,UPO,2006-2010,incoming
https://ror.org/04fht8c22,Bharathiar University,IN,India,3,UPO,2006-2010,incoming
https://ror.org/04fjkxc67,Helios Kliniken,DE,Germany,23,UPO,2006-2010,incoming
https://ror.org/04fjtte88,Süleyman Demirel University,TR,Turkey,1,UPO,2006-2010,incoming
https://ror.org/04fjwpp27,ArtCenter College of Design,US,United States,5,UPO,2006-2010,incoming
https://ror.org/04fkqna53,University of Maryland Medical System,US,United States,11,UPO,2006-2010,incoming
https://ror.org/04fktme39,Cleveland University,US,United States,1,UPO,2006-2010,incoming
https://ror.org/04fkwzm96,Donostiako Unibertsitate Ospitalea,ES,Spain,4,UPO,2006-2010,incoming
https://ror.org/04fm87419,Carol Davila University of Medicine and Pharmacy,RO,Romania,12,UPO,2006-2010,incoming
https://ror.org/04fnmyb71,"Istituto Nazionale di Fisica Nucleare, Gruppo Collegato di Parma",IT,Italy,8,UPO,2006-2010,incoming
https://ror.org/04fnrxr62,Haverford College,US,United States,4,UPO,2006-2010,incoming
https://ror.org/04fnxsj42,University of North Carolina at Greensboro,US,United States,247,UPO,2006-2010,incoming
https://ror.org/04fp9fm22,National University Hospital,SG,Singapore,22,UPO,2006-2010,incoming
https://ror.org/04fr7pd94,Institut de Chimie Séparative de Marcoule,FR,France,4,UPO,2006-2010,incoming
https://ror.org/04frcff47,Malaysia University of Science and Technology,MY,Malaysia,3,UPO,2006-2010,incoming
https://ror.org/04frnz493,Veer Narmad South Gujarat University,IN,India,1,UPO,2006-2010,incoming
https://ror.org/04frvgs13,Ontario Veterinary College,CA,Canada,4,UPO,2006-2010,incoming
https://ror.org/04frzv033,Institute of Medical Biology,SG,Singapore,2,UPO,2006-2010,incoming
https://ror.org/04fs4yy09,Lakewood Regional Medical Center,US,United States,1,UPO,2006-2010,incoming
https://ror.org/04fs90r60,Tamil Nadu Agricultural University,IN,India,1,UPO,2006-2010,incoming
https://ror.org/04fsd0842,Solent NHS Trust,GB,United Kingdom,5,UPO,2006-2010,incoming
https://ror.org/04ftj7e51,National Institute of Public Health,CZ,Czechia,1,UPO,2006-2010,incoming
https://ror.org/04fttyv97,University of Arkansas at Little Rock,US,United States,11,UPO,2006-2010,incoming
https://ror.org/04ftw3n55,Nagoya Medical Center,JP,Japan,2,UPO,2006-2010,incoming
https://ror.org/04fw3kw37,Shri Maharaja Hari Singh Hospital,IN,India,3,UPO,2006-2010,incoming
https://ror.org/04fw54a43,Indian Council of Agricultural Research,IN,India,103,UPO,2006-2010,incoming
https://ror.org/04fwa4t58,Harefield Hospital,GB,United Kingdom,3,UPO,2006-2010,incoming
https://ror.org/04fxknd68,Daegu Catholic University,KR,South Korea,7,UPO,2006-2010,incoming
https://ror.org/04fy20a51,Institut de Recherches sur la Catalyse et l'Environnement de Lyon,FR,France,8,UPO,2006-2010,incoming
https://ror.org/04fy6j421,American Society of Clinical Oncology,US,United States,1,UPO,2006-2010,incoming
https://ror.org/04fybn584,University of Cauca,CO,Colombia,1,UPO,2006-2010,incoming
https://ror.org/04fzbxp95,Defence Institute of Physiology and Allied Sciences,IN,India,2,UPO,2006-2010,incoming
https://ror.org/04fzwnh64,Northwestern Medicine,US,United States,39,UPO,2006-2010,incoming
https://ror.org/04g007714,Noxxon Pharma (Germany),DE,Germany,2,UPO,2006-2010,incoming
https://ror.org/04g0m2d49,Juntendo University Hospital,JP,Japan,1,UPO,2006-2010,incoming
https://ror.org/04g1hjn96,Laboratoire de Mathématiques Jean Leray,FR,France,1,UPO,2006-2010,incoming
https://ror.org/04g26vc28,Institut de Chimie Moléculaire de Grenoble,FR,France,2,UPO,2006-2010,incoming
https://ror.org/04g2swc55,University of Iowa Hospitals and Clinics,US,United States,8,UPO,2006-2010,incoming
https://ror.org/04g2vpn86,Royal Holloway University of London,GB,United Kingdom,41,UPO,2006-2010,incoming
https://ror.org/04g3dn724,Massachusetts Eye and Ear Infirmary,US,United States,7,UPO,2006-2010,incoming
https://ror.org/04g3hr176,Kingdom University,BH,Bahrain,14,UPO,2006-2010,incoming
https://ror.org/04g3mbv81,European Graduate School,CH,Switzerland,1,UPO,2006-2010,incoming
https://ror.org/04g3t6s80,National Institute of Occupational Health,NO,Norway,6,UPO,2006-2010,incoming
https://ror.org/04g525b43,First Pavlov State Medical University of St. Petersburg,RU,Russia,1,UPO,2006-2010,incoming
https://ror.org/04g6bbq64,Adam Mickiewicz University in Poznań,PL,Poland,37,UPO,2006-2010,incoming
https://ror.org/04g6gva85,Centre for Advancing Health Outcomes,CA,Canada,2,UPO,2006-2010,incoming
https://ror.org/04g6ht049,South Florida Veterans Affairs Foundation for Research and Education,US,United States,3,UPO,2006-2010,incoming
https://ror.org/04g9e0f44,Willamette University,US,United States,1,UPO,2006-2010,incoming
https://ror.org/04g9q2h37,San Francisco VA Health Care System,US,United States,12,UPO,2006-2010,incoming
https://ror.org/04g9wby70,European Organisation for Research and Treatment of Cancer,NL,The Netherlands,5,UPO,2006-2010,incoming
https://ror.org/04g9xj393,Legacy Health,US,United States,1,UPO,2006-2010,incoming
https://ror.org/04g9zpa43,S. C. Institute of Health Science and Research,JP,Japan,1,UPO,2006-2010,incoming
https://ror.org/04gaexw88,Southwest Minzu University,CN,China,1,UPO,2006-2010,incoming
https://ror.org/04gavx394,Indian Institute of Petroleum,IN,India,1,UPO,2006-2010,incoming
https://ror.org/04gbhgc79,Montreal General Hospital,CA,Canada,4,UPO,2006-2010,incoming
https://ror.org/04gbpnx96,University of Opole,PL,Poland,4,UPO,2006-2010,incoming
https://ror.org/04gcecg21,Norsk Hydro (Germany),DE,Germany,2,UPO,2006-2010,incoming
https://ror.org/04gg6xa16,Royal Canadian Mint (Canada),CA,Canada,2,UPO,2006-2010,incoming
https://ror.org/04gh4er46,Shenzhen Institutes of Advanced Technology,CN,China,1,UPO,2006-2010,incoming
https://ror.org/04gh6x779,Caritas-Krankenhaus Bad Mergentheim,DE,Germany,2,UPO,2006-2010,incoming
https://ror.org/04ghtpd15,Institute of Child Health,GR,Greece,1,UPO,2006-2010,incoming
https://ror.org/04gj5px28,Inha University Hospital,KR,South Korea,7,UPO,2006-2010,incoming
https://ror.org/04gjfdj81,MacDiarmid Institute for Advanced Materials and Nanotechnology,NZ,New Zealand,1,UPO,2006-2010,incoming
https://ror.org/04gjj3027,Korea University Anam Hospital,KR,South Korea,3,UPO,2006-2010,incoming
https://ror.org/04gknbs13,National Chiayi University,TW,Taiwan,3,UPO,2006-2010,incoming
https://ror.org/04gn22j10,Kaohsiung Municipal Hsiao-Kang Hospital,TW,Taiwan,12,UPO,2006-2010,incoming
https://ror.org/04gndp242,Genentech,US,United States,40,UPO,2006-2010,incoming
https://ror.org/04gnjpq42,National and Kapodistrian University of Athens,GR,Greece,1687,UPO,2006-2010,incoming
https://ror.org/04gp5yv64,Westmead Hospital,AU,Australia,22,UPO,2006-2010,incoming
https://ror.org/04gpcyk21,Japan Women's University,JP,Japan,2,UPO,2006-2010,incoming
https://ror.org/04gq0w522,Flemish Institute for Technological Research,BE,Belgium,5,UPO,2006-2010,incoming
https://ror.org/04gq6mn61,Ministry of Health,PE,Peru,1,UPO,2006-2010,incoming
https://ror.org/04gq84p09,State Key Laboratory of Environmental Geochemistry,CN,China,1,UPO,2006-2010,incoming
https://ror.org/04gqbd180,Campus Bio Medico University Hospital,IT,Italy,1,UPO,2006-2010,incoming
https://ror.org/04gqg1a07,Université Savoie Mont Blanc,FR,France,974,UPO,2006-2010,incoming
https://ror.org/04gqmrb58,Dr. Georges-L.-Dumont University Hospital Centre,CA,Canada,1,UPO,2006-2010,incoming
https://ror.org/04gqrt415,NSW Ambulance,AU,Australia,1,UPO,2006-2010,incoming
https://ror.org/04gqx4x78,Università Campus Bio-Medico,IT,Italy,237,UPO,2006-2010,incoming
https://ror.org/04gr4te78,Marquette University,US,United States,20,UPO,2006-2010,incoming
https://ror.org/04grmx538,National Bureau of Economic Research,US,United States,2,UPO,2006-2010,incoming
https://ror.org/04grrp271,Ziekenhuis Groep Twente,NL,The Netherlands,2,UPO,2006-2010,incoming
https://ror.org/04grzdh47,Guangdong University of Finance,CN,China,2,UPO,2006-2010,incoming
https://ror.org/04gs6xd08,Zealand University Hospital Køge,DK,Denmark,1,UPO,2006-2010,incoming
https://ror.org/04gsp2c11,James Cook University,AU,Australia,24,UPO,2006-2010,incoming
https://ror.org/04gv2er37,Mary Ann Liebert (United States),US,United States,1,UPO,2006-2010,incoming
https://ror.org/04gv9vj98,Barnet and Chase Farm NHS Hospitals Trust,GB,United Kingdom,1,UPO,2006-2010,incoming
https://ror.org/04gw0wg65,Advocate Christ Medical Center,US,United States,2,UPO,2006-2010,incoming
https://ror.org/04gw3ra78,Chinese PLA General Hospital,CN,China,6,UPO,2006-2010,incoming
https://ror.org/04gwnkw13,Centro Nacional de Tecnología Química,VE,Venezuela,1,UPO,2006-2010,incoming
https://ror.org/04gwtvf26,Xihua University,CN,China,1,UPO,2006-2010,incoming
https://ror.org/04gyf1771,"University of California, Irvine",US,United States,150,UPO,2006-2010,incoming
https://ror.org/04gz17b59,Northern Jiangsu People's Hospital,CN,China,2,UPO,2006-2010,incoming
https://ror.org/04gzb2213,University of Delhi,IN,India,912,UPO,2006-2010,incoming
https://ror.org/04gzbav43,Amirkabir University of Technology,IR,Iran,5,UPO,2006-2010,incoming
https://ror.org/04h1h0y33,Centre National d'Études Spatiales,FR,France,5,UPO,2006-2010,incoming
https://ror.org/04h31f025,Hellenic Ministry of Rural Development and Food,GR,Greece,2,UPO,2006-2010,incoming
https://ror.org/04h36ea57,Alexander Technological Educational Institute of Thessaloniki,GR,Greece,2,UPO,2006-2010,incoming
https://ror.org/04h3h5b09,Institute of Physics Belgrade,RS,Serbia,16,UPO,2006-2010,incoming
https://ror.org/04h4z8k05,UNESCO,FR,France,1,UPO,2006-2010,incoming
https://ror.org/04h687w28,Khalili Hospital,IR,Iran,1,UPO,2006-2010,incoming
https://ror.org/04h699437,University of Leicester,GB,United Kingdom,156,UPO,2006-2010,incoming
https://ror.org/04h7nbn38,Canberra Hospital,AU,Australia,2,UPO,2006-2010,incoming
https://ror.org/04h81rw26,University of Pennsylvania Health System,US,United States,24,UPO,2006-2010,incoming
https://ror.org/04h8e7606,Fernando Pessoa University,PT,Portugal,5,UPO,2006-2010,incoming
https://ror.org/04h9pn542,Seoul National University,KR,South Korea,1007,UPO,2006-2010,incoming
https://ror.org/04hadk112,Institute of Genetics and Biophysics,IT,Italy,12,UPO,2006-2010,incoming
https://ror.org/04haebc03,Memorial University of Newfoundland,CA,Canada,12,UPO,2006-2010,incoming
https://ror.org/04hasps36,Mukhametzhan Tynyshbayev ALT University,KZ,Kazakhstan,1,UPO,2006-2010,incoming
https://ror.org/04hbwba26,Deutsches Herzzentrum München,DE,Germany,2,UPO,2006-2010,incoming
https://ror.org/04hcg0q34,Alameda Health System,US,United States,3,UPO,2006-2010,incoming
https://ror.org/04hcvaf32,Sana'a University,YE,Yemen,2,UPO,2006-2010,incoming
https://ror.org/04hd4qy94,Ospedale SS. Annunziata,IT,Italy,2,UPO,2006-2010,incoming
https://ror.org/04hd8bd67,Murata (Japan),JP,Japan,1,UPO,2006-2010,incoming
https://ror.org/04hdhz511,Pierre Fabre (France),FR,France,3,UPO,2006-2010,incoming
https://ror.org/04hexmg17,Palm Beach Atlantic University,US,United States,1,UPO,2006-2010,incoming
https://ror.org/04hf5kq57,New York State Department of Health,US,United States,13,UPO,2006-2010,incoming
https://ror.org/04hfg7v94,Center for Theoretical Biological Physics,US,United States,3,UPO,2006-2010,incoming
https://ror.org/04hg0hr43,Danish Breast Cancer Cooperative Group,DK,Denmark,2,UPO,2006-2010,incoming
https://ror.org/04hgm3062,Iowa City VA Health Care System,US,United States,1,UPO,2006-2010,incoming
https://ror.org/04hhrpp03,Institut für Neuropathologie,DE,Germany,20,UPO,2006-2010,incoming
https://ror.org/04hja5e04,State Key Laboratory of Respiratory Disease,CN,China,3,UPO,2006-2010,incoming
https://ror.org/04hjbmv12,Takeda (Japan),JP,Japan,4,UPO,2006-2010,incoming
https://ror.org/04hk36d32,"Institute of Chemistry, Technology and Metallurgy",RS,Serbia,1,UPO,2006-2010,incoming
https://ror.org/04hk86037,University of Matanzas,CU,Cuba,2,UPO,2006-2010,incoming
https://ror.org/04hmgwg30,Karolinska Institutet Innovations (Sweden),SE,Sweden,423,UPO,2006-2010,incoming
https://ror.org/04hmn8g73,Bayer (Germany),DE,Germany,29,UPO,2006-2010,incoming
https://ror.org/04hnrs676,Universidade de Mogi das Cruzes,BR,Brazil,5,UPO,2006-2010,incoming
https://ror.org/04hpd0e20,Institute of Magnetism,UA,Ukraine,2,UPO,2006-2010,incoming
https://ror.org/04hpp6453,Texas Southmost College,US,United States,1,UPO,2006-2010,incoming
https://ror.org/04hqfvm50,Institute of Bioinformatics,IN,India,4,UPO,2006-2010,incoming
https://ror.org/04hr99439,Pfizer-University of Granada-Junta de Andalucía Centre for Genomics and Oncological Research,ES,Spain,1,UPO,2006-2010,incoming
https://ror.org/04hrbe508,University of Batna 1,DZ,Algeria,3,UPO,2006-2010,incoming
https://ror.org/04hrjej96,Leeds General Infirmary,GB,United Kingdom,13,UPO,2006-2010,incoming
https://ror.org/04hrrh248,Institute of Mathematics,PL,Poland,1,UPO,2006-2010,incoming
https://ror.org/04hrs9369,Délégation Languedoc Roussillon,FR,France,5,UPO,2006-2010,incoming
https://ror.org/04hsdam77,Taiwan Centers for Disease Control,TW,Taiwan,1,UPO,2006-2010,incoming
https://ror.org/04hsn8391,Fairview Health Services,US,United States,2,UPO,2006-2010,incoming
https://ror.org/04hteea03,Pittsburg State University,US,United States,6,UPO,2006-2010,incoming
https://ror.org/04htzww22,Vancouver Coastal Health Research Institute,CA,Canada,5,UPO,2006-2010,incoming
https://ror.org/04hvmsy06,Cochlear (Australia),AU,Australia,1,UPO,2006-2010,incoming
https://ror.org/04hwbg047,Sigmund Freud Privatuniversität Wien,AT,Austria,2,UPO,2006-2010,incoming
https://ror.org/04hy0x592,Woolcock Institute of Medical Research,AU,Australia,4,UPO,2006-2010,incoming
https://ror.org/04hym7e04,Al-Quds University,PS,Palestine,1,UPO,2006-2010,incoming
https://ror.org/04hzkx672,Equipe de Recherche en Epidémiologie Nutritionnelle,FR,France,3,UPO,2006-2010,incoming
https://ror.org/04hzm4679,National Institute for Occupational Health,ZA,South Africa,1,UPO,2006-2010,incoming
https://ror.org/04j0x0h93,"Istituto Nazionale di Fisica Nucleare, Sezione di Bologna",IT,Italy,6,UPO,2006-2010,incoming
https://ror.org/04j198w64,Western Michigan University,US,United States,29,UPO,2006-2010,incoming
https://ror.org/04j2yny21,Glasgow Centre for Population Health,GB,United Kingdom,1,UPO,2006-2010,incoming
https://ror.org/04j36h363,Children's Hospital & Medical Center,US,United States,4,UPO,2006-2010,incoming
https://ror.org/04j3jhk11,San Antonio Uniformed Services Health Education Consortium,US,United States,1,UPO,2006-2010,incoming
https://ror.org/04j4nak57,Kobe City Medical Center General Hospital,JP,Japan,1,UPO,2006-2010,incoming
https://ror.org/04j5m9426,Tokyo Seiei College,JP,Japan,1,UPO,2006-2010,incoming
https://ror.org/04j5wtv36,Directorate-General Joint Research Centre,BE,Belgium,18,UPO,2006-2010,incoming
https://ror.org/04j6cfb03,Reliance Industries (India),IN,India,2,UPO,2006-2010,incoming
https://ror.org/04j6jb515,Istituti Fisioterapici Ospitalieri,IT,Italy,24,UPO,2006-2010,incoming
https://ror.org/04j71m034,Saint Francis Health System,US,United States,3,UPO,2006-2010,incoming
https://ror.org/04j757h98,Victoria University,AU,Australia,11,UPO,2006-2010,incoming
https://ror.org/04j7b2v61,Ningxia University,CN,China,4,UPO,2006-2010,incoming
https://ror.org/04j7mzp05,Kagawa University,JP,Japan,11,UPO,2006-2010,incoming
https://ror.org/04j8wth34,Tsurumi University,JP,Japan,2,UPO,2006-2010,incoming
https://ror.org/04j9bvy88,BG University Hospital Bergmannsheil Bochum,DE,Germany,5,UPO,2006-2010,incoming
https://ror.org/04j9rp686,Benaroya Research Institute,US,United States,2,UPO,2006-2010,incoming
https://ror.org/04jaeba88,"California State University, East Bay",US,United States,1,UPO,2006-2010,incoming
https://ror.org/04jc43x05,TUM Klinikum,DE,Germany,23,UPO,2006-2010,incoming
https://ror.org/04jcykh16,Wuhan Institute of Technology,CN,China,5,UPO,2006-2010,incoming
https://ror.org/04jdq2t93,Aaron Diamond AIDS Research Center,US,United States,5,UPO,2006-2010,incoming
https://ror.org/04jdthe46,Hospital de Clínicas,UY,Uruguay,3,UPO,2006-2010,incoming
https://ror.org/04je6yw13,Cheikh Anta Diop University,SN,Senegal,3,UPO,2006-2010,incoming
https://ror.org/04je98850,Fu Jen Catholic University,TW,Taiwan,6,UPO,2006-2010,incoming
https://ror.org/04jedda80,Kaohsiung Veterans General Hospital,TW,Taiwan,13,UPO,2006-2010,incoming
https://ror.org/04jewc589,Lillebaelt Hospital,DK,Denmark,7,UPO,2006-2010,incoming
https://ror.org/04jf04g79,International Foundation for Integrated Care,ES,Spain,1,UPO,2006-2010,incoming
https://ror.org/04jfpax71,Industrial Technology Center of Nagasaki,JP,Japan,5,UPO,2006-2010,incoming
https://ror.org/04jg4z821,Okayama Central Hospital,JP,Japan,1,UPO,2006-2010,incoming
https://ror.org/04jgeq066,Korea Disease Control and Prevention Agency,KR,South Korea,1,UPO,2006-2010,incoming
https://ror.org/04jhswv08,Fundação Oswaldo Cruz,BR,Brazil,20,UPO,2006-2010,incoming
https://ror.org/04jjns303,Institute of Applied Mechanics,RU,Russia,1,UPO,2006-2010,incoming
https://ror.org/04jmdbw57,"National Center for Theoretical Sciences, Mathematics Division",TW,Taiwan,1,UPO,2006-2010,incoming
https://ror.org/04jmt9361,University of Madras,IN,India,15,UPO,2006-2010,incoming
https://ror.org/04jn5sa20,Ospedale Maggiore di Lodi,IT,Italy,2,UPO,2006-2010,incoming
https://ror.org/04jnprq39,University of Minnesota Medical School,US,United States,2,UPO,2006-2010,incoming
https://ror.org/04jp2hx10,University of Northampton,GB,United Kingdom,4,UPO,2006-2010,incoming
https://ror.org/04jpa5e08,TriHealth,US,United States,3,UPO,2006-2010,incoming
https://ror.org/04jpdpb33,Instituto de Histología y Embriología de Mendoza,AR,Argentina,2,UPO,2006-2010,incoming
https://ror.org/04jq4p608,Hospital Garcia de Orta,PT,Portugal,5,UPO,2006-2010,incoming
https://ror.org/04jqj7p05,Hitotsubashi University,JP,Japan,1,UPO,2006-2010,incoming
https://ror.org/04jqjkn20,Data Management Services (United States),US,United States,2,UPO,2006-2010,incoming
https://ror.org/04jr1s763,University of Florence,IT,Italy,1390,UPO,2006-2010,incoming
https://ror.org/04js17g72,Ifakara Health Institute,TZ,Tanzania,4,UPO,2006-2010,incoming
https://ror.org/04js6xx21,McGowan Institute for Regenerative Medicine,US,United States,5,UPO,2006-2010,incoming
https://ror.org/04jscf286,Ottawa University,US,United States,1,UPO,2006-2010,incoming
https://ror.org/04jsz6e67,Dutch Research Council,NL,The Netherlands,249,UPO,2006-2010,incoming
https://ror.org/04jtw9y77,Centre d'études de l'emploi,FR,France,3,UPO,2006-2010,incoming
https://ror.org/04jty2903,Nishinippon Institute of Technology,JP,Japan,2,UPO,2006-2010,incoming
https://ror.org/04jvemc39,Max Planck Institute for Radio Astronomy,DE,Germany,4,UPO,2006-2010,incoming
https://ror.org/04jw21793,"Bundesministerium für Landwirtschaft, Ernährung und Heimat",DE,Germany,17,UPO,2006-2010,incoming
https://ror.org/04jx76k82,Korean Council for University Education,KR,South Korea,6,UPO,2006-2010,incoming
https://ror.org/04jxcef68,Royal Edinburgh Hospital,GB,United Kingdom,1,UPO,2006-2010,incoming
https://ror.org/04jymbd90,"Czech Academy of Sciences, Nuclear Physics Institute",CZ,Czechia,8,UPO,2006-2010,incoming
https://ror.org/04jzmdh37,Centre for Economic Policy Research,GB,United Kingdom,4,UPO,2006-2010,incoming
https://ror.org/04jzps455,Structural Genomics Consortium,CA,Canada,6,UPO,2006-2010,incoming
https://ror.org/04jztag35,Peking Union Medical College Hospital,CN,China,4,UPO,2006-2010,incoming
https://ror.org/04k031t90,École Nationale Vétérinaire d'Alfort,FR,France,18,UPO,2006-2010,incoming
https://ror.org/04k093t90,Chaudhary Sarwan Kumar Himachal Pradesh Krishi Vishvavidyalaya,IN,India,1,UPO,2006-2010,incoming
https://ror.org/04k1cm432,Saint Luke's Hospital,US,United States,2,UPO,2006-2010,incoming
https://ror.org/04k1f6611,Maccabi Healthcare Services,IL,Israel,1,UPO,2006-2010,incoming
https://ror.org/04k2ezm16,Okanagan College,CA,Canada,2,UPO,2006-2010,incoming
https://ror.org/04k3jt835,Ronald Reagan UCLA Medical Center,US,United States,5,UPO,2006-2010,incoming
https://ror.org/04k4h9k07,Scripps Mercy Hospital,US,United States,1,UPO,2006-2010,incoming
https://ror.org/04k51q396,University Hospital of Basel,CH,Switzerland,78,UPO,2006-2010,incoming
https://ror.org/04k5dj193,Russian State Geological Prospecting University,RU,Russia,1,UPO,2006-2010,incoming
https://ror.org/04k5rxe29,Guangdong Medical College,CN,China,5,UPO,2006-2010,incoming
https://ror.org/04k6gr834,Kyoto University Hospital,JP,Japan,27,UPO,2006-2010,incoming
https://ror.org/04k6zqn86,Beijing Hua Xin Hospital,CN,China,1,UPO,2006-2010,incoming
https://ror.org/04k7gbj45,Center for Career and Community Research,US,United States,1,UPO,2006-2010,incoming
https://ror.org/04k7nem08,Saint Louis University,PH,Philippines,2,UPO,2006-2010,incoming
https://ror.org/04k7qar56,Ministry of Health,PT,Portugal,2,UPO,2006-2010,incoming
https://ror.org/04k80k910,National Interuniversity Consortium of Materials Science and Technology,IT,Italy,15,UPO,2006-2010,incoming
https://ror.org/04k820v98,Saudi Aramco Medical Services Organization,SA,Saudi Arabia,3,UPO,2006-2010,incoming
https://ror.org/04k83g518,Concordia University Wisconsin,US,United States,1,UPO,2006-2010,incoming
https://ror.org/04k89yk85,University of Kurdistan,IR,Iran,5,UPO,2006-2010,incoming
https://ror.org/04k8k6n84,Université de Haute-Alsace,FR,France,870,UPO,2006-2010,incoming
https://ror.org/04ka8rx28,Bu-Ali Sina University,IR,Iran,5,UPO,2006-2010,incoming
https://ror.org/04kaae654,State Key Laboratory of Organometallic Chemistry,CN,China,22,UPO,2006-2010,incoming
https://ror.org/04kaqnt29,Migal - Galilee Technology Center,IL,Israel,6,UPO,2006-2010,incoming
https://ror.org/04kbvxz10,Biocor Institute,BR,Brazil,2,UPO,2006-2010,incoming
https://ror.org/04kbz1397,Calvary Mater Newcastle Hospital,AU,Australia,4,UPO,2006-2010,incoming
https://ror.org/04kcgyj43,The Microsoft Research - University of Trento Centre for Computational and Systems Biology,IT,Italy,1,UPO,2006-2010,incoming
https://ror.org/04kd26r92,Grampians Health,AU,Australia,1,UPO,2006-2010,incoming
https://ror.org/04kdf7678,The Geneva Foundation,US,United States,1,UPO,2006-2010,incoming
https://ror.org/04kdfz702,Institut National des Sciences de l'Univers,FR,France,564,UPO,2006-2010,incoming
https://ror.org/04kfn4587,Mount Sinai Health System,US,United States,35,UPO,2006-2010,incoming
https://ror.org/04kfyt897,Center for Theoretical Physics,PL,Poland,1,UPO,2006-2010,incoming
https://ror.org/04khqse59,Pediatric Oncology Group,CA,Canada,1,UPO,2006-2010,incoming
https://ror.org/04khs0d04,Amyotrophic Lateral Sclerosis Therapy Development Institute,US,United States,3,UPO,2006-2010,incoming
https://ror.org/04khwmr87,Vienna Biocenter,AT,Austria,2,UPO,2006-2010,incoming
https://ror.org/04kj1hn59,Harvard Stem Cell Institute,US,United States,9,UPO,2006-2010,incoming
https://ror.org/04kjcjc51,Brazilian Biosciences National Laboratory,BR,Brazil,1,UPO,2006-2010,incoming
https://ror.org/04kk13p96,Reading Hospital,US,United States,1,UPO,2006-2010,incoming
https://ror.org/04km98768,State Key Laboratory of Turbulence and Complex Systems,CN,China,1,UPO,2006-2010,incoming
https://ror.org/04kmpyd03,Nanjing General Hospital of Nanjing Military Command,CN,China,11,UPO,2006-2010,incoming
https://ror.org/04kn0zf27,Silesian Center for Heart Disease,PL,Poland,3,UPO,2006-2010,incoming
https://ror.org/04kn1c182,Serampore College,IN,India,1,UPO,2006-2010,incoming
https://ror.org/04kn56m50,Institute of Chinese Materia Medica,CN,China,4,UPO,2006-2010,incoming
https://ror.org/04knbh022,Austrian Institute of Technology,AT,Austria,7,UPO,2006-2010,incoming
https://ror.org/04kp2b655,University of Brighton,GB,United Kingdom,44,UPO,2006-2010,incoming
https://ror.org/04kp2z675,"National Institute of Technology, Gunma College",JP,Japan,5,UPO,2006-2010,incoming
https://ror.org/04kp3hw27,Urbana University,US,United States,9,UPO,2006-2010,incoming
https://ror.org/04kqgqa72,Mississippi Institutions of Higher Learning,US,United States,970,UPO,2006-2010,incoming
https://ror.org/04kqtxx50,Chang Hua Hospital,TW,Taiwan,1,UPO,2006-2010,incoming
https://ror.org/04krpx645,Tabriz University of Medical Sciences,IR,Iran,7,UPO,2006-2010,incoming
https://ror.org/04ksd4g47,National Institute of Informatics,JP,Japan,7,UPO,2006-2010,incoming
https://ror.org/04ksqpz49,Cardinal Tien Hospital,TW,Taiwan,1,UPO,2006-2010,incoming
https://ror.org/04kt5vk53,Obninsk Institute for Nuclear Power Engineering,RU,Russia,15,UPO,2006-2010,incoming
https://ror.org/04kt6g810,Shell (France),FR,France,1,UPO,2006-2010,incoming
https://ror.org/04kwfkk85,Nokia (France),FR,France,1,UPO,2006-2010,incoming
https://ror.org/04kwvgz42,Hacettepe University,TR,Turkey,55,UPO,2006-2010,incoming
https://ror.org/04kx2sy84,Fujian Agriculture and Forestry University,CN,China,1,UPO,2006-2010,incoming
https://ror.org/04ky1ae42,Brandon Research and Development Centre,CA,Canada,1,UPO,2006-2010,incoming
https://ror.org/04ky99h94,National Animal Disease Center,US,United States,6,UPO,2006-2010,incoming
https://ror.org/04kz4p343,Institute for Collaborative Biotechnologies,US,United States,1,UPO,2006-2010,incoming
https://ror.org/04kz5k469,Azienda Sanitaria Locale N. 2 Savonese,IT,Italy,1,UPO,2006-2010,incoming
https://ror.org/04m01e293,University of York,GB,United Kingdom,71,UPO,2006-2010,incoming
https://ror.org/04m0kdq23,Ospedale Sant'Anna,IT,Italy,1,UPO,2006-2010,incoming
https://ror.org/04m0qde81,State Key Laboratory of Medical Genomics,CN,China,10,UPO,2006-2010,incoming
https://ror.org/04m0xav37,Leukemia and Lymphoma Society,US,United States,2,UPO,2006-2010,incoming
https://ror.org/04m1ha467,Sebha University,LY,Libya,1,UPO,2006-2010,incoming
https://ror.org/04m1ydt32,Delaware Biotechnology Institute,US,United States,2,UPO,2006-2010,incoming
https://ror.org/04m42eq84,University of Shimane,JP,Japan,2,UPO,2006-2010,incoming
https://ror.org/04m453044,VA Northwest Network,US,United States,8,UPO,2006-2010,incoming
https://ror.org/04m4wwh75,Altai State University,RU,Russia,3,UPO,2006-2010,incoming
https://ror.org/04m54m956,Kerckhoff Klinik,DE,Germany,2,UPO,2006-2010,incoming
https://ror.org/04m5j1k67,Aalborg University,DK,Denmark,43,UPO,2006-2010,incoming
https://ror.org/04m61mj84,Centre Hospitalier Universitaire Henri-Mondor,FR,France,6,UPO,2006-2010,incoming
https://ror.org/04m6cjv19,Development Research Center,CN,China,4,UPO,2006-2010,incoming
https://ror.org/04m6sq715,Hôpital Arnaud de Villeneuve,FR,France,9,UPO,2006-2010,incoming
https://ror.org/04m7cgp86,London Health Sciences Centre Research Institute,CA,Canada,8,UPO,2006-2010,incoming
https://ror.org/04m8m1253,CSC - IT Center for Science (Finland),FI,Finland,2,UPO,2006-2010,incoming
https://ror.org/04m8t3f14,"Istituto Nazionale di Fisica Nucleare, Gruppo Collegato di Udine",IT,Italy,7,UPO,2006-2010,incoming
https://ror.org/04m8z4n60,Harris Health System,US,United States,3,UPO,2006-2010,incoming
https://ror.org/04ma0p518,Institute of Oceanography and Fisheries,HR,Croatia,1,UPO,2006-2010,incoming
https://ror.org/04mbfgm16,Simmons University,US,United States,2,UPO,2006-2010,incoming
https://ror.org/04mcdza51,"Centre universitaire de médecine générale et santé publique, Lausanne",CH,Switzerland,31,UPO,2006-2010,incoming
https://ror.org/04mcker87,Global Alliance for Improved Nutrition,CH,Switzerland,1,UPO,2006-2010,incoming
https://ror.org/04mczx267,National Academy of Sciences of Armenia,AM,Armenia,6,UPO,2006-2010,incoming
https://ror.org/04mdnw291,Miles College,US,United States,1,UPO,2006-2010,incoming
https://ror.org/04mdtvp93,Sinopec Research Institute of Petroleum Processing,CN,China,3,UPO,2006-2010,incoming
https://ror.org/04mf6js28,Credit Valley Hospital,CA,Canada,1,UPO,2006-2010,incoming
https://ror.org/04mfzb702,Centre for Plant Biotechnology and Genomics,ES,Spain,1,UPO,2006-2010,incoming
https://ror.org/04mghma93,Heriot-Watt University,GB,United Kingdom,27,UPO,2006-2010,incoming
https://ror.org/04mh52z70,Smithsonian Astrophysical Observatory,US,United States,1,UPO,2006-2010,incoming
https://ror.org/04mhx6838,National Institute on Deafness and Other Communication Disorders,US,United States,4,UPO,2006-2010,incoming
https://ror.org/04mhzgx49,Tel Aviv University,IL,Israel,419,UPO,2006-2010,incoming
https://ror.org/04mj0y667,"Ministry of Agriculture, Livestock, and Food Supply",BR,Brazil,1,UPO,2006-2010,incoming
https://ror.org/04mkzax54,Jiangnan University,CN,China,9,UPO,2006-2010,incoming
https://ror.org/04mnmrh54,Saint-Gobain Recherche Paris,FR,France,1,UPO,2006-2010,incoming
https://ror.org/04mqb0968,Princess Alexandra Hospital,AU,Australia,24,UPO,2006-2010,incoming
https://ror.org/04mqy3p58,Instituto de Engenharia de Sistemas e Computadores Investigação e Desenvolvimento,PT,Portugal,13,UPO,2006-2010,incoming
https://ror.org/04mr1by41,Instituto de Investigaciones Químico Biológicas,MX,Mexico,2,UPO,2006-2010,incoming
https://ror.org/04mrb6c22,Inova Health System,US,United States,6,UPO,2006-2010,incoming
https://ror.org/04mrg3p52,Istituto Oncologico Romagnolo,IT,Italy,2,UPO,2006-2010,incoming
https://ror.org/04mrrw205,Autonomous University of Chihuahua,MX,Mexico,1,UPO,2006-2010,incoming
https://ror.org/04msnz457,Laboratoire de l'Informatique du Parallélisme,FR,France,7,UPO,2006-2010,incoming
https://ror.org/04mte1k06,National Research Council Canada,CA,Canada,46,UPO,2006-2010,incoming
https://ror.org/04mv1z119,La Rochelle Université,FR,France,22,UPO,2006-2010,incoming
https://ror.org/04mv4n011,Amazon (United States),US,United States,1,UPO,2006-2010,incoming
https://ror.org/04mvjgw79,Amec Foster Wheeler (United Kingdom),GB,United Kingdom,1,UPO,2006-2010,incoming
https://ror.org/04mvpxy20,Huzhou University,CN,China,1,UPO,2006-2010,incoming
https://ror.org/04mvr1r74,Intermountain Healthcare,US,United States,7,UPO,2006-2010,incoming
https://ror.org/04mwvcn50,"Islamic Azad University, Yazd",IR,Iran,1,UPO,2006-2010,incoming
https://ror.org/04mxrtj31,Mater Children's Hospital,AU,Australia,1,UPO,2006-2010,incoming
https://ror.org/04mxxkb11,Universidad de Cádiz,ES,Spain,31,UPO,2006-2010,incoming
https://ror.org/04my10541,Centre of Advanced Studies,RU,Russia,1,UPO,2006-2010,incoming
https://ror.org/04mynmy44,Alzahra Medical and Education Center,IR,Iran,1,UPO,2006-2010,incoming
https://ror.org/04mz5ra38,University of Duisburg-Essen,DE,Germany,96,UPO,2006-2010,incoming
https://ror.org/04mz9mt17,University of Nottingham Malaysia Campus,MY,Malaysia,1,UPO,2006-2010,incoming
https://ror.org/04mzk4q39,Showa University,JP,Japan,26,UPO,2006-2010,incoming
https://ror.org/04mznrw11,University of Benin,NG,Nigeria,3,UPO,2006-2010,incoming
https://ror.org/04n0g0b29,Universitat Pompeu Fabra,ES,Spain,43,UPO,2006-2010,incoming
https://ror.org/04n16t016,Institute of Hematology & Blood Diseases Hospital,CN,China,2,UPO,2006-2010,incoming
https://ror.org/04n1n3n22,QB3,US,United States,2,UPO,2006-2010,incoming
https://ror.org/04n1xa154,Meander Medisch Centrum,NL,The Netherlands,4,UPO,2006-2010,incoming
https://ror.org/04n2vwk08,Laboratoire Interuniversitaire des Sciences de l'Education et de la Communication,FR,France,1,UPO,2006-2010,incoming
https://ror.org/04n34rm95,Angelo State University,US,United States,2,UPO,2006-2010,incoming
https://ror.org/04n35qp23,Institute of Pharmaceutical Sciences,CH,Switzerland,3,UPO,2006-2010,incoming
https://ror.org/04n3k2k71,Hunan Institute of Technology,CN,China,2,UPO,2006-2010,incoming
https://ror.org/04n404y68,Institut de Recherche en Réadaptation-Réinsertion,CH,Switzerland,3,UPO,2006-2010,incoming
https://ror.org/04n40zv07,Shanghai Ocean University,CN,China,1,UPO,2006-2010,incoming
https://ror.org/04n6fhj26,Clinics Hospital of Ribeirão Preto,BR,Brazil,3,UPO,2006-2010,incoming
https://ror.org/04n6qsf08,Universidad De Santander,CO,Colombia,1,UPO,2006-2010,incoming
https://ror.org/04n76mm80,Hanyang University Seoul Hospital,KR,South Korea,3,UPO,2006-2010,incoming
https://ror.org/04n881142,Naval Materials Research Laboratory,IN,India,2,UPO,2006-2010,incoming
https://ror.org/04n901w50,BC Children's Hospital,CA,Canada,7,UPO,2006-2010,incoming
https://ror.org/04n9z8z70,New Mexico VA Health Care System,US,United States,5,UPO,2006-2010,incoming
https://ror.org/04nap1310,American College of Financial Services,US,United States,1,UPO,2006-2010,incoming
https://ror.org/04nayfw11,Tomas Bata University in Zlín,CZ,Czechia,1,UPO,2006-2010,incoming
https://ror.org/04nbhqj75,Hasselt University,BE,Belgium,7,UPO,2006-2010,incoming
https://ror.org/04nckd528,Dorset County Hospital NHS Foundation Trust,GB,United Kingdom,1,UPO,2006-2010,incoming
https://ror.org/04nd58p63,Tel Aviv Sourasky Medical Center,IL,Israel,36,UPO,2006-2010,incoming
https://ror.org/04neva792,Atlantic Cancer Research Institute,CA,Canada,1,UPO,2006-2010,incoming
https://ror.org/04nevn997,Western Regional Medical Center,US,United States,1,UPO,2006-2010,incoming
https://ror.org/04nfjn472,"Czech Academy of Sciences, Institute of Organic Chemistry and Biochemistry",CZ,Czechia,1,UPO,2006-2010,incoming
https://ror.org/04ngpga37,Park University,US,United States,5,UPO,2006-2010,incoming
https://ror.org/04ngysf93,Hallym University Sacred Heart Hospital,KR,South Korea,1,UPO,2006-2010,incoming
https://ror.org/04nh79216,Instituto de Investigación Médica Mercedes y Martín Ferreyra,AR,Argentina,2,UPO,2006-2010,incoming
https://ror.org/04njjy449,Universidad de Granada,ES,Spain,133,UPO,2006-2010,incoming
https://ror.org/04nk1k821,Kao Yuan University,TW,Taiwan,1,UPO,2006-2010,incoming
https://ror.org/04nkhwh30,University of Hull,GB,United Kingdom,35,UPO,2006-2010,incoming
https://ror.org/04nm1cv11,University Hospitals Bristol NHS Foundation Trust,GB,United Kingdom,15,UPO,2006-2010,incoming
https://ror.org/04nng3n69,Asahi General Hospital,JP,Japan,2,UPO,2006-2010,incoming
https://ror.org/04nnjqq50,Philippine Cancer Society,PH,Philippines,1,UPO,2006-2010,incoming
https://ror.org/04npk0q16,Animal Health Trust,GB,United Kingdom,3,UPO,2006-2010,incoming
https://ror.org/04npwsp41,Coriell Institute For Medical Research,US,United States,2,UPO,2006-2010,incoming
https://ror.org/04npym748,Humanitas (United States),US,United States,3,UPO,2006-2010,incoming
https://ror.org/04nqadf13,Institut de Recherche et d’Innovation,FR,France,1,UPO,2006-2010,incoming
https://ror.org/04nqdwb39,Mersin Üniversitesi,TR,Turkey,695,UPO,2006-2010,incoming
https://ror.org/04nqv0v23,Lynn University,US,United States,1,UPO,2006-2010,incoming
https://ror.org/04nqyn415,Institut za higijenu i tehnologiju mesa,RS,Serbia,1,UPO,2006-2010,incoming
https://ror.org/04nrcyx09,Centro Atómico Constituyentes,AR,Argentina,1,UPO,2006-2010,incoming
https://ror.org/04nt8b154,Fukuoka University,JP,Japan,8,UPO,2006-2010,incoming
https://ror.org/04ntyjt11,Yeungnam University Medical Center,KR,South Korea,10,UPO,2006-2010,incoming
https://ror.org/04nv6s061,Canadian Heart Research Centre,CA,Canada,4,UPO,2006-2010,incoming
https://ror.org/04nx9ps90,École Supérieure d'Électronique de l'Ouest,FR,France,1,UPO,2006-2010,incoming
https://ror.org/04nxkaq16,Università degli studi di Cassino e del Lazio Meridionale,IT,Italy,78,UPO,2006-2010,incoming
https://ror.org/04nxw7p13,Ascension Via Christi,US,United States,1,UPO,2006-2010,incoming
https://ror.org/04nyf1f54,Shanghai Center For Bioinformation Technology,CN,China,1,UPO,2006-2010,incoming
https://ror.org/04nzrzs08,Skidmore College,US,United States,1,UPO,2006-2010,incoming
https://ror.org/04nzv4p86,Ospedale San Luigi Gonzaga,IT,Italy,2,UPO,2006-2010,incoming
https://ror.org/04p00tq71,Research Institute of Innovative Technology for the Earth,JP,Japan,1,UPO,2006-2010,incoming
https://ror.org/04p181a07,Danish Ministry of Employment,DK,Denmark,9,UPO,2006-2010,incoming
https://ror.org/04p280284,Departamento de Ciência e Tecnologia,BR,Brazil,1,UPO,2006-2010,incoming
https://ror.org/04p2cym91,Trakia University,BG,Bulgaria,2,UPO,2006-2010,incoming
https://ror.org/04p2pa451,Institute of Transport Economics,NO,Norway,3,UPO,2006-2010,incoming
https://ror.org/04p2sbk06,Panjab University,IN,India,1528,UPO,2006-2010,incoming
https://ror.org/04p2y4s44,Medical University of Warsaw,PL,Poland,55,UPO,2006-2010,incoming
https://ror.org/04p3kp518,"Seismological Observatory at the Faculty of Natural Sciences and Mathematics, Ss. Cyril and Methodius University, Skopje, Republic of Macedonia",MK,North Macedonia,1,UPO,2006-2010,incoming
https://ror.org/04p457x22,Brevard College,US,United States,1,UPO,2006-2010,incoming
https://ror.org/04p491231,Pennsylvania State University,US,United States,303,UPO,2006-2010,incoming
https://ror.org/04p4e8t29,Research Organization of Information and Systems,JP,Japan,4,UPO,2006-2010,incoming
https://ror.org/04p4gjp18,Center of Excellence on Hazardous Substance Management,TH,Thailand,1,UPO,2006-2010,incoming
https://ror.org/04p4ws960,Asian Development Bank Institute,JP,Japan,1,UPO,2006-2010,incoming
https://ror.org/04p5baq95,Mattel Children's Hospital,US,United States,6,UPO,2006-2010,incoming
https://ror.org/04p5ggc03,Max Delbrück Center,DE,Germany,23,UPO,2006-2010,incoming
https://ror.org/04p61dj41,Technische Hochschule Mannheim,DE,Germany,1,UPO,2006-2010,incoming
https://ror.org/04p68fv46,Baird Institute,AU,Australia,1,UPO,2006-2010,incoming
https://ror.org/04p8yac25,Malopolska Association For Agricultural Extension At The Agricultural University of Cracow,PL,Poland,2,UPO,2006-2010,incoming
https://ror.org/04p9k2z50,Universitat Ramon Llull,ES,Spain,4,UPO,2006-2010,incoming
https://ror.org/04p9njy36,Association Française pour le Dépistage et la Prévention des Handicaps de l’Enfant,FR,France,2,UPO,2006-2010,incoming
https://ror.org/04pag4b70,Hôpital Jean-Verdier,FR,France,2,UPO,2006-2010,incoming
https://ror.org/04patj340,Laboratoire Ethologie Cognition Développement,FR,France,3,UPO,2006-2010,incoming
https://ror.org/04pc31859,Stobhill Hospital,GB,United Kingdom,3,UPO,2006-2010,incoming
https://ror.org/04pc7j325,Meir Medical Center,IL,Israel,2,UPO,2006-2010,incoming
https://ror.org/04pd4jr17,Barbara Bush Children’s Hospital,US,United States,1,UPO,2006-2010,incoming
https://ror.org/04pe73709,Ministerio de Salud,SV,El Salvador,5,UPO,2006-2010,incoming
https://ror.org/04pexwy87,Consorzio Interuniversitario Nazionale EnSiEL,IT,Italy,1,UPO,2006-2010,incoming
https://ror.org/04pfr1b11,Institut Universitaire Européen de la Mer,FR,France,1,UPO,2006-2010,incoming
https://ror.org/04pge2a40,Second Affiliated Hospital of Nanjing Medical University,CN,China,3,UPO,2006-2010,incoming
https://ror.org/04pgf7495,Digestive Disease Research Institute,IR,Iran,1,UPO,2006-2010,incoming
https://ror.org/04pgv9784,Energy Biosciences Institute,US,United States,1,UPO,2006-2010,incoming
https://ror.org/04pkc8m17,Nokia (Finland),FI,Finland,3,UPO,2006-2010,incoming
https://ror.org/04pmn0e78,Universidad de Alcalá,ES,Spain,17,UPO,2006-2010,incoming
https://ror.org/04pmrdd93,ATP Clinical Research (United States),US,United States,1,UPO,2006-2010,incoming
https://ror.org/04pn6vp43,Centre Hospitalier Universitaire de Saint-Étienne,FR,France,13,UPO,2006-2010,incoming
https://ror.org/04pnjx786,Kazusa DNA Research Institute,JP,Japan,6,UPO,2006-2010,incoming
https://ror.org/04pnym676,Institut de Microelectrònica de Barcelona,ES,Spain,4,UPO,2006-2010,incoming
https://ror.org/04pp8hn57,Utrecht University,NL,The Netherlands,899,UPO,2006-2010,incoming
https://ror.org/04pq2gg30,Beijing Open University,CN,China,1,UPO,2006-2010,incoming
https://ror.org/04pqetg36,Ministry of Health and Family Welfare,IN,India,3,UPO,2006-2010,incoming
https://ror.org/04pqf8583,Institut Pere Mata,ES,Spain,3,UPO,2006-2010,incoming
https://ror.org/04pqpfz42,National Medical Center,KR,South Korea,4,UPO,2006-2010,incoming
https://ror.org/04pr9pz75,Azienda Ospedaliera San Giovanni Addolorata,IT,Italy,11,UPO,2006-2010,incoming
https://ror.org/04prmqc97,KAT General Hospital of Attica,GR,Greece,1,UPO,2006-2010,incoming
https://ror.org/04ps1r162,Lincoln University,NZ,New Zealand,1,UPO,2006-2010,incoming
https://ror.org/04psbxy09,Centre for DNA Fingerprinting and Diagnostics,IN,India,1,UPO,2006-2010,incoming
https://ror.org/04ptp8872,London Centre for Nanotechnology,GB,United Kingdom,1,UPO,2006-2010,incoming
https://ror.org/04pvpk743,University of New Hampshire at Manchester,US,United States,1,UPO,2006-2010,incoming
https://ror.org/04pwc8466,Johns Hopkins Bayview Medical Center,US,United States,8,UPO,2006-2010,incoming
https://ror.org/04pwyer06,Institut Pasteur de Tunis,TN,Tunisia,4,UPO,2006-2010,incoming
https://ror.org/04pwyfk22,Hôpital Saint Eloi,FR,France,15,UPO,2006-2010,incoming
https://ror.org/04px4e658,Délégation Alpes,FR,France,6,UPO,2006-2010,incoming
https://ror.org/04py1g812,Jiangsu Province Hospital,CN,China,26,UPO,2006-2010,incoming
https://ror.org/04py2rh25,Mass General Brigham,US,United States,7,UPO,2006-2010,incoming
https://ror.org/04py35477,Max Planck Institute of Biochemistry,DE,Germany,25,UPO,2006-2010,incoming
https://ror.org/04pyrxz13,Southern California University of Health Sciences,US,United States,1,UPO,2006-2010,incoming
https://ror.org/04pyvbw03,"California State University, Dominguez Hills",US,United States,27,UPO,2006-2010,incoming
https://ror.org/04pznag94,Hospital Universitário Clementino Fraga Filho,BR,Brazil,7,UPO,2006-2010,incoming
https://ror.org/04pznsd21,American University of Beirut,LB,Lebanon,20,UPO,2006-2010,incoming
https://ror.org/04q0ja294,Covenant Health System,US,United States,10,UPO,2006-2010,incoming
https://ror.org/04q0r6m34,Universidad Autónoma de la Ciudad de México,MX,Mexico,6,UPO,2006-2010,incoming
https://ror.org/04q107642,Cork University Hospital,IE,Ireland,2,UPO,2006-2010,incoming
https://ror.org/04q12yn84,OsloMet – Oslo Metropolitan University,NO,Norway,2,UPO,2006-2010,incoming
https://ror.org/04q1yyt92,Zoological Society of San Diego,US,United States,1,UPO,2006-2010,incoming
https://ror.org/04q32pk93,Jawaharlal Nehru Medical College Hospital,IN,India,1,UPO,2006-2010,incoming
https://ror.org/04q4kt073,University of Urbino,IT,Italy,188,UPO,2006-2010,incoming
https://ror.org/04q4ppz72,Complejo Hospitalario Universitario de Toledo,ES,Spain,1,UPO,2006-2010,incoming
https://ror.org/04q5j9b45,Institut de Veille Sanitaire,FR,France,5,UPO,2006-2010,incoming
https://ror.org/04q5r0746,Liverpool Womens NHS Foundation Trust,GB,United Kingdom,1,UPO,2006-2010,incoming
https://ror.org/04q5v8a44,Ulaanbaatar International University,MN,Mongolia,5,UPO,2006-2010,incoming
https://ror.org/04q6c7p66,China University of Geosciences (Beijing),CN,China,1,UPO,2006-2010,incoming
https://ror.org/04q78tk20,Sungkyunkwan University,KR,South Korea,896,UPO,2006-2010,incoming
https://ror.org/04q88r129,Instituto de Geofísica,MX,Mexico,1,UPO,2006-2010,incoming
https://ror.org/04q9esz89,Louisiana Tech University,US,United States,16,UPO,2006-2010,incoming
https://ror.org/04q9kfc05,Nanjing Chest Hospital,CN,China,2,UPO,2006-2010,incoming
https://ror.org/04q9qf557,Northeast Ohio Medical University,US,United States,8,UPO,2006-2010,incoming
https://ror.org/04q9tew83,Henry M. Jackson Foundation,US,United States,2,UPO,2006-2010,incoming
https://ror.org/04qayn356,Instituto de Ciencias Marinas de Andalucía,ES,Spain,13,UPO,2006-2010,incoming
https://ror.org/04qb8nc58,Clausthal University of Technology,DE,Germany,1,UPO,2006-2010,incoming
https://ror.org/04qbta562,Department of Public,IN,India,1,UPO,2006-2010,incoming
https://ror.org/04qcjsm24,The Maria Sklodowska-Curie National Research Institute of Oncology,PL,Poland,11,UPO,2006-2010,incoming
https://ror.org/04qcpkd70,Institute of Bioinformatics and Applied Biotechnology,IN,India,4,UPO,2006-2010,incoming
https://ror.org/04qe59j94,Institut Mondor de Recherche Biomédicale,FR,France,16,UPO,2006-2010,incoming
https://ror.org/04qfh2k37,Mongolian Academy of Sciences,MN,Mongolia,182,UPO,2006-2010,incoming
https://ror.org/04qfjb814,International Hereditary Cancer Center,PL,Poland,3,UPO,2006-2010,incoming
https://ror.org/04qfph657,Korea Institute of Industrial Technology,KR,South Korea,1,UPO,2006-2010,incoming
https://ror.org/04qgfge56,Laboratoire de Synthèse Organique,FR,France,3,UPO,2006-2010,incoming
https://ror.org/04qh86j58,Korean Association Of Science and Technology Studies,KR,South Korea,47,UPO,2006-2010,incoming
https://ror.org/04qj1gz53,Lukaskrankenhaus,DE,Germany,5,UPO,2006-2010,incoming
https://ror.org/04qk6pt94,Wright State University,US,United States,16,UPO,2006-2010,incoming
https://ror.org/04qkq2m54,National Yunlin University of Science and Technology,TW,Taiwan,2,UPO,2006-2010,incoming
https://ror.org/04qm9me84,United States Atomic Energy Commission,US,United States,1,UPO,2006-2010,incoming
https://ror.org/04qmmjx98,Osnabrück University,DE,Germany,7,UPO,2006-2010,incoming
https://ror.org/04qn0xg47,Kyungpook National University Hospital,KR,South Korea,9,UPO,2006-2010,incoming
https://ror.org/04qnzk495,Spital Thurgau (Switzerland),CH,Switzerland,3,UPO,2006-2010,incoming
https://ror.org/04qpssw85,State Research Center of the Russian Federation,RU,Russia,829,UPO,2006-2010,incoming
https://ror.org/04qq88z54,German Center for Diabetes Research,DE,Germany,1,UPO,2006-2010,incoming
https://ror.org/04qr3zq92,University of Electronic Science and Technology of China,CN,China,7,UPO,2006-2010,incoming
https://ror.org/04qr5t414,North China Electric Power University,CN,China,3,UPO,2006-2010,incoming
https://ror.org/04qr9ne10,Agricultural Research Service - Northeast Area,US,United States,15,UPO,2006-2010,incoming
https://ror.org/04qs5en05,West Bengal State University,IN,India,3,UPO,2006-2010,incoming
https://ror.org/04qsnc772,Hospital de São João,PT,Portugal,4,UPO,2006-2010,incoming
https://ror.org/04qtj9h94,Technical University of Denmark,DK,Denmark,61,UPO,2006-2010,incoming
https://ror.org/04qtr9c10,Hospital Privado,AR,Argentina,1,UPO,2006-2010,incoming
https://ror.org/04qw24q55,Wageningen University & Research,NL,The Netherlands,39,UPO,2006-2010,incoming
https://ror.org/04qwfwm19,Institut Parisien de Chimie Moléculaire,FR,France,5,UPO,2006-2010,incoming
https://ror.org/04qxnmv42,Palacký University Olomouc,CZ,Czechia,54,UPO,2006-2010,incoming
https://ror.org/04qxsr837,Advanced Photon Source,US,United States,1,UPO,2006-2010,incoming
https://ror.org/04qxsrb28,Flemish Government,BE,Belgium,9,UPO,2006-2010,incoming
https://ror.org/04qyefj88,John Paul II Catholic University of Lublin,PL,Poland,1,UPO,2006-2010,incoming
https://ror.org/04qyvz380,San Jose State University,US,United States,6,UPO,2006-2010,incoming
https://ror.org/04qzdz471,"Centro de diseño, cine y televisión",MX,Mexico,1,UPO,2006-2010,incoming
https://ror.org/04qzfn040,University of KwaZulu-Natal,ZA,South Africa,3,UPO,2006-2010,incoming
https://ror.org/04qzmty18,Saroj Gupta Cancer Centre & Research Institute,IN,India,1,UPO,2006-2010,incoming
https://ror.org/04qzr9r50,Instituto Tecnológico de Chascomús,AR,Argentina,1,UPO,2006-2010,incoming
https://ror.org/04qzrw529,Yaroslav-the-Wise Novgorod State University,RU,Russia,1,UPO,2006-2010,incoming
https://ror.org/04r12t513,State Key Laboratory of Powder Metallurgy,CN,China,2,UPO,2006-2010,incoming
https://ror.org/04r17kf39,New York State College of Veterinary Medicine,US,United States,5,UPO,2006-2010,incoming
https://ror.org/04r1cxt79,Kenya Medical Research Institute,KE,Kenya,2,UPO,2006-2010,incoming
https://ror.org/04r1s2546,Agricultural Research Council of South Africa,ZA,South Africa,1,UPO,2006-2010,incoming
https://ror.org/04r1zkp10,Jiangxi Science and Technology Normal University,CN,China,2,UPO,2006-2010,incoming
https://ror.org/04r28v857,California Institute for Biomedical Research,US,United States,3,UPO,2006-2010,incoming
https://ror.org/04r2bgz73,Indian Council of Forestry Research and Education,IN,India,1,UPO,2006-2010,incoming
https://ror.org/04r33pf22,Guy's Hospital,GB,United Kingdom,13,UPO,2006-2010,incoming
https://ror.org/04r3kq386,Uniformed Services University of the Health Sciences,US,United States,17,UPO,2006-2010,incoming
https://ror.org/04r3m2882,Southern University and Agricultural and Mechanical College,US,United States,8,UPO,2006-2010,incoming
https://ror.org/04r3w0y76,Parkview Medical Center,US,United States,1,UPO,2006-2010,incoming
https://ror.org/04r45q768,Universities Austria,AT,Austria,4,UPO,2006-2010,incoming
https://ror.org/04r4esr16,Hospital Odontológico Universidad de Barcelona,ES,Spain,1,UPO,2006-2010,incoming
https://ror.org/04r58gt57,University of Applied Science and Technology,IR,Iran,1,UPO,2006-2010,incoming
https://ror.org/04r5fge26,Institute for High Performance Computing and Networking,IT,Italy,1,UPO,2006-2010,incoming
https://ror.org/04r60ve96,Gottsegen National Cardiovascular Center,HU,Hungary,4,UPO,2006-2010,incoming
https://ror.org/04r659a56,University of New England,AU,Australia,8,UPO,2006-2010,incoming
https://ror.org/04r71qh72,Health Equity Research Center,IR,Iran,2,UPO,2006-2010,incoming
https://ror.org/04r739x86,Bruker (United States),US,United States,2,UPO,2006-2010,incoming
https://ror.org/04r7rxc53,"Centre for Environment, Fisheries and Aquaculture Science",GB,United Kingdom,12,UPO,2006-2010,incoming
https://ror.org/04r83e717,Trudeau Institute,US,United States,8,UPO,2006-2010,incoming
https://ror.org/04r9x1a08,AstraZeneca (United Kingdom),GB,United Kingdom,30,UPO,2006-2010,incoming
https://ror.org/04raf6v53,Colorado School of Mines,US,United States,4,UPO,2006-2010,incoming
https://ror.org/04rb60x98,Parc Científic de la Universitat de València,ES,Spain,4,UPO,2006-2010,incoming
https://ror.org/04rc0xn13,Environmental Molecular Sciences Laboratory,US,United States,3,UPO,2006-2010,incoming
https://ror.org/04rcxhq50,Novartis (Italy),IT,Italy,7,UPO,2006-2010,incoming
https://ror.org/04rdtx186,Ocean University of China,CN,China,14,UPO,2006-2010,incoming
https://ror.org/04re59v49,St. Martin de Porres Hospital,TW,Taiwan,1,UPO,2006-2010,incoming
https://ror.org/04rf83d41,East-Siberian Institute of the Ministry of Internal Affairs of the Russian Federation,RU,Russia,1,UPO,2006-2010,incoming
https://ror.org/04rgqcd02,Centre de recherche du CHU de Québec-Université Laval,CA,Canada,3,UPO,2006-2010,incoming
https://ror.org/04rha3g10,Queen Alexandra Hospital,GB,United Kingdom,1,UPO,2006-2010,incoming
https://ror.org/04rhtf097,Nanjing Second Hospital,CN,China,1,UPO,2006-2010,incoming
https://ror.org/04rj5w171,Olabisi Onabanjo University Teaching Hospital,NG,Nigeria,1,UPO,2006-2010,incoming
https://ror.org/04rk6w354,University of Veterinary Sciences Brno,CZ,Czechia,6,UPO,2006-2010,incoming
https://ror.org/04rnwed46,Environmental Earth Sciences,AU,Australia,5,UPO,2006-2010,incoming
https://ror.org/04rp2mn26,Institut de Recherche sur la Biologie de l'Insecte UMR 7261,FR,France,1,UPO,2006-2010,incoming
https://ror.org/04rq5mt64,"University of Maryland, Baltimore",US,United States,108,UPO,2006-2010,incoming
https://ror.org/04rqpth59,Boston Biomedical Research Institute,US,United States,2,UPO,2006-2010,incoming
https://ror.org/04rr26086,Universitätskinderklinik,DE,Germany,19,UPO,2006-2010,incoming
https://ror.org/04rrj3a80,Laboratoire de Microbiologie et Génétique Moléculaires,FR,France,1,UPO,2006-2010,incoming
https://ror.org/04rrkhs81,Manchester Academic Health Science Centre,GB,United Kingdom,6,UPO,2006-2010,incoming
https://ror.org/04rrzfd14,Laboratoire Modélisation et Simulation Multi-Echelle,FR,France,2,UPO,2006-2010,incoming
https://ror.org/04rswrd78,Iowa State University,US,United States,722,UPO,2006-2010,incoming
https://ror.org/04rt7ps04,Parkland Health & Hospital System,US,United States,1,UPO,2006-2010,incoming
https://ror.org/04rtaxr13,Center for Rheumatology,US,United States,2,UPO,2006-2010,incoming
https://ror.org/04rtdp853,Royal Free London NHS Foundation Trust,GB,United Kingdom,42,UPO,2006-2010,incoming
https://ror.org/04rtkc841,Molecular Oncology (United States),US,United States,1,UPO,2006-2010,incoming
https://ror.org/04rvw0k47,University of Shizuoka,JP,Japan,13,UPO,2006-2010,incoming
https://ror.org/04rvw8791,Institut Élie Cartan de Lorraine,FR,France,1,UPO,2006-2010,incoming
https://ror.org/04rwqq797,International Centre of Physics,VN,Vietnam,1,UPO,2006-2010,incoming
https://ror.org/04rxd8128,Children's Cancer Center,US,United States,10,UPO,2006-2010,incoming
https://ror.org/04rxrdv16,Centro de Investigación del Cáncer,ES,Spain,9,UPO,2006-2010,incoming
https://ror.org/04rymkk69,Muroran Institute of Technology,JP,Japan,5,UPO,2006-2010,incoming
https://ror.org/04s03zf45,"Tees, Esk and Wear Valleys NHS Foundation Trust",GB,United Kingdom,1,UPO,2006-2010,incoming
https://ror.org/04s1nv328,University of Canberra,AU,Australia,1,UPO,2006-2010,incoming
https://ror.org/04s222234,Sambalpur University,IN,India,4,UPO,2006-2010,incoming
https://ror.org/04s3ast04,Klinik und Poliklinik für Neurologie,DE,Germany,1,UPO,2006-2010,incoming
https://ror.org/04s3t1g37,Institut Paoli-Calmettes,FR,France,9,UPO,2006-2010,incoming
https://ror.org/04s5mat29,University of Victoria,CA,Canada,51,UPO,2006-2010,incoming
https://ror.org/04s629c33,National Institute of Health Sciences,JP,Japan,3,UPO,2006-2010,incoming
https://ror.org/04s8gft68,National Institute for Bioprocessing Research and Training,IE,Ireland,1,UPO,2006-2010,incoming
https://ror.org/04s99y476,China West Normal University,CN,China,14,UPO,2006-2010,incoming
https://ror.org/04s9hft57,Quaid-i-Azam University,PK,Pakistan,856,UPO,2006-2010,incoming
https://ror.org/04s9kfd63,Wellcome EPSRC Centre for Medical Engineering,GB,United Kingdom,1,UPO,2006-2010,incoming
https://ror.org/04sac7215,St. John Hospital & Medical Center,US,United States,12,UPO,2006-2010,incoming
https://ror.org/04sb8a726,Hôpital Antoine-Béclère,FR,France,15,UPO,2006-2010,incoming
https://ror.org/04sbtbt61,Instituto Medicina Integrativa (Portugal),PT,Portugal,1,UPO,2006-2010,incoming
https://ror.org/04scfb908,Alfred Health,AU,Australia,22,UPO,2006-2010,incoming
https://ror.org/04scgfz75,University Hospital Galway,IE,Ireland,4,UPO,2006-2010,incoming
https://ror.org/04se3fj97,Armed Forces Institute of Pathology,US,United States,3,UPO,2006-2010,incoming
https://ror.org/04sfka033,Mashhad University of Medical Sciences,IR,Iran,3,UPO,2006-2010,incoming
https://ror.org/04sg4ka71,University Hospital Kralovske Vinohrady,CZ,Czechia,8,UPO,2006-2010,incoming
https://ror.org/04sgnw557,Novartis (Ireland),IE,Ireland,2,UPO,2006-2010,incoming
https://ror.org/04shepe48,Chinese Culture University,TW,Taiwan,2,UPO,2006-2010,incoming
https://ror.org/04sjbnx57,University of Southern Queensland,AU,Australia,9,UPO,2006-2010,incoming
https://ror.org/04sk0bj73,Fresenius Medical Care (Germany),DE,Germany,30,UPO,2006-2010,incoming
https://ror.org/04skmn292,Beijing Children’s Hospital,CN,China,4,UPO,2006-2010,incoming
https://ror.org/04skqfp25,St. Michael's Hospital,CA,Canada,83,UPO,2006-2010,incoming
https://ror.org/04sm5zn07,Boeing (United States),US,United States,1,UPO,2006-2010,incoming
https://ror.org/04smrs866,Institute of Neurobiology and Molecular Medicine,IT,Italy,7,UPO,2006-2010,incoming
https://ror.org/04smsfy22,Saint Francis University,US,United States,4,UPO,2006-2010,incoming
https://ror.org/04smxbm79,Laboratoire Amiénois de Mathématique Fondamentale et Appliquée,FR,France,1,UPO,2006-2010,incoming
https://ror.org/04sn06036,Institute for Experimental Endocrinology and Oncology,IT,Italy,23,UPO,2006-2010,incoming
https://ror.org/04snhqa82,Obafemi Awolowo University,NG,Nigeria,1,UPO,2006-2010,incoming
https://ror.org/04spmxm14,Plant Protection Institute,BG,Bulgaria,1,UPO,2006-2010,incoming
https://ror.org/04sppb023,Copenhagen Business School,DK,Denmark,1,UPO,2006-2010,incoming
https://ror.org/04spzbf72,Office of Public Health Genomics,US,United States,3,UPO,2006-2010,incoming
https://ror.org/04sqkw483,University of Georgia Research Foundation,US,United States,1,UPO,2006-2010,incoming
https://ror.org/04sqpjb51,"Universidad de San Buenaventura, Bogota",CO,Colombia,811,UPO,2006-2010,incoming
https://ror.org/04ss1bw11,Tzu Chi University,TW,Taiwan,6,UPO,2006-2010,incoming
https://ror.org/04stdpt78,Institute of Endocrinology,CZ,Czechia,24,UPO,2006-2010,incoming
https://ror.org/04sxj4848,Sarah Lawrence College,US,United States,1,UPO,2006-2010,incoming
https://ror.org/04sy7nb49,Leibniz-Institute for Food Systems Biology at the Technical University of Munich,DE,Germany,1,UPO,2006-2010,incoming
https://ror.org/04szabx38,Institut de Biologie Structurale,FR,France,2,UPO,2006-2010,incoming
https://ror.org/04sze3c15,Yonsei University Health System,KR,South Korea,39,UPO,2006-2010,incoming
https://ror.org/04t0gwh46,Institut Curie,FR,France,66,UPO,2006-2010,incoming
https://ror.org/04t0qbt32,Technological University Dublin,IE,Ireland,9,UPO,2006-2010,incoming
https://ror.org/04t1cdb72,Institute of Geographic Sciences and Natural Resources Research,CN,China,1,UPO,2006-2010,incoming
https://ror.org/04t2ss102,Novosibirsk State University,RU,Russia,8,UPO,2006-2010,incoming
https://ror.org/04t3en479,Karlsruhe Institute of Technology,DE,Germany,1030,UPO,2006-2010,incoming
https://ror.org/04t4e0r52,Yamasa Corporation (Japan),JP,Japan,1,UPO,2006-2010,incoming
https://ror.org/04t4pws42,Institute of Molecular Life Sciences,HU,Hungary,1,UPO,2006-2010,incoming
https://ror.org/04t50yk91,Laboratoire d'Informatique Gaspard-Monge,FR,France,4,UPO,2006-2010,incoming
https://ror.org/04t5xt781,Northeastern University,US,United States,934,UPO,2006-2010,incoming
https://ror.org/04t67vr60,National Institute of Pharmaceutical Education and Research,IN,India,5,UPO,2006-2010,incoming
https://ror.org/04t6wsp57,Instituto de Estudos Avançados da Universidade de São Paulo,BR,Brazil,4,UPO,2006-2010,incoming
https://ror.org/04t730v47,National Technological University,AR,Argentina,50,UPO,2006-2010,incoming
https://ror.org/04t8qjg16,Central Drug Research Institute,IN,India,11,UPO,2006-2010,incoming
https://ror.org/04tavpn47,Second Military Medical University,CN,China,39,UPO,2006-2010,incoming
https://ror.org/04tcthy91,Institute of Animal Sciences,CN,China,1,UPO,2006-2010,incoming
https://ror.org/04td37d32,Institut National de la Recherche Scientifique,CA,Canada,20,UPO,2006-2010,incoming
https://ror.org/04td3ys19,Quadram Institute,GB,United Kingdom,3,UPO,2006-2010,incoming
https://ror.org/04teye511,Pontificia Universidad Católica de Chile,CL,Chile,42,UPO,2006-2010,incoming
https://ror.org/04tf09b52,St.-Johannes-Hospital Dortmund,DE,Germany,3,UPO,2006-2010,incoming
https://ror.org/04tf6q291,Stockholm University of the Arts,SE,Sweden,2,UPO,2006-2010,incoming
https://ror.org/04tfzc498,Istituti di Ricovero e Cura a Carattere Scientifico,IT,Italy,1514,UPO,2006-2010,incoming
https://ror.org/04tg98e93,Aso Iizuka Hospital,JP,Japan,2,UPO,2006-2010,incoming
https://ror.org/04tgr1802,Functional Genomics Center Zurich,CH,Switzerland,1,UPO,2006-2010,incoming
https://ror.org/04thj7y95,Department of Public Health,US,United States,5,UPO,2006-2010,incoming
https://ror.org/04tj63d06,North Carolina State University,US,United States,46,UPO,2006-2010,incoming
https://ror.org/04tj7zv24,BPP University,GB,United Kingdom,1,UPO,2006-2010,incoming
https://ror.org/04tjemt46,Institute of Genetics,HU,Hungary,1,UPO,2006-2010,incoming
https://ror.org/04tjx1w16,National and University Library of Slovenia,SI,Slovenia,3,UPO,2006-2010,incoming
https://ror.org/04tk2gy88,University of Florida Health,US,United States,9,UPO,2006-2010,incoming
https://ror.org/04tm3k558,Third Affiliated Hospital of Sun Yat-sen University,CN,China,7,UPO,2006-2010,incoming
https://ror.org/04tnvnq52,Délégation Paris B,FR,France,24,UPO,2006-2010,incoming
https://ror.org/04tpp9d61,NorthShore University HealthSystem,US,United States,7,UPO,2006-2010,incoming
https://ror.org/04tqcn816,Health Sciences University of Hokkaido,JP,Japan,4,UPO,2006-2010,incoming
https://ror.org/04tqgg260,FH Aachen,DE,Germany,7,UPO,2006-2010,incoming
https://ror.org/04ts4qa58,Changwon National University,KR,South Korea,4,UPO,2006-2010,incoming
https://ror.org/04tsc8g87,National Kaohsiung Normal University,TW,Taiwan,2,UPO,2006-2010,incoming
https://ror.org/04tsk2644,Ruhr University Bochum,DE,Germany,427,UPO,2006-2010,incoming
https://ror.org/04ttjf776,RMIT University,AU,Australia,63,UPO,2006-2010,incoming
https://ror.org/04ttnw109,Sakarya University,TR,Turkey,7,UPO,2006-2010,incoming
https://ror.org/04tty5b50,Istituto Oncologico della Svizzera Italiana,CH,Switzerland,168,UPO,2006-2010,incoming
https://ror.org/04tvx8690,University of Arizona Cancer Center,US,United States,1,UPO,2006-2010,incoming
https://ror.org/04twccc71,National United University,TW,Taiwan,5,UPO,2006-2010,incoming
https://ror.org/04twsya26,B. V. Patel Pharmaceutical Education and Research Development Centre,IN,India,1,UPO,2006-2010,incoming
https://ror.org/04twxam07,The University of Texas MD Anderson Cancer Center,US,United States,413,UPO,2006-2010,incoming
https://ror.org/04txyc737,Novo Nordisk Foundation,DK,Denmark,3,UPO,2006-2010,incoming
https://ror.org/04tzr7454,Therapiezentrum Burgau,DE,Germany,1,UPO,2006-2010,incoming
https://ror.org/04v00sg98,VA Boston Healthcare System,US,United States,7,UPO,2006-2010,incoming
https://ror.org/04v0as660,Hillingdon Hospitals NHS Foundation Trust,GB,United Kingdom,11,UPO,2006-2010,incoming
https://ror.org/04v0snf24,Universidad de La Frontera,CL,Chile,4,UPO,2006-2010,incoming
https://ror.org/04v18t651,University of Nicosia,CY,Cyprus,2,UPO,2006-2010,incoming
https://ror.org/04v1ay816,Hospital Universitario San Rafael,ES,Spain,2,UPO,2006-2010,incoming
https://ror.org/04v2j2k71,Xi'an University of Architecture and Technology,CN,China,1,UPO,2006-2010,incoming
https://ror.org/04v2twj65,Oxford Brookes University,GB,United Kingdom,9,UPO,2006-2010,incoming
https://ror.org/04v302n28,Kafkas University,TR,Turkey,717,UPO,2006-2010,incoming
https://ror.org/04v3sec91,Saint Mary's University of Minnesota,US,United States,6,UPO,2006-2010,incoming
https://ror.org/04v3ywz14,China Agricultural University,CN,China,35,UPO,2006-2010,incoming
https://ror.org/04v4g9h31,University of Thessaly,GR,Greece,25,UPO,2006-2010,incoming
https://ror.org/04v53s997,Norwegian School of Economics,NO,Norway,1,UPO,2006-2010,incoming
https://ror.org/04v54gj93,Cambridge University Hospitals NHS Foundation Trust,GB,United Kingdom,92,UPO,2006-2010,incoming
https://ror.org/04v76ef78,Christian-Albrechts-Universität zu Kiel,DE,Germany,148,UPO,2006-2010,incoming
https://ror.org/04v7g1721,University of Belgrade – Faculty of Physics,RS,Serbia,17,UPO,2006-2010,incoming
https://ror.org/04v7hvq31,Scripps Institution of Oceanography,US,United States,4,UPO,2006-2010,incoming
https://ror.org/04v7vb598,AO Foundation,CH,Switzerland,4,UPO,2006-2010,incoming
https://ror.org/04v84zt52,Children's Hospital of Western Ontario,CA,Canada,1,UPO,2006-2010,incoming
https://ror.org/04v8djg66,Atrium Health Wake Forest Baptist,US,United States,5,UPO,2006-2010,incoming
https://ror.org/04vb0yp97,Mitsui Chemicals (Germany),DE,Germany,3,UPO,2006-2010,incoming
https://ror.org/04vbnwv73,Universidad del Ejército y Fuerza Aérea,MX,Mexico,1,UPO,2006-2010,incoming
https://ror.org/04vc81p87,University of Sannio,IT,Italy,9,UPO,2006-2010,incoming
https://ror.org/04vccmr34,Medisch Centrum Alkmaar,NL,The Netherlands,9,UPO,2006-2010,incoming
https://ror.org/04vdpck27,Catholic University of the Maule,CL,Chile,1,UPO,2006-2010,incoming
https://ror.org/04vew1z32,Kim Chaek University of Technology,KP,North Korea,1,UPO,2006-2010,incoming
https://ror.org/04vfhnm78,Hospital Universitario Virgen del Rocío,ES,Spain,14,UPO,2006-2010,incoming
https://ror.org/04vfs2w97,Université de Lorraine,FR,France,37,UPO,2006-2010,incoming
https://ror.org/04vfs5h36,Washington State University Spokane,US,United States,99,UPO,2006-2010,incoming
https://ror.org/04vg4w365,Loughborough University,GB,United Kingdom,14,UPO,2006-2010,incoming
https://ror.org/04vgkzj18,Ibaraki Prefectural University of Health Sciences,JP,Japan,1,UPO,2006-2010,incoming
https://ror.org/04vgnd506,State Key Laboratory of Rare Earth Materials Chemistry and Application,CN,China,2,UPO,2006-2010,incoming
https://ror.org/04vgqjj36,Sahlgrenska University Hospital,SE,Sweden,55,UPO,2006-2010,incoming
https://ror.org/04vgz8j88,University Hospital Lewisham,GB,United Kingdom,1,UPO,2006-2010,incoming
https://ror.org/04vhgtv41,UniCancer Group,FR,France,22,UPO,2006-2010,incoming
https://ror.org/04vhn6x78,Instituto Multidisciplinario de Biología Vegetal,AR,Argentina,2,UPO,2006-2010,incoming
https://ror.org/04vhygz79,World Bank,BA,Bosnia and Herzegovina,3,UPO,2006-2010,incoming
https://ror.org/04vjfp916,Hochschule Magdeburg-Stendal,DE,Germany,1,UPO,2006-2010,incoming
https://ror.org/04vmvtb21,Tulane University,US,United States,56,UPO,2006-2010,incoming
https://ror.org/04vnq7t77,University of Stuttgart,DE,Germany,35,UPO,2006-2010,incoming
https://ror.org/04vpw3947,Spire Southampton Hospital,GB,United Kingdom,24,UPO,2006-2010,incoming
https://ror.org/04vq5kb54,UCLA Medical Center,US,United States,21,UPO,2006-2010,incoming
https://ror.org/04vqm6w82,Whitehead Institute for Biomedical Research,US,United States,9,UPO,2006-2010,incoming
https://ror.org/04vqzd428,Social Insurance Saitama Chuo Hospital,JP,Japan,6,UPO,2006-2010,incoming
https://ror.org/04vr3cf25,BML (Japan),JP,Japan,1,UPO,2006-2010,incoming
https://ror.org/04vrqzz54,Unité de catalyse et de chimie du solide de Lille,FR,France,4,UPO,2006-2010,incoming
https://ror.org/04vsvr128,International Centre for Diarrhoeal Disease Research,BD,Bangladesh,1,UPO,2006-2010,incoming
https://ror.org/04vthwx70,Laboratoire de Réactivité de Surface,FR,France,17,UPO,2006-2010,incoming
https://ror.org/04vtx5s55,University of Malawi,MW,Malawi,1,UPO,2006-2010,incoming
https://ror.org/04vx4mk32,Leibniz Institute of Surface Engineering,DE,Germany,19,UPO,2006-2010,incoming
https://ror.org/04vxq1969,Naval Medical Center Portsmouth,US,United States,3,UPO,2006-2010,incoming
https://ror.org/04vxr4k74,Sahmyook University,KR,South Korea,2,UPO,2006-2010,incoming
https://ror.org/04vy5s568,Universidad del Zulia,VE,Venezuela,5,UPO,2006-2010,incoming
https://ror.org/04vy95b61,National Science and Technology Development Agency,TH,Thailand,4,UPO,2006-2010,incoming
https://ror.org/04w00xm72,Shanghai Municipal Center For Disease Control Prevention,CN,China,2,UPO,2006-2010,incoming
https://ror.org/04w07sc25,Sciences pour L’Œnologie,FR,France,1,UPO,2006-2010,incoming
https://ror.org/04w11tv37,Biologie cellulaire et Cancer,FR,France,1,UPO,2006-2010,incoming
https://ror.org/04w3d2v20,University of the West of Scotland,GB,United Kingdom,1,UPO,2006-2010,incoming
https://ror.org/04w3jy968,Samsung (South Korea),KR,South Korea,11,UPO,2006-2010,incoming
https://ror.org/04w3ve464,Kyoto Katsura Hospital,JP,Japan,1,UPO,2006-2010,incoming
https://ror.org/04w4m6z96,"Istituto Nazionale di Fisica Nucleare, Sezione di Milano",IT,Italy,11,UPO,2006-2010,incoming
https://ror.org/04w5etv87,Chengdu Institute of Biology,CN,China,1,UPO,2006-2010,incoming
https://ror.org/04w5mvp04,Ospedale generale di zona San Camillo Treviso,IT,Italy,3,UPO,2006-2010,incoming
https://ror.org/04w61vh47,Laboratoire Reproduction et Développement des Plantes,FR,France,1,UPO,2006-2010,incoming
https://ror.org/04w6pnc49,Hungarian Research Network,HU,Hungary,702,UPO,2006-2010,incoming
https://ror.org/04w6xt508,University of Minnesota Crookston,US,United States,52,UPO,2006-2010,incoming
https://ror.org/04w7skc03,University of Denver,US,United States,2,UPO,2006-2010,incoming
https://ror.org/04w8sxm43,University Hospitals of Derby and Burton NHS Foundation Trust,GB,United Kingdom,3,UPO,2006-2010,incoming
https://ror.org/04w8z7f34,National Research Nuclear University MEPhI,RU,Russia,618,UPO,2006-2010,incoming
https://ror.org/04w9kkr77,Türkiye Bilimsel ve Teknolojik Araştırma Kurumu,TR,Turkey,2,UPO,2006-2010,incoming
https://ror.org/04waf7p94,Instytut Biologii Doświadczalnej im. Marcelego Nenckiego,PL,Poland,9,UPO,2006-2010,incoming
https://ror.org/04waqzz56,Isfahan University of Medical Sciences,IR,Iran,12,UPO,2006-2010,incoming
https://ror.org/04wbzgn90,Universidad de Bogotá Jorge Tadeo Lozano,CO,Colombia,1,UPO,2006-2010,incoming
https://ror.org/04wc5jk96,Montreal Children's Hospital,CA,Canada,16,UPO,2006-2010,incoming
https://ror.org/04wckhb82,University Hospital Hradec Králové,CZ,Czechia,1,UPO,2006-2010,incoming
https://ror.org/04wcpjy25,Hokuriku University,JP,Japan,3,UPO,2006-2010,incoming
https://ror.org/04we7d902,Norwich University,US,United States,5,UPO,2006-2010,incoming
https://ror.org/04wecwh56,Vinča Institute of Nuclear Sciences,RS,Serbia,664,UPO,2006-2010,incoming
https://ror.org/04wez5e68,Université Paris 8,FR,France,187,UPO,2006-2010,incoming
https://ror.org/04wffgt70,Universidade Estadual de Campinas (UNICAMP),BR,Brazil,530,UPO,2006-2010,incoming
https://ror.org/04whb3988,Institute of Physics,GB,United Kingdom,1,UPO,2006-2010,incoming
https://ror.org/04whfy367,Memorial Hospital of South Bend,US,United States,59,UPO,2006-2010,incoming
https://ror.org/04wjghj95,First Hospital of China Medical University,CN,China,19,UPO,2006-2010,incoming
https://ror.org/04wjxkk25,Sonoma State University,US,United States,1,UPO,2006-2010,incoming
https://ror.org/04wkdwp52,Institut Català de la Salut,ES,Spain,13,UPO,2006-2010,incoming
https://ror.org/04wkp4f46,Klinikum Chemnitz,DE,Germany,2,UPO,2006-2010,incoming
https://ror.org/04wktzw65,Chinese Center For Disease Control and Prevention,CN,China,11,UPO,2006-2010,incoming
https://ror.org/04wm4pe30,Canadian Centre on Substance Use and Addiction,CA,Canada,1,UPO,2006-2010,incoming
https://ror.org/04wmhsz10,Sandwell General Hospital,GB,United Kingdom,1,UPO,2006-2010,incoming
https://ror.org/04wn28048,University of Tulsa,US,United States,1,UPO,2006-2010,incoming
https://ror.org/04wn7wc95,Nagoya City University,JP,Japan,24,UPO,2006-2010,incoming
https://ror.org/04wncat98,The Wistar Institute,US,United States,11,UPO,2006-2010,incoming
https://ror.org/04wpn1218,Kantonsspital Graubünden,CH,Switzerland,1,UPO,2006-2010,incoming
https://ror.org/04wq8zb47,Sultan Qaboos University,OM,Oman,4,UPO,2006-2010,incoming
https://ror.org/04wqh5h97,Institute for Molecular Science,JP,Japan,17,UPO,2006-2010,incoming
https://ror.org/04ws26165,Institut Scientifique de Santé Publique,BE,Belgium,1,UPO,2006-2010,incoming
https://ror.org/04ws47v52,Library and Information Centre of the Hungarian Academy of Sciences,HU,Hungary,92,UPO,2006-2010,incoming
https://ror.org/04wsgqy55,Nippon Veterinary and Life Science University,JP,Japan,1,UPO,2006-2010,incoming
https://ror.org/04wsv7966,Center for Vascular Biology Research,US,United States,7,UPO,2006-2010,incoming
https://ror.org/04wsvdt21,State Key Laboratory of Catalysis,CN,China,6,UPO,2006-2010,incoming
https://ror.org/04wteqw51,Institute for System Dynamics and Control Theory,RU,Russia,2,UPO,2006-2010,incoming
https://ror.org/04wvkky61,Southern General Hospital,GB,United Kingdom,4,UPO,2006-2010,incoming
https://ror.org/04ww21r56,Niigata University,JP,Japan,58,UPO,2006-2010,incoming
https://ror.org/04wwgp209,Hebron University,PS,Palestine,5,UPO,2006-2010,incoming
https://ror.org/04wwqze12,Peking University Third Hospital,CN,China,5,UPO,2006-2010,incoming
https://ror.org/04wwrrg31,AstraZeneca (Sweden),SE,Sweden,11,UPO,2006-2010,incoming
https://ror.org/04wwsbd59,ITRI International,US,United States,5,UPO,2006-2010,incoming
https://ror.org/04wxdxa47,Hospital Universitari Germans Trias i Pujol,ES,Spain,13,UPO,2006-2010,incoming
https://ror.org/04wyvkr12,Barnes-Jewish Hospital,US,United States,2,UPO,2006-2010,incoming
https://ror.org/04x0kvm78,Shihezi University,CN,China,1,UPO,2006-2010,incoming
https://ror.org/04x0n3178,Instituto de Biología Molecular y Celular de Rosario,AR,Argentina,2,UPO,2006-2010,incoming
https://ror.org/04x0wqd92,Tokyo Rosai Hospital,JP,Japan,1,UPO,2006-2010,incoming
https://ror.org/04x1dwm38,Seikagaku Corporation (Japan),JP,Japan,1,UPO,2006-2010,incoming
https://ror.org/04x2tmv91,Piedmont HealthCare,US,United States,3,UPO,2006-2010,incoming
https://ror.org/04x3wvr31,Universidade Federal de Uberlândia,BR,Brazil,4,UPO,2006-2010,incoming
https://ror.org/04x45f476,Fraunhofer Institute for Cell Therapy and Immunology,DE,Germany,3,UPO,2006-2010,incoming
https://ror.org/04x48z588,European Laboratory for Non-Linear Spectroscopy,IT,Italy,3,UPO,2006-2010,incoming
https://ror.org/04x495f64,Rainbow Babies & Children's Hospital,US,United States,1,UPO,2006-2010,incoming
https://ror.org/04x4bjr17,"Universitätsklinik für Diabetologie, Endokrinologie, Ernährungsmedizin & Metabolismus",CH,Switzerland,45,UPO,2006-2010,incoming
https://ror.org/04x4v8p40,Pfizer (United Kingdom),GB,United Kingdom,10,UPO,2006-2010,incoming
https://ror.org/04x4znw66,Pierre Auger Observatory,AR,Argentina,1,UPO,2006-2010,incoming
https://ror.org/04x5anb81,China Academy of Traditional Chinese Medicine Hospital of Ophthalmology,CN,China,1,UPO,2006-2010,incoming
https://ror.org/04x5wnb75,Academic Center for Dentistry Amsterdam,NL,The Netherlands,7,UPO,2006-2010,incoming
https://ror.org/04x744g62,Shin Kong WHS Memorial Hospital,TW,Taiwan,2,UPO,2006-2010,incoming
https://ror.org/04xaa4j22,Institut National des Sciences Appliquées de Rennes,FR,France,33,UPO,2006-2010,incoming
https://ror.org/04xbn6x09,Instituto Nacional de Pesquisas Espaciais,BR,Brazil,1,UPO,2006-2010,incoming
https://ror.org/04xcr2824,St. Anna Hospital,DE,Germany,3,UPO,2006-2010,incoming
https://ror.org/04xdr5k48,DDL Diagnostic Laboratory,NL,The Netherlands,2,UPO,2006-2010,incoming
https://ror.org/04xdyc983,Włodzimierz Trzebiatowski Institute of Low Temperature and Structure Research,PL,Poland,1,UPO,2006-2010,incoming
https://ror.org/04xe01d27,University of Tarapacá,CL,Chile,3,UPO,2006-2010,incoming
https://ror.org/04xeg9z08,National Institute of Mental Health,US,United States,140,UPO,2006-2010,incoming
https://ror.org/04xf6nm78,Cadi Ayyad University,MA,Morocco,11,UPO,2006-2010,incoming
https://ror.org/04xfdsg27,Telethon Institute Of Genetics And Medicine,IT,Italy,24,UPO,2006-2010,incoming
https://ror.org/04xfp8b22,Naval Research Laboratory Information Technology Division,US,United States,2,UPO,2006-2010,incoming
https://ror.org/04xfq0f34,RWTH Aachen University,DE,Germany,1146,UPO,2006-2010,incoming
https://ror.org/04xftk194,De La Salle University,PH,Philippines,2,UPO,2006-2010,incoming
https://ror.org/04xgbph11,Presidency University,IN,India,8,UPO,2006-2010,incoming
https://ror.org/04xhn5b95,Universitätsklinik für Kinder und Jugendpsychiatrie,AT,Austria,1,UPO,2006-2010,incoming
https://ror.org/04xhy8q59,Université de Poitiers,FR,France,25,UPO,2006-2010,incoming
https://ror.org/04xk8j027,Hôpital Saint-Luc,CA,Canada,2,UPO,2006-2010,incoming
https://ror.org/04xkdwy10,Instituto Superior Miguel Torga,PT,Portugal,20,UPO,2006-2010,incoming
https://ror.org/04xm1d337,Joint Genome Institute,US,United States,2,UPO,2006-2010,incoming
https://ror.org/04xpsrn94,Institute of Molecular and Cell Biology,SG,Singapore,20,UPO,2006-2010,incoming
https://ror.org/04xqmb911,Institute of Medical Microbiology and Hygiene,DE,Germany,15,UPO,2006-2010,incoming
https://ror.org/04xqwq985,Inje University,KR,South Korea,17,UPO,2006-2010,incoming
https://ror.org/04xraxn18,Fondazione Telethon,IT,Italy,77,UPO,2006-2010,incoming
https://ror.org/04xreqs31,Institute for Research in Fundamental Sciences,IR,Iran,736,UPO,2006-2010,incoming
https://ror.org/04xrm3t06,Institut Nacional d'Educació Física de Catalunya,ES,Spain,4,UPO,2006-2010,incoming
https://ror.org/04xs57h96,University of Liverpool,GB,United Kingdom,340,UPO,2006-2010,incoming
https://ror.org/04xsf1c37,Estonian Biocentre,EE,Estonia,2,UPO,2006-2010,incoming
https://ror.org/04xsxqp89,Alliance Bioversity International - CIAT,IT,Italy,1,UPO,2006-2010,incoming
https://ror.org/04xtpdj18,Institute of Mathematical Problems of Biology,RU,Russia,2,UPO,2006-2010,incoming
https://ror.org/04xtpk854,Manchester Royal Eye Hospital,GB,United Kingdom,1,UPO,2006-2010,incoming
https://ror.org/04xv01a59,The Pirbright Institute,GB,United Kingdom,1,UPO,2006-2010,incoming
https://ror.org/04xv63e47,Sin-Lau Christian Hospital,TW,Taiwan,1,UPO,2006-2010,incoming
https://ror.org/04xwksx09,Chaoyang University of Technology,TW,Taiwan,2,UPO,2006-2010,incoming
https://ror.org/04xx4z452,Johnson Space Center,US,United States,3,UPO,2006-2010,incoming
https://ror.org/04xxe0935,Keimyung University Dongsan Hospital,KR,South Korea,2,UPO,2006-2010,incoming
https://ror.org/04xy18872,Royal College of Psychiatrists,GB,United Kingdom,3,UPO,2006-2010,incoming
https://ror.org/04xy45965,Tongji Hospital,CN,China,11,UPO,2006-2010,incoming
https://ror.org/04xykxd72,"Laboratoire de Génie Informatique, de Production et de Maintenance",FR,France,1,UPO,2006-2010,incoming
https://ror.org/04xysgw12,Pohang University of Science and Technology,KR,South Korea,97,UPO,2006-2010,incoming
https://ror.org/04xzgfg07,Hospital Nacional de Parapléjicos,ES,Spain,2,UPO,2006-2010,incoming
https://ror.org/04xzj3x20,LAC+USC Medical Center,US,United States,5,UPO,2006-2010,incoming
https://ror.org/04y0x0x35,Queen Elizabeth University Hospital,GB,United Kingdom,5,UPO,2006-2010,incoming
https://ror.org/04y18m106,Helios Klinikum Erfurt,DE,Germany,2,UPO,2006-2010,incoming
https://ror.org/04y2gp806,King Fahad Central Hospital,SA,Saudi Arabia,1,UPO,2006-2010,incoming
https://ror.org/04y3yya25,Institut Químic de Sarrià,ES,Spain,1,UPO,2006-2010,incoming
https://ror.org/04y3ze847,University Hospital Limerick,IE,Ireland,2,UPO,2006-2010,incoming
https://ror.org/04y40x506,Saint Thomas Health,US,United States,1,UPO,2006-2010,incoming
https://ror.org/04y4t7k95,National Institute of Oceanography and Applied Geophysics,IT,Italy,1,UPO,2006-2010,incoming
https://ror.org/04y50an90,Karlovac University of Applied Sciences,HR,Croatia,91,UPO,2006-2010,incoming
https://ror.org/04y51qn38,Centre for Cosmology and Particle Physics Phenomenology,DK,Denmark,1,UPO,2006-2010,incoming
https://ror.org/04y5kwa70,Université de Technologie de Compiègne,FR,France,3,UPO,2006-2010,incoming
https://ror.org/04y6ges66,Nippon Medical School Hospital,JP,Japan,1,UPO,2006-2010,incoming
https://ror.org/04y6n3q27,Institute for High Energy Physics,NL,The Netherlands,5,UPO,2006-2010,incoming
https://ror.org/04y75dx46,Institute of Medical Sciences,IN,India,17,UPO,2006-2010,incoming
https://ror.org/04y7ajp38,St. Paul's Hospital,KR,South Korea,1,UPO,2006-2010,incoming
https://ror.org/04y7eh037,Vytautas Magnus University,LT,Lithuania,1,UPO,2006-2010,incoming
https://ror.org/04y8cs423,École Nationale Supérieure des Mines de Paris,FR,France,30,UPO,2006-2010,incoming
https://ror.org/04y8pvp97,University of Veterinary Science,MM,Myanmar,1,UPO,2006-2010,incoming
https://ror.org/04y922n71,Daiseung Medics (South Korea),KR,South Korea,1,UPO,2006-2010,incoming
https://ror.org/04yb4j419,Institut Pasteur du Maroc,MA,Morocco,1,UPO,2006-2010,incoming
https://ror.org/04ybnj478,Academia Oamenilor de Știință din România,RO,Romania,1,UPO,2006-2010,incoming
https://ror.org/04yc0k443,Japan Foundation for Aging and Health,JP,Japan,2,UPO,2006-2010,incoming
https://ror.org/04ycden15,Vienna Institute of Demography,AT,Austria,1,UPO,2006-2010,incoming
https://ror.org/04ycpbx82,University of Westminster,GB,United Kingdom,2,UPO,2006-2010,incoming
https://ror.org/04yd76m66,Faghihi Hospital,IR,Iran,1,UPO,2006-2010,incoming
https://ror.org/04ydmy275,University of Massachusetts Boston,US,United States,3,UPO,2006-2010,incoming
https://ror.org/04yg23125,General University Hospital in Prague,CZ,Czechia,6,UPO,2006-2010,incoming
https://ror.org/04ygk5j35,Universidade Estadual de Feira de Santana,BR,Brazil,2,UPO,2006-2010,incoming
https://ror.org/04yhapk09,University of Palestine,PS,Palestine,1,UPO,2006-2010,incoming
https://ror.org/04yj19304,California Baptist University,US,United States,1232,UPO,2006-2010,incoming
https://ror.org/04yk3c231,Hitachi (France),FR,France,1,UPO,2006-2010,incoming
https://ror.org/04yka3j04,CHA University,KR,South Korea,13,UPO,2006-2010,incoming
https://ror.org/04ypx8c21,Zhengzhou University,CN,China,20,UPO,2006-2010,incoming
https://ror.org/04yqm9y25,Child and Family Research Institute,CA,Canada,22,UPO,2006-2010,incoming
https://ror.org/04yqw9c44,Universidade Federal de Juiz de Fora,BR,Brazil,17,UPO,2006-2010,incoming
https://ror.org/04yrgt058,Bard College,US,United States,2,UPO,2006-2010,incoming
https://ror.org/04yrkc140,University of Nebraska at Omaha,US,United States,37,UPO,2006-2010,incoming
https://ror.org/04yrqp957,Université d'Angers,FR,France,25,UPO,2006-2010,incoming
https://ror.org/04yrw5x43,Ospedale di Livorno,IT,Italy,1,UPO,2006-2010,incoming
https://ror.org/04yrwqa21,Islamic Azad University Shahr-e-Rey,IR,Iran,1,UPO,2006-2010,incoming
https://ror.org/04ys6zh37,Snolab,CA,Canada,2,UPO,2006-2010,incoming
https://ror.org/04yt1rh21,Lifespan,US,United States,1,UPO,2006-2010,incoming
https://ror.org/04ytrbh65,Osaka University of Health and Sport Sciences,JP,Japan,2,UPO,2006-2010,incoming
https://ror.org/04yvax419,Centre hospitalier universitaire d'Orléans,FR,France,4,UPO,2006-2010,incoming
https://ror.org/04yvd9h56,Kanagawa Academy of Science and Technology,JP,Japan,5,UPO,2006-2010,incoming
https://ror.org/04yvxvx65,Menzies Institute for Medical Research,AU,Australia,7,UPO,2006-2010,incoming
https://ror.org/04ywb0864,Jahangirnagar University,BD,Bangladesh,12,UPO,2006-2010,incoming
https://ror.org/04ywhbc61,Australian e-Health Research Centre,AU,Australia,2,UPO,2006-2010,incoming
https://ror.org/04ywz9252,Islamic Azad University Kerman,IR,Iran,1,UPO,2006-2010,incoming
https://ror.org/04yxemn98,Calouste Gulbenkian Foundation,PT,Portugal,2,UPO,2006-2010,incoming
https://ror.org/04yxwc698,Cardiovascular Research Foundation,US,United States,52,UPO,2006-2010,incoming
https://ror.org/04yznqr36,Université Jean Monnet,FR,France,24,UPO,2006-2010,incoming
https://ror.org/04yzxz566,Ca' Foscari University of Venice,IT,Italy,23,UPO,2006-2010,incoming
https://ror.org/04z08gp61,Institute of Biomedical Engineering,CA,Canada,3,UPO,2006-2010,incoming
https://ror.org/04z08z627,University of Molise,IT,Italy,124,UPO,2006-2010,incoming
https://ror.org/04z16cc77,Centro de Matemática Pólo da Universidade de Trás-os-Montes e Alto Douro,PT,Portugal,1,UPO,2006-2010,incoming
https://ror.org/04z22qz54,Institut des Sciences de l'Information et de leurs Interactions,FR,France,48,UPO,2006-2010,incoming
https://ror.org/04z3afh10,Instituto Nacional de Cancerología,MX,Mexico,5,UPO,2006-2010,incoming
https://ror.org/04z49n283,Fairfield University,US,United States,883,UPO,2006-2010,incoming
https://ror.org/04z4wmb81,North China University of Science and Technology,CN,China,19,UPO,2006-2010,incoming
https://ror.org/04z572642,International Centre for Advanced Mediterranean Agronomic Studies,IT,Italy,1,UPO,2006-2010,incoming
https://ror.org/04z60tq39,Bezmiâlem Vakıf Üniversitesi,TR,Turkey,4,UPO,2006-2010,incoming
https://ror.org/04z6c2n17,University of Johannesburg,ZA,South Africa,6,UPO,2006-2010,incoming
https://ror.org/04z7fc725,St.John's Medical College Hospital,IN,India,1,UPO,2006-2010,incoming
https://ror.org/04z893x06,Langston University,US,United States,10,UPO,2006-2010,incoming
https://ror.org/04z8jg394,GFZ Helmholtz Centre for Geosciences,DE,Germany,1,UPO,2006-2010,incoming
https://ror.org/04z8k9a98,University of Coimbra,PT,Portugal,157,UPO,2006-2010,incoming
https://ror.org/04za5zm41,University Hospital Carl Gustav Carus,DE,Germany,17,UPO,2006-2010,incoming
https://ror.org/04zaaa143,Laboratoire de Physique Théorique de la Matière Condensée,FR,France,3,UPO,2006-2010,incoming
https://ror.org/04zap7912,Yunnan University of Traditional Chinese Medicine,CN,China,1,UPO,2006-2010,incoming
https://ror.org/04zaypm56,National Research Council,IT,Italy,1802,UPO,2006-2010,incoming
https://ror.org/04zb31v77,Saitama Medical University,JP,Japan,17,UPO,2006-2010,incoming
https://ror.org/04zb59n70,Leibniz Institute for Solid State and Materials Research,DE,Germany,2,UPO,2006-2010,incoming
https://ror.org/04zc40243,National Legal Medicine Institute,PT,Portugal,7,UPO,2006-2010,incoming
https://ror.org/04zc7p361,University of Kassel,DE,Germany,1,UPO,2006-2010,incoming
https://ror.org/04zdays56,Instituto de Biología Molecular y Celular de Plantas,ES,Spain,7,UPO,2006-2010,incoming
https://ror.org/04zdeh149,VA Sepulveda Ambulatory Care Center,US,United States,2,UPO,2006-2010,incoming
https://ror.org/04ze6rb18,University of Zimbabwe,ZW,Zimbabwe,1,UPO,2006-2010,incoming
https://ror.org/04zet5t12,Swansea Bay University Health Board,GB,United Kingdom,9,UPO,2006-2010,incoming
https://ror.org/04zfaj906,Catalan Institute for Water Research,ES,Spain,4,UPO,2006-2010,incoming
https://ror.org/04zfmcq84,Children's Mercy Hospital,US,United States,9,UPO,2006-2010,incoming
https://ror.org/04zfme737,Liverpool John Moores University,GB,United Kingdom,12,UPO,2006-2010,incoming
https://ror.org/04zgj7914,State Key Laboratory of Food Science and Technology,CN,China,7,UPO,2006-2010,incoming
https://ror.org/04zgkpa58,Health Protection Scotland,GB,United Kingdom,1,UPO,2006-2010,incoming
https://ror.org/04zh7mt66,Army Hospital Research and Referral,IN,India,1,UPO,2006-2010,incoming
https://ror.org/04zhhva53,Thomas Jefferson University Hospital,US,United States,8,UPO,2006-2010,incoming
https://ror.org/04zjtrb98,Old Dominion University,US,United States,44,UPO,2006-2010,incoming
https://ror.org/04zjvnp94,Clalit Health Services,IL,Israel,69,UPO,2006-2010,incoming
https://ror.org/04zkbxs23,Royal College of Emergency Medicine,GB,United Kingdom,1,UPO,2006-2010,incoming
https://ror.org/04zkctn64,University Hospital of Alexandroupolis,GR,Greece,3,UPO,2006-2010,incoming
https://ror.org/04zkdcw61,"Agricultural Biotechnology Research Center, Academia Sinica",TW,Taiwan,1,UPO,2006-2010,incoming
https://ror.org/04zke5364,Health Service Executive,IE,Ireland,16,UPO,2006-2010,incoming
https://ror.org/04zkxj954,Molecular Pathology Laboratory Network (United States),US,United States,4,UPO,2006-2010,incoming
https://ror.org/04zmms242,Laboratoire de Biologie Moléculaire des Eucaryotes,FR,France,1,UPO,2006-2010,incoming
https://ror.org/04zmssz18,École Normale Supérieure de Lyon,FR,France,62,UPO,2006-2010,incoming
https://ror.org/04zn42r77,Shahid Bahonar University of Kerman,IR,Iran,15,UPO,2006-2010,incoming
https://ror.org/04zn72g03,Stavanger University Hospital,NO,Norway,17,UPO,2006-2010,incoming
https://ror.org/04znxe670,Universidad de Colima,MX,Mexico,1,UPO,2006-2010,incoming
https://ror.org/04zpjj182,Klinikum Ernst von Bergmann,DE,Germany,3,UPO,2006-2010,incoming
https://ror.org/04zpmt351,Nikolaev Institute of Inorganic Chemistry,RU,Russia,1,UPO,2006-2010,incoming
https://ror.org/04zrbnc33,Multimedia University,MY,Malaysia,2,UPO,2006-2010,incoming
https://ror.org/04zrf7b53,University of Kaiserslautern,DE,Germany,4,UPO,2006-2010,incoming
https://ror.org/04zvr0529,University of Pittsburgh School of Medicine,US,United States,4,UPO,2006-2010,incoming
https://ror.org/04zx3rq17,National Cheng Kung University Hospital,TW,Taiwan,8,UPO,2006-2010,incoming
https://ror.org/04zyhq975,Heilongjiang University,CN,China,25,UPO,2006-2010,incoming
https://ror.org/04zyja509,Universidade de Franca,BR,Brazil,2,UPO,2006-2010,incoming
https://ror.org/04zzwzx41,Hertie Institute for Clinical Brain Research,DE,Germany,16,UPO,2006-2010,incoming
https://ror.org/0500kmp11,Salzburger Landeskliniken,AT,Austria,8,UPO,2006-2010,incoming
https://ror.org/0500xzf72,Sungshin Women's University,KR,South Korea,1,UPO,2006-2010,incoming
https://ror.org/0500yaj74,Victoria Police,AU,Australia,1,UPO,2006-2010,incoming
https://ror.org/05010mv24,Hinchingbrooke Health Care NHS Trust,GB,United Kingdom,1,UPO,2006-2010,incoming
https://ror.org/0502a2655,National Institute for Occupational Safety and Health,US,United States,7,UPO,2006-2010,incoming
https://ror.org/0502t5s28,International Research Institute of Stavanger,NO,Norway,9,UPO,2006-2010,incoming
https://ror.org/05031qk94,Taipei Medical University,TW,Taiwan,41,UPO,2006-2010,incoming
https://ror.org/0503gyy63,Parque Tecnológico de la Salud,ES,Spain,2,UPO,2006-2010,incoming
https://ror.org/0504dfg48,Tohoku Gakuin University,JP,Japan,6,UPO,2006-2010,incoming
https://ror.org/05060sz93,Jožef Stefan Institute,SI,Slovenia,1,UPO,2006-2010,incoming
https://ror.org/0506y2b23,"Istituto Nazionale Tumori IRCCS ""Fondazione G. Pascale""",IT,Italy,2,UPO,2006-2010,incoming
https://ror.org/05078rg59,Institute of Mathematical Sciences,IN,India,15,UPO,2006-2010,incoming
https://ror.org/0509djg30,Indian Institute of Technology Dharwad,IN,India,4,UPO,2006-2010,incoming
https://ror.org/050a13t43,Moscow State University,TJ,Tajikistan,4,UPO,2006-2010,incoming
https://ror.org/050adm910,Chiba Hokusou Hospital,JP,Japan,1,UPO,2006-2010,incoming
https://ror.org/050b31k83,Hunter New England Local Health District,AU,Australia,9,UPO,2006-2010,incoming
https://ror.org/050bd8661,Royal Surrey NHS Foundation Trust,GB,United Kingdom,4,UPO,2006-2010,incoming
https://ror.org/050c3cw24,Universitat de Lleida,ES,Spain,10,UPO,2006-2010,incoming
https://ror.org/050ccpd76,Ovidius University,RO,Romania,1,UPO,2006-2010,incoming
https://ror.org/050d0fq97,Affiliated Hospital of Jiangxi University of Traditional Chinese Medicine,CN,China,1,UPO,2006-2010,incoming
https://ror.org/050eq1942,Hospital Universitario Ramón y Cajal,ES,Spain,6,UPO,2006-2010,incoming
https://ror.org/050fgfc71,State Key Laboratory of Applied Organic Chemistry,CN,China,5,UPO,2006-2010,incoming
https://ror.org/050fhx250,Children's Healthcare of Atlanta,US,United States,1,UPO,2006-2010,incoming
https://ror.org/050gn5214,Institut du Cerveau,FR,France,5,UPO,2006-2010,incoming
https://ror.org/050hscv31,Nemours Children's Clinic,US,United States,3,UPO,2006-2010,incoming
https://ror.org/050j2vm64,Bangalore University,IN,India,9,UPO,2006-2010,incoming
https://ror.org/050jcm728,Institut National des Sciences Mathématiques et de leurs Interactions,FR,France,10,UPO,2006-2010,incoming
https://ror.org/050jgsv04,Somerset Hospital,ZA,South Africa,2,UPO,2006-2010,incoming
https://ror.org/050jn9y42,Institut National des Sciences Appliquées de Lyon,FR,France,31,UPO,2006-2010,incoming
https://ror.org/050kcr883,Illinois State University,US,United States,16,UPO,2006-2010,incoming
https://ror.org/050kf9c55,Wadsworth Center,US,United States,12,UPO,2006-2010,incoming
https://ror.org/050khh066,New South Wales Department of Primary Industries,AU,Australia,1,UPO,2006-2010,incoming
https://ror.org/050m4q971,Liberty Mutual Research Institute for Safety,US,United States,5,UPO,2006-2010,incoming
https://ror.org/050mac570,National Institute of Chemistry,SI,Slovenia,20,UPO,2006-2010,incoming
https://ror.org/050p6gz73,Indian Association for the Cultivation of Science,IN,India,38,UPO,2006-2010,incoming
https://ror.org/050pq4m56,Universiti Tunku Abdul Rahman,MY,Malaysia,5,UPO,2006-2010,incoming
https://ror.org/050pqs331,MRC Human Nutrition Research,GB,United Kingdom,4,UPO,2006-2010,incoming
https://ror.org/050q0kv47,Centro de Investigación Biomédica en Red de Epidemiología y Salud Pública,ES,Spain,2,UPO,2006-2010,incoming
https://ror.org/050qmg959,Singapore Management University,SG,Singapore,2,UPO,2006-2010,incoming
https://ror.org/050r7zc91,Institut Polytechnique des Sciences Avancées,FR,France,8,UPO,2006-2010,incoming
https://ror.org/050r8mq79,Thrombosis Research Institute,GB,United Kingdom,2,UPO,2006-2010,incoming
https://ror.org/050ra0n32,Université de Corse Pascal Paoli,FR,France,1,UPO,2006-2010,incoming
https://ror.org/050rkhq40,Jacksonville University,US,United States,1,UPO,2006-2010,incoming
https://ror.org/050s1zm26,Federal University of Agriculture,NG,Nigeria,1,UPO,2006-2010,incoming
https://ror.org/050s6ns64,Fujian Medical University,CN,China,14,UPO,2006-2010,incoming
https://ror.org/050sv4x28,Buck Institute for Research on Aging,US,United States,12,UPO,2006-2010,incoming
https://ror.org/050th9p79,Scunthorpe General Hospital,GB,United Kingdom,1,UPO,2006-2010,incoming
https://ror.org/050z9fj14,Hospital São Paulo,BR,Brazil,1,UPO,2006-2010,incoming
https://ror.org/050zdnc69,"Ministry of Science, Technology and Innovation",BR,Brazil,743,UPO,2006-2010,incoming
https://ror.org/050zvc738,Agia Olga Hospital,GR,Greece,1,UPO,2006-2010,incoming
https://ror.org/0511k4970,Children's Hospital,TN,Tunisia,60,UPO,2006-2010,incoming
https://ror.org/0511th722,Hôpital Albert-Chenevier,FR,France,4,UPO,2006-2010,incoming
https://ror.org/0511yej17,Dartmouth Institute for Health Policy and Clinical Practice,US,United States,3,UPO,2006-2010,incoming
https://ror.org/0515nd386,Northeast Agricultural University,CN,China,1,UPO,2006-2010,incoming
https://ror.org/05167c961,Western University of Health Sciences,US,United States,2,UPO,2006-2010,incoming
https://ror.org/0516ah480,"The Graduate University for Advanced Studies, SOKENDAI",JP,Japan,41,UPO,2006-2010,incoming
https://ror.org/0517e3842,State Key Laboratory of Microbial Resources,CN,China,2,UPO,2006-2010,incoming
https://ror.org/05198a862,International Sakharov Environmental Institute,BY,Belarus,1,UPO,2006-2010,incoming
https://ror.org/051abs833,Institute of Crop Sciences,CN,China,1,UPO,2006-2010,incoming
https://ror.org/051an6p98,Samsung (Russia),RU,Russia,1,UPO,2006-2010,incoming
https://ror.org/051bats05,Lorestan University,IR,Iran,8,UPO,2006-2010,incoming
https://ror.org/051dzs374,Agriculture and Agri-Food Canada,CA,Canada,9,UPO,2006-2010,incoming
https://ror.org/051dzw862,Gentofte Hospital,DK,Denmark,14,UPO,2006-2010,incoming
https://ror.org/051escj72,Université de Montpellier,FR,France,167,UPO,2006-2010,incoming
https://ror.org/051f11n17,Institute of Molecular Biology and Biophysics,RU,Russia,1,UPO,2006-2010,incoming
https://ror.org/051f1yf64,Institut Kardiale Diagnostik und Therapie,DE,Germany,1,UPO,2006-2010,incoming
https://ror.org/051fd9666,Case Western Reserve University,US,United States,131,UPO,2006-2010,incoming
https://ror.org/051fftw81,Division of Mathematical Sciences,US,United States,1,UPO,2006-2010,incoming
https://ror.org/051fpt583,Ospedale Buccheri la Ferla Fatebenefratelli,IT,Italy,1,UPO,2006-2010,incoming
https://ror.org/051fvmk98,University of Alabama System,US,United States,28,UPO,2006-2010,incoming
https://ror.org/051gp9e93,Centro Oceanográfico de Murcia,ES,Spain,9,UPO,2006-2010,incoming
https://ror.org/051gsh239,Lawson Health Research Institute,CA,Canada,5,UPO,2006-2010,incoming
https://ror.org/051h0cw83,Iuliu Hațieganu University of Medicine and Pharmacy,RO,Romania,2,UPO,2006-2010,incoming
https://ror.org/051hx5h67,Kidney Centre,PK,Pakistan,1,UPO,2006-2010,incoming
https://ror.org/051jg5p78,First Affiliated Hospital of Soochow University,CN,China,1,UPO,2006-2010,incoming
https://ror.org/051kc1939,Herbert Irving Comprehensive Cancer Center,US,United States,45,UPO,2006-2010,incoming
https://ror.org/051kdrm61,Universidad Santa María,VE,Venezuela,1,UPO,2006-2010,incoming
https://ror.org/051kpcy16,Université de Caen Normandie,FR,France,28,UPO,2006-2010,incoming
https://ror.org/051mrsz47,University of Skövde,SE,Sweden,3,UPO,2006-2010,incoming
https://ror.org/051npad76,Istituto di Ricerca sulla Crescita Economica Sostenibile,IT,Italy,2,UPO,2006-2010,incoming
https://ror.org/051p3cy55,Hebei Academy of Agriculture and Forestry Sciences,CN,China,1,UPO,2006-2010,incoming
https://ror.org/051p4rr20,Ashford and St Peter's Hospitals NHS Foundation Trust,GB,United Kingdom,1,UPO,2006-2010,incoming
https://ror.org/051pzmv95,Yamaguchi Prefecture Central Hospital,JP,Japan,1,UPO,2006-2010,incoming
https://ror.org/051q2m369,Hankuk University of Foreign Studies,KR,South Korea,2,UPO,2006-2010,incoming
https://ror.org/051qqcg15,Rajamangala University of Technology,TH,Thailand,1,UPO,2006-2010,incoming
https://ror.org/051qwcj72,Qingdao Agricultural University,CN,China,11,UPO,2006-2010,incoming
https://ror.org/051r3tx83,North Carolina Central University,US,United States,3,UPO,2006-2010,incoming
https://ror.org/051s3e988,Hôpital Universitaire Dupuytren,FR,France,7,UPO,2006-2010,incoming
https://ror.org/051sk4035,Institut Cochin,FR,France,20,UPO,2006-2010,incoming
https://ror.org/051smb947,Nagasaki Institute of Applied Science,JP,Japan,31,UPO,2006-2010,incoming
https://ror.org/051snsd81,Icelandic Heart Association,IS,Iceland,6,UPO,2006-2010,incoming
https://ror.org/051ss5t53,Cardiac Study Center,US,United States,1,UPO,2006-2010,incoming
https://ror.org/051sx6d27,Dublin Institute For Advanced Studies,IE,Ireland,11,UPO,2006-2010,incoming
https://ror.org/051t1q308,Institute of Intelligent Systems for Automation,IT,Italy,2,UPO,2006-2010,incoming
https://ror.org/051tt6c85,Azienda Ospedaliero-Universitaria Policlinico - Vittorio Emanuele,IT,Italy,1,UPO,2006-2010,incoming
https://ror.org/051v7w268,Istituto Pasteur,IT,Italy,13,UPO,2006-2010,incoming
https://ror.org/051wnqr14,Department of Defence,AU,Australia,1,UPO,2006-2010,incoming
https://ror.org/051xsx468,Instituto de Biofísica Carlos Chagas Filho,BR,Brazil,4,UPO,2006-2010,incoming
https://ror.org/051zgra59,"Government College University, Faisalabad",PK,Pakistan,1,UPO,2006-2010,incoming
https://ror.org/051zns832,Konan Women's University,JP,Japan,1,UPO,2006-2010,incoming
https://ror.org/05201qm87,Huashan Hospital,CN,China,13,UPO,2006-2010,incoming
https://ror.org/0520sdq60,Instituto Nacional de Toxicología y Ciencias Forenses,ES,Spain,1,UPO,2006-2010,incoming
https://ror.org/0520whs57,IBAT College,IE,Ireland,1,UPO,2006-2010,incoming
https://ror.org/052133d12,University of Indianapolis,US,United States,5,UPO,2006-2010,incoming
https://ror.org/0521rfb23,Lincoln University - Pennsylvania,US,United States,2,UPO,2006-2010,incoming
https://ror.org/0522dg826,Shanxi University of Traditional Chinese Medicine,CN,China,2,UPO,2006-2010,incoming
https://ror.org/0523b6g79,Dalian Ocean University,CN,China,2,UPO,2006-2010,incoming
https://ror.org/0523y5c19,Shandong University of Traditional Chinese Medicine,CN,China,1,UPO,2006-2010,incoming
https://ror.org/0524j1g61,Stoke Mandeville Hospital,GB,United Kingdom,1,UPO,2006-2010,incoming
https://ror.org/0524pqp96,Sexual Health Clinic,FI,Finland,1,UPO,2006-2010,incoming
https://ror.org/0524sp257,University of Bristol,GB,United Kingdom,1307,UPO,2006-2010,incoming
https://ror.org/05256ym39,Kazan Federal University,RU,Russia,8,UPO,2006-2010,incoming
https://ror.org/052578691,MRC Epidemiology Unit,GB,United Kingdom,9,UPO,2006-2010,incoming
https://ror.org/05258cy55,Genmab (United States),US,United States,2,UPO,2006-2010,incoming
https://ror.org/0526wrz79,Agrobiotechnology Institute,ES,Spain,4,UPO,2006-2010,incoming
https://ror.org/0527gjc91,Temple Street Children's University Hospital,IE,Ireland,1,UPO,2006-2010,incoming
https://ror.org/0527mfk98,Central Institute of Medicinal and Aromatic Plants,IN,India,2,UPO,2006-2010,incoming
https://ror.org/0528hwm66,The Japan-Multinational Trial Organization,JP,Japan,1,UPO,2006-2010,incoming
https://ror.org/0528q3r27,State Key Laboratory of Integrated Management of Pest Insects and Rodents,CN,China,3,UPO,2006-2010,incoming
https://ror.org/05290cv24,University of Naples Federico II,IT,Italy,1860,UPO,2006-2010,incoming
https://ror.org/0529q4s79,Institut d’Epidémiologie Neurologique et de Neurologie Tropicale,FR,France,9,UPO,2006-2010,incoming
https://ror.org/052ahj806,Centre de Génétique Moléculaire,FR,France,18,UPO,2006-2010,incoming
https://ror.org/052arry73,Panagiotis & Aglaia Kyriakou Children's Hospital,GR,Greece,1,UPO,2006-2010,incoming
https://ror.org/052bk3d94,The University of Arizona Global Campus,US,United States,1,UPO,2006-2010,incoming
https://ror.org/052bz7812,Université Paris Dauphine-PSL,FR,France,13,UPO,2006-2010,incoming
https://ror.org/052ckfz09,Pediatric Brain Tumor Foundation,US,United States,1,UPO,2006-2010,incoming
https://ror.org/052czxv31,Massey University,NZ,New Zealand,83,UPO,2006-2010,incoming
https://ror.org/052d0h423,Max Planck Institute for Nuclear Physics,DE,Germany,175,UPO,2006-2010,incoming
https://ror.org/052e6h087,Faculdade de Medicina de São José do Rio Preto,BR,Brazil,1,UPO,2006-2010,incoming
https://ror.org/052em3f88,Kansas City University,US,United States,4,UPO,2006-2010,incoming
https://ror.org/052g8jq94,Universitat Autònoma de Barcelona,ES,Spain,297,UPO,2006-2010,incoming
https://ror.org/052gg0110,University of Oxford,GB,United Kingdom,1734,UPO,2006-2010,incoming
https://ror.org/052kcks88,Universidade Lusófona do Porto,PT,Portugal,180,UPO,2006-2010,incoming
https://ror.org/052kdcb58,Institute for Nuclear Research,UA,Ukraine,148,UPO,2006-2010,incoming
https://ror.org/052kwzs30,King Khalid University,SA,Saudi Arabia,6,UPO,2006-2010,incoming
https://ror.org/052m2bk26,Musculoskeletal Tumor Society,US,United States,1,UPO,2006-2010,incoming
https://ror.org/052m6j024,Icelandic Cancer Society,IS,Iceland,3,UPO,2006-2010,incoming
https://ror.org/052nj8f19,Institute of Medicinal Plant Development,CN,China,1,UPO,2006-2010,incoming
https://ror.org/052pakb34,Changchun University of Technology,CN,China,2,UPO,2006-2010,incoming
https://ror.org/052prhs50,Technical University of Sofia,BG,Bulgaria,1,UPO,2006-2010,incoming
https://ror.org/052q1fv39,Istituto Nazionale per le Ricerche Cardiovascolari,IT,Italy,2,UPO,2006-2010,incoming
https://ror.org/052q26725,Affiliated Hospital of Shandong University of Traditional Chinese Medicine,CN,China,1,UPO,2006-2010,incoming
https://ror.org/052q9xn36,Yaizu City Hospital,JP,Japan,1,UPO,2006-2010,incoming
https://ror.org/052qdba82,Chemisches und Veterinäruntersuchungsamt Karlsruhe,DE,Germany,2,UPO,2006-2010,incoming
https://ror.org/052qegn86,Instituto de España,ES,Spain,1,UPO,2006-2010,incoming
https://ror.org/052qqbc08,Michael E. DeBakey VA Medical Center,US,United States,4,UPO,2006-2010,incoming
https://ror.org/052r04325,Université de Mostaganem,DZ,Algeria,2,UPO,2006-2010,incoming
https://ror.org/052r2q311,Texas Tech University Health Sciences Center,US,United States,13,UPO,2006-2010,incoming
https://ror.org/052r2xn60,Johannes Kepler University of Linz,AT,Austria,2,UPO,2006-2010,incoming
https://ror.org/052r7yf45,Institute of Chemical Kinetics and Combustion,RU,Russia,5,UPO,2006-2010,incoming
https://ror.org/052ra0j05,Sinai Hospital,US,United States,1,UPO,2006-2010,incoming
https://ror.org/052rphn09,Foundation for Research and Technology Hellas,GR,Greece,22,UPO,2006-2010,incoming
https://ror.org/052rrw050,National Astronomical Observatory of Japan,JP,Japan,1,UPO,2006-2010,incoming
https://ror.org/052rymf92,Ibaraki Children's Hospital,JP,Japan,1,UPO,2006-2010,incoming
https://ror.org/052sgg612,Arthur Rylah Institute for Environmental Research,AU,Australia,1,UPO,2006-2010,incoming
https://ror.org/052tfza37,RTI International,US,United States,2,UPO,2006-2010,incoming
https://ror.org/052v5pn20,Eastern Regional Research Center,US,United States,1,UPO,2006-2010,incoming
https://ror.org/052vjje65,Royal Manchester Children's Hospital,GB,United Kingdom,6,UPO,2006-2010,incoming
https://ror.org/052wcqj17,Institut de Biologie et Technologies,FR,France,7,UPO,2006-2010,incoming
https://ror.org/052y05165,Cape Breton University,CA,Canada,1,UPO,2006-2010,incoming
https://ror.org/052z2q786,Universidade do Extremo Sul Catarinense,BR,Brazil,2,UPO,2006-2010,incoming
https://ror.org/052zr0n46,Institute for Medical Research and Occupational Health,HR,Croatia,4,UPO,2006-2010,incoming
https://ror.org/05309tf52,Niagara University,US,United States,5,UPO,2006-2010,incoming
https://ror.org/0530bdk91,Magna Graecia University,IT,Italy,30,UPO,2006-2010,incoming
https://ror.org/0530pts50,South China University of Technology,CN,China,15,UPO,2006-2010,incoming
https://ror.org/0530xmm89,Royal College of Physicians,GB,United Kingdom,3,UPO,2006-2010,incoming
https://ror.org/0531xck41,Southeastern Louisiana University,US,United States,5,UPO,2006-2010,incoming
https://ror.org/05328fn02,Hermanos Ameijeiras Hospital,CU,Cuba,3,UPO,2006-2010,incoming
https://ror.org/05328vv93,Centre for Policy Studies,IN,India,1,UPO,2006-2010,incoming
https://ror.org/0532c1x92,Poznań University of Economics and Business,PL,Poland,1,UPO,2006-2010,incoming
https://ror.org/053385a79,Hôpital Dupuytren,FR,France,3,UPO,2006-2010,incoming
https://ror.org/0534bc363,Centre Cardiologique du Nord,FR,France,14,UPO,2006-2010,incoming
https://ror.org/0534re684,Max Planck Institute for Evolutionary Biology,DE,Germany,2,UPO,2006-2010,incoming
https://ror.org/05350h943,Center of Advanced European Studies and Research,DE,Germany,1,UPO,2006-2010,incoming
https://ror.org/0535c1v66,Assam University,IN,India,2,UPO,2006-2010,incoming
https://ror.org/0535c3537,Mitsubishi Chemical Holdings (Japan),JP,Japan,1,UPO,2006-2010,incoming
https://ror.org/0535cbe18,Kanazawa Medical University,JP,Japan,15,UPO,2006-2010,incoming
https://ror.org/0535nfe19,Universidad Politécnica de la Zona Metropolitana de Guadalajara,MX,Mexico,3,UPO,2006-2010,incoming
https://ror.org/05362x394,MRC Toxicology Unit,GB,United Kingdom,6,UPO,2006-2010,incoming
https://ror.org/05367a632,Plateforme Technologique d'Innovation Biomédicale,FR,France,1,UPO,2006-2010,incoming
https://ror.org/05374b979,Torbay and South Devon NHS Foundation Trust,GB,United Kingdom,1,UPO,2006-2010,incoming
https://ror.org/0538gdx71,Jawaharlal Nehru Centre for Advanced Scientific Research,IN,India,36,UPO,2006-2010,incoming
https://ror.org/0539xgm86,Instituto Estadual de Diabetes e Endocrinologia Luiz Capriglione,BR,Brazil,1,UPO,2006-2010,incoming
https://ror.org/053avzc18,Czech Academy of Sciences,CZ,Czechia,966,UPO,2006-2010,incoming
https://ror.org/053bp9m60,Children's of Alabama,US,United States,6,UPO,2006-2010,incoming
https://ror.org/053bqv655,STMicroelectronics (Italy),IT,Italy,1,UPO,2006-2010,incoming
https://ror.org/053c75a48,East Texas Medical Center,US,United States,2,UPO,2006-2010,incoming
https://ror.org/053cdw390,Toujinkai Hospital,JP,Japan,1,UPO,2006-2010,incoming
https://ror.org/053d4n634,Banc de Sang i Teixits,ES,Spain,2,UPO,2006-2010,incoming
https://ror.org/053e8a708,Showa Pharmaceutical University,JP,Japan,2,UPO,2006-2010,incoming
https://ror.org/053evvt91,Centre Hospitalier de Versailles,FR,France,4,UPO,2006-2010,incoming
https://ror.org/053exzj86,Miriam Hospital,US,United States,8,UPO,2006-2010,incoming
https://ror.org/053ez2v94,ADA University,AZ,Azerbaijan,3,UPO,2006-2010,incoming
https://ror.org/053fdhz60,San Diego Fertility Center,US,United States,1,UPO,2006-2010,incoming
https://ror.org/053fh2363,Benedictine University,US,United States,19,UPO,2006-2010,incoming
https://ror.org/053fp5c05,Ewha Womans University,KR,South Korea,24,UPO,2006-2010,incoming
https://ror.org/053fq8t95,Swansea University,GB,United Kingdom,54,UPO,2006-2010,incoming
https://ror.org/053fx7g25,Royal Bolton Hospital,GB,United Kingdom,1,UPO,2006-2010,incoming
https://ror.org/053fzma23,Sichuan University of Science and Engineering,CN,China,1,UPO,2006-2010,incoming
https://ror.org/053g6we49,Zagazig University,EG,Egypt,2,UPO,2006-2010,incoming
https://ror.org/053gv2m95,Novartis Institutes for BioMedical Research,CH,Switzerland,12,UPO,2006-2010,incoming
https://ror.org/053hzer83,Institute of Population Health,CA,Canada,5,UPO,2006-2010,incoming
https://ror.org/053k5y417,Institute for Molecular Medicine,US,United States,8,UPO,2006-2010,incoming
https://ror.org/053kccs63,Osaka Dental University,JP,Japan,2,UPO,2006-2010,incoming
https://ror.org/053ndkf46,Kelsey Research Foundation,US,United States,1,UPO,2006-2010,incoming
https://ror.org/053pw6b94,Vitenparken,NO,Norway,13,UPO,2006-2010,incoming
https://ror.org/053pwmv60,V.I. Vernadsky Institute of Geochemistry and Analytical Chemistry,RU,Russia,3,UPO,2006-2010,incoming
https://ror.org/053q96737,International Renal Research Institute of Vicenza,IT,Italy,8,UPO,2006-2010,incoming
https://ror.org/053qbaa96,Park Foundation,US,United States,1,UPO,2006-2010,incoming
https://ror.org/053qy4437,Beijing Friendship Hospital,CN,China,1,UPO,2006-2010,incoming
https://ror.org/053rfa017,Institute for Infocomm Research,SG,Singapore,11,UPO,2006-2010,incoming
https://ror.org/053sba816,"Donders Institute for Brain, Cognition and Behaviour",NL,The Netherlands,13,UPO,2006-2010,incoming
https://ror.org/053sj8m08,Kenyatta National Hospital,KE,Kenya,1,UPO,2006-2010,incoming
https://ror.org/053t9n429,"Biomolécules : Conception, Isolement, Synthèse",FR,France,2,UPO,2006-2010,incoming
https://ror.org/053ts2049,Institute of Human Movement Sciences and Sport,CH,Switzerland,4,UPO,2006-2010,incoming
https://ror.org/053v00853,UMass Memorial Medical Center,US,United States,5,UPO,2006-2010,incoming
https://ror.org/053v2gh09,Second Xiangya Hospital of Central South University,CN,China,3,UPO,2006-2010,incoming
https://ror.org/053v8b344,Economic Policy Institute,US,United States,2,UPO,2006-2010,incoming
https://ror.org/053vv7851,Ecologie Microbienne Lyon,FR,France,3,UPO,2006-2010,incoming
https://ror.org/053w1zy07,Hunan Normal University,CN,China,8,UPO,2006-2010,incoming
https://ror.org/053x9s498,Université d'Artois,FR,France,6,UPO,2006-2010,incoming
https://ror.org/053xy8k29,Universidade Federal do Tocantins,BR,Brazil,2,UPO,2006-2010,incoming
https://ror.org/0541a3n79,International Crops Research Institute for the Semi-Arid Tropics,IN,India,2,UPO,2006-2010,incoming
https://ror.org/0541v4g57,University of Music and Performing Arts Graz,AT,Austria,1,UPO,2006-2010,incoming
https://ror.org/054224v54,BG Kliniken,DE,Germany,1,UPO,2006-2010,incoming
https://ror.org/054225q67,Cancer Research UK,GB,United Kingdom,76,UPO,2006-2010,incoming
https://ror.org/05431kn12,Institute of Marine and Environmental Technology,US,United States,3,UPO,2006-2010,incoming
https://ror.org/0543j5e78,Voronezh State University,RU,Russia,3,UPO,2006-2010,incoming
https://ror.org/0543mcr22,Showa University Fujigaoka Hospital,JP,Japan,3,UPO,2006-2010,incoming
https://ror.org/0543wxy83,Dermatology Research Center,US,United States,1,UPO,2006-2010,incoming
https://ror.org/054484h93,VA Portland Health Care System,US,United States,2,UPO,2006-2010,incoming
https://ror.org/05450eg98,Alamo Colleges,US,United States,2,UPO,2006-2010,incoming
https://ror.org/0545p3742,Plovdiv University,BG,Bulgaria,4,UPO,2006-2010,incoming
https://ror.org/054652k97,Public Health – Seattle & King County,US,United States,1,UPO,2006-2010,incoming
https://ror.org/0546daj73,Institut de Recherche en Gestion,FR,France,1,UPO,2006-2010,incoming
https://ror.org/0546hnb39,University of Konstanz,DE,Germany,27,UPO,2006-2010,incoming
https://ror.org/0546zz821,Donders Centre for Neuroscience,NL,The Netherlands,5,UPO,2006-2010,incoming
https://ror.org/05478fx36,"Istituto Nazionale di Fisica Nucleare, Sezione di Perugia",IT,Italy,6,UPO,2006-2010,incoming
https://ror.org/0547s4559,Catholic University of Angola,AO,Angola,7,UPO,2006-2010,incoming
https://ror.org/0547yzj13,Yıldız Technical University,TR,Turkey,469,UPO,2006-2010,incoming
https://ror.org/054962n91,Siemens Healthcare (United States),US,United States,1,UPO,2006-2010,incoming
https://ror.org/054a6wv56,Institute of Space Science - INFLPR Subsidiary,RO,Romania,376,UPO,2006-2010,incoming
https://ror.org/054a9s036,College of Industrial Technology,JP,Japan,1,UPO,2006-2010,incoming
https://ror.org/054b0b564,Texas Christian University,US,United States,8,UPO,2006-2010,incoming
https://ror.org/054d5vq03,Okan University,TR,Turkey,1,UPO,2006-2010,incoming
https://ror.org/054d77k59,University of Agriculture Faisalabad,PK,Pakistan,5,UPO,2006-2010,incoming
https://ror.org/054e9ag92,Chang Gung Children's Hospital,TW,Taiwan,1,UPO,2006-2010,incoming
https://ror.org/054fae424,"Centre Observation, Impacts, Énergie",FR,France,11,UPO,2006-2010,incoming
https://ror.org/054gdnq27,Bosch Health Campus,DE,Germany,18,UPO,2006-2010,incoming
https://ror.org/054gg1x85,Sha'ar Menashe Mental Health Center,IL,Israel,2,UPO,2006-2010,incoming
https://ror.org/054gh2b75,Chonnam National University Hwasun Hospital,KR,South Korea,3,UPO,2006-2010,incoming
https://ror.org/054gk2851,St Thomas' Hospital,GB,United Kingdom,33,UPO,2006-2010,incoming
https://ror.org/054gw3b40,Baku State University,AZ,Azerbaijan,1,UPO,2006-2010,incoming
https://ror.org/054hm6j14,Vollum Institute,US,United States,4,UPO,2006-2010,incoming
https://ror.org/054hyrm55,Escola de Economia de São Paulo,BR,Brazil,1,UPO,2006-2010,incoming
https://ror.org/054j4ex16,Satellite Healthcare (United States),US,United States,1,UPO,2006-2010,incoming
https://ror.org/054kvr030,University System of Taiwan,TW,Taiwan,922,UPO,2006-2010,incoming
https://ror.org/054phan86,Independence University,US,United States,1,UPO,2006-2010,incoming
https://ror.org/054pv6659,Universität Innsbruck,AT,Austria,54,UPO,2006-2010,incoming
https://ror.org/054qv7y42,Institut Polytechnique de Bordeaux,FR,France,17,UPO,2006-2010,incoming
https://ror.org/054qyrd12,Hospital Dr. Nélio Mendonça,PT,Portugal,1,UPO,2006-2010,incoming
https://ror.org/054rttv92,Society of Paediatric Oncology and Haematology,DE,Germany,5,UPO,2006-2010,incoming
https://ror.org/054sgna66,Institute of Biochemistry,RO,Romania,1,UPO,2006-2010,incoming
https://ror.org/054spjc55,University of Colorado Colorado Springs,US,United States,6,UPO,2006-2010,incoming
https://ror.org/054tbkd46,Universidad Autónoma de Guerrero,MX,Mexico,2,UPO,2006-2010,incoming
https://ror.org/054vff263,Instituto de Investigaciones Químicas,ES,Spain,2,UPO,2006-2010,incoming
https://ror.org/054w3nm73,VA Mid-Atlantic Health Care Network,US,United States,7,UPO,2006-2010,incoming
https://ror.org/054x1kd82,Guangxi Academy of Sciences,CN,China,1,UPO,2006-2010,incoming
https://ror.org/054xkpr46,Gazi University,TR,Turkey,35,UPO,2006-2010,incoming
https://ror.org/054xx3904,Vall d'Hebron Institute of Oncology,ES,Spain,1,UPO,2006-2010,incoming
https://ror.org/054xxtt73,Tinbergen Institute,NL,The Netherlands,1,UPO,2006-2010,incoming
https://ror.org/054z08865,Hyogo Prefectural Cancer Center,JP,Japan,2,UPO,2006-2010,incoming
https://ror.org/054zbmd26,Hera General Hospital,SA,Saudi Arabia,1,UPO,2006-2010,incoming
https://ror.org/054ztez58,Institute for Female Pelvic Medicine and Reconstructive Surgery,US,United States,1,UPO,2006-2010,incoming
https://ror.org/0550dmh35,Centre Interdisciplinaire de Nanoscience de Marseille,FR,France,6,UPO,2006-2010,incoming
https://ror.org/05510vn56,Federico Santa María Technical University,CL,Chile,120,UPO,2006-2010,incoming
https://ror.org/05514hp74,Laboratory of Fundamental and Applied Bioenergetics,FR,France,5,UPO,2006-2010,incoming
https://ror.org/05518k367,Institute of Applied Physics,RU,Russia,1,UPO,2006-2010,incoming
https://ror.org/05529q263,Chungbuk National University Hospital,KR,South Korea,5,UPO,2006-2010,incoming
https://ror.org/0552r4b12,Sylvester Comprehensive Cancer Center,US,United States,17,UPO,2006-2010,incoming
https://ror.org/05534qc24,SAGE Publishing (United States),US,United States,1,UPO,2006-2010,incoming
https://ror.org/0553yr311,Universidad de La Rioja,ES,Spain,23,UPO,2006-2010,incoming
https://ror.org/0554h7e84,Department of Earth Sciences,RU,Russia,4,UPO,2006-2010,incoming
https://ror.org/05556yk85,Colorado Kidney Care,US,United States,5,UPO,2006-2010,incoming
https://ror.org/05564e019,Inner Mongolia University of Technology,CN,China,10,UPO,2006-2010,incoming
https://ror.org/0556as610,Institute of Microbiology,CH,Switzerland,4,UPO,2006-2010,incoming
https://ror.org/0556gk990,Touro University California,US,United States,32,UPO,2006-2010,incoming
https://ror.org/0557b9y08,Shanghai University of Engineering Science,CN,China,1,UPO,2006-2010,incoming
https://ror.org/0558ewf28,Departement Omgeving,BE,Belgium,8,UPO,2006-2010,incoming
https://ror.org/0558j5q12,Universitatea Națională de Știință și Tehnologie Politehnica București,RO,Romania,10,UPO,2006-2010,incoming
https://ror.org/05591te55,Ludwig-Maximilians-Universität München,DE,Germany,719,UPO,2006-2010,incoming
https://ror.org/055bpw879,MRC Cognition and Brain Sciences Unit,GB,United Kingdom,4,UPO,2006-2010,incoming
https://ror.org/055cpj147,Centro Interuniversitario di Ricerca sui Peptidi Bioattivi,IT,Italy,1,UPO,2006-2010,incoming
https://ror.org/055csed06,Mental Health Research Center of Russian Academy of Medical Sciences,RU,Russia,1,UPO,2006-2010,incoming
https://ror.org/055d6gv91,Middlemore Hospital,NZ,New Zealand,2,UPO,2006-2010,incoming
https://ror.org/055eqsb67,National University of Mar del Plata,AR,Argentina,4,UPO,2006-2010,incoming
https://ror.org/055fn0a35,Spital Zollikerberg,CH,Switzerland,1,UPO,2006-2010,incoming
https://ror.org/055gkcy74,Union Hospital,CN,China,14,UPO,2006-2010,incoming
https://ror.org/055jskg35,Eastman Dental Hospital,GB,United Kingdom,1,UPO,2006-2010,incoming
https://ror.org/055khg266,Institut Universitaire de France,FR,France,17,UPO,2006-2010,incoming
https://ror.org/055m2tx54,North Eastern Hill University,IN,India,2,UPO,2006-2010,incoming
https://ror.org/055mf0v62,King Mongkut's Institute of Technology Ladkrabang,TH,Thailand,1,UPO,2006-2010,incoming
https://ror.org/055n47h92,National Institutes of Natural Sciences,JP,Japan,31,UPO,2006-2010,incoming
https://ror.org/055n68305,Instituto Nacional de Câncer - INCA,BR,Brazil,17,UPO,2006-2010,incoming
https://ror.org/055q8rh54,Institute of Information Science,SI,Slovenia,1,UPO,2006-2010,incoming
https://ror.org/055qbch41,Institute of Basic Medical Sciences of the Chinese Academy of Medical Sciences,CN,China,37,UPO,2006-2010,incoming
https://ror.org/055qxpb63,EpiVax (United States),US,United States,3,UPO,2006-2010,incoming
https://ror.org/055rjs771,Institute of Microbial Technology,IN,India,1,UPO,2006-2010,incoming
https://ror.org/055s37c97,Leibniz-Institut für Naturstoff-Forschung und Infektionsbiologie e. V. - Hans-Knöll-Institut (HKI),DE,Germany,3,UPO,2006-2010,incoming
https://ror.org/055vbxf86,Addenbrooke's Hospital,GB,United Kingdom,89,UPO,2006-2010,incoming
https://ror.org/055w74b96,First Affiliated Hospital of Dalian Medical University,CN,China,1,UPO,2006-2010,incoming
https://ror.org/055wmc747,Centro Científico Tecnológico - Mendoza,AR,Argentina,2,UPO,2006-2010,incoming
https://ror.org/055xrn550,Wheaton Franciscan Healthcare,US,United States,1,UPO,2006-2010,incoming
https://ror.org/055y34y19,Rose Medical Center,US,United States,1,UPO,2006-2010,incoming
https://ror.org/055yf1005,Nagoya Institute of Technology,JP,Japan,7,UPO,2006-2010,incoming
https://ror.org/055yg0521,University of Maryland School of Medicine,US,United States,65,UPO,2006-2010,incoming
https://ror.org/055yqn475,Yonsei Proteome Research Center,KR,South Korea,2,UPO,2006-2010,incoming
https://ror.org/055zd7d59,Korea Brain Research Institute,KR,South Korea,2,UPO,2006-2010,incoming
https://ror.org/055zmrh94,John Innes Centre,GB,United Kingdom,9,UPO,2006-2010,incoming
https://ror.org/05601z471,Institut Des Substances et Organismes de la Mer,FR,France,1,UPO,2006-2010,incoming
https://ror.org/0561a3s31,University of St.Gallen,CH,Switzerland,2,UPO,2006-2010,incoming
https://ror.org/0561ghm58,Slovak University of Technology in Bratislava,SK,Slovakia,15,UPO,2006-2010,incoming
https://ror.org/0561n6946,Romanian Academy,RO,Romania,9,UPO,2006-2010,incoming
https://ror.org/0561z8p38,Rijnstate Hospital,NL,The Netherlands,8,UPO,2006-2010,incoming
https://ror.org/0561zqn56,University System of Ohio,US,United States,275,UPO,2006-2010,incoming
https://ror.org/05626m728,"John H. Stroger, Jr. Hospital of Cook County",US,United States,2,UPO,2006-2010,incoming
https://ror.org/0562zzt06,Ryazan State University,RU,Russia,1,UPO,2006-2010,incoming
https://ror.org/0564xsr50,King Hussein Cancer Center,JO,Jordan,2,UPO,2006-2010,incoming
https://ror.org/056546b03,Gilead Sciences (United States),US,United States,7,UPO,2006-2010,incoming
https://ror.org/0566a8c54,University of North Carolina System,US,United States,100,UPO,2006-2010,incoming
https://ror.org/0566yhn94,Jan Długosz University,PL,Poland,1,UPO,2006-2010,incoming
https://ror.org/0567gec15,The Memory Clinic,US,United States,1,UPO,2006-2010,incoming
https://ror.org/0567t7073,Fox Chase Cancer Center,US,United States,44,UPO,2006-2010,incoming
https://ror.org/0567v8t28,Jawaharlal Nehru University,IN,India,11,UPO,2006-2010,incoming
https://ror.org/05695qy17,Instytut Farmaceutyczny,PL,Poland,2,UPO,2006-2010,incoming
https://ror.org/0569k1630,Beijing Shijitan Hospital,CN,China,2,UPO,2006-2010,incoming
https://ror.org/0569mkk41,Zhejiang Gongshang University,CN,China,1,UPO,2006-2010,incoming
https://ror.org/056ajev02,Birmingham Women’s and Children’s NHS Foundation Trust,GB,United Kingdom,16,UPO,2006-2010,incoming
https://ror.org/056am2717,Brock University,CA,Canada,8,UPO,2006-2010,incoming
https://ror.org/056b4pm25,Hôpital Pasteur,FR,France,4,UPO,2006-2010,incoming
https://ror.org/056bksm23,Osaka Electro-Communication University,JP,Japan,1,UPO,2006-2010,incoming
https://ror.org/056brkm80,Regional Hospital Central Jutland,DK,Denmark,3,UPO,2006-2010,incoming
https://ror.org/056cn0e37,The Catholic University of Korea Seoul St. Mary's Hospital,KR,South Korea,8,UPO,2006-2010,incoming
https://ror.org/056e61d57,National Peanut Research Laboratory,US,United States,1,UPO,2006-2010,incoming
https://ror.org/056e9h402,Cape Peninsula University of Technology,ZA,South Africa,1,UPO,2006-2010,incoming
https://ror.org/056ef9489,Qilu Hospital of Shandong University,CN,China,12,UPO,2006-2010,incoming
https://ror.org/056ffv270,Imperial College Healthcare NHS Trust,GB,United Kingdom,100,UPO,2006-2010,incoming
https://ror.org/056g7f250,Laboratoire de Chimie et Physique Quantiques,FR,France,25,UPO,2006-2010,incoming
https://ror.org/056hcgc41,Mustafa Kemal University,TR,Turkey,5,UPO,2006-2010,incoming
https://ror.org/056hr4255,Eastern Virginia Medical School,US,United States,14,UPO,2006-2010,incoming
https://ror.org/056hsfz11,Mortimer Market Centre,GB,United Kingdom,1,UPO,2006-2010,incoming
https://ror.org/056hzt889,Institute for Quantum Optics and Quantum Information Innsbruck,AT,Austria,1,UPO,2006-2010,incoming
https://ror.org/056jjra10,Jewish General Hospital,CA,Canada,16,UPO,2006-2010,incoming
https://ror.org/056m9zn95,Institut für Biotechnologie und Wirkstoff-Forschung,DE,Germany,1,UPO,2006-2010,incoming
https://ror.org/056n05x05,Laboratoire de Chimie des Polymères Organiques,FR,France,1,UPO,2006-2010,incoming
https://ror.org/056nc1c48,European Food Safety Authority,IT,Italy,5,UPO,2006-2010,incoming
https://ror.org/056nm0533,Cooper University Health Care,US,United States,5,UPO,2006-2010,incoming
https://ror.org/056pg9759,SSM Health Care,US,United States,2,UPO,2006-2010,incoming
https://ror.org/056q45x47,Korea Bio Polytechnic College,KR,South Korea,1,UPO,2006-2010,incoming
https://ror.org/056q8ze52,St. Elizabeth Hospital in Enumclaw,US,United States,1,UPO,2006-2010,incoming
https://ror.org/056r5vk88,Penza State University,RU,Russia,10,UPO,2006-2010,incoming
https://ror.org/056s65p46,Universidade Federal de Ouro Preto,BR,Brazil,2,UPO,2006-2010,incoming
https://ror.org/056tb7j80,Universidad Nacional de Córdoba,AR,Argentina,34,UPO,2006-2010,incoming
https://ror.org/056tn4839,Sogang University,KR,South Korea,8,UPO,2006-2010,incoming
https://ror.org/056tqzr82,Kokura Memorial Hospital,JP,Japan,1,UPO,2006-2010,incoming
https://ror.org/056v2vw30,The Orthopaedic Institute,US,United States,1,UPO,2006-2010,incoming
https://ror.org/056vyez31,Naval University of Engineering,CN,China,2,UPO,2006-2010,incoming
https://ror.org/056wf8856,Kola Science Centre,RU,Russia,1,UPO,2006-2010,incoming
https://ror.org/056wqre19,Çankaya University,TR,Turkey,17,UPO,2006-2010,incoming
https://ror.org/056xse072,Rzeszów University of Technology,PL,Poland,8,UPO,2006-2010,incoming
https://ror.org/056y2f070,Agios Andreas Hospital,GR,Greece,1,UPO,2006-2010,incoming
https://ror.org/056y3dw16,Hubei Normal University,CN,China,4,UPO,2006-2010,incoming
https://ror.org/056y4sn81,Evangelisches Krankenhaus Göttingen-Weende,DE,Germany,2,UPO,2006-2010,incoming
https://ror.org/056yktd04,Institute of Environmental Assessment and Water Research,ES,Spain,2,UPO,2006-2010,incoming
https://ror.org/056za9j29,Korea Center for Disease Control and Prevention,KR,South Korea,1,UPO,2006-2010,incoming
https://ror.org/056zz0q95,American Academy of Otolaryngology — Head and Neck Surgery,US,United States,1,UPO,2006-2010,incoming
https://ror.org/05721rw82,"Centro Química Orgánica ""LORA-TAMAYO""",ES,Spain,4,UPO,2006-2010,incoming
https://ror.org/0573ts924,Princess Royal Hospital,GB,United Kingdom,1,UPO,2006-2010,incoming
https://ror.org/0574bwf68,Holy Cross College,US,United States,8,UPO,2006-2010,incoming
https://ror.org/0574der91,Guangdong University of Education,CN,China,7,UPO,2006-2010,incoming
https://ror.org/0574dzy90,William Harvey Research Institute,GB,United Kingdom,25,UPO,2006-2010,incoming
https://ror.org/0574eex11,Temasek Life Sciences Laboratory,SG,Singapore,2,UPO,2006-2010,incoming
https://ror.org/0575ycz84,Prince of Songkla University,TH,Thailand,4,UPO,2006-2010,incoming
https://ror.org/0575yy874,University Medical Center Utrecht,NL,The Netherlands,145,UPO,2006-2010,incoming
https://ror.org/0576gt767,Hangzhou Dianzi University,CN,China,9,UPO,2006-2010,incoming
https://ror.org/0576q1t15,Universidad Autónoma de Nayarit,MX,Mexico,5,UPO,2006-2010,incoming
https://ror.org/05783y657,Smith-Kettlewell Eye Research Institute,US,United States,3,UPO,2006-2010,incoming
https://ror.org/0578f1k82,Henan Institute of Science and Technology,CN,China,1,UPO,2006-2010,incoming
https://ror.org/057915t59,Instituto de Agrobiotecnología del Litoral,AR,Argentina,1,UPO,2006-2010,incoming
https://ror.org/057ap5t09,RK University,IN,India,2,UPO,2006-2010,incoming
https://ror.org/057aq1y25,Istituto Nazionale di Riposo e Cura per Anziani,IT,Italy,11,UPO,2006-2010,incoming
https://ror.org/057br4398,"Czech Academy of Sciences, Institute of Experimental Botany",CZ,Czechia,1,UPO,2006-2010,incoming
https://ror.org/057cm0m66,Sismanoglio General Hospital,GR,Greece,1,UPO,2006-2010,incoming
https://ror.org/057cydn08,Hunan University of Technology and Business,CN,China,1,UPO,2006-2010,incoming
https://ror.org/057ecva72,National University of the Northeast,AR,Argentina,1,UPO,2006-2010,incoming
https://ror.org/057ewhh68,Augsburg University,US,United States,5,UPO,2006-2010,incoming
https://ror.org/057f4mk30,Islamic Azad University Janah,IR,Iran,3,UPO,2006-2010,incoming
https://ror.org/057ff4y42,BOKU University,AT,Austria,22,UPO,2006-2010,incoming
https://ror.org/057g20z61,Science and Technology Facilities Council,GB,United Kingdom,1225,UPO,2006-2010,incoming
https://ror.org/057jm7w82,Tokyo University of Pharmacy and Life Sciences,JP,Japan,7,UPO,2006-2010,incoming
https://ror.org/057jrqr44,University of East London,GB,United Kingdom,1,UPO,2006-2010,incoming
https://ror.org/057mn3690,National Chemical Laboratory,IN,India,8,UPO,2006-2010,incoming
https://ror.org/057n4xq60,Institute of Higher Nervous Activity and Neurophysiology,RU,Russia,2,UPO,2006-2010,incoming
https://ror.org/057ngt219,Universidad de Sotavento,MX,Mexico,2,UPO,2006-2010,incoming
https://ror.org/057pe1087,Genmab (Denmark),DK,Denmark,2,UPO,2006-2010,incoming
https://ror.org/057pf1v38,Foundation for Health Care Quality,US,United States,3,UPO,2006-2010,incoming
https://ror.org/057q6n778,Dongguk University,KR,South Korea,11,UPO,2006-2010,incoming
https://ror.org/057qfs197,Harran University,TR,Turkey,8,UPO,2006-2010,incoming
https://ror.org/057qpr032,Université de Bordeaux,FR,France,135,UPO,2006-2010,incoming
https://ror.org/057trrr89,Purchase College,US,United States,2,UPO,2006-2010,incoming
https://ror.org/057vq6e26,Beijing Hospital of Traditional Chinese Medicine,CN,China,1,UPO,2006-2010,incoming
https://ror.org/057vt8c33,Hôpital Paule de Viguier,FR,France,1,UPO,2006-2010,incoming
https://ror.org/057vy9683,Hamamatsu University,JP,Japan,1,UPO,2006-2010,incoming
https://ror.org/057w15z03,Erasmus University Rotterdam,NL,The Netherlands,248,UPO,2006-2010,incoming
https://ror.org/057w9fs93,Istituto di Genomica Applicata,IT,Italy,6,UPO,2006-2010,incoming
https://ror.org/057x6za15,University of Carthage,TN,Tunisia,3,UPO,2006-2010,incoming
https://ror.org/057xmsr27,Virginia Commonwealth University Medical Center,US,United States,33,UPO,2006-2010,incoming
https://ror.org/057xs4529,Island Health,CA,Canada,1,UPO,2006-2010,incoming
https://ror.org/057xtrt18,Kurume University,JP,Japan,23,UPO,2006-2010,incoming
https://ror.org/057yw0190,Social Insurance Institution,FI,Finland,2,UPO,2006-2010,incoming
https://ror.org/057zme681,Laboratoire de Chimie Bactérienne,FR,France,1,UPO,2006-2010,incoming
https://ror.org/05803vc71,State Key Laboratory of Chemical Engineering,CN,China,6,UPO,2006-2010,incoming
https://ror.org/05813wx75,Institute for Research on Combustion,IT,Italy,4,UPO,2006-2010,incoming
https://ror.org/0582awy59,Sparrow Thoracic Cardiovascular Institute,US,United States,1,UPO,2006-2010,incoming
https://ror.org/0582gcw47,Medical Research Institute,LK,Sri Lanka,5,UPO,2006-2010,incoming
https://ror.org/0582y1e41,Groene Hart Ziekenhuis,NL,The Netherlands,1,UPO,2006-2010,incoming
https://ror.org/0583a0t97,West University of Timişoara,RO,Romania,2,UPO,2006-2010,incoming
https://ror.org/05859w570,Escola Politècnica Superior d'Alcoi,ES,Spain,1,UPO,2006-2010,incoming
https://ror.org/05874db82,Excellence Cluster Universe,DE,Germany,12,UPO,2006-2010,incoming
https://ror.org/0587ef340,Comenius University Bratislava,SK,Slovakia,713,UPO,2006-2010,incoming
https://ror.org/0588pbz68,Institute of Experimental Pharmacology and Toxicology of the Slovak Academy of Sciences,SK,Slovakia,2,UPO,2006-2010,incoming
https://ror.org/0589bxs97,McGill University and Génome Québec Innovation Centre,CA,Canada,3,UPO,2006-2010,incoming
https://ror.org/0589kgd85,Yukawa Institute for Theoretical Physics,JP,Japan,17,UPO,2006-2010,incoming
https://ror.org/0589vxh51,Datacorp (United States),US,United States,1,UPO,2006-2010,incoming
https://ror.org/058aed112,Los Angeles Community College District,US,United States,1,UPO,2006-2010,incoming
https://ror.org/058aeep47,Mendel University in Brno,CZ,Czechia,4,UPO,2006-2010,incoming
https://ror.org/058ajkv68,United Nations Industrial Development Organization,AT,Austria,3,UPO,2006-2010,incoming
https://ror.org/058cjye32,Universidad de Guanajuato,MX,Mexico,19,UPO,2006-2010,incoming
https://ror.org/058djb788,Cairo University hospitals,EG,Egypt,1,UPO,2006-2010,incoming
https://ror.org/058fy8f68,Govind Ballabh Pant Hospital,IN,India,1,UPO,2006-2010,incoming
https://ror.org/058gnfy87,Université Hassan II Mohammedia,MA,Morocco,6,UPO,2006-2010,incoming
https://ror.org/058h0n244,Shenzhen Stock Exchange,CN,China,16,UPO,2006-2010,incoming
https://ror.org/058h74p94,Nagasaki University,JP,Japan,42,UPO,2006-2010,incoming
https://ror.org/058hsp657,Hospital of Lithuanian University of Health Sciences Kaunas Clinics,LT,Lithuania,2,UPO,2006-2010,incoming
https://ror.org/058hz8544,Institut des Sciences Cognitives,FR,France,1,UPO,2006-2010,incoming
https://ror.org/058kzes98,University Museum Utrecht,NL,The Netherlands,25,UPO,2006-2010,incoming
https://ror.org/058kzsd48,Paderborn University,DE,Germany,2,UPO,2006-2010,incoming
https://ror.org/058m2zy02,Biblioteca Universitaria di Napoli,IT,Italy,23,UPO,2006-2010,incoming
https://ror.org/058m7ey48,Sandia National Laboratories California,US,United States,7,UPO,2006-2010,incoming
https://ror.org/058ndjg49,Logan University,US,United States,1,UPO,2006-2010,incoming
https://ror.org/058nrs650,Institute on Membrane Technology,IT,Italy,13,UPO,2006-2010,incoming
https://ror.org/058p1kn93,VA Long Beach Healthcare System,US,United States,3,UPO,2006-2010,incoming
https://ror.org/058pdbn81,Dankook University,KR,South Korea,4,UPO,2006-2010,incoming
https://ror.org/058pgtg13,Evelina London Children's Healthcare,GB,United Kingdom,1,UPO,2006-2010,incoming
https://ror.org/058q1cn43,Goce Delcev University,MK,North Macedonia,2,UPO,2006-2010,incoming
https://ror.org/058qmst67,Hôpital Saint Roch,FR,France,2,UPO,2006-2010,incoming
https://ror.org/058qtt435,United Nations Population Fund,US,United States,1,UPO,2006-2010,incoming
https://ror.org/058rn5r42,Hasso Plattner Institute,DE,Germany,1,UPO,2006-2010,incoming
https://ror.org/058rymf81,National Research Council of Science and Technology,KR,South Korea,31,UPO,2006-2010,incoming
https://ror.org/058s20p71,Public Health Foundation of India,IN,India,1,UPO,2006-2010,incoming
https://ror.org/058s63h23,National Rehabilitation Center for Persons with Disabilities,JP,Japan,8,UPO,2006-2010,incoming
https://ror.org/058sakv40,Corewell Health William Beaumont University Hospital,US,United States,1,UPO,2006-2010,incoming
https://ror.org/058sshm54,Institute of Oceanology,BG,Bulgaria,6,UPO,2006-2010,incoming
https://ror.org/058t6p923,Laboratoire Leprince-Ringuet,FR,France,1185,UPO,2006-2010,incoming
https://ror.org/058t7w767,State Key Laboratory of Drug Research,CN,China,16,UPO,2006-2010,incoming
https://ror.org/058td2q88,Hôpital Foch,FR,France,1,UPO,2006-2010,incoming
https://ror.org/058thx797,Hospital Universitario Virgen de la Arrixaca,ES,Spain,23,UPO,2006-2010,incoming
https://ror.org/058w59113,Des Moines University,US,United States,6,UPO,2006-2010,incoming
https://ror.org/058w5nk68,Union College,US,United States,20,UPO,2006-2010,incoming
https://ror.org/058x5eq06,Beijing Haidian Hospital,CN,China,4,UPO,2006-2010,incoming
https://ror.org/058x7dy48,Royal United Hospital Bath NHS Trust,GB,United Kingdom,1,UPO,2006-2010,incoming
https://ror.org/058xqe166,Kingston Hospital NHS Trust,GB,United Kingdom,1,UPO,2006-2010,incoming
https://ror.org/058xzat49,Max Planck Institute of Immunobiology and Epigenetics,DE,Germany,1,UPO,2006-2010,incoming
https://ror.org/058y0nn10,Wan Fang Hospital,TW,Taiwan,8,UPO,2006-2010,incoming
https://ror.org/058zz0t50,California Southern University,US,United States,4,UPO,2006-2010,incoming
https://ror.org/059091v77,Onco Lille,FR,France,1,UPO,2006-2010,incoming
https://ror.org/0590dbq33,SINTEF Energy Research,NO,Norway,8,UPO,2006-2010,incoming
https://ror.org/0590dnz19,Fu Wai Hospital,CN,China,2,UPO,2006-2010,incoming
https://ror.org/0590fg074,Environmental Health,GB,United Kingdom,2,UPO,2006-2010,incoming
https://ror.org/0590pq693,Vilnius University Hospital Santariskiu Klinikos,LT,Lithuania,4,UPO,2006-2010,incoming
https://ror.org/0591s4t67,Servicio Gallego de Salud,ES,Spain,17,UPO,2006-2010,incoming
https://ror.org/05923xh51,Ludwig Cancer Research,BE,Belgium,31,UPO,2006-2010,incoming
https://ror.org/05933aq68,Shizuoka University of Welfare,JP,Japan,5,UPO,2006-2010,incoming
https://ror.org/0593p4448,International Rice Research Institute,PH,Philippines,4,UPO,2006-2010,incoming
https://ror.org/0594s0e67,Carolinas Healthcare System,US,United States,21,UPO,2006-2010,incoming
https://ror.org/0594ske86,VA Nebraska Western Iowa Health Care System,US,United States,3,UPO,2006-2010,incoming
https://ror.org/0595gz585,University of Gondar,ET,Ethiopia,1,UPO,2006-2010,incoming
https://ror.org/059636586,Istanbul Technical University,TR,Turkey,185,UPO,2006-2010,incoming
https://ror.org/0596m7f19,West Pomeranian University of Technology in Szczecin,PL,Poland,1,UPO,2006-2010,incoming
https://ror.org/0599cs764,UCLA Jonsson Comprehensive Cancer Center,US,United States,16,UPO,2006-2010,incoming
https://ror.org/0599z7n30,Instituto de Biologia Experimental e Tecnológica,PT,Portugal,2,UPO,2006-2010,incoming
https://ror.org/059aewc73,New England College,US,United States,1,UPO,2006-2010,incoming
https://ror.org/059b2sn04,Guangdong Inspection and Quarantine Technology Center (China),CN,China,1,UPO,2006-2010,incoming
https://ror.org/059b5pb30,Konan University,JP,Japan,4,UPO,2006-2010,incoming
https://ror.org/059c3mv67,Cambridge Health Alliance,US,United States,1,UPO,2006-2010,incoming
https://ror.org/059c60c91,Derby Hospitals NHS Foundation Trust,GB,United Kingdom,3,UPO,2006-2010,incoming
https://ror.org/059d6yn51,Toyo University,JP,Japan,1,UPO,2006-2010,incoming
https://ror.org/059d8kr95,Centre for Family Medicine,CA,Canada,1,UPO,2006-2010,incoming
https://ror.org/059dkdx38,National Taiwan Normal University,TW,Taiwan,67,UPO,2006-2010,incoming
https://ror.org/059et2b68,Université Oran 1 Ahmed Ben Bella,DZ,Algeria,10,UPO,2006-2010,incoming
https://ror.org/059ex5q34,"Secretaría de Ciencia, Humanidades, Tecnología e Innovación",MX,Mexico,2,UPO,2006-2010,incoming
https://ror.org/059ex7y15,Polish Mother’s Memorial Hospital Research Institute,PL,Poland,4,UPO,2006-2010,incoming
https://ror.org/059g69b28,Dong-Eui University,KR,South Korea,1,UPO,2006-2010,incoming
https://ror.org/059g90c15,Pfizer (Canada),CA,Canada,1,UPO,2006-2010,incoming
https://ror.org/059gcgy73,Nanjing Medical University,CN,China,56,UPO,2006-2010,incoming
https://ror.org/059gw8r13,Xinjiang University,CN,China,1,UPO,2006-2010,incoming
https://ror.org/059jfth35,Klinikum Stuttgart,DE,Germany,6,UPO,2006-2010,incoming
https://ror.org/059jq5127,Harborview Medical Center,US,United States,5,UPO,2006-2010,incoming
https://ror.org/059k49c26,Ewha Womans University Seoul Hospital,KR,South Korea,1,UPO,2006-2010,incoming
https://ror.org/059kfmf89,Centre hospitalier régional de la Citadelle,BE,Belgium,2,UPO,2006-2010,incoming
https://ror.org/059mq0909,Siemens (Germany),DE,Germany,16,UPO,2006-2010,incoming
https://ror.org/059n1d175,Hospital de Sant Pau,ES,Spain,94,UPO,2006-2010,incoming
https://ror.org/059qe0395,Institut für Didaktik und Ausbildungsforschung in der Medizin,DE,Germany,1,UPO,2006-2010,incoming
https://ror.org/059qned12,Promedior (United States),US,United States,1,UPO,2006-2010,incoming
https://ror.org/059rn9488,Hewlett-Packard (United States),US,United States,1,UPO,2006-2010,incoming
https://ror.org/059ryjv25,Chung Shan Medical University,TW,Taiwan,24,UPO,2006-2010,incoming
https://ror.org/059sp8j34,Instituto Politécnico Nacional,MX,Mexico,568,UPO,2006-2010,incoming
https://ror.org/059sz6q14,Centre International de Recherche en Infectiologie,FR,France,2,UPO,2006-2010,incoming
https://ror.org/059tqvg48,Department of Chemistry and Material Sciences,RU,Russia,109,UPO,2006-2010,incoming
https://ror.org/059vkfm47,Agenzia Regionale di Sanità della Toscana,IT,Italy,2,UPO,2006-2010,incoming
https://ror.org/059vymd37,Hochschule Osnabrück,DE,Germany,1,UPO,2006-2010,incoming
https://ror.org/059wd2y60,Adaptations Métaboliques à l'Exercice en conditions Physiologiques et Pathologiques,FR,France,1,UPO,2006-2010,incoming
https://ror.org/059wkzj26,Maastro Clinic,NL,The Netherlands,13,UPO,2006-2010,incoming
https://ror.org/059x21724,University of Yamanashi,JP,Japan,19,UPO,2006-2010,incoming
https://ror.org/059x9n677,Eulji Medical Center,KR,South Korea,1,UPO,2006-2010,incoming
https://ror.org/059y0zb32,State Key Laboratory of Cognitive Neuroscience and Learning,CN,China,2,UPO,2006-2010,incoming
https://ror.org/059y9v737,Central College,US,United States,3,UPO,2006-2010,incoming
https://ror.org/059yhyy33,Japan Aerospace Exploration Agency,JP,Japan,8,UPO,2006-2010,incoming
https://ror.org/059yvz347,Drammen Hospital,NO,Norway,1,UPO,2006-2010,incoming
https://ror.org/059yx9a68,Universidad Nacional de Colombia,CO,Colombia,10,UPO,2006-2010,incoming
https://ror.org/059z11218,Kawasaki Medical School,JP,Japan,12,UPO,2006-2010,incoming
https://ror.org/059zxg644,The Queen's Medical Research Institute,GB,United Kingdom,10,UPO,2006-2010,incoming
https://ror.org/05a01hn31,Mater Dei Hospital,MT,Malta,2,UPO,2006-2010,incoming
https://ror.org/05a0dhs15,École Normale Supérieure - PSL,FR,France,2,UPO,2006-2010,incoming
https://ror.org/05a0ya142,Broad Institute,US,United States,46,UPO,2006-2010,incoming
https://ror.org/05a15z872,Samsung Medical Center,KR,South Korea,45,UPO,2006-2010,incoming
https://ror.org/05a1dws80,Mines Saint-Étienne,FR,France,2,UPO,2006-2010,incoming
https://ror.org/05a25vm86,Lucile Packard Children's Hospital,US,United States,3,UPO,2006-2010,incoming
https://ror.org/05a28rw58,ETH Zurich,CH,Switzerland,1215,UPO,2006-2010,incoming
https://ror.org/05a34gy67,Opsona Therapeutics (Ireland),IE,Ireland,1,UPO,2006-2010,incoming
https://ror.org/05a353079,University Hospital of Lausanne,CH,Switzerland,74,UPO,2006-2010,incoming
https://ror.org/05a3efx98,Metropolitan Hospital,GR,Greece,1,UPO,2006-2010,incoming
https://ror.org/05a7t9b67,Edinburgh Cancer Research,GB,United Kingdom,1,UPO,2006-2010,incoming
https://ror.org/05a87zb20,Azienda Usl Toscana Centro,IT,Italy,55,UPO,2006-2010,incoming
https://ror.org/05a90fj07,Ealing Hospital,GB,United Kingdom,2,UPO,2006-2010,incoming
https://ror.org/05a9nb826,CNS Research (United States),US,United States,2,UPO,2006-2010,incoming
https://ror.org/05aah2q92,Fraunhofer USA,US,United States,2,UPO,2006-2010,incoming
https://ror.org/05aav2h42,Georgian National Academy of Sciences,GE,Georgia,888,UPO,2006-2010,incoming
https://ror.org/05ab3fa41,New College,GB,United Kingdom,1,UPO,2006-2010,incoming
https://ror.org/05abbep66,Brandeis University,US,United States,18,UPO,2006-2010,incoming
https://ror.org/05abgg682,"Institut de minéralogie, de physique des matériaux et de cosmochimie",FR,France,1,UPO,2006-2010,incoming
https://ror.org/05abs3w97,Texas A&M University – Kingsville,US,United States,1,UPO,2006-2010,incoming
https://ror.org/05ac26z88,Oberlin College,US,United States,1,UPO,2006-2010,incoming
https://ror.org/05acynk65,Centre of Biotechnology of Sfax,TN,Tunisia,1,UPO,2006-2010,incoming
https://ror.org/05addee68,General Motors (United States),US,United States,1,UPO,2006-2010,incoming
https://ror.org/05adj5455,Instituto Nacional de Pediatria,MX,Mexico,4,UPO,2006-2010,incoming
https://ror.org/05aevyc10,Okayama University of Science,JP,Japan,6,UPO,2006-2010,incoming
https://ror.org/05afd6695,Maharaja Bir Bikram University,IN,India,873,UPO,2006-2010,incoming
https://ror.org/05afnhv08,Sapporo National Hospital,JP,Japan,1,UPO,2006-2010,incoming
https://ror.org/05afs3z13,Novartis (Canada),CA,Canada,2,UPO,2006-2010,incoming
https://ror.org/05ag62t55,Institut für Höhere Studien - Institute for Advanced Studies (IHS),AT,Austria,2,UPO,2006-2010,incoming
https://ror.org/05ahcwz21,Amrita Institute of Medical Sciences and Research Centre,IN,India,6,UPO,2006-2010,incoming
https://ror.org/05ajme216,Hospital de Santo Espirito de Angra do Heroísmo,PT,Portugal,1,UPO,2006-2010,incoming
https://ror.org/05ajnv358,Karnatak University,IN,India,2,UPO,2006-2010,incoming
https://ror.org/05akhmy90,Huangshan University,CN,China,1,UPO,2006-2010,incoming
https://ror.org/05akvb491,Third Xiangya Hospital,CN,China,5,UPO,2006-2010,incoming
https://ror.org/05am5g719,St Mark's Hospital,GB,United Kingdom,1,UPO,2006-2010,incoming
https://ror.org/05an5n875,Saad Specialist Hospital,SA,Saudi Arabia,1,UPO,2006-2010,incoming
https://ror.org/05apdps44,Raigmore Hospital,GB,United Kingdom,1,UPO,2006-2010,incoming
https://ror.org/05apxxy63,Korea Advanced Institute of Science and Technology,KR,South Korea,51,UPO,2006-2010,incoming
https://ror.org/05ar38p21,Amur State University of Humanities and Pedagogy,RU,Russia,2,UPO,2006-2010,incoming
https://ror.org/05arfhc56,University of Rajasthan,IN,India,581,UPO,2006-2010,incoming
https://ror.org/05arxpe18,Billings Clinic,US,United States,1,UPO,2006-2010,incoming
https://ror.org/05asdy483,U-M Rogel Cancer Center,US,United States,6,UPO,2006-2010,incoming
https://ror.org/05aspc753,Mario Negri Institute for Pharmacological Research,IT,Italy,128,UPO,2006-2010,incoming
https://ror.org/05asvgp75,International Potato Center,PE,Peru,1,UPO,2006-2010,incoming
https://ror.org/05atemp08,MedStar Health,US,United States,25,UPO,2006-2010,incoming
https://ror.org/05atez085,Israel Institute for Biological Research,IL,Israel,3,UPO,2006-2010,incoming
https://ror.org/05av9mn02,Plymouth Marine Laboratory,GB,United Kingdom,65,UPO,2006-2010,incoming
https://ror.org/05aw6p704,West German Heart and Vascular Center Essen,DE,Germany,2,UPO,2006-2010,incoming
https://ror.org/05ax3zh38,VA Maryland Health Care System,US,United States,1,UPO,2006-2010,incoming
https://ror.org/05ayf4d73,Southlake Regional Health Center,CA,Canada,2,UPO,2006-2010,incoming
https://ror.org/05azzyk65,Piedmont Athens Regional,US,United States,2,UPO,2006-2010,incoming
https://ror.org/05b01nv96,Subang Jaya Medical Centre,MY,Malaysia,1,UPO,2006-2010,incoming
https://ror.org/05b0gpy83,"Center for Forensic Mental Health, Chiba University",JP,Japan,1,UPO,2006-2010,incoming
https://ror.org/05b0hce56,Children’s Hospital Foundation of Manitoba,CA,Canada,3,UPO,2006-2010,incoming
https://ror.org/05b11sy48,Antonelli College,US,United States,2,UPO,2006-2010,incoming
https://ror.org/05b170984,Institute for Biomedical and Pharmaceutical Research,DE,Germany,1,UPO,2006-2010,incoming
https://ror.org/05b1kx621,Akita Prefectural University,JP,Japan,1,UPO,2006-2010,incoming
https://ror.org/05b1rsv17,Universidad Católica de Murcia,ES,Spain,1,UPO,2006-2010,incoming
https://ror.org/05b1skj70,Sciencetech (Canada),CA,Canada,1,UPO,2006-2010,incoming
https://ror.org/05b2gms10,International Breast Cancer Study Group,CH,Switzerland,2,UPO,2006-2010,incoming
https://ror.org/05b3hqn14,North York General Hospital,CA,Canada,1,UPO,2006-2010,incoming
https://ror.org/05b3p7p58,Laboratoire Mouvement Sport Santé,FR,France,3,UPO,2006-2010,incoming
https://ror.org/05b50ej63,Instituto de Investigaciones Biológicas Clemente Estable,UY,Uruguay,1,UPO,2006-2010,incoming
https://ror.org/05b51ak88,Chinese People’s Liberation Army 263 hospital,CN,China,1,UPO,2006-2010,incoming
https://ror.org/05b5x4a35,Lahore University of Management Sciences,PK,Pakistan,1,UPO,2006-2010,incoming
https://ror.org/05b7p8k90,Ludwik Hirszfeld Institute of Immunology and Experimental Therapy,PL,Poland,1,UPO,2006-2010,incoming
https://ror.org/05b8d3w18,Max Planck Institute of Molecular Cell Biology and Genetics,DE,Germany,2,UPO,2006-2010,incoming
https://ror.org/05b9vxh94,Hospital Universitari de Vic,ES,Spain,4,UPO,2006-2010,incoming
https://ror.org/05bamms85,Parco Tecnologico Padano,IT,Italy,11,UPO,2006-2010,incoming
https://ror.org/05bbbc791,University of Karachi,PK,Pakistan,5,UPO,2006-2010,incoming
https://ror.org/05bbqza97,Kingston University,GB,United Kingdom,1,UPO,2006-2010,incoming
https://ror.org/05bcewb51,Millennium Institute,BR,Brazil,3,UPO,2006-2010,incoming
https://ror.org/05bcgdd94,"Czech Academy of Sciences, Institute of Vertebrate Biology",CZ,Czechia,1,UPO,2006-2010,incoming
https://ror.org/05bd2wa15,Shanghai Mental Health Center,CN,China,1,UPO,2006-2010,incoming
https://ror.org/05bdn0q71,"Laboratoire d'Algorithmique, Complexité et Logique",FR,France,2,UPO,2006-2010,incoming
https://ror.org/05beaae04,European Crohn's and Colitis Organisation,AT,Austria,1,UPO,2006-2010,incoming
https://ror.org/05bh0zx16,Fasa University of Medical Sciences,IR,Iran,2,UPO,2006-2010,incoming
https://ror.org/05bhada84,Nara Institute of Science and Technology,JP,Japan,12,UPO,2006-2010,incoming
https://ror.org/05bhmhz54,Yangtze University,CN,China,3,UPO,2006-2010,incoming
https://ror.org/05bhsww40,Scripps Health,US,United States,16,UPO,2006-2010,incoming
https://ror.org/05bhtvt77,École Nationale d'Ingénieurs de Metz,FR,France,1,UPO,2006-2010,incoming
https://ror.org/05bj7sh33,University of Science and Technology,YE,Yemen,1,UPO,2006-2010,incoming
https://ror.org/05bjen692,Center for Cancer Research,US,United States,101,UPO,2006-2010,incoming
https://ror.org/05bk0c386,Rusk Rehabilitation,US,United States,1,UPO,2006-2010,incoming
https://ror.org/05bk57929,Stellenbosch University,ZA,South Africa,26,UPO,2006-2010,incoming
https://ror.org/05bkc5375,National Institute for Interdisciplinary Science and Technology,IN,India,6,UPO,2006-2010,incoming
https://ror.org/05bmnqf11,Universidad Da Vinci,MX,Mexico,1,UPO,2006-2010,incoming
https://ror.org/05bn3m307,Université de technologie de belfort-montbéliard,FR,France,1,UPO,2006-2010,incoming
https://ror.org/05bnh6r87,Cornell University,US,United States,1164,UPO,2006-2010,incoming
https://ror.org/05bpbnx46,Copenhagen University Hospital,DK,Denmark,57,UPO,2006-2010,incoming
https://ror.org/05bpnne23,MetroWest Medical Center,US,United States,1,UPO,2006-2010,incoming
https://ror.org/05bqach95,National Taiwan University,TW,Taiwan,27,UPO,2006-2010,incoming
https://ror.org/05brss208,Laboratoire de physique de la matière condensée,FR,France,3,UPO,2006-2010,incoming
https://ror.org/05bs6ak67,Ente Ospedaliero Ospedali Galliera,IT,Italy,5,UPO,2006-2010,incoming
https://ror.org/05bts0a67,National Academy of Medicine,US,United States,3,UPO,2006-2010,incoming
https://ror.org/05bx1gz93,Utsunomiya University,JP,Japan,21,UPO,2006-2010,incoming
https://ror.org/05bx2yj81,Salisbury District Hospital,GB,United Kingdom,1,UPO,2006-2010,incoming
https://ror.org/05bxb3784,Academia Sinica,TW,Taiwan,86,UPO,2006-2010,incoming
https://ror.org/05bxbmy32,Chinese Academy of Social Sciences,CN,China,1,UPO,2006-2010,incoming
https://ror.org/05by9mg64,Xiangnan University,CN,China,9,UPO,2006-2010,incoming
https://ror.org/05bykpb13,Center for Biomolecular Nanotechnologies,IT,Italy,2,UPO,2006-2010,incoming
https://ror.org/05byvp690,The University of Texas Southwestern Medical Center,US,United States,247,UPO,2006-2010,incoming
https://ror.org/05bz1tw26,Hospital de Santa Maria,PT,Portugal,40,UPO,2006-2010,incoming
https://ror.org/05bz4s011,Musashino Red Cross Hospital,JP,Japan,1,UPO,2006-2010,incoming
https://ror.org/05c0g2426,National Institute for Nanotechnology,CA,Canada,6,UPO,2006-2010,incoming
https://ror.org/05c18y737,Prous Institute for Biomedical Research (Spain),ES,Spain,1,UPO,2006-2010,incoming
https://ror.org/05c1qsg97,Centre Hospitalier Universitaire de Nantes,FR,France,29,UPO,2006-2010,incoming
https://ror.org/05c2qg481,ParisTech,FR,France,2,UPO,2006-2010,incoming
https://ror.org/05c3cgy93,Krakow Cardiovascular Research Institute,PL,Poland,2,UPO,2006-2010,incoming
https://ror.org/05c6ejt42,Nihon Bunka University,JP,Japan,22,UPO,2006-2010,incoming
https://ror.org/05c6mwc92,State Key Laboratory of Vegetation and Environmental Change,CN,China,1,UPO,2006-2010,incoming
https://ror.org/05c9p1x46,Bicêtre Hospital,FR,France,91,UPO,2006-2010,incoming
https://ror.org/05c9qnd49,Amsterdam Cardiovascular Sciences,NL,The Netherlands,20,UPO,2006-2010,incoming
https://ror.org/05c9r4685,Dignity Health,US,United States,71,UPO,2006-2010,incoming
https://ror.org/05cb1k848,Johns Hopkins Hospital,US,United States,23,UPO,2006-2010,incoming
https://ror.org/05cc0x492,Hewlett Packard Enterprise (Ireland),IE,Ireland,1,UPO,2006-2010,incoming
https://ror.org/05cebxq10,Nuclear Science and Technology Research Institute,IR,Iran,2,UPO,2006-2010,incoming
https://ror.org/05cf8a891,Albert Einstein College of Medicine,US,United States,137,UPO,2006-2010,incoming
https://ror.org/05ch0aw77,Texas Southern University,US,United States,1,UPO,2006-2010,incoming
https://ror.org/05cj29x94,Leibniz Research Centre for Working Environment and Human Factors,DE,Germany,15,UPO,2006-2010,incoming
https://ror.org/05ckss308,France Universités,FR,France,14,UPO,2006-2010,incoming
https://ror.org/05cm0es58,Bayer (France),FR,France,1,UPO,2006-2010,incoming
https://ror.org/05cmp5q80,Centre Hospitalier Universitaire de Saint-Pierre,BE,Belgium,8,UPO,2006-2010,incoming
https://ror.org/05cncd958,Cranfield University,GB,United Kingdom,6,UPO,2006-2010,incoming
https://ror.org/05cpv3t46,Hôpital Claude Huriez,FR,France,2,UPO,2006-2010,incoming
https://ror.org/05cq64r17,University of Łódź,PL,Poland,75,UPO,2006-2010,incoming
https://ror.org/05cqe9350,Xijing Hospital,CN,China,16,UPO,2006-2010,incoming
https://ror.org/05cqn9380,Yangpu Hospital of Tongji University,CN,China,1,UPO,2006-2010,incoming
https://ror.org/05crbcr45,Tokyo University of Agriculture,JP,Japan,3,UPO,2006-2010,incoming
https://ror.org/05crjpb27,Bocconi University,IT,Italy,39,UPO,2006-2010,incoming
https://ror.org/05crs8s98,Periyar University,IN,India,7,UPO,2006-2010,incoming
https://ror.org/05csn2x06,Netherlands Institute for Neuroscience,NL,The Netherlands,4,UPO,2006-2010,incoming
https://ror.org/05cspff93,U.S. Vegetable Laboratory,US,United States,1,UPO,2006-2010,incoming
https://ror.org/05ctdxz19,University of Messina,IT,Italy,560,UPO,2006-2010,incoming
https://ror.org/05cv56b48,Arkema (France),FR,France,1,UPO,2006-2010,incoming
https://ror.org/05cvf7v30,Institute of Physics,CN,China,12,UPO,2006-2010,incoming
https://ror.org/05cvfcr44,NSF National Center for Atmospheric Research,US,United States,2,UPO,2006-2010,incoming
https://ror.org/05cvxat96,Walton Centre,GB,United Kingdom,5,UPO,2006-2010,incoming
https://ror.org/05cx7ek10,Structure Fédérative de Recherche en Biologie et Santé de Rennes,FR,France,6,UPO,2006-2010,incoming
https://ror.org/05cxnr816,Chung-Ang University Healthcare System,KR,South Korea,1,UPO,2006-2010,incoming
https://ror.org/05cy2r844,"Institute Academy for Precision Measurment Science and Technology, CAS",CN,China,10,UPO,2006-2010,incoming
https://ror.org/05cy4wa09,Wellcome Sanger Institute,GB,United Kingdom,44,UPO,2006-2010,incoming
https://ror.org/05cyd8v32,University of Burdwan,IN,India,91,UPO,2006-2010,incoming
https://ror.org/05cyprz33,University of Mauritius,MU,Mauritius,2,UPO,2006-2010,incoming
https://ror.org/05cz70a34,Max Perutz Labs,AT,Austria,3,UPO,2006-2010,incoming
https://ror.org/05cz92x43,Texas Children's Hospital,US,United States,8,UPO,2006-2010,incoming
https://ror.org/05d09wf68,Agricultural Biotechnology Research Institute of Iran,IR,Iran,3,UPO,2006-2010,incoming
https://ror.org/05d14ax96,Gilead Sciences (France),FR,France,6,UPO,2006-2010,incoming
https://ror.org/05d1e6v30,Institut des Biomolécules Max Mousseron,FR,France,12,UPO,2006-2010,incoming
https://ror.org/05d2kyx68,Reykjavík University,IS,Iceland,23,UPO,2006-2010,incoming
https://ror.org/05d2yfz11,National University of Defense Technology,CN,China,4,UPO,2006-2010,incoming
https://ror.org/05d3apa77,Hospital de Sant'Ana,PT,Portugal,3,UPO,2006-2010,incoming
https://ror.org/05d3ntb42,"Mossakowski Medical Research Institute,  Polish Academy of Sciences",PL,Poland,4,UPO,2006-2010,incoming
https://ror.org/05d538656,IRCCS Humanitas Research Hospital,IT,Italy,314,UPO,2006-2010,incoming
https://ror.org/05d576879,Southmead Hospital,GB,United Kingdom,7,UPO,2006-2010,incoming
https://ror.org/05d5f5m07,Dhofar University,OM,Oman,1,UPO,2006-2010,incoming
https://ror.org/05d5yjx85,Hospital Militar de Santiago,CL,Chile,1,UPO,2006-2010,incoming
https://ror.org/05d659s21,Liaoning Cancer Hospital & Institute,CN,China,5,UPO,2006-2010,incoming
https://ror.org/05d6xwf62,Rocky Vista University,US,United States,2,UPO,2006-2010,incoming
https://ror.org/05d789537,New York University Langone Orthopedic Hospital,US,United States,2,UPO,2006-2010,incoming
https://ror.org/05d7dmk69,ProHealth Care,US,United States,1,UPO,2006-2010,incoming
https://ror.org/05d80kz58,Henan University of Science and Technology,CN,China,7,UPO,2006-2010,incoming
https://ror.org/05d89kr76,Johannes Wesling Klinikum Minden,DE,Germany,2,UPO,2006-2010,incoming
https://ror.org/05d8avs16,Mitsubishi Chemical (Japan),JP,Japan,4,UPO,2006-2010,incoming
https://ror.org/05d9dtr71,Changhua Christian Hospital,TW,Taiwan,8,UPO,2006-2010,incoming
https://ror.org/05damtm70,Beijing University of Chinese Medicine,CN,China,2,UPO,2006-2010,incoming
https://ror.org/05db1vq90,RIKEN BNL Research Center,US,United States,87,UPO,2006-2010,incoming
https://ror.org/05dbj6g52,Austin Health,AU,Australia,26,UPO,2006-2010,incoming
https://ror.org/05dbzj528,Turku University Hospital,FI,Finland,20,UPO,2006-2010,incoming
https://ror.org/05ddrvt52,Defence Science and Technology Group,AU,Australia,1,UPO,2006-2010,incoming
https://ror.org/05ddxe180,Ministry of Health,MY,Malaysia,6,UPO,2006-2010,incoming
https://ror.org/05deks119,Mount Sinai Hospital,CA,Canada,60,UPO,2006-2010,incoming
https://ror.org/05dfcz246,Tianjin University of Traditional Chinese Medicine,CN,China,3,UPO,2006-2010,incoming
https://ror.org/05dfnrn76,IFT Institut für Therapieforschung,DE,Germany,1,UPO,2006-2010,incoming
https://ror.org/05dge7437,Jupiter (United States),US,United States,1,UPO,2006-2010,incoming
https://ror.org/05dk2r620,Douglas Mental Health University Institute,CA,Canada,2,UPO,2006-2010,incoming
https://ror.org/05dkjfz60,Kumoh National Institute of Technology,KR,South Korea,3,UPO,2006-2010,incoming
https://ror.org/05dm4ck87,Emory University Hospital,US,United States,1,UPO,2006-2010,incoming
https://ror.org/05dnene97,Feinstein Institute for Medical Research,US,United States,61,UPO,2006-2010,incoming
https://ror.org/05dq2gs74,Vanderbilt University Medical Center,US,United States,71,UPO,2006-2010,incoming
https://ror.org/05dqf9946,Institute of Science Tokyo,JP,Japan,412,UPO,2006-2010,incoming
https://ror.org/05dqm7k77,Onderstepoort Veterinary Institute,ZA,South Africa,1,UPO,2006-2010,incoming
https://ror.org/05dr32318,Instituto Federal Sul-rio-grandense,BR,Brazil,4,UPO,2006-2010,incoming
https://ror.org/05drcjw53,Pai Chai University,KR,South Korea,2,UPO,2006-2010,incoming
https://ror.org/05drfac92,BioMed X Institute,DE,Germany,1,UPO,2006-2010,incoming
https://ror.org/05drfg619,Central and North West London NHS Foundation Trust,GB,United Kingdom,1,UPO,2006-2010,incoming
https://ror.org/05drnnd98,National Center for Epidemiology,HU,Hungary,7,UPO,2006-2010,incoming
https://ror.org/05dsdbp53,Centro de Física Computacional,PT,Portugal,7,UPO,2006-2010,incoming
https://ror.org/05dshav68,Providence Regional Medical Center Everett,US,United States,2,UPO,2006-2010,incoming
https://ror.org/05dte6685,Department of Biological Sciences,BY,Belarus,2,UPO,2006-2010,incoming
https://ror.org/05dvpaj72,The Rogosin Institute,US,United States,1,UPO,2006-2010,incoming
https://ror.org/05dvsnx49,Al-Neelain University,SD,Sudan,1,UPO,2006-2010,incoming
https://ror.org/05dwj7825,Fondazione IRCCS Istituto Nazionale dei Tumori,IT,Italy,61,UPO,2006-2010,incoming
https://ror.org/05dwp6855,College of the Holy Cross,US,United States,14,UPO,2006-2010,incoming
https://ror.org/05dxps055,California Institute of Technology,US,United States,971,UPO,2006-2010,incoming
https://ror.org/05dy5ab02,ASST Fatebenefratelli Sacco,IT,Italy,9,UPO,2006-2010,incoming
https://ror.org/05e08c338,Hospital General San Jorge,ES,Spain,8,UPO,2006-2010,incoming
https://ror.org/05e0q7s59,Instituto de Química Orgánica General,ES,Spain,14,UPO,2006-2010,incoming
https://ror.org/05e1f3f77,Central Research Institute for Dryland Agriculture,IN,India,2,UPO,2006-2010,incoming
https://ror.org/05e272m53,Munroe Regional Medical Center,US,United States,2,UPO,2006-2010,incoming
https://ror.org/05e2f9085,NSABP Foundation,US,United States,3,UPO,2006-2010,incoming
https://ror.org/05e34ej29,University of Zanjan,IR,Iran,2,UPO,2006-2010,incoming
https://ror.org/05e4zna08,Centrum Badań Molekularnych i Makromolekularnych Polskiej Akademii Nauk,PL,Poland,4,UPO,2006-2010,incoming
https://ror.org/05e5ahc59,Royal Devon University Healthcare NHS Foundation Trust,GB,United Kingdom,2,UPO,2006-2010,incoming
https://ror.org/05e5kd476,Technische Hochschule Ulm,DE,Germany,14,UPO,2006-2010,incoming
https://ror.org/05e5waw95,Elmhurst College,US,United States,10,UPO,2006-2010,incoming
https://ror.org/05e6g0130,Yeungnam University College,KR,South Korea,1,UPO,2006-2010,incoming
https://ror.org/05e74xb87,New Jersey Institute of Technology,US,United States,10,UPO,2006-2010,incoming
https://ror.org/05e7p5n27,"Institut thématique Neurosciences, sciences cognitives, neurologie, psychiatrie",FR,France,1,UPO,2006-2010,incoming
https://ror.org/05e830h62,Institute of Physical Chemistry,PL,Poland,16,UPO,2006-2010,incoming
https://ror.org/05e89k615,Australian Antarctic Division,AU,Australia,1,UPO,2006-2010,incoming
https://ror.org/05e8jge82,Auckland City Hospital,NZ,New Zealand,21,UPO,2006-2010,incoming
https://ror.org/05e8s8534,Institut Jules Bordet,BE,Belgium,34,UPO,2006-2010,incoming
https://ror.org/05e94g991,University of Illinois System,US,United States,61,UPO,2006-2010,incoming
https://ror.org/05eayn621,INFRAS (Switzerland),CH,Switzerland,1,UPO,2006-2010,incoming
https://ror.org/05ebxsr90,Chimie Physique et Chimie du Vivant,FR,France,1,UPO,2006-2010,incoming
https://ror.org/05ecg5h20,University of South-Eastern Norway,NO,Norway,2,UPO,2006-2010,incoming
https://ror.org/05ech9204,St. John Fisher College,US,United States,5,UPO,2006-2010,incoming
https://ror.org/05ect0289,Institut de Ciències del Mar,ES,Spain,10,UPO,2006-2010,incoming
https://ror.org/05ect4e57,Louisiana State University,US,United States,89,UPO,2006-2010,incoming
https://ror.org/05ee10k25,Institut de Génétique Humaine,FR,France,13,UPO,2006-2010,incoming
https://ror.org/05ee2qy47,Queen Elizabeth Hospital,HK,Hong Kong,4,UPO,2006-2010,incoming
https://ror.org/05ef11p71,Grochowski Hospital,PL,Poland,7,UPO,2006-2010,incoming
https://ror.org/05ef28661,Institute of Genomics and Integrative Biology,IN,India,1,UPO,2006-2010,incoming
https://ror.org/05egqah77,Naval Medical Research Unit DAYTON,US,United States,2,UPO,2006-2010,incoming
https://ror.org/05ejbda19,Kyoto Women's University,JP,Japan,2,UPO,2006-2010,incoming
https://ror.org/05ejpqr48,Worcester Polytechnic Institute,US,United States,6,UPO,2006-2010,incoming
https://ror.org/05ekq4672,Manovikas Kendra Rehabilitation and Research Institute,IN,India,2,UPO,2006-2010,incoming
https://ror.org/05ekwbr88,Chicago State University,US,United States,106,UPO,2006-2010,incoming
https://ror.org/05em1gq62,Jinling Institute of Technology,CN,China,1,UPO,2006-2010,incoming
https://ror.org/05emabm63,University Hospital Ulm,DE,Germany,18,UPO,2006-2010,incoming
https://ror.org/05en5nh73,University of Seoul,KR,South Korea,202,UPO,2006-2010,incoming
https://ror.org/05ep8g269,University of Applied Sciences and Arts of Southern Switzerland,CH,Switzerland,74,UPO,2006-2010,incoming
https://ror.org/05epcpp46,Asahi University,JP,Japan,1,UPO,2006-2010,incoming
https://ror.org/05eq01d13,Gold Coast Hospital,AU,Australia,2,UPO,2006-2010,incoming
https://ror.org/05eq41471,Veterans Health Administration,US,United States,152,UPO,2006-2010,incoming
https://ror.org/05eq86m59,Lander University,US,United States,1,UPO,2006-2010,incoming
https://ror.org/05eqxpf83,Soonchunhyang University Hospital Seoul,KR,South Korea,3,UPO,2006-2010,incoming
https://ror.org/05eqycp84,Cheng Ching Hospital,TW,Taiwan,2,UPO,2006-2010,incoming
https://ror.org/05ermrg42,Vavilov Institute of General Genetics,RU,Russia,1,UPO,2006-2010,incoming
https://ror.org/05esh5w42,Central Salt and Marine Chemicals Research Institute,IN,India,15,UPO,2006-2010,incoming
https://ror.org/05et1xd41,Instituto de Ciencia y Tecnología de los Alimentos de Entre Ríos,AR,Argentina,1,UPO,2006-2010,incoming
https://ror.org/05etm5g34,Alberta Glycomics Centre,CA,Canada,2,UPO,2006-2010,incoming
https://ror.org/05etnz140,Shanghai Institute of Ceramics,CN,China,503,UPO,2006-2010,incoming
https://ror.org/05ev88143,Hôpitaux de Saint Maurice,FR,France,2,UPO,2006-2010,incoming
https://ror.org/05eva6s33,"Istituto Nazionale di Fisica Nucleare, Sezione di Roma I",IT,Italy,11,UPO,2006-2010,incoming
https://ror.org/05evsxq57,Chiba Industry Advancement Center,JP,Japan,2,UPO,2006-2010,incoming
https://ror.org/05ey7mm31,Vaal University of Technology,ZA,South Africa,1,UPO,2006-2010,incoming
https://ror.org/05eyymj94,École Supérieure de Biotechnologie de Strasbourg,FR,France,3,UPO,2006-2010,incoming
https://ror.org/05f0cz467,Garmisch-Partenkirchen Medical Center,DE,Germany,3,UPO,2006-2010,incoming
https://ror.org/05f0php28,Sichuan Academy of Agricultural Sciences,CN,China,1,UPO,2006-2010,incoming
https://ror.org/05f0rzm15,Transnational University Limburg,NL,The Netherlands,3,UPO,2006-2010,incoming
https://ror.org/05f0yaq80,Stockholm University,SE,Sweden,146,UPO,2006-2010,incoming
https://ror.org/05f0zr486,Vienna General Hospital,AT,Austria,4,UPO,2006-2010,incoming
https://ror.org/05f2age66,National Research Institute of Animal Production,PL,Poland,1,UPO,2006-2010,incoming
https://ror.org/05f2ywb48,Regenstrief Institute,US,United States,1,UPO,2006-2010,incoming
https://ror.org/05f421b09,Naval Medical Research Command,US,United States,5,UPO,2006-2010,incoming
https://ror.org/05f5j6225,University Town of Shenzhen,CN,China,1,UPO,2006-2010,incoming
https://ror.org/05f82e368,Université Paris Cité,FR,France,1750,UPO,2006-2010,incoming
https://ror.org/05f8a4p63,Tamagawa University,JP,Japan,10,UPO,2006-2010,incoming
https://ror.org/05f8d4e86,Polytechnique Montréal,CA,Canada,6,UPO,2006-2010,incoming
https://ror.org/05f8zcs55,Institute of Biocybernetics and Biomedical Engineering,PL,Poland,1,UPO,2006-2010,incoming
https://ror.org/05f950310,KU Leuven,BE,Belgium,374,UPO,2006-2010,incoming
https://ror.org/05f9h3891,Woman's Hospital,US,United States,3,UPO,2006-2010,incoming
https://ror.org/05fa04208,Fondazione Humanitas per la Ricerca,IT,Italy,33,UPO,2006-2010,incoming
https://ror.org/05fazth07,Beckman Research Institute,US,United States,7,UPO,2006-2010,incoming
https://ror.org/05fbv4544,Chien Hsin University of Science and Technology,TW,Taiwan,1,UPO,2006-2010,incoming
https://ror.org/05fccw142,Ospedale San Pietro Fatebenefratelli,IT,Italy,4,UPO,2006-2010,incoming
https://ror.org/05fcfqq67,Oregon National Primate Research Center,US,United States,8,UPO,2006-2010,incoming
https://ror.org/05fcrn131,University Hospital Llandough,GB,United Kingdom,7,UPO,2006-2010,incoming
https://ror.org/05fct5h31,Military University of Technology in Warsaw,PL,Poland,2,UPO,2006-2010,incoming
https://ror.org/05fd1hd85,Tbilisi State University,GE,Georgia,728,UPO,2006-2010,incoming
https://ror.org/05fde5z47,Hampton University,US,United States,38,UPO,2006-2010,incoming
https://ror.org/05fe2n505,Royal Sussex County Hospital,GB,United Kingdom,1,UPO,2006-2010,incoming
https://ror.org/05fe3fx56,Chirurgische Universitätsklinik Heidelberg,DE,Germany,1,UPO,2006-2010,incoming
https://ror.org/05feyya22,Cancer Genetics (United States),US,United States,4,UPO,2006-2010,incoming
https://ror.org/05fg6gr82,University of Macedonia,GR,Greece,1,UPO,2006-2010,incoming
https://ror.org/05fgmqm64,National Cancer Center Hospital,KR,South Korea,11,UPO,2006-2010,incoming
https://ror.org/05fhe0r85,Agency for Defense Development,KR,South Korea,1,UPO,2006-2010,incoming
https://ror.org/05fhwqj89,Institute for Chemical and Bioengineering,CH,Switzerland,1,UPO,2006-2010,incoming
https://ror.org/05fjffm04,Laboratoire de Physiologie Cellulaire,FR,France,1,UPO,2006-2010,incoming
https://ror.org/05fjs7w98,National Institute for Medical Research,TZ,Tanzania,12,UPO,2006-2010,incoming
https://ror.org/05fk5tr28,Federal Reserve,US,United States,2,UPO,2006-2010,incoming
https://ror.org/05fkq4848,"Hôpital Civil, Strasbourg",FR,France,1,UPO,2006-2010,incoming
https://ror.org/05fn69a96,Irish Equine Centre,IE,Ireland,1,UPO,2006-2010,incoming
https://ror.org/05fnp1145,Al-Azhar University,EG,Egypt,10,UPO,2006-2010,incoming
https://ror.org/05fnxgv12,GLA University,IN,India,2,UPO,2006-2010,incoming
https://ror.org/05fnzzk18,Center for Clinical Research (United States),US,United States,32,UPO,2006-2010,incoming
https://ror.org/05fp9g671,University of Mazandaran,IR,Iran,12,UPO,2006-2010,incoming
https://ror.org/05fq50484,York University,CA,Canada,181,UPO,2006-2010,incoming
https://ror.org/05fqhmm52,Chicago College of Oriental Medicine,US,United States,2,UPO,2006-2010,incoming
https://ror.org/05fqypv61,Wilhelmina Children's Hospital,NL,The Netherlands,6,UPO,2006-2010,incoming
https://ror.org/05frf1z87,Katalyse Institut,DE,Germany,3,UPO,2006-2010,incoming
https://ror.org/05frpfj73,Binzhou University,CN,China,1,UPO,2006-2010,incoming
https://ror.org/05fscjm95,Jorvi Hospital,FI,Finland,1,UPO,2006-2010,incoming
https://ror.org/05fsfvw79,Anhui Normal University,CN,China,2,UPO,2006-2010,incoming
https://ror.org/05fss0456,National Security Technologies (United States),US,United States,1,UPO,2006-2010,incoming
https://ror.org/05ftwc327,International Tomography Center,RU,Russia,8,UPO,2006-2010,incoming
https://ror.org/05fv8sy52,Tzu Chi College of Technology,TW,Taiwan,1,UPO,2006-2010,incoming
https://ror.org/05fw3jg78,Universitäre Psychiatrische Kliniken Basel,CH,Switzerland,1,UPO,2006-2010,incoming
https://ror.org/05fw97k56,Siberian Federal University,RU,Russia,2,UPO,2006-2010,incoming
https://ror.org/05fwr8z16,Zhengzhou University of Light Industry,CN,China,1,UPO,2006-2010,incoming
https://ror.org/05fx5mz56,University of Nigeria Teaching Hospital,NG,Nigeria,1,UPO,2006-2010,incoming
https://ror.org/05fz3xt27,Institute of Polymer Materials and Technologies,KZ,Kazakhstan,1,UPO,2006-2010,incoming
https://ror.org/05fzt6j85,Saint Anne's Hospital,US,United States,4,UPO,2006-2010,incoming
https://ror.org/05g02g987,Diabetes Research Center,IR,Iran,3,UPO,2006-2010,incoming
https://ror.org/05g0sd071,Central Research Laboratories (United Kingdom),GB,United Kingdom,3,UPO,2006-2010,incoming
https://ror.org/05g13zd79,Toronto Metropolitan University,CA,Canada,3,UPO,2006-2010,incoming
https://ror.org/05g1mh260,Universidad Autónoma de Sinaloa,MX,Mexico,501,UPO,2006-2010,incoming
https://ror.org/05g1rjn35,La Sierra University,US,United States,1,UPO,2006-2010,incoming
https://ror.org/05g1y0660,Institut für Laboratoriumsmedizin,DE,Germany,7,UPO,2006-2010,incoming
https://ror.org/05g1zjw44,Laboratoire d'Informatique de Paris-Nord,FR,France,2,UPO,2006-2010,incoming
https://ror.org/05g2axc67,Tenri Hospital,JP,Japan,5,UPO,2006-2010,incoming
https://ror.org/05g2gkn28,Minoh City Hospital,JP,Japan,2,UPO,2006-2010,incoming
https://ror.org/05g2hd893,Beaumont Health,US,United States,16,UPO,2006-2010,incoming
https://ror.org/05g35d951,LifeBridge Health,US,United States,2,UPO,2006-2010,incoming
https://ror.org/05g3dte14,Florida State University,US,United States,922,UPO,2006-2010,incoming
https://ror.org/05g3mes96,University of Latvia,LV,Latvia,6,UPO,2006-2010,incoming
https://ror.org/05g3rxr48,Arizona Science Center,US,United States,2,UPO,2006-2010,incoming
https://ror.org/05g467k04,Mechnikov Institute of Microbiology and Immunology,UA,Ukraine,5,UPO,2006-2010,incoming
https://ror.org/05g5v7496,Burnley General Teaching Hospital,GB,United Kingdom,1,UPO,2006-2010,incoming
https://ror.org/05g6ben79,Suzhou University of Technology,CN,China,2,UPO,2006-2010,incoming
https://ror.org/05g6w6j42,Armed Forces Medical College,IN,India,2,UPO,2006-2010,incoming
https://ror.org/05g7qp006,Azienda Sanitaria Universitaria Integrata di Trieste,IT,Italy,2,UPO,2006-2010,incoming
https://ror.org/05g95eg64,Institute of Biological and Medical Imaging,DE,Germany,1,UPO,2006-2010,incoming
https://ror.org/05ga8m074,Pennine Acute Hospitals NHS Trust,GB,United Kingdom,3,UPO,2006-2010,incoming
https://ror.org/05gbdc474,Sotiria General Hospital,GR,Greece,3,UPO,2006-2010,incoming
https://ror.org/05gbn2817,"China University of Petroleum, East China",CN,China,5,UPO,2006-2010,incoming
https://ror.org/05gbnpz65,Institute of Cell Biophysics,RU,Russia,3,UPO,2006-2010,incoming
https://ror.org/05gbyky62,Institute of Radio-Engineering and Electronics,RU,Russia,2,UPO,2006-2010,incoming
https://ror.org/05gcxpk23,Dong-A University Hospital,KR,South Korea,2,UPO,2006-2010,incoming
https://ror.org/05gd4yq49,Institut de Biologie de Lille,FR,France,5,UPO,2006-2010,incoming
https://ror.org/05gehxw18,Detroit Medical Center,US,United States,6,UPO,2006-2010,incoming
https://ror.org/05gf6dk22,Hospital de Base,BR,Brazil,1,UPO,2006-2010,incoming
https://ror.org/05gfswd81,Institute for Research in Biomedicine,CH,Switzerland,4,UPO,2006-2010,incoming
https://ror.org/05ggagb37,Samara National Research University,RU,Russia,6,UPO,2006-2010,incoming
https://ror.org/05ggc9x40,Université Paris-Est Créteil,FR,France,38,UPO,2006-2010,incoming
https://ror.org/05ggn0a85,"University of Chemistry and Technology, Prague",CZ,Czechia,11,UPO,2006-2010,incoming
https://ror.org/05ghs6f64,Montreal Neurological Institute and Hospital,CA,Canada,14,UPO,2006-2010,incoming
https://ror.org/05ghzpa93,Guru Nanak Dev University,IN,India,1,UPO,2006-2010,incoming
https://ror.org/05gj63w50,Southwestern University,US,United States,1,UPO,2006-2010,incoming
https://ror.org/05gjd9170,Polytechnic University of the Valley of Mexico,MX,Mexico,1,UPO,2006-2010,incoming
https://ror.org/05gn84d31,Hospital de León,ES,Spain,9,UPO,2006-2010,incoming
https://ror.org/05gpvde20,Royal Prince Alfred Hospital,AU,Australia,36,UPO,2006-2010,incoming
https://ror.org/05gq02987,Brown University,US,United States,976,UPO,2006-2010,incoming
https://ror.org/05gq3a412,Butler University,US,United States,4,UPO,2006-2010,incoming
https://ror.org/05gqaka33,Martin Luther University Halle-Wittenberg,DE,Germany,46,UPO,2006-2010,incoming
https://ror.org/05gqg4y53,Agharkar Research Institute,IN,India,1,UPO,2006-2010,incoming
https://ror.org/05grdyy37,Amsterdam University Medical Centers,NL,The Netherlands,234,UPO,2006-2010,incoming
https://ror.org/05gs8cd61,University of Salzburg,AT,Austria,16,UPO,2006-2010,incoming
https://ror.org/05gsbkp40,Cancer Council NSW,AU,Australia,1,UPO,2006-2010,incoming
https://ror.org/05gt1vc06,Howard University,US,United States,14,UPO,2006-2010,incoming
https://ror.org/05gvja138,Centenary Institute,AU,Australia,4,UPO,2006-2010,incoming
https://ror.org/05gvnxz63,Argonne National Laboratory,US,United States,384,UPO,2006-2010,incoming
https://ror.org/05gw5ee29,Edogawa Hospital,JP,Japan,1,UPO,2006-2010,incoming
https://ror.org/05gwc3q21,Instituto Tecnologico de Veracruz,MX,Mexico,1,UPO,2006-2010,incoming
https://ror.org/05gxjyb39,Imam Mohammad ibn Saud Islamic University,SA,Saudi Arabia,1,UPO,2006-2010,incoming
https://ror.org/05gxnyn08,Indiana University – Purdue University Indianapolis,US,United States,97,UPO,2006-2010,incoming
https://ror.org/05gzceg21,Kasetsart University,TH,Thailand,7,UPO,2006-2010,incoming
https://ror.org/05gzmn429,SLAC National Accelerator Laboratory,US,United States,56,UPO,2006-2010,incoming
https://ror.org/05gzqy922,UC Irvine Chao Family Comprehensive Cancer Center,US,United States,4,UPO,2006-2010,incoming
https://ror.org/05h0f1d70,C. S. Mott Children's Hospital,US,United States,2,UPO,2006-2010,incoming
https://ror.org/05h0rw812,National Center for Geriatrics and Gerontology,JP,Japan,2,UPO,2006-2010,incoming
https://ror.org/05h1aye87,Linköping University Hospital,SE,Sweden,34,UPO,2006-2010,incoming
https://ror.org/05h1bnb22,North Dakota State University,US,United States,7,UPO,2006-2010,incoming
https://ror.org/05h3de220,Mount Saint Mary College,US,United States,1,UPO,2006-2010,incoming
https://ror.org/05h4zj272,Harbor–UCLA Medical Center,US,United States,28,UPO,2006-2010,incoming
https://ror.org/05h5v3c50,Hôpital Tenon,FR,France,39,UPO,2006-2010,incoming
https://ror.org/05h7pem82,Bugando Medical Centre,TZ,Tanzania,2,UPO,2006-2010,incoming
https://ror.org/05h7xva58,Wesleyan University,US,United States,14,UPO,2006-2010,incoming
https://ror.org/05h8pvh61,Hôpital Broussais,FR,France,1,UPO,2006-2010,incoming
https://ror.org/05h929866,Laboratoire des Sciences de l'Environnement Marin,FR,France,9,UPO,2006-2010,incoming
https://ror.org/05h992307,Pacific Northwest National Laboratory,US,United States,36,UPO,2006-2010,incoming
https://ror.org/05h9t7759,University of Isfahan,IR,Iran,1,UPO,2006-2010,incoming
https://ror.org/05hak1h47,University of Agricultural Sciences and Veterinary Medicine of Cluj-Napoca,RO,Romania,3,UPO,2006-2010,incoming
https://ror.org/05hbrxp80,Agricultural Research Organization,IL,Israel,3,UPO,2006-2010,incoming
https://ror.org/05hdxka83,Université Panthéon-Assas,FR,France,119,UPO,2006-2010,incoming
https://ror.org/05hepy730,Natural Resources Canada,CA,Canada,1,UPO,2006-2010,incoming
https://ror.org/05hez5t42,Süleyman Şah University,TR,Turkey,231,UPO,2006-2010,incoming
https://ror.org/05hffr360,Khalifa University of Science and Technology,AE,United Arab Emirates,2,UPO,2006-2010,incoming
https://ror.org/05hfpw879,Chiba Institute of Science,JP,Japan,7,UPO,2006-2010,incoming
https://ror.org/05hg48t65,"Kasturba Medical College, Manipal",IN,India,3,UPO,2006-2010,incoming
https://ror.org/05hgh1g19,Helios Hospital Berlin-Buch,DE,Germany,15,UPO,2006-2010,incoming
https://ror.org/05hgtp764,Joseph Sarwuan Tarka University Makurdi,NG,Nigeria,1,UPO,2006-2010,incoming
https://ror.org/05hgzy544,Yokohama Sakae Kyosai Hospital,JP,Japan,1,UPO,2006-2010,incoming
https://ror.org/05hh8d621,IBM (United States),US,United States,25,UPO,2006-2010,incoming
https://ror.org/05hjd9j98,Protein Sciences (United States),US,United States,1,UPO,2006-2010,incoming
https://ror.org/05hk1wv51,Mazda Motor Corporation (Japan),JP,Japan,1,UPO,2006-2010,incoming
https://ror.org/05hkkdn48,Fraunhofer-Gesellschaft,DE,Germany,21,UPO,2006-2010,incoming
https://ror.org/05hm0vv72,Shahjalal University of Science and Technology,BD,Bangladesh,2,UPO,2006-2010,incoming
https://ror.org/05hm6ny55,Good Samaritan Hospital,US,United States,5,UPO,2006-2010,incoming
https://ror.org/05hmfw828,Centre Antoine Lacassagne,FR,France,4,UPO,2006-2010,incoming
https://ror.org/05hnb4n85,Jeju National University,KR,South Korea,4,UPO,2006-2010,incoming
https://ror.org/05hnjz787,Foundation for Growth Science,JP,Japan,2,UPO,2006-2010,incoming
https://ror.org/05hp77p11,Turkish Atomic Energy Authority,TR,Turkey,5,UPO,2006-2010,incoming
https://ror.org/05hpfkn88,Universidade Federal do Rio Grande,BR,Brazil,27,UPO,2006-2010,incoming
https://ror.org/05hqf1284,Chongqing Technology and Business University,CN,China,1,UPO,2006-2010,incoming
https://ror.org/05hr3ch11,Institute of Botany,CN,China,2,UPO,2006-2010,incoming
https://ror.org/05hr6q169,A.T. Still University,US,United States,1,UPO,2006-2010,incoming
https://ror.org/05hr7qe62,Genetika,RU,Russia,1,UPO,2006-2010,incoming
https://ror.org/05hs6h993,Michigan State University,US,United States,158,UPO,2006-2010,incoming
https://ror.org/05hsgex59,Kharazmi University,IR,Iran,4,UPO,2006-2010,incoming
https://ror.org/05hsp8041,PatientsLikeMe (United States),US,United States,1,UPO,2006-2010,incoming
https://ror.org/05ht0mh31,University of Udine,IT,Italy,753,UPO,2006-2010,incoming
https://ror.org/05hvcqy45,Instituto Agronômico do Paraná,BR,Brazil,1,UPO,2006-2010,incoming
https://ror.org/05hxfvg04,Liaoning Ocean and Fisheries Research Institute,CN,China,1,UPO,2006-2010,incoming
https://ror.org/05hy3tk52,École Polytechnique,FR,France,1357,UPO,2006-2010,incoming
https://ror.org/05hygey35,Institute of Genetics and Cancer,GB,United Kingdom,5,UPO,2006-2010,incoming
https://ror.org/05j00sr48,Council for Scientific and Industrial Research,ZA,South Africa,2,UPO,2006-2010,incoming
https://ror.org/05j07r343,Ukrainian Academy of Agrarian Sciences,UA,Ukraine,6,UPO,2006-2010,incoming
https://ror.org/05j0ve876,Aston University,GB,United Kingdom,11,UPO,2006-2010,incoming
https://ror.org/05j137f13,Act Health,AU,Australia,2,UPO,2006-2010,incoming
https://ror.org/05j1gs298,Erasmus Hospital,BE,Belgium,17,UPO,2006-2010,incoming
https://ror.org/05j1w2b44,Klinikum Bremen-Mitte,DE,Germany,2,UPO,2006-2010,incoming
https://ror.org/05j1wxv23,Bermuda Institute of Ocean Sciences,BM,Bermuda,3,UPO,2006-2010,incoming
https://ror.org/05j242h88,Vitalité Health Network,CA,Canada,1,UPO,2006-2010,incoming
https://ror.org/05j27jv73,Northampton Community College,US,United States,1,UPO,2006-2010,incoming
https://ror.org/05j2ptn94,College of Science and Technology,BT,Bhutan,1,UPO,2006-2010,incoming
https://ror.org/05j3snm48,"Istituto Nazionale di Fisica Nucleare, Sezione di Trieste",IT,Italy,29,UPO,2006-2010,incoming
https://ror.org/05j4p5w63,MetroHealth Medical Center,US,United States,2,UPO,2006-2010,incoming
https://ror.org/05j636y43,University of Maryland Biotechnology Institute,US,United States,4,UPO,2006-2010,incoming
https://ror.org/05j73fd60,Institute of Coal Chemistry,CN,China,3,UPO,2006-2010,incoming
https://ror.org/05j7fep28,Australian Nuclear Science and Technology Organisation,AU,Australia,7,UPO,2006-2010,incoming
https://ror.org/05j873a45,Indian Institute of Soil Science,IN,India,2,UPO,2006-2010,incoming
https://ror.org/05j8naw58,Sinai Health System,US,United States,2,UPO,2006-2010,incoming
https://ror.org/05j8x4n38,San Francisco General Hospital,US,United States,16,UPO,2006-2010,incoming
https://ror.org/05j91v252,Oregon Research Institute,US,United States,1,UPO,2006-2010,incoming
https://ror.org/05jb9pq57,Shandong First Medical University,CN,China,1,UPO,2006-2010,incoming
https://ror.org/05jbt9m15,University of Arkansas at Fayetteville,US,United States,11,UPO,2006-2010,incoming
https://ror.org/05jcsqx24,Saratov State University,RU,Russia,2,UPO,2006-2010,incoming
https://ror.org/05jd2pj53,King Chulalongkorn Memorial Hospital,TH,Thailand,1,UPO,2006-2010,incoming
https://ror.org/05jdqs103,Interior Health,CA,Canada,1,UPO,2006-2010,incoming
https://ror.org/05je2tx78,National Center for Immunization and Respiratory Diseases,US,United States,1,UPO,2006-2010,incoming
https://ror.org/05je79696,Laboratoire Interdisciplinaire des Environnements Continentaux,FR,France,5,UPO,2006-2010,incoming
https://ror.org/05jg8yp15,Hammersmith Hospital,GB,United Kingdom,53,UPO,2006-2010,incoming
https://ror.org/05jg9pj51,Plant Industry,AU,Australia,2,UPO,2006-2010,incoming
https://ror.org/05jhnwe22,Edith Cowan University,AU,Australia,8,UPO,2006-2010,incoming
https://ror.org/05jk45963,Hospital Universitario Río Hortega,ES,Spain,1,UPO,2006-2010,incoming
https://ror.org/05jk51a88,Nihon University,JP,Japan,20,UPO,2006-2010,incoming
https://ror.org/05jmc0783,Ausl 4 Piazza Ospedale,IT,Italy,55,UPO,2006-2010,incoming
https://ror.org/05jme6y84,University of Social Welfare and Rehabilitation Sciences,IR,Iran,1,UPO,2006-2010,incoming
https://ror.org/05jmhh281,National Center for Toxicological Research,US,United States,2,UPO,2006-2010,incoming
https://ror.org/05jmm0651,Korea Aerospace University,KR,South Korea,1,UPO,2006-2010,incoming
https://ror.org/05jnms536,Social and Health Research Center,US,United States,1,UPO,2006-2010,incoming
https://ror.org/05jnpxa89,AnaBio Technologies (Ireland),IE,Ireland,1,UPO,2006-2010,incoming
https://ror.org/05jnwy894,Sambalpur University Institute of Information Technology,IN,India,1,UPO,2006-2010,incoming
https://ror.org/05jrr4320,Hôpital de la Timone,FR,France,20,UPO,2006-2010,incoming
https://ror.org/05js82y61,Kitasato Institute Hospital,JP,Japan,3,UPO,2006-2010,incoming
https://ror.org/05jscf583,Harbin Medical University,CN,China,30,UPO,2006-2010,incoming
https://ror.org/05jse4442,Ospedale Santa Corona,IT,Italy,1,UPO,2006-2010,incoming
https://ror.org/05jsp9k64,Economic Research Centre,AZ,Azerbaijan,3,UPO,2006-2010,incoming
https://ror.org/05jt4c572,Olabisi Onabanjo University,NG,Nigeria,1,UPO,2006-2010,incoming
https://ror.org/05jtef216,Ottawa Hospital Research Institute,CA,Canada,12,UPO,2006-2010,incoming
https://ror.org/05jvrwv37,Istanbul Kültür University,TR,Turkey,1,UPO,2006-2010,incoming
https://ror.org/05jw85995,CNRT Matériaux,FR,France,1,UPO,2006-2010,incoming
https://ror.org/05jwcsm16,Air University,US,United States,4,UPO,2006-2010,incoming
https://ror.org/05jyayj71,National Hospital Organization Saitama Hospital,JP,Japan,3,UPO,2006-2010,incoming
https://ror.org/05jyrng31,McMaster University Medical Centre,CA,Canada,4,UPO,2006-2010,incoming
https://ror.org/05k07p323,Texas Health Dallas,US,United States,1,UPO,2006-2010,incoming
https://ror.org/05k0s5494,Children's Hospital at Westmead,AU,Australia,11,UPO,2006-2010,incoming
https://ror.org/05k1yyh03,Human Genome Sciences (United States),US,United States,1,UPO,2006-2010,incoming
https://ror.org/05k238v14,University of Hradec Králové,CZ,Czechia,1,UPO,2006-2010,incoming
https://ror.org/05k25vk24,Saudi Arabia Basic Industries (United States),US,United States,1,UPO,2006-2010,incoming
https://ror.org/05k27ay38,Dokkyo Medical University,JP,Japan,8,UPO,2006-2010,incoming
https://ror.org/05k2xsz75,Academia Nacional de Medicina,AR,Argentina,7,UPO,2006-2010,incoming
https://ror.org/05k34t975,Illumina (United States),US,United States,8,UPO,2006-2010,incoming
https://ror.org/05k37ht14,Indian Institute of Space Science and Technology,IN,India,1,UPO,2006-2010,incoming
https://ror.org/05k37v296,Defence Research and Development Organisation,IN,India,18,UPO,2006-2010,incoming
https://ror.org/05k3sdc46,North Sichuan Medical University,CN,China,3,UPO,2006-2010,incoming
https://ror.org/05k4a7g87,National Kidney and Transplant Institute,PH,Philippines,2,UPO,2006-2010,incoming
https://ror.org/05k4ema52,Institut de Pharmacologie Moléculaire et Cellulaire,FR,France,4,UPO,2006-2010,incoming
https://ror.org/05k4m9b36,Institute of Food Technologists,US,United States,3,UPO,2006-2010,incoming
https://ror.org/05k4mr860,Saint John Regional Hospital,CA,Canada,1,UPO,2006-2010,incoming
https://ror.org/05k4ves29,University of Marketing and Distribution Sciences,JP,Japan,1,UPO,2006-2010,incoming
https://ror.org/05k5b7r52,Eurospital (Italy),IT,Italy,3,UPO,2006-2010,incoming
https://ror.org/05k5t2r42,Katholisches Klinikum Bochum,DE,Germany,18,UPO,2006-2010,incoming
https://ror.org/05k637k59,Instituto Nacional de Neurología y Neurocirugía,MX,Mexico,8,UPO,2006-2010,incoming
https://ror.org/05k705z76,Institut de Recherche sur les Lois Fondamentales de l'Univers,FR,France,1,UPO,2006-2010,incoming
https://ror.org/05k71ja87,Statistics Canada,CA,Canada,2,UPO,2006-2010,incoming
https://ror.org/05k73zm37,Research Council of Finland,FI,Finland,3,UPO,2006-2010,incoming
https://ror.org/05k87vq12,Microsoft Research (United Kingdom),GB,United Kingdom,1,UPO,2006-2010,incoming
https://ror.org/05k89ew48,University of Jordan,JO,Jordan,4,UPO,2006-2010,incoming
https://ror.org/05k8pq072,Universidade Cruzeiro do Sul,BR,Brazil,1,UPO,2006-2010,incoming
https://ror.org/05k8wg936,Genome Institute of Singapore,SG,Singapore,20,UPO,2006-2010,incoming
https://ror.org/05k8zfb28,Kurita Water Industries (Japan),JP,Japan,1,UPO,2006-2010,incoming
https://ror.org/05k91zb11,Sony Corporation (United States),US,United States,11,UPO,2006-2010,incoming
https://ror.org/05k9skc85,Institut Pasteur de Lille,FR,France,11,UPO,2006-2010,incoming
https://ror.org/05kacka20,"Istituto di Scienza e Tecnologie dell'Informazione ""Alessandro Faedo""",IT,Italy,20,UPO,2006-2010,incoming
https://ror.org/05kacnm89,Central University of Venezuela,VE,Venezuela,9,UPO,2006-2010,incoming
https://ror.org/05kb8h459,Umeå University,SE,Sweden,95,UPO,2006-2010,incoming
https://ror.org/05kd3f793,Nagasaki University Hospital,JP,Japan,6,UPO,2006-2010,incoming
https://ror.org/05kdjqf72,Stefan Meyer Institute for Subatomic Physics,AT,Austria,3,UPO,2006-2010,incoming
https://ror.org/05kdz4d87,NHS Greater Glasgow and Clyde,GB,United Kingdom,38,UPO,2006-2010,incoming
https://ror.org/05ke5hb07,Paul Langerhans Institute Dresden,DE,Germany,1,UPO,2006-2010,incoming
https://ror.org/05kf27764,Anzac Research Institute,AU,Australia,3,UPO,2006-2010,incoming
https://ror.org/05kh5wx29,Agrifood Research Finland,FI,Finland,2,UPO,2006-2010,incoming
https://ror.org/05khqm878,Institute of Quality Standards and Testing Technology for Agro Products,CN,China,1,UPO,2006-2010,incoming
https://ror.org/05kje8j93,Center for Life Sciences,CN,China,3,UPO,2006-2010,incoming
https://ror.org/05kk2ma90,TobaccoFree Research Institute,IE,Ireland,3,UPO,2006-2010,incoming
https://ror.org/05kknxr83,"Department of Energy, Engineering, Mechanics and Control Processes",RU,Russia,5,UPO,2006-2010,incoming
https://ror.org/05kph4940,Helsinki Institute for Information Technology,FI,Finland,7,UPO,2006-2010,incoming
https://ror.org/05kph6k12,CHI Health,US,United States,9,UPO,2006-2010,incoming
https://ror.org/05kpkpg04,Centre de Coopération Internationale en Recherche Agronomique pour le Développement,FR,France,10,UPO,2006-2010,incoming
https://ror.org/05kpx1157,Royal Preston Hospital,GB,United Kingdom,18,UPO,2006-2010,incoming
https://ror.org/05kq1z994,Gunma University Hospital,JP,Japan,2,UPO,2006-2010,incoming
https://ror.org/05krcen59,LIP6,FR,France,28,UPO,2006-2010,incoming
https://ror.org/05krs5044,University of Sheffield,GB,United Kingdom,96,UPO,2006-2010,incoming
https://ror.org/05ks08368,Komfo Anokye Teaching Hospital,GH,Ghana,1,UPO,2006-2010,incoming
https://ror.org/05kt9ap64,Kindai University,JP,Japan,20,UPO,2006-2010,incoming
https://ror.org/05ktbsm52,Burnet Institute,AU,Australia,6,UPO,2006-2010,incoming
https://ror.org/05ktmtk53,Kanagawa Prefecture Medical Association,JP,Japan,2,UPO,2006-2010,incoming
https://ror.org/05kvcy688,Hope University,SO,Somalia,1,UPO,2006-2010,incoming
https://ror.org/05kvm7n82,Soochow University,TW,Taiwan,4,UPO,2006-2010,incoming
https://ror.org/05kwbf598,Institut pour l'avancée des biosciences,FR,France,1,UPO,2006-2010,incoming
https://ror.org/05kwhph67,Jenner Institute,GB,United Kingdom,5,UPO,2006-2010,incoming
https://ror.org/05kwhtp56,Hospital Perpetuo Socorro,ES,Spain,1,UPO,2006-2010,incoming
https://ror.org/05kwjwj05,Scripps Clinic,US,United States,9,UPO,2006-2010,incoming
https://ror.org/05kx1ke03,Narayana Health,IN,India,4,UPO,2006-2010,incoming
https://ror.org/05kx3hd68,Group Health Cooperative,US,United States,7,UPO,2006-2010,incoming
https://ror.org/05kxtq558,Institute of Molecular Biology,DE,Germany,28,UPO,2006-2010,incoming
https://ror.org/05kytsw45,Örebro University,SE,Sweden,37,UPO,2006-2010,incoming
https://ror.org/05kzadn81,Nara Women's University,JP,Japan,22,UPO,2006-2010,incoming
https://ror.org/05kzfa883,Korea Institute of Science and Technology,KR,South Korea,16,UPO,2006-2010,incoming
https://ror.org/05kzjxq56,Chonnam National University,KR,South Korea,1033,UPO,2006-2010,incoming
https://ror.org/05m074r21,Berkshire Health Systems,US,United States,3,UPO,2006-2010,incoming
https://ror.org/05m0wv206,Zhejiang Taizhou Hospital,CN,China,1,UPO,2006-2010,incoming
https://ror.org/05m1y4204,Serbian Academy of Sciences and Arts,RS,Serbia,3,UPO,2006-2010,incoming
https://ror.org/05m1yqp60,Istituto di Biometeorologia,IT,Italy,1,UPO,2006-2010,incoming
https://ror.org/05m235j20,Brazilian Center for Research in Energy and Materials,BR,Brazil,1,UPO,2006-2010,incoming
https://ror.org/05m2fqn25,Chiang Mai University,TH,Thailand,19,UPO,2006-2010,incoming
https://ror.org/05m2pwn60,Narodowy Instytut Leków,PL,Poland,5,UPO,2006-2010,incoming
https://ror.org/05m38qe70,Ministry of Defence,SG,Singapore,1,UPO,2006-2010,incoming
https://ror.org/05m5b8x20,Sidney Kimmel Comprehensive Cancer Center,US,United States,28,UPO,2006-2010,incoming
https://ror.org/05m64xs77,Monklands Hospital,GB,United Kingdom,1,UPO,2006-2010,incoming
https://ror.org/05m6e7d23,Ospedale San Giuseppe,IT,Italy,4,UPO,2006-2010,incoming
https://ror.org/05m7pjf47,University College Dublin,IE,Ireland,760,UPO,2006-2010,incoming
https://ror.org/05m7zw681,Rio Tinto (United Kingdom),GB,United Kingdom,1,UPO,2006-2010,incoming
https://ror.org/05m802881,Bariloche Atomic Centre,AR,Argentina,4,UPO,2006-2010,incoming
https://ror.org/05m8d2x46,North Shore University Hospital,US,United States,13,UPO,2006-2010,incoming
https://ror.org/05m8dr349,NIHR Cambridge Biomedical Research Centre,GB,United Kingdom,1,UPO,2006-2010,incoming
https://ror.org/05m8dye22,Kagawa Prefectural Central Hospital,JP,Japan,5,UPO,2006-2010,incoming
https://ror.org/05m8pzq90,Montreal Clinical Research Institute,CA,Canada,9,UPO,2006-2010,incoming
https://ror.org/05ma41w62,Grand Charleroi Hospital,BE,Belgium,2,UPO,2006-2010,incoming
https://ror.org/05ma4gw77,University of the Pacific,US,United States,8,UPO,2006-2010,incoming
https://ror.org/05maved80,Northwest Missouri State University,US,United States,1,UPO,2006-2010,incoming
https://ror.org/05mdg8117,Laboratoire interdisciplinaire de recherches en sciences de l'action,FR,France,3,UPO,2006-2010,incoming
https://ror.org/05megwx07,Southern California Orthopedic Institute,US,United States,3,UPO,2006-2010,incoming
https://ror.org/05mfff588,Armauer Hansen Research Institute,ET,Ethiopia,1,UPO,2006-2010,incoming
https://ror.org/05mg82t36,China People's Police University,CN,China,2,UPO,2006-2010,incoming
https://ror.org/05mg91w61,Office of Basic Energy Sciences,US,United States,1,UPO,2006-2010,incoming
https://ror.org/05mgxqt50,Institute of Physics of the Slovak Academy of Sciences,SK,Slovakia,18,UPO,2006-2010,incoming
https://ror.org/05mhx5h16,École Nationale Supérieure d'Architecture de Lyon,FR,France,3,UPO,2006-2010,incoming
https://ror.org/05mjmsc11,Northern Hospital,AU,Australia,2,UPO,2006-2010,incoming
https://ror.org/05mm0yv21,Nizhny Novgorod State Pedagogical University,RU,Russia,4,UPO,2006-2010,incoming
https://ror.org/05mmh0f86,Australian Research Council,AU,Australia,5,UPO,2006-2010,incoming
https://ror.org/05mmvmh32,Thermo Fisher Scientific (Israel),IL,Israel,3,UPO,2006-2010,incoming
https://ror.org/05mnjs436,Dezhou University,CN,China,1,UPO,2006-2010,incoming
https://ror.org/05mnrce88,Iakentro,GR,Greece,2,UPO,2006-2010,incoming
https://ror.org/05mpvtx13,Kyungpook National University Children's Hospital,KR,South Korea,7,UPO,2006-2010,incoming
https://ror.org/05mqa4073,State Key Laboratory of Plant Cell and Chromosome Engineering,CN,China,3,UPO,2006-2010,incoming
https://ror.org/05mqgrb58,Papworth Hospital,GB,United Kingdom,4,UPO,2006-2010,incoming
https://ror.org/05mryn396,Manipal Hospital,IN,India,3,UPO,2006-2010,incoming
https://ror.org/05mshxb09,Sheffield Children's Hospital,GB,United Kingdom,2,UPO,2006-2010,incoming
https://ror.org/05msxaq47,University of North Texas Health Science Center,US,United States,12,UPO,2006-2010,incoming
https://ror.org/05msy9z54,Universidade Federal de Pelotas,BR,Brazil,46,UPO,2006-2010,incoming
https://ror.org/05mw4gk09,Rebecca Sieff Hospital,IL,Israel,3,UPO,2006-2010,incoming
https://ror.org/05mx0wr29,Zhejiang University of Science and Technology,CN,China,15,UPO,2006-2010,incoming
https://ror.org/05mx1gf76,Kangdong Sacred Heart Hospital,KR,South Korea,1,UPO,2006-2010,incoming
https://ror.org/05mxhda18,University Hospital Cologne,DE,Germany,23,UPO,2006-2010,incoming
https://ror.org/05myyzn85,Shanghai First Maternity and Infant Hospital,CN,China,1,UPO,2006-2010,incoming
https://ror.org/05mzd8v39,Institut Lavoisier de Versailles,FR,France,6,UPO,2006-2010,incoming
https://ror.org/05mzf3276,Sandwell & West Birmingham Hospitals NHS Trust,GB,United Kingdom,5,UPO,2006-2010,incoming
https://ror.org/05mzfcs16,The Open University,GB,United Kingdom,7,UPO,2006-2010,incoming
https://ror.org/05mzhke23,Kansai Institute for Photon Science,JP,Japan,1,UPO,2006-2010,incoming
https://ror.org/05n0gsn30,Military University Nueva Granada,CO,Colombia,1,UPO,2006-2010,incoming
https://ror.org/05n0tzs53,Sunnybrook Research Institute,CA,Canada,1,UPO,2006-2010,incoming
https://ror.org/05n0wgt02,King Faisal Specialist Hospital & Research Centre,SA,Saudi Arabia,21,UPO,2006-2010,incoming
https://ror.org/05n13be63,Children's Hospital of Fudan University,CN,China,1,UPO,2006-2010,incoming
https://ror.org/05n2c8735,European Genomic Institute for Diabetes,FR,France,2,UPO,2006-2010,incoming
https://ror.org/05n2cz176,Muğla University,TR,Turkey,1,UPO,2006-2010,incoming
https://ror.org/05n3dz165,University of Jyväskylä,FI,Finland,1536,UPO,2006-2010,incoming
https://ror.org/05n3x4p02,Medical University of Vienna,AT,Austria,143,UPO,2006-2010,incoming
https://ror.org/05n486907,Catholic Kwandong University,KR,South Korea,5,UPO,2006-2010,incoming
https://ror.org/05n52x113,Johns Hopkins University Center for AIDS Research,US,United States,16,UPO,2006-2010,incoming
https://ror.org/05n5mmr26,National Institute for Occupational Health and Poison Control,CN,China,2,UPO,2006-2010,incoming
https://ror.org/05n629g02,Molecular Research Institute,US,United States,5,UPO,2006-2010,incoming
https://ror.org/05n6zrm60,SWOG Cancer Research Network,US,United States,4,UPO,2006-2010,incoming
https://ror.org/05n7t4h40,Henry Dunant Hospital,GR,Greece,1,UPO,2006-2010,incoming
https://ror.org/05n7v5997,Instituto de Investigación Sanitaria La Fe,ES,Spain,16,UPO,2006-2010,incoming
https://ror.org/05n7xcf53,Instituto de Investigación Sanitaria de Santiago,ES,Spain,1,UPO,2006-2010,incoming
https://ror.org/05n7yzd13,Hôpital Paul-Brousse,FR,France,30,UPO,2006-2010,incoming
https://ror.org/05n86fa68,Centro de Investigaciones sobre América del Norte,MX,Mexico,2,UPO,2006-2010,incoming
https://ror.org/05n8tts92,Universiti Teknologi MARA,MY,Malaysia,5,UPO,2006-2010,incoming
https://ror.org/05n911h24,Technische Universität Darmstadt,DE,Germany,610,UPO,2006-2010,incoming
https://ror.org/05na4hm84,Max-von-Pettenkofer-Institut für Hygiene und Medizinische Mikrobiologie,DE,Germany,5,UPO,2006-2010,incoming
https://ror.org/05ncvzk72,"Instituto de Parasitología y Biomedicina ""López - Neyra""",ES,Spain,19,UPO,2006-2010,incoming
https://ror.org/05ndx7902,Jiangxi Academy of Agricultural Sciences,CN,China,1,UPO,2006-2010,incoming
https://ror.org/05nf86y53,Japan Atomic Energy Agency,JP,Japan,11,UPO,2006-2010,incoming
https://ror.org/05nfx1325,University of the Philippines Cebu,PH,Philippines,2,UPO,2006-2010,incoming
https://ror.org/05nfypp21,Délégation Aquitaine,FR,France,2,UPO,2006-2010,incoming
https://ror.org/05nhcdk38,Laboratoire de Physique Théorique et Modélisation,FR,France,1,UPO,2006-2010,incoming
https://ror.org/05nhzbw35,Ospedale Valduce,IT,Italy,1,UPO,2006-2010,incoming
https://ror.org/05nj7my03,University of Sopron,HU,Hungary,1,UPO,2006-2010,incoming
https://ror.org/05nj8ma95,Institute of Soil Science,CN,China,2,UPO,2006-2010,incoming
https://ror.org/05njb9z20,University of Ljubljana,SI,Slovenia,122,UPO,2006-2010,incoming
https://ror.org/05njgh475,Genomic Health (United States),US,United States,1,UPO,2006-2010,incoming
https://ror.org/05nkf0n29,University of New Brunswick,CA,Canada,30,UPO,2006-2010,incoming
https://ror.org/05nkffb74,Mubarak Al Kabeer Hospital,KW,Kuwait,3,UPO,2006-2010,incoming
https://ror.org/05nkgk822,Jiangxi Normal University,CN,China,5,UPO,2006-2010,incoming
https://ror.org/05nkqs567,Reproductive Genetics Institute,US,United States,1,UPO,2006-2010,incoming
https://ror.org/05nnyr510,University of Rajshahi,BD,Bangladesh,1,UPO,2006-2010,incoming
https://ror.org/05nq41m91,Tonghua Normal University,CN,China,5,UPO,2006-2010,incoming
https://ror.org/05nrhca20,West Australian Sleep Disorders Research Institute,AU,Australia,1,UPO,2006-2010,incoming
https://ror.org/05nsbhw27,Children's Hospital of Eastern Ontario,CA,Canada,6,UPO,2006-2010,incoming
https://ror.org/05ntpq911,Carlos III Hospital,ES,Spain,1,UPO,2006-2010,incoming
https://ror.org/05nvmzs58,Universidade de Santo Amaro,BR,Brazil,3,UPO,2006-2010,incoming
https://ror.org/05nz37n09,Anadolu University,TR,Turkey,16,UPO,2006-2010,incoming
https://ror.org/05nzesv70,Royal Glamorgan Hospital,GB,United Kingdom,1,UPO,2006-2010,incoming
https://ror.org/05nzf7q96,"Institute of Biomembranes, Bioenergetics and Molecular Biotechnologies",IT,Italy,10,UPO,2006-2010,incoming
https://ror.org/05p0enq35,Instituto Aragonés de Ciencias de la Salud,ES,Spain,2,UPO,2006-2010,incoming
https://ror.org/05p1frt18,Glostrup Hospital,DK,Denmark,4,UPO,2006-2010,incoming
https://ror.org/05p1j8758,Kansas State University,US,United States,887,UPO,2006-2010,incoming
https://ror.org/05p1n6x86,MRC London Institute of Medical Sciences,GB,United Kingdom,9,UPO,2006-2010,incoming
https://ror.org/05p1phv38,Huntington Medical Research Institutes,US,United States,1,UPO,2006-2010,incoming
https://ror.org/05p26gw61,Department of Health and Human Services,US,United States,5,UPO,2006-2010,incoming
https://ror.org/05p2z3x69,Kenyatta University,KE,Kenya,1,UPO,2006-2010,incoming
https://ror.org/05p330p21,Shell (United Kingdom),GB,United Kingdom,2,UPO,2006-2010,incoming
https://ror.org/05p40t847,Newcastle upon Tyne Hospitals NHS Foundation Trust,GB,United Kingdom,22,UPO,2006-2010,incoming
https://ror.org/05p4f7w60,University of the West Indies,BB,Barbados,1,UPO,2006-2010,incoming
https://ror.org/05p4pn188,Mead Johnson (United States),US,United States,2,UPO,2006-2010,incoming
https://ror.org/05p4q8207,Tripler Army Medical Center,US,United States,4,UPO,2006-2010,incoming
https://ror.org/05p50vw42,Viva Biotech (China),CN,China,1,UPO,2006-2010,incoming
https://ror.org/05p52kj31,Royal Brisbane and Women's Hospital,AU,Australia,14,UPO,2006-2010,incoming
https://ror.org/05p5xsx92,Federal Reserve Bank of San Francisco,US,United States,2,UPO,2006-2010,incoming
https://ror.org/05p64mb74,Jeju National University Hospital,KR,South Korea,2,UPO,2006-2010,incoming
https://ror.org/05p6qqk79,University of Tampere,FI,Finland,90,UPO,2006-2010,incoming
https://ror.org/05p6rhy72,Institute for Clinical Evaluative Sciences,CA,Canada,4,UPO,2006-2010,incoming
https://ror.org/05p6vdy67,Instituto Multidisciplinario de Biología Celular,AR,Argentina,3,UPO,2006-2010,incoming
https://ror.org/05p7zpp88,Centre de Recherche sur les Risques et les Crises,FR,France,1,UPO,2006-2010,incoming
https://ror.org/05p83my93,Vancouver Hospital and Health Sciences Centre,CA,Canada,17,UPO,2006-2010,incoming
https://ror.org/05p8nb362,Health Canada,CA,Canada,4,UPO,2006-2010,incoming
https://ror.org/05p8w6387,Florida Atlantic University,US,United States,2,UPO,2006-2010,incoming
https://ror.org/05p8z3f47,Purdue University System,US,United States,740,UPO,2006-2010,incoming
https://ror.org/05p96ba03,Monash Institute of Medical Research,AU,Australia,1,UPO,2006-2010,incoming
https://ror.org/05p9y3e72,Schneider Children's Hospital,US,United States,23,UPO,2006-2010,incoming
https://ror.org/05pa68763,Asan Foundation,KR,South Korea,31,UPO,2006-2010,incoming
https://ror.org/05patmk97,Institute for Chemical and Physical Processes,IT,Italy,98,UPO,2006-2010,incoming
https://ror.org/05pbb8783,Université de Montpellier Paul-Valéry,FR,France,1,UPO,2006-2010,incoming
https://ror.org/05pckj715,University of North Carolina at Pembroke,US,United States,1,UPO,2006-2010,incoming
https://ror.org/05pcv4v03,Parthenope University of Naples,IT,Italy,45,UPO,2006-2010,incoming
https://ror.org/05pef1484,Klinikum Links der Weser,DE,Germany,2,UPO,2006-2010,incoming
https://ror.org/05petvd47,Tibet University,CN,China,4,UPO,2006-2010,incoming
https://ror.org/05pf1p208,Institut Français du Cheval et de l'Équitation,FR,France,6,UPO,2006-2010,incoming
https://ror.org/05pfy5w65,"Gastroenterology Hospital ""Saverio de Bellis""",IT,Italy,4,UPO,2006-2010,incoming
https://ror.org/05pg2cw06,Azarbaijan Shahid Madani University,IR,Iran,2,UPO,2006-2010,incoming
https://ror.org/05pgg4z49,Cancer Society of Finland,FI,Finland,1,UPO,2006-2010,incoming
https://ror.org/05ph11m41,CTO Hospital,IT,Italy,6,UPO,2006-2010,incoming
https://ror.org/05phns765,Western Norway University of Applied Sciences,NO,Norway,254,UPO,2006-2010,incoming
https://ror.org/05pjd0m90,The Royal Wolverhampton NHS Trust,GB,United Kingdom,2,UPO,2006-2010,incoming
https://ror.org/05pjhbt17,Montana Department of Environmental Quality,US,United States,16,UPO,2006-2010,incoming
https://ror.org/05pjkyk24,Hechi University,CN,China,2,UPO,2006-2010,incoming
https://ror.org/05pjsgx75,Indian Institute of Technology Kanpur,IN,India,10,UPO,2006-2010,incoming
https://ror.org/05pkanq60,Alfa Institute of Biomedical Sciences,GR,Greece,2,UPO,2006-2010,incoming
https://ror.org/05pkzpg75,Ningbo First Hospital,CN,China,1,UPO,2006-2010,incoming
https://ror.org/05pm71w80,Pfizer (Japan),JP,Japan,1,UPO,2006-2010,incoming
https://ror.org/05pnwvj86,Institute of Marine Research,ES,Spain,2,UPO,2006-2010,incoming
https://ror.org/05pny1q12,Laboratoire d'Ecologie des Hydrosystèmes Naturels et Anthropisés,FR,France,1,UPO,2006-2010,incoming
https://ror.org/05ppk0267,Universidad Autónoma de Guadalajara,MX,Mexico,1,UPO,2006-2010,incoming
https://ror.org/05pq4yn02,"Czech Academy of Sciences, Biology Centre",CZ,Czechia,1,UPO,2006-2010,incoming
https://ror.org/05pq8vh42,Instituto de Biomedicina de Valencia,ES,Spain,2,UPO,2006-2010,incoming
https://ror.org/05pr37258,Health Sciences Centre,CA,Canada,8,UPO,2006-2010,incoming
https://ror.org/05pv4tx93,Instituto Superior de Saúde do Alto Ave,PT,Portugal,1,UPO,2006-2010,incoming
https://ror.org/05pvqha70,St. Lawrence University,US,United States,1,UPO,2006-2010,incoming
https://ror.org/05pwkex33,Observatoire des Sciences de l'Environnement de Rennes,FR,France,15,UPO,2006-2010,incoming
https://ror.org/05pwxq352,Newron Pharmaceuticals (Italy),IT,Italy,1,UPO,2006-2010,incoming
https://ror.org/05pz4ws32,Children's Hospital of Chongqing Medical University,CN,China,1,UPO,2006-2010,incoming
https://ror.org/05q0ncs32,Oniris,FR,France,1,UPO,2006-2010,incoming
https://ror.org/05q1wf970,Bogolyubov Institute for Theoretical Physics,UA,Ukraine,365,UPO,2006-2010,incoming
https://ror.org/05q3szf80,Smilow Cancer Hospital,US,United States,5,UPO,2006-2010,incoming
https://ror.org/05q3vnk25,Institut de Recherche pour le Développement,FR,France,25,UPO,2006-2010,incoming
https://ror.org/05q4caq61,General Education Center of Iwate,JP,Japan,1,UPO,2006-2010,incoming
https://ror.org/05q4veh78,Evangelismos Hospital,GR,Greece,32,UPO,2006-2010,incoming
https://ror.org/05q52xn14,Instituto de Medicina y Biología Experimental de Cuyo,AR,Argentina,1,UPO,2006-2010,incoming
https://ror.org/05q60vz69,South African Medical Research Council,ZA,South Africa,2,UPO,2006-2010,incoming
https://ror.org/05q65zh81,Chimie ParisTech,FR,France,101,UPO,2006-2010,incoming
https://ror.org/05q6tgt32,Kennedy Krieger Institute,US,United States,9,UPO,2006-2010,incoming
https://ror.org/05q882j59,Scientists in School,CA,Canada,1,UPO,2006-2010,incoming
https://ror.org/05q8d3662,Organisation Nucléaire et Oncogenèse,FR,France,3,UPO,2006-2010,incoming
https://ror.org/05q8kyc69,UC Davis Health,US,United States,5,UPO,2006-2010,incoming
https://ror.org/05q8mwj81,Hamilton General Hospital,CA,Canada,2,UPO,2006-2010,incoming
https://ror.org/05q8wtt20,National Institute for Basic Biology,JP,Japan,6,UPO,2006-2010,incoming
https://ror.org/05q92br09,Jeonbuk National University,KR,South Korea,109,UPO,2006-2010,incoming
https://ror.org/05qbk4x57,University of Chinese Academy of Sciences,CN,China,57,UPO,2006-2010,incoming
https://ror.org/05qbzwv83,Federation University,AU,Australia,3,UPO,2006-2010,incoming
https://ror.org/05qderh61,University of Calabar,NG,Nigeria,1,UPO,2006-2010,incoming
https://ror.org/05qdwtz81,Ludwig Cancer Research,US,United States,7,UPO,2006-2010,incoming
https://ror.org/05qec5a53,Centre Hospitalier Universitaire de Rennes,FR,France,16,UPO,2006-2010,incoming
https://ror.org/05qemrn04,Tokyo Metropolitan College of Industrial Technology,JP,Japan,1,UPO,2006-2010,incoming
https://ror.org/05qghxh33,Stony Brook University,US,United States,186,UPO,2006-2010,incoming
https://ror.org/05qgkbq61,Plant Breeding and Acclimatization Institute - National Research Institute,PL,Poland,1,UPO,2006-2010,incoming
https://ror.org/05qgkbs55,Belgian Hematological Society,BE,Belgium,1,UPO,2006-2010,incoming
https://ror.org/05qjz5228,Institut Jean Godinot,FR,France,1,UPO,2006-2010,incoming
https://ror.org/05qk4xh70,Center for Translational Medicine,PL,Poland,1,UPO,2006-2010,incoming
https://ror.org/05qkemg93,National Healthcare Group,SG,Singapore,2,UPO,2006-2010,incoming
https://ror.org/05qmfyw56,International Myeloma Foundation,US,United States,1,UPO,2006-2010,incoming
https://ror.org/05qn5kv73,CHU de Québec-Université Laval,CA,Canada,103,UPO,2006-2010,incoming
https://ror.org/05qndj312,Hospital Universitario de Canarias,ES,Spain,19,UPO,2006-2010,incoming
https://ror.org/05qpmg879,Institut de Biologie Moléculaire et Cellulaire,FR,France,13,UPO,2006-2010,incoming
https://ror.org/05qpz1x62,Friedrich Schiller University Jena,DE,Germany,61,UPO,2006-2010,incoming
https://ror.org/05qrfxd25,Russian Academy of Sciences,RU,Russia,361,UPO,2006-2010,incoming
https://ror.org/05qs5k564,Agencia de Evaluación de Tecnologías Sanitarias,ES,Spain,1,UPO,2006-2010,incoming
https://ror.org/05qsjq305,Centre Hospitalier Universitaire de Nice,FR,France,34,UPO,2006-2010,incoming
https://ror.org/05qt8tf94,Cyprus University of Technology,CY,Cyprus,2,UPO,2006-2010,incoming
https://ror.org/05qwb3m66,Celebration Stem Cell Centre,US,United States,2,UPO,2006-2010,incoming
https://ror.org/05qwgg493,Boston University,US,United States,524,UPO,2006-2010,incoming
https://ror.org/05qx0rc07,Istituto di Ricerche Chimiche e Biochimiche G. Ronzoni,IT,Italy,2,UPO,2006-2010,incoming
https://ror.org/05r0ccb59,École Nationale des Travaux Publics de l'État,FR,France,3,UPO,2006-2010,incoming
https://ror.org/05r0xrd27,Center for Nanotechnology Innovation,IT,Italy,11,UPO,2006-2010,incoming
https://ror.org/05r3dyn47,Center for Systems Biology,US,United States,10,UPO,2006-2010,incoming
https://ror.org/05r409z22,Northern General Hospital,GB,United Kingdom,5,UPO,2006-2010,incoming
https://ror.org/05r5k8873,Sewanee: The University of the South,US,United States,7,UPO,2006-2010,incoming
https://ror.org/05r6j0v30,Savonlinna Central Hospital,FI,Finland,1,UPO,2006-2010,incoming
https://ror.org/05r78ng12,University of Castilla-La Mancha,ES,Spain,14,UPO,2006-2010,incoming
https://ror.org/05r8dqr10,University of Rijeka,HR,Croatia,5,UPO,2006-2010,incoming
https://ror.org/05r8r3608,United States University,US,United States,1,UPO,2006-2010,incoming
https://ror.org/05r8vsn81,Borgess Health,US,United States,1,UPO,2006-2010,incoming
https://ror.org/05r9v2c42,Ana G. Mendez University System,PR,Puerto Rico,1,UPO,2006-2010,incoming
https://ror.org/05ra1x588,Institute of Normal and Pathological Physiology of the Slovak Academy of Sciences,SK,Slovakia,5,UPO,2006-2010,incoming
https://ror.org/05rap1m08,Maharaja Sriram Chandra Bhanja Deo University,IN,India,1,UPO,2006-2010,incoming
https://ror.org/05rbd6k73,Regional Research Centres,RU,Russia,1,UPO,2006-2010,incoming
https://ror.org/05rbkcx47,Indiana University Hospital,US,United States,1,UPO,2006-2010,incoming
https://ror.org/05rbx8m02,Fondazione IRCCS Istituto Neurologico Carlo Besta,IT,Italy,25,UPO,2006-2010,incoming
https://ror.org/05rcgef49,Institute for Complex Systems,IT,Italy,8,UPO,2006-2010,incoming
https://ror.org/05rdf8595,Universidade de Vigo,ES,Spain,74,UPO,2006-2010,incoming
https://ror.org/05re2x545,Burg Giebichenstein University of Art and Design Halle,DE,Germany,1,UPO,2006-2010,incoming
https://ror.org/05rfek682,Kaiser Permanente Oakland Medical Center,US,United States,2,UPO,2006-2010,incoming
https://ror.org/05rfqv493,East Tennessee State University,US,United States,9,UPO,2006-2010,incoming
https://ror.org/05rgrbr06,Dana-Farber Brigham Cancer Center,US,United States,2,UPO,2006-2010,incoming
https://ror.org/05rhyza23,Institute of Parasitology,CZ,Czechia,1,UPO,2006-2010,incoming
https://ror.org/05rj7xr73,St Joseph's Health Care,CA,Canada,7,UPO,2006-2010,incoming
https://ror.org/05rk03822,University of Lagos,NG,Nigeria,1,UPO,2006-2010,incoming
https://ror.org/05rkz5e28,Toranomon Hospital,JP,Japan,2,UPO,2006-2010,incoming
https://ror.org/05rnn8t74,Osaka University Hospital,JP,Japan,2,UPO,2006-2010,incoming
https://ror.org/05rpsf244,Israel Oceanographic and Limnological Research,IL,Israel,2,UPO,2006-2010,incoming
https://ror.org/05rpz9q70,Myriad Genetics,US,United States,1,UPO,2006-2010,incoming
https://ror.org/05rpzs058,Universidade de Caxias do Sul,BR,Brazil,4,UPO,2006-2010,incoming
https://ror.org/05rq3rb55,Institut des Maladies Génétiques Imagine,FR,France,2,UPO,2006-2010,incoming
https://ror.org/05rrcem69,"University of California, Davis",US,United States,1045,UPO,2006-2010,incoming
https://ror.org/05rrfpt58,Ahi Evran University,TR,Turkey,2,UPO,2006-2010,incoming
https://ror.org/05rrz2q74,University of Kinshasa,CD,DR Congo,1,UPO,2006-2010,incoming
https://ror.org/05rsdqb94,Mercy Hospital,US,United States,1,UPO,2006-2010,incoming
https://ror.org/05rsf2c37,Ospedali Riuniti Umberto I,IT,Italy,2,UPO,2006-2010,incoming
https://ror.org/05rsv8p09,Çanakkale Onsekiz Mart Üniversitesi,TR,Turkey,7,UPO,2006-2010,incoming
https://ror.org/05rsv9s98,United States Department of Veterans Affairs,US,United States,65,UPO,2006-2010,incoming
https://ror.org/05rtchs68,Instituto de Estructura de la Materia,ES,Spain,2,UPO,2006-2010,incoming
https://ror.org/05rteaz10,Razi Hospital,IR,Iran,2,UPO,2006-2010,incoming
https://ror.org/05rvv6a54,Columbus Community Clinical Oncology Program,US,United States,3,UPO,2006-2010,incoming
https://ror.org/05rwxjy27,Seoul National University Cancer Hospital,KR,South Korea,1,UPO,2006-2010,incoming
https://ror.org/05ry42w04,MedStar Washington Hospital Center,US,United States,19,UPO,2006-2010,incoming
https://ror.org/05ryc2b20,National Laboratory of Solid State Microstructures,CN,China,2,UPO,2006-2010,incoming
https://ror.org/05ryemn72,Ankara Yıldırım Beyazıt University,TR,Turkey,2,UPO,2006-2010,incoming
https://ror.org/05s004555,Favaloro University,AR,Argentina,1,UPO,2006-2010,incoming
https://ror.org/05s030550,Ablynx (Belgium),BE,Belgium,5,UPO,2006-2010,incoming
https://ror.org/05s04wy35,Mustansiriyah University,IQ,Iraq,2,UPO,2006-2010,incoming
https://ror.org/05s0g1g46,National Research Foundation,ZA,South Africa,41,UPO,2006-2010,incoming
https://ror.org/05s0z8a66,Yokohama University of Pharmacy,JP,Japan,1,UPO,2006-2010,incoming
https://ror.org/05s18kz11,Fachklinik Hornheide,DE,Germany,1,UPO,2006-2010,incoming
https://ror.org/05s1apj20,Bharat Petroleum (India),IN,India,1,UPO,2006-2010,incoming
https://ror.org/05s1dqz78,451 Research (United Kingdom),GB,United Kingdom,10,UPO,2006-2010,incoming
https://ror.org/05s1rff82,Centre des Sciences du Goût et de l'Alimentation,FR,France,1,UPO,2006-2010,incoming
https://ror.org/05s3h8004,Hospital Universitario Severo Ochoa,ES,Spain,3,UPO,2006-2010,incoming
https://ror.org/05s409k40,University School of Nashville,US,United States,1,UPO,2006-2010,incoming
https://ror.org/05s4b1t72,Hospital Universitari Joan XXIII de Tarragona,ES,Spain,5,UPO,2006-2010,incoming
https://ror.org/05s4feg49,University of Warmia and Mazury in Olsztyn,PL,Poland,2,UPO,2006-2010,incoming
https://ror.org/05s570m15,SRI International,US,United States,3,UPO,2006-2010,incoming
https://ror.org/05s5aag36,Department of Primary Industries,AU,Australia,9,UPO,2006-2010,incoming
https://ror.org/05s5qx907,State Key Laboratory of Rice Biology,CN,China,1,UPO,2006-2010,incoming
https://ror.org/05s61gx60,Photochemistry Center,RU,Russia,2,UPO,2006-2010,incoming
https://ror.org/05s65ce35,Tanabe Research Laboratories,US,United States,1,UPO,2006-2010,incoming
https://ror.org/05s6mpv98,State Key Laboratory of Urban Water Resources and Water Environment,CN,China,1,UPO,2006-2010,incoming
https://ror.org/05s6rge65,École Centrale de Lyon,FR,France,6,UPO,2006-2010,incoming
https://ror.org/05s754026,Karlstad University,SE,Sweden,4,UPO,2006-2010,incoming
https://ror.org/05s8p6g93,Sant Gadge Baba Amravati University,IN,India,1,UPO,2006-2010,incoming
https://ror.org/05s8x7560,PerkinElmer (United States),US,United States,1,UPO,2006-2010,incoming
https://ror.org/05s92vm98,Xidian University,CN,China,2,UPO,2006-2010,incoming
https://ror.org/05s9qth02,Australian Centre for Heart Health,AU,Australia,1,UPO,2006-2010,incoming
https://ror.org/05s9t8c95,"Jawaharlal Nehru Technological University, Kakinada",IN,India,2,UPO,2006-2010,incoming
https://ror.org/05sajct49,Barcelona Biomedical Research Park,ES,Spain,2,UPO,2006-2010,incoming
https://ror.org/05sb05859,Pharmacoeconomics and Health Outcomes Research Iberia (Spain),ES,Spain,1,UPO,2006-2010,incoming
https://ror.org/05sbt2524,Institut polytechnique de Grenoble,FR,France,563,UPO,2006-2010,incoming
https://ror.org/05sd5r855,Laboratoire de Mathématiques Blaise Pascal,FR,France,2,UPO,2006-2010,incoming
https://ror.org/05sd8tv96,Barcelona Supercomputing Center,ES,Spain,5,UPO,2006-2010,incoming
https://ror.org/05sdyjv16,Cardinal Stefan Wyszynski University in Warsaw,PL,Poland,2,UPO,2006-2010,incoming
https://ror.org/05se6w266,Dutch Institute for Healthcare Improvement,NL,The Netherlands,4,UPO,2006-2010,incoming
https://ror.org/05sgb8g78,Suranaree University of Technology,TH,Thailand,2,UPO,2006-2010,incoming
https://ror.org/05shq4n12,Centre for Cellular and Molecular Biology,IN,India,5,UPO,2006-2010,incoming
https://ror.org/05sj3n476,Tokyo University of Science,JP,Japan,34,UPO,2006-2010,incoming
https://ror.org/05sjrb944,Menoufia University,EG,Egypt,1,UPO,2006-2010,incoming
https://ror.org/05sjznd72,Morinomiya University of Medical Sciences,JP,Japan,1,UPO,2006-2010,incoming
https://ror.org/05skxkv18,Institute of Zoology,CN,China,16,UPO,2006-2010,incoming
https://ror.org/05sm9a571,Hyogo Prefectural Institute of Environmental Sciences,JP,Japan,1,UPO,2006-2010,incoming
https://ror.org/05smgpd89,IPB University,ID,Indonesia,1,UPO,2006-2010,incoming
https://ror.org/05sn8t512,Hospital Authority,HK,Hong Kong,36,UPO,2006-2010,incoming
https://ror.org/05sn8wf81,Universidad Nacional de Cuyo,AR,Argentina,9,UPO,2006-2010,incoming
https://ror.org/05snbjh64,Zoological Institute,RU,Russia,2,UPO,2006-2010,incoming
https://ror.org/05sqd2v93,State Key Laboratory of Virology,CN,China,6,UPO,2006-2010,incoming
https://ror.org/05sqd3t97,State University System of Florida,US,United States,77,UPO,2006-2010,incoming
https://ror.org/05srvzs48,Warsaw University of Life Sciences,PL,Poland,5,UPO,2006-2010,incoming
https://ror.org/05sttyy11,Jaypee Institute of Information Technology,IN,India,1,UPO,2006-2010,incoming
https://ror.org/05sv6pg41,University of Wisconsin–Stevens Point,US,United States,102,UPO,2006-2010,incoming
https://ror.org/05sw4wc49,University of Osijek,HR,Croatia,3,UPO,2006-2010,incoming
https://ror.org/05sxbyd35,University Medical Centre Mannheim,DE,Germany,22,UPO,2006-2010,incoming
https://ror.org/05sxf4h28,Universidade Federal do Espírito Santo,BR,Brazil,3,UPO,2006-2010,incoming
https://ror.org/05sy5hm57,Yasouj University,IR,Iran,15,UPO,2006-2010,incoming
https://ror.org/05syd6y78,Universidade Federal do Paraná,BR,Brazil,1,UPO,2006-2010,incoming
https://ror.org/05symbg58,"Istituto Nazionale di Fisica Nucleare, Sezione di Pisa",IT,Italy,6,UPO,2006-2010,incoming
https://ror.org/05szaq822,Giresun University,TR,Turkey,1,UPO,2006-2010,incoming
https://ror.org/05szcn205,China National Rice Research Institute,CN,China,1,UPO,2006-2010,incoming
https://ror.org/05szqz470,National Institute of Radiological Sciences,JP,Japan,14,UPO,2006-2010,incoming
https://ror.org/05szzwt63,Industrial Technology Research Institute,TW,Taiwan,4,UPO,2006-2010,incoming
https://ror.org/05t1h8f27,University of Huddersfield,GB,United Kingdom,12,UPO,2006-2010,incoming
https://ror.org/05t1yee64,Hospital Fatuma Bourguiba Monastir,TN,Tunisia,4,UPO,2006-2010,incoming
https://ror.org/05t3p2g92,University of Prishtina,XK,Kosovo,1,UPO,2006-2010,incoming
https://ror.org/05t43vz03,Far Eastern Branch of the Russian Academy of Sciences,RU,Russia,3,UPO,2006-2010,incoming
https://ror.org/05t6gpm70,University of California Davis Medical Center,US,United States,22,UPO,2006-2010,incoming
https://ror.org/05t70xh16,Kyoto Sangyo University,JP,Japan,3,UPO,2006-2010,incoming
https://ror.org/05t77d857,Institute of Biomedical Science,GB,United Kingdom,27,UPO,2006-2010,incoming
https://ror.org/05t797721,Centro de Aplicaciones Tecnológicas y Desarrollo Nuclear,CU,Cuba,369,UPO,2006-2010,incoming
https://ror.org/05t7jxa31,Institute for Cancer Prevention,US,United States,1,UPO,2006-2010,incoming
https://ror.org/05t8bcz72,University of Alicante,ES,Spain,19,UPO,2006-2010,incoming
https://ror.org/05t8d2s47,American College of Emergency Physicians,US,United States,1,UPO,2006-2010,incoming
https://ror.org/05t8khn72,Institut de Biologia Molecular de Barcelona,ES,Spain,2,UPO,2006-2010,incoming
https://ror.org/05t8kxz54,Saddleback Memorial Medical Center,US,United States,1,UPO,2006-2010,incoming
https://ror.org/05t8s3y29,Discovery Institute,US,United States,2,UPO,2006-2010,incoming
https://ror.org/05t8y2r12,Soochow University,CN,China,39,UPO,2006-2010,incoming
https://ror.org/05tas6715,The Norwegian Center for Child Behavioral Development,NO,Norway,1,UPO,2006-2010,incoming
https://ror.org/05tc07s46,Matsuyama University,JP,Japan,1,UPO,2006-2010,incoming
https://ror.org/05tc5bm31,Florida Gulf Coast University,US,United States,1,UPO,2006-2010,incoming
https://ror.org/05td3s095,Nanjing Agricultural University,CN,China,18,UPO,2006-2010,incoming
https://ror.org/05tdz6m39,King Abdulaziz City for Science and Technology,SA,Saudi Arabia,1,UPO,2006-2010,incoming
https://ror.org/05te51w08,Hospital General de Niños Ricardo Gutierrez,AR,Argentina,1,UPO,2006-2010,incoming
https://ror.org/05teb7b63,Fırat University,TR,Turkey,10,UPO,2006-2010,incoming
https://ror.org/05tej8j73,Imprensa Nacional Casa da Moeda (Portugal),PT,Portugal,1,UPO,2006-2010,incoming
https://ror.org/05tgveb11,Altana (Netherlands),NL,The Netherlands,1,UPO,2006-2010,incoming
https://ror.org/05tgxx705,Department of Science and Technology,PH,Philippines,10,UPO,2006-2010,incoming
https://ror.org/05th6yx34,Anhui University,CN,China,7,UPO,2006-2010,incoming
https://ror.org/05tjan294,McLaren Health Care,US,United States,38,UPO,2006-2010,incoming
https://ror.org/05tjjsh18,National University Health System,SG,Singapore,4,UPO,2006-2010,incoming
https://ror.org/05tkyf982,Ben-Gurion University of the Negev,IL,Israel,46,UPO,2006-2010,incoming
https://ror.org/05tkzma19,Indira Gandhi Centre for Atomic Research,IN,India,1,UPO,2006-2010,incoming
https://ror.org/05tn05n57,Hanyang University Medical Center,KR,South Korea,4,UPO,2006-2010,incoming
https://ror.org/05tn2bq24,Lewisham and Greenwich NHS Trust,GB,United Kingdom,2,UPO,2006-2010,incoming
https://ror.org/05tpsgh61,Fraunhofer Institute for Biomedical Engineering,DE,Germany,2,UPO,2006-2010,incoming
https://ror.org/05tqa9940,University of Kerala,IN,India,1,UPO,2006-2010,incoming
https://ror.org/05tqtd486,Canterbury District Health Board,NZ,New Zealand,3,UPO,2006-2010,incoming
https://ror.org/05tqx4s13,RIKEN Nishina Center,JP,Japan,11,UPO,2006-2010,incoming
https://ror.org/05tr67282,Hôpital Necker-Enfants Malades,FR,France,51,UPO,2006-2010,incoming
https://ror.org/05trd4x28,University of Trento,IT,Italy,957,UPO,2006-2010,incoming
https://ror.org/05ts0bd12,VA Northern California Health Care System,US,United States,3,UPO,2006-2010,incoming
https://ror.org/05tszed37,Yale New Haven Hospital,US,United States,1,UPO,2006-2010,incoming
https://ror.org/05tt05r27,Oulu Deaconess Institute,FI,Finland,3,UPO,2006-2010,incoming
https://ror.org/05tt6m403,Nanjing Polytechnic Institute,CN,China,2,UPO,2006-2010,incoming
https://ror.org/05tta9908,Ostschweizer Kinderspital,CH,Switzerland,2,UPO,2006-2010,incoming
https://ror.org/05tw0x522,NIMS University,IN,India,2,UPO,2006-2010,incoming
https://ror.org/05twjp994,Gregor Mendel Institute of Molecular Plant Biology,AT,Austria,2,UPO,2006-2010,incoming
https://ror.org/05txhk819,Hospital General de Agudos Dr. TEODORO ALVAREZ,AR,Argentina,1,UPO,2006-2010,incoming
https://ror.org/05ty23t08,The Neurological Institute,US,United States,21,UPO,2006-2010,incoming
https://ror.org/05tyne317,Ministry of Science and Higher Education of the Republic of Kazakhstan,KZ,Kazakhstan,19,UPO,2006-2010,incoming
https://ror.org/05tzq2c96,Centro Neurolesi Bonino Pulejo,IT,Italy,1,UPO,2006-2010,incoming
https://ror.org/05tzrdd39,Leo Pharma (Denmark),DK,Denmark,2,UPO,2006-2010,incoming
https://ror.org/05v0gvx94,National Institute for Research and Development of Isotopic and Molecular Technologies,RO,Romania,1,UPO,2006-2010,incoming
https://ror.org/05v1amx46,Hennepin Healthcare Research Institute,US,United States,1,UPO,2006-2010,incoming
https://ror.org/05v1dya15,Centre de Recherches et des Technologies des Eaux,TN,Tunisia,6,UPO,2006-2010,incoming
https://ror.org/05v1m8q81,Ministry of Higher Education and Scientific Research,TN,Tunisia,1,UPO,2006-2010,incoming
https://ror.org/05v1y0t93,China Jiliang University,CN,China,1,UPO,2006-2010,incoming
https://ror.org/05v48bz32,Ospedale di Prato Santo Stefano,IT,Italy,55,UPO,2006-2010,incoming
https://ror.org/05v4bk714,Animal Technology Institute Taiwan,TW,Taiwan,1,UPO,2006-2010,incoming
https://ror.org/05v509s40,Université Le Havre Normandie,FR,France,9,UPO,2006-2010,incoming
https://ror.org/05v5hg569,Weill Cornell Medical College in Qatar,QA,Qatar,31,UPO,2006-2010,incoming
https://ror.org/05v5wwy67,Hippocration General Hospital,GR,Greece,3,UPO,2006-2010,incoming
https://ror.org/05v62cm79,University of Reading,GB,United Kingdom,33,UPO,2006-2010,incoming
https://ror.org/05v6jj657,Office of Chief Medical Examiner,US,United States,1,UPO,2006-2010,incoming
https://ror.org/05v9jqt67,South China Agricultural University,CN,China,5,UPO,2006-2010,incoming
https://ror.org/05v9kya57,Pázmány Péter Catholic University,HU,Hungary,194,UPO,2006-2010,incoming
https://ror.org/05vawe413,Yuhuangding Hospital,CN,China,2,UPO,2006-2010,incoming
https://ror.org/05vc7qy59,Savannah River National Laboratory,US,United States,2,UPO,2006-2010,incoming
https://ror.org/05vchgv90,Kouseiren Takaoka Hospital,JP,Japan,1,UPO,2006-2010,incoming
https://ror.org/05vd34735,National Centre for Immunisation Research & Surveillance,AU,Australia,1,UPO,2006-2010,incoming
https://ror.org/05vf0dg29,Roma Tre University,IT,Italy,1805,UPO,2006-2010,incoming
https://ror.org/05vf56z40,University of Tehran,IR,Iran,55,UPO,2006-2010,incoming
https://ror.org/05vgg2c14,West Middlesex University Hospital,GB,United Kingdom,1,UPO,2006-2010,incoming
https://ror.org/05vghhr25,University of Turku,FI,Finland,55,UPO,2006-2010,incoming
https://ror.org/05vh67662,Instituto Tecnológico de Aeronáutica,BR,Brazil,8,UPO,2006-2010,incoming
https://ror.org/05vhczg54,Feng Chia University,TW,Taiwan,2,UPO,2006-2010,incoming
https://ror.org/05vkpd318,La Jolla Institute for Immunology,US,United States,5,UPO,2006-2010,incoming
https://ror.org/05vmv8m79,Frankfurt Institute for Advanced Studies,DE,Germany,266,UPO,2006-2010,incoming
https://ror.org/05vmz5070,University of Szczecin,PL,Poland,8,UPO,2006-2010,incoming
https://ror.org/05vp7ha71,Thrombolysis in Myocardial Infarction Study Group,US,United States,42,UPO,2006-2010,incoming
https://ror.org/05vpsdj37,Wythenshawe Hospital,GB,United Kingdom,4,UPO,2006-2010,incoming
https://ror.org/05vqnxk73,Battelle,CH,Switzerland,1,UPO,2006-2010,incoming
https://ror.org/05vr1c885,Henan Polytechnic University,CN,China,7,UPO,2006-2010,incoming
https://ror.org/05vrs3189,"Centre de Recherche en Informatique, Signal et Automatique de Lille",FR,France,4,UPO,2006-2010,incoming
https://ror.org/05vspf741,Kermanshah University of Medical Sciences,IR,Iran,3,UPO,2006-2010,incoming
https://ror.org/05vss7635,Ibero American University,MX,Mexico,852,UPO,2006-2010,incoming
https://ror.org/05vt9qd57,"Rutgers, The State University of New Jersey",US,United States,976,UPO,2006-2010,incoming
https://ror.org/05vvhh982,University of Arkansas System,US,United States,88,UPO,2006-2010,incoming
https://ror.org/05vvzn852,University of Kentucky HealthCare,US,United States,6,UPO,2006-2010,incoming
https://ror.org/05vy2sc54,First Affiliated Hospital of Harbin Medical University,CN,China,6,UPO,2006-2010,incoming
https://ror.org/05vy7se14,State Key Laboratory of Polymer Physics and Chemistry,CN,China,6,UPO,2006-2010,incoming
https://ror.org/05vy8np18,University School of Physical Education in Kraków,PL,Poland,2,UPO,2006-2010,incoming
https://ror.org/05vz28418,Southern Illinois University System,US,United States,33,UPO,2006-2010,incoming
https://ror.org/05vzafd60,Georgetown University,US,United States,32,UPO,2006-2010,incoming
https://ror.org/05vzbfc95,Yeditepe University Hospital,TR,Turkey,1,UPO,2006-2010,incoming
https://ror.org/05w0e5j23,Wuhan Polytechnic University,CN,China,3,UPO,2006-2010,incoming
https://ror.org/05w1kdn42,LWL-Universitätsklinik Hamm,DE,Germany,1,UPO,2006-2010,incoming
https://ror.org/05w1q1c88,Policlinico San Matteo Fondazione,IT,Italy,81,UPO,2006-2010,incoming
https://ror.org/05w21nn13,Army Medical University,CN,China,19,UPO,2006-2010,incoming
https://ror.org/05w3e4z48,New Cross Hospital,GB,United Kingdom,2,UPO,2006-2010,incoming
https://ror.org/05w4b5488,CellGenix (Germany),DE,Germany,1,UPO,2006-2010,incoming
https://ror.org/05w54hk79,VNU University of Science,VN,Vietnam,1,UPO,2006-2010,incoming
https://ror.org/05w626e73,Universidad de Montevideo,UY,Uruguay,4,UPO,2006-2010,incoming
https://ror.org/05w6wfp17,Bhabha Atomic Research Centre,IN,India,1114,UPO,2006-2010,incoming
https://ror.org/05w9g2j85,Institute of Cognitive Sciences and Technologies,IT,Italy,5,UPO,2006-2010,incoming
https://ror.org/05waabg59,The Cancer Treatment Center,US,United States,2,UPO,2006-2010,incoming
https://ror.org/05watjs66,Dr D Y Patil Dental College & Hospital,IN,India,5,UPO,2006-2010,incoming
https://ror.org/05wba8r86,Institute of Crystallography,IT,Italy,2,UPO,2006-2010,incoming
https://ror.org/05wcr1b38,Centre for Inflammation Research,GB,United Kingdom,2,UPO,2006-2010,incoming
https://ror.org/05wd11c32,Research Corporation of The University of Hawaii,US,United States,2,UPO,2006-2010,incoming
https://ror.org/05wd86d64,Ospedale San Bortolo,IT,Italy,3,UPO,2006-2010,incoming
https://ror.org/05wdecy17,Institute of Infection and Immunity,CA,Canada,2,UPO,2006-2010,incoming
https://ror.org/05we1n045,Adnet Systems (United States),US,United States,1,UPO,2006-2010,incoming
https://ror.org/05weahn72,Sri Venkateswara University,IN,India,1,UPO,2006-2010,incoming
https://ror.org/05wevan27,Baylor Scott & White Health,US,United States,14,UPO,2006-2010,incoming
https://ror.org/05wf30g94,Creighton University,US,United States,599,UPO,2006-2010,incoming
https://ror.org/05wfehw39,Accademia Nazionale dei Lincei,IT,Italy,3,UPO,2006-2010,incoming
https://ror.org/05wfna922,Amerikan Hastanesi,TR,Turkey,1,UPO,2006-2010,incoming
https://ror.org/05wg1m734,Radboud University Medical Center,NL,The Netherlands,184,UPO,2006-2010,incoming
https://ror.org/05wh5fw51,Mitsui Chemicals (Japan),JP,Japan,3,UPO,2006-2010,incoming
https://ror.org/05whw7f42,Universitario Tecnológico Universitam,MX,Mexico,1,UPO,2006-2010,incoming
https://ror.org/05wjc8a85,Laboratoire Universitaire de Recherche en Production Automatisée,FR,France,2,UPO,2006-2010,incoming
https://ror.org/05wjv2104,University Hospital Innsbruck,AT,Austria,2,UPO,2006-2010,incoming
https://ror.org/05wks2t16,Kitami Institute of Technology,JP,Japan,1,UPO,2006-2010,incoming
https://ror.org/05wn3mp32,Institut des sciences de la mer,CA,Canada,12,UPO,2006-2010,incoming
https://ror.org/05wn7r715,Western Washington University,US,United States,24,UPO,2006-2010,incoming
https://ror.org/05wp7an13,Malmö University,SE,Sweden,44,UPO,2006-2010,incoming
https://ror.org/05wr48765,Chifeng University,CN,China,5,UPO,2006-2010,incoming
https://ror.org/05wr49d48,Wakayama University,JP,Japan,2,UPO,2006-2010,incoming
https://ror.org/05wrpbp17,Andalusian School of Public Health,ES,Spain,33,UPO,2006-2010,incoming
https://ror.org/05ws8g470,Institute for Biotechnology and Bioengineering,PT,Portugal,14,UPO,2006-2010,incoming
https://ror.org/05wsetc54,Institute of Structural and Molecular Biology,GB,United Kingdom,13,UPO,2006-2010,incoming
https://ror.org/05wswj918,HUN-REN Centre for Energy Research,HU,Hungary,2,UPO,2006-2010,incoming
https://ror.org/05wthjx48,New York University School of Medicine,US,United States,13,UPO,2006-2010,incoming
https://ror.org/05wv2vq37,University of Dhaka,BD,Bangladesh,3,UPO,2006-2010,incoming
https://ror.org/05wvpxv85,Tufts University,US,United States,148,UPO,2006-2010,incoming
https://ror.org/05ww3wq27,HEC Montréal,CA,Canada,1,UPO,2006-2010,incoming
https://ror.org/05wwcw481,Bournemouth University,GB,United Kingdom,4,UPO,2006-2010,incoming
https://ror.org/05wwp6197,Bundeswehrzentralkrankenhaus Koblenz,DE,Germany,1,UPO,2006-2010,incoming
https://ror.org/05wxkj555,Cukurova University,TR,Turkey,865,UPO,2006-2010,incoming
https://ror.org/05wyncb52,Kings Mill Hospital,GB,United Kingdom,1,UPO,2006-2010,incoming
https://ror.org/05wyq9e07,Stony Brook University Hospital,US,United States,10,UPO,2006-2010,incoming
https://ror.org/05wzabs02,Optimisation Thérapeutique en Neuropsychopharmacologie,FR,France,1,UPO,2006-2010,incoming
https://ror.org/05wzh1m37,Institut de Chimie Moléculaire et des Matériaux d'Orsay,FR,France,8,UPO,2006-2010,incoming
https://ror.org/05wzjqa24,State Key Laboratory of Remote Sensing Science,CN,China,1,UPO,2006-2010,incoming
https://ror.org/05x083d20,Masonic Cancer Center,US,United States,16,UPO,2006-2010,incoming
https://ror.org/05x1ptx12,Heilongjiang University of Chinese Medicine,CN,China,2,UPO,2006-2010,incoming
https://ror.org/05x1ves75,NHS Fife,GB,United Kingdom,1,UPO,2006-2010,incoming
https://ror.org/05x2bcf33,Carnegie Mellon University,US,United States,918,UPO,2006-2010,incoming
https://ror.org/05x2sza30,Higashi Nagoya National Hospital,JP,Japan,2,UPO,2006-2010,incoming
https://ror.org/05x2td559,Tianjin Normal University,CN,China,4,UPO,2006-2010,incoming
https://ror.org/05x3jck08,University Hospitals Plymouth NHS Trust,GB,United Kingdom,4,UPO,2006-2010,incoming
https://ror.org/05x6qnc69,Lebanese University,LB,Lebanon,1,UPO,2006-2010,incoming
https://ror.org/05x6qqf62,Hospital Valle del Nalón,ES,Spain,1,UPO,2006-2010,incoming
https://ror.org/05x7p8987,Scottish Collaboration for Public Health Research and Policy,GB,United Kingdom,5,UPO,2006-2010,incoming
https://ror.org/05x7pyy46,St. Louis Testing Laboratories,US,United States,1,UPO,2006-2010,incoming
https://ror.org/05x8mcb75,VSB - Technical University of Ostrava,CZ,Czechia,1,UPO,2006-2010,incoming
https://ror.org/05x9ffc66,"Beaumont Hospital, Troy",US,United States,15,UPO,2006-2010,incoming
https://ror.org/05xbyzq55,Tokyo Kasei University,JP,Japan,3,UPO,2006-2010,incoming
https://ror.org/05xcarb80,VA Greater Los Angeles Healthcare System,US,United States,12,UPO,2006-2010,incoming
https://ror.org/05xcney74,Azienda Sanitaria Locale Roma 3,IT,Italy,8,UPO,2006-2010,incoming
https://ror.org/05xcx0k58,Aga Khan University Hospital,PK,Pakistan,2,UPO,2006-2010,incoming
https://ror.org/05xcyt367,Loyola University Medical Center,US,United States,16,UPO,2006-2010,incoming
https://ror.org/05xdczy51,German Institute of Human Nutrition,DE,Germany,47,UPO,2006-2010,incoming
https://ror.org/05xe40a72,Foundation for Biomedical Research and Innovation,JP,Japan,3,UPO,2006-2010,incoming
https://ror.org/05xefg082,University of Primorska,SI,Slovenia,2,UPO,2006-2010,incoming
https://ror.org/05xgv5563,Tauern Hospital Zell am See,AT,Austria,2,UPO,2006-2010,incoming
https://ror.org/05xh8yr59,University Physicians,US,United States,27,UPO,2006-2010,incoming
https://ror.org/05xj56w78,National Institute of Mental Health,CZ,Czechia,3,UPO,2006-2010,incoming
https://ror.org/05xjxp170,Lovelace Health System,US,United States,1,UPO,2006-2010,incoming
https://ror.org/05xkqnm68,Centre of Biomedical Research,IN,India,5,UPO,2006-2010,incoming
https://ror.org/05xm08015,Technical University of Košice,SK,Slovakia,26,UPO,2006-2010,incoming
https://ror.org/05xnecb03,St. Mary's Health Center,US,United States,1,UPO,2006-2010,incoming
https://ror.org/05xp2yp46,Shanghai Municipal People's Government,CN,China,5,UPO,2006-2010,incoming
https://ror.org/05xpvk416,National Institute of Standards and Technology,US,United States,23,UPO,2006-2010,incoming
https://ror.org/05xpx5s03,Martin University Hospital,SK,Slovakia,2,UPO,2006-2010,incoming
https://ror.org/05xqrc755,Kurobe City Hospital,JP,Japan,1,UPO,2006-2010,incoming
https://ror.org/05xqtsb23,International Solvay Institutes,BE,Belgium,2,UPO,2006-2010,incoming
https://ror.org/05xqycm14,Tripura University,IN,India,1,UPO,2006-2010,incoming
https://ror.org/05xr2yq54,Centro de Investigacion Principe Felipe,ES,Spain,8,UPO,2006-2010,incoming
https://ror.org/05xr3b330,Institut des Sciences Moléculaires de Marseille,FR,France,3,UPO,2006-2010,incoming
https://ror.org/05xrbcc66,Advanced Science Research Center,JP,Japan,4,UPO,2006-2010,incoming
https://ror.org/05xrcj819,Azienda Ospedaliera Universitaria Pisana,IT,Italy,39,UPO,2006-2010,incoming
https://ror.org/05xszy717,National Defense Academy of Japan,JP,Japan,1,UPO,2006-2010,incoming
https://ror.org/05xte2s27,Institut für Versorgungsforschung in der Onkologie,DE,Germany,1,UPO,2006-2010,incoming
https://ror.org/05xvt9f17,Leiden University Medical Center,NL,The Netherlands,151,UPO,2006-2010,incoming
https://ror.org/05xvwhv53,Osaka International Cancer Institute,JP,Japan,6,UPO,2006-2010,incoming
https://ror.org/05xw0ep96,"Czech Academy of Sciences, Institute of Physiology",CZ,Czechia,2,UPO,2006-2010,incoming
https://ror.org/05xwcq167,Universidad Autónoma de Baja California,MX,Mexico,3,UPO,2006-2010,incoming
https://ror.org/05xx77y52,"Centro de Investigaciones Energéticas, Medioambientales y Tecnológicas",ES,Spain,1052,UPO,2006-2010,incoming
https://ror.org/05xxb2f26,"Génétique, Génomique Fonctionnelle et Biotechnologies",FR,France,1,UPO,2006-2010,incoming
https://ror.org/05xxfer42,Universidade Lusófona,PT,Portugal,3,UPO,2006-2010,incoming
https://ror.org/05xxs2z38,Hospital Clínico Universitario Virgen de la Victoria,ES,Spain,5,UPO,2006-2010,incoming
https://ror.org/05xyqje95,Newport Historical Society,US,United States,1,UPO,2006-2010,incoming
https://ror.org/05xysjr32,Kessler Institute for Rehabilitation,US,United States,1,UPO,2006-2010,incoming
https://ror.org/05xznzw56,Folkhälsans Forskningscentrum,FI,Finland,1,UPO,2006-2010,incoming
https://ror.org/05y1kkq06,Centre for Health Equity Studies,SE,Sweden,5,UPO,2006-2010,incoming
https://ror.org/05y3qh794,Nottingham University Hospitals NHS Trust,GB,United Kingdom,43,UPO,2006-2010,incoming
https://ror.org/05y3xcx21,Tonami General Hospital,JP,Japan,1,UPO,2006-2010,incoming
https://ror.org/05y44as61,Semnan University of Medical Sciences,IR,Iran,2,UPO,2006-2010,incoming
https://ror.org/05y503v71,Institut National de la Recherche Agronomique,MA,Morocco,3,UPO,2006-2010,incoming
https://ror.org/05y7e6905,Sahmyook Medical Center,KR,South Korea,1,UPO,2006-2010,incoming
https://ror.org/05y7zcx10,Tokyo Shinagawa Hospital,JP,Japan,1,UPO,2006-2010,incoming
https://ror.org/05yb43k62,NOSM University,CA,Canada,4,UPO,2006-2010,incoming
https://ror.org/05ybzg123,Cancer Research UK Cambridge Institute,GB,United Kingdom,1,UPO,2006-2010,incoming
https://ror.org/05yc6p159,Yeungnam University,KR,South Korea,21,UPO,2006-2010,incoming
https://ror.org/05yc77b46,University of Córdoba,ES,Spain,43,UPO,2006-2010,incoming
https://ror.org/05ycegt40,Banasthali University,IN,India,1,UPO,2006-2010,incoming
https://ror.org/05ydk8712,Scottish National Blood Transfusion Service,GB,United Kingdom,6,UPO,2006-2010,incoming
https://ror.org/05ydxj072,Hallym University Medical Center,KR,South Korea,8,UPO,2006-2010,incoming
https://ror.org/05yjwhg67,Institute for Nuclear Research Pitesti,RO,Romania,4,UPO,2006-2010,incoming
https://ror.org/05yjz6y13,University Medical Center Rizk Hospital,LB,Lebanon,1,UPO,2006-2010,incoming
https://ror.org/05ykr0121,San Francisco State University,US,United States,3,UPO,2006-2010,incoming
https://ror.org/05ym42410,Gansu Agricultural University,CN,China,1,UPO,2006-2010,incoming
https://ror.org/05ymca674,McGovern Institute for Brain Research,US,United States,2,UPO,2006-2010,incoming
https://ror.org/05ymyxj51,Royal Columbian Hospital,CA,Canada,1,UPO,2006-2010,incoming
https://ror.org/05yn9cj95,Sørlandet Sykehus,NO,Norway,1,UPO,2006-2010,incoming
https://ror.org/05yndxy10,UCSF Helen Diller Family Comprehensive Cancer Center,US,United States,2,UPO,2006-2010,incoming
https://ror.org/05ynqks44,Universidad Ciudadana de Nuevo León,MX,Mexico,1,UPO,2006-2010,incoming
https://ror.org/05ynxx418,Linköping University,SE,Sweden,58,UPO,2006-2010,incoming
https://ror.org/05yp5js06,Korea University Ansan Hospital,KR,South Korea,7,UPO,2006-2010,incoming
https://ror.org/05yp7vw70,Académie de Grenoble,FR,France,1,UPO,2006-2010,incoming
